state,district,category,table,old_path,new_path,old_filename,new_filename,page_count,sha256
Andhra Pradesh,Adilabad,civic amenities,civic_amenities,output/pdf/1971_trimmed/Andra Pradesh/1971_Adilabad_civic_amenities.pdf,output/pdf/1971_trimmed/Andhra Pradesh/civic amenities/Adilabad_civic_1971.pdf,1971_Adilabad_civic_amenities.pdf,Adilabad_civic_1971.pdf,1,9a8b0414c88ebdaf104479674400919c7cb5ade4d1f88fb6ba3c10a7fda951eb
Andhra Pradesh,Anantapur,civic amenities,civic_amenities,output/pdf/1971_trimmed/Andra Pradesh/1971_Anantapur_civic_amenities.pdf,output/pdf/1971_trimmed/Andhra Pradesh/civic amenities/Anantapur_civic_1971.pdf,1971_Anantapur_civic_amenities.pdf,Anantapur_civic_1971.pdf,1,fabd2e7273c61ed0f8775049599655180b65e0460e1524263da9bb4530eb8ce4
Andhra Pradesh,Chittoor,civic amenities,civic_amenities,output/pdf/1971_trimmed/Andra Pradesh/1971_Chittoor_civic_amenities.pdf,output/pdf/1971_trimmed/Andhra Pradesh/civic amenities/Chittoor_civic_1971.pdf,1971_Chittoor_civic_amenities.pdf,Chittoor_civic_1971.pdf,1,ff26e4f924ab6745379e3a4d3aac17ad48e63519a0baa8b24a56507edb4c0b44
Andhra Pradesh,Cuddapah,civic amenities,civic_amenities,output/pdf/1971_trimmed/Andra Pradesh/1971_Cuddapah_civic_amenities.pdf,output/pdf/1971_trimmed/Andhra Pradesh/civic amenities/Cuddapah_civic_1971.pdf,1971_Cuddapah_civic_amenities.pdf,Cuddapah_civic_1971.pdf,1,a139fe75a6c81dd858dd54d3a285bd6b19438d36cbcf11c050211aec63022bad
Andhra Pradesh,East Godavari,civic amenities,civic_amenities,output/pdf/1971_trimmed/Andra Pradesh/1971_East Godavari_civic_amenities.pdf,output/pdf/1971_trimmed/Andhra Pradesh/civic amenities/East Godavari_civic_1971.pdf,1971_East Godavari_civic_amenities.pdf,East Godavari_civic_1971.pdf,1,ac8c906ad37d470f9e8329560d11b27168312409ab7e4bafdc0760a29544b83a
Andhra Pradesh,Guntur,civic amenities,civic_amenities,output/pdf/1971_trimmed/Andra Pradesh/1971_Guntur_civic_amenities.pdf,output/pdf/1971_trimmed/Andhra Pradesh/civic amenities/Guntur_civic_1971.pdf,1971_Guntur_civic_amenities.pdf,Guntur_civic_1971.pdf,1,726e837d105d2a8cf7f689ecb3263e0da4463d35afd5f451cf15c5cb659dee19
Andhra Pradesh,Hyderabad,civic amenities,civic_amenities,output/pdf/1971_trimmed/Andra Pradesh/1971_Hyderabad_civic_amenities.pdf,output/pdf/1971_trimmed/Andhra Pradesh/civic amenities/Hyderabad_civic_1971.pdf,1971_Hyderabad_civic_amenities.pdf,Hyderabad_civic_1971.pdf,2,6a20654cd73cd7383a8977c956eba76f9f462767d6139b684e81f5d791ff100b
Andhra Pradesh,Karimnagar,civic amenities,civic_amenities,output/pdf/1971_trimmed/Andra Pradesh/1971_Karimnagar_civic_amenities.pdf,output/pdf/1971_trimmed/Andhra Pradesh/civic amenities/Karimnagar_civic_1971.pdf,1971_Karimnagar_civic_amenities.pdf,Karimnagar_civic_1971.pdf,1,5881de856610e04ca82876d5b53d6ccd006119c8fcda14ebe91eee0165d77b4b
Andhra Pradesh,Khammam,civic amenities,civic_amenities,output/pdf/1971_trimmed/Andra Pradesh/1971_Khammam_civic_amenities.pdf,output/pdf/1971_trimmed/Andhra Pradesh/civic amenities/Khammam_civic_1971.pdf,1971_Khammam_civic_amenities.pdf,Khammam_civic_1971.pdf,1,35d79db01f521a6f07e569790e0df5beba61d83dacfbca7d5231ec1a6aca6974
Andhra Pradesh,Krishna,civic amenities,civic_amenities,output/pdf/1971_trimmed/Andra Pradesh/1971_Krishna_civic_amenities.pdf,output/pdf/1971_trimmed/Andhra Pradesh/civic amenities/Krishna_civic_1971.pdf,1971_Krishna_civic_amenities.pdf,Krishna_civic_1971.pdf,1,d50f339592fa73b95217f78256c4f3e61f900e69b015f71dd4976b2c6dc2a83e
Andhra Pradesh,Kurnool,civic amenities,civic_amenities,output/pdf/1971_trimmed/Andra Pradesh/1971_Kurnool_civic_amenities.pdf,output/pdf/1971_trimmed/Andhra Pradesh/civic amenities/Kurnool_civic_1971.pdf,1971_Kurnool_civic_amenities.pdf,Kurnool_civic_1971.pdf,1,efc91301c459103972e119dd7e6bf6542f559b47bfb46559d14ad45bb269b660
Andhra Pradesh,Mahbubnagar,civic amenities,civic_amenities,output/pdf/1971_trimmed/Andra Pradesh/1971_Mahbubnagar_civic_amenities.pdf,output/pdf/1971_trimmed/Andhra Pradesh/civic amenities/Mahbubnagar_civic_1971.pdf,1971_Mahbubnagar_civic_amenities.pdf,Mahbubnagar_civic_1971.pdf,1,999945f859831e085c547a6eb6da1006dee37330e1fe2cab80a79ab8356eb277
Andhra Pradesh,Medak,civic amenities,civic_amenities,output/pdf/1971_trimmed/Andra Pradesh/1971_Medak_civic_amenities.pdf,output/pdf/1971_trimmed/Andhra Pradesh/civic amenities/Medak_civic_1971.pdf,1971_Medak_civic_amenities.pdf,Medak_civic_1971.pdf,1,830b377eb655c073fecc4010f275a43fae5196d4e124abc66eed88198c030cb0
Andhra Pradesh,Nalgonda,civic amenities,civic_amenities,output/pdf/1971_trimmed/Andra Pradesh/1971_Nalgonda_civic_amenities.pdf,output/pdf/1971_trimmed/Andhra Pradesh/civic amenities/Nalgonda_civic_1971.pdf,1971_Nalgonda_civic_amenities.pdf,Nalgonda_civic_1971.pdf,1,c7da99f7c1843e9f98d866d790b4e05aa4e1ecbac6b21c89af91ea53ae84eb1d
Andhra Pradesh,Nellore,civic amenities,civic_amenities,output/pdf/1971_trimmed/Andra Pradesh/1971_Nellore_civic_amenities.pdf,output/pdf/1971_trimmed/Andhra Pradesh/civic amenities/Nellore_civic_1971.pdf,1971_Nellore_civic_amenities.pdf,Nellore_civic_1971.pdf,1,f9c118cd9cff7de025ccf907e85f973a694379d32738c41a172541c8056c7a0a
Andhra Pradesh,Nizamabad,civic amenities,civic_amenities,output/pdf/1971_trimmed/Andra Pradesh/1971_Nizamabad_civic_amenities.pdf,output/pdf/1971_trimmed/Andhra Pradesh/civic amenities/Nizamabad_civic_1971.pdf,1971_Nizamabad_civic_amenities.pdf,Nizamabad_civic_1971.pdf,1,accdf7574456ee25e7be02a8f91e529c9452b61fe77bea973e406bd7d91e66bd
Andhra Pradesh,Ongole (Prakasam),civic amenities,civic_amenities,output/pdf/1971_trimmed/Andra Pradesh/1971_Ongole (Prakasam)_civic_amenities.pdf,output/pdf/1971_trimmed/Andhra Pradesh/civic amenities/Ongole (Prakasam)_civic_1971.pdf,1971_Ongole (Prakasam)_civic_amenities.pdf,Ongole (Prakasam)_civic_1971.pdf,1,9c260cc7e5e2972f47423956b535a18173b8f300d7896c92c318167587ddf6f7
Andhra Pradesh,Srikakulam,civic amenities,civic_amenities,output/pdf/1971_trimmed/Andra Pradesh/1971_Srikakulam_civic_amenities.pdf,output/pdf/1971_trimmed/Andhra Pradesh/civic amenities/Srikakulam_civic_1971.pdf,1971_Srikakulam_civic_amenities.pdf,Srikakulam_civic_1971.pdf,1,a94f202de13cf8ee0f5b4760dac7f13c047e3fa65598bb017441aebfd459295c
Andhra Pradesh,Visakhapatnam,civic amenities,civic_amenities,output/pdf/1971_trimmed/Andra Pradesh/1971_Visakhapatnam_civic_amenities.pdf,output/pdf/1971_trimmed/Andhra Pradesh/civic amenities/Visakhapatnam_civic_1971.pdf,1971_Visakhapatnam_civic_amenities.pdf,Visakhapatnam_civic_1971.pdf,1,77da2e1628cba47909001a0c6ce77fdafce59e7330a3c78caefffe7e1b48c724
Andhra Pradesh,Warangal,civic amenities,civic_amenities,output/pdf/1971_trimmed/Andra Pradesh/1971_Warangal_civic_amenities.pdf,output/pdf/1971_trimmed/Andhra Pradesh/civic amenities/Warangal_civic_1971.pdf,1971_Warangal_civic_amenities.pdf,Warangal_civic_1971.pdf,1,84929cc480dfe68077231a4481897b19afef3ebebf3a0e1f3b6ae2a170659455
Andhra Pradesh,West Godavari,civic amenities,civic_amenities,output/pdf/1971_trimmed/Andra Pradesh/1971_West Godavari_civic_amenities.pdf,output/pdf/1971_trimmed/Andhra Pradesh/civic amenities/West Godavari_civic_1971.pdf,1971_West Godavari_civic_amenities.pdf,West Godavari_civic_1971.pdf,1,f4a04db4935b461004b49630e27f9cbaeb86cb7c66d223e2fed8e4a913e811bd
Andhra Pradesh,Adilabad,mededu,medical_educational_amenities,output/pdf/1971_trimmed/Andra Pradesh/1971_Adilabad_medical_educational_amenities.pdf,output/pdf/1971_trimmed/Andhra Pradesh/mededu/Adilabad_mededu_1971.pdf,1971_Adilabad_medical_educational_amenities.pdf,Adilabad_mededu_1971.pdf,1,5e92596d127820d65d6ca92ffca766c4a5d980df9bdfc2fd79ec279e431e643f
Andhra Pradesh,Anantapur,mededu,medical_educational_amenities,output/pdf/1971_trimmed/Andra Pradesh/1971_Anantapur_medical_educational_amenities.pdf,output/pdf/1971_trimmed/Andhra Pradesh/mededu/Anantapur_mededu_1971.pdf,1971_Anantapur_medical_educational_amenities.pdf,Anantapur_mededu_1971.pdf,1,c92bffb8deaec7c02194c79c5667f8e2a84015583d6a8f26bdd893a6a79d899e
Andhra Pradesh,Chittoor,mededu,medical_educational_amenities,output/pdf/1971_trimmed/Andra Pradesh/1971_Chittoor_medical_educational_amenities.pdf,output/pdf/1971_trimmed/Andhra Pradesh/mededu/Chittoor_mededu_1971.pdf,1971_Chittoor_medical_educational_amenities.pdf,Chittoor_mededu_1971.pdf,1,8edd2664a3c18ce986fbac1fa3f32936593abc5127e05961762c59cbb0a5c803
Andhra Pradesh,Cuddapah,mededu,medical_educational_amenities,output/pdf/1971_trimmed/Andra Pradesh/1971_Cuddapah_medical_educational_amenities.pdf,output/pdf/1971_trimmed/Andhra Pradesh/mededu/Cuddapah_mededu_1971.pdf,1971_Cuddapah_medical_educational_amenities.pdf,Cuddapah_mededu_1971.pdf,1,c705c4386eca8f991c4c6161f29b94ceeed915210b60574a7fae52ed9a2594fa
Andhra Pradesh,East Godavari,mededu,medical_educational_amenities,output/pdf/1971_trimmed/Andra Pradesh/1971_East Godavari_medical_educational_amenities.pdf,output/pdf/1971_trimmed/Andhra Pradesh/mededu/East Godavari_mededu_1971.pdf,1971_East Godavari_medical_educational_amenities.pdf,East Godavari_mededu_1971.pdf,2,0009f69bf2ea059be0f10543af718b9ab1c163128525172f81dc88e9df5764e7
Andhra Pradesh,Guntur,mededu,medical_educational_amenities,output/pdf/1971_trimmed/Andra Pradesh/1971_Guntur_medical_educational_amenities.pdf,output/pdf/1971_trimmed/Andhra Pradesh/mededu/Guntur_mededu_1971.pdf,1971_Guntur_medical_educational_amenities.pdf,Guntur_mededu_1971.pdf,2,c90b85c530ad006040d0f7393a7166961556b46fb1674be7dc4be1b02e5c1039
Andhra Pradesh,Hyderabad,mededu,medical_educational_amenities,output/pdf/1971_trimmed/Andra Pradesh/1971_Hyderabad_medical_educational_amenities.pdf,output/pdf/1971_trimmed/Andhra Pradesh/mededu/Hyderabad_mededu_1971.pdf,1971_Hyderabad_medical_educational_amenities.pdf,Hyderabad_mededu_1971.pdf,2,726c0e2239f222011c823d16cab2cb3460dec41a34ca904f48d010092a98f370
Andhra Pradesh,Karimnagar,mededu,medical_educational_amenities,output/pdf/1971_trimmed/Andra Pradesh/1971_Karimnagar_medical_educational_amenities.pdf,output/pdf/1971_trimmed/Andhra Pradesh/mededu/Karimnagar_mededu_1971.pdf,1971_Karimnagar_medical_educational_amenities.pdf,Karimnagar_mededu_1971.pdf,1,d63fe20ecfb11ad43671940bfd23e5376ca8b0d02f2e00754fe0d65ac215f15e
Andhra Pradesh,Khammam,mededu,medical_educational_amenities,output/pdf/1971_trimmed/Andra Pradesh/1971_Khammam_medical_educational_amenities.pdf,output/pdf/1971_trimmed/Andhra Pradesh/mededu/Khammam_mededu_1971.pdf,1971_Khammam_medical_educational_amenities.pdf,Khammam_mededu_1971.pdf,1,30907f2f603763c494c13229e7b56129cd10ba7909d6cb156006cf0f60f30228
Andhra Pradesh,Krishna,mededu,medical_educational_amenities,output/pdf/1971_trimmed/Andra Pradesh/1971_Krishna_medical_educational_amenities.pdf,output/pdf/1971_trimmed/Andhra Pradesh/mededu/Krishna_mededu_1971.pdf,1971_Krishna_medical_educational_amenities.pdf,Krishna_mededu_1971.pdf,2,678827763f9e1d1411a761ecb02c365df4316f27329d69c1bf3f0591c052e883
Andhra Pradesh,Kurnool,mededu,medical_educational_amenities,output/pdf/1971_trimmed/Andra Pradesh/1971_Kurnool_medical_educational_amenities.pdf,output/pdf/1971_trimmed/Andhra Pradesh/mededu/Kurnool_mededu_1971.pdf,1971_Kurnool_medical_educational_amenities.pdf,Kurnool_mededu_1971.pdf,1,d3f563dc7e04cf6e306581182a0efc4e93824f12aef520aec2512a5980c15a76
Andhra Pradesh,Mahbubnagar,mededu,medical_educational_amenities,output/pdf/1971_trimmed/Andra Pradesh/1971_Mahbubnagar_medical_educational_amenities.pdf,output/pdf/1971_trimmed/Andhra Pradesh/mededu/Mahbubnagar_mededu_1971.pdf,1971_Mahbubnagar_medical_educational_amenities.pdf,Mahbubnagar_mededu_1971.pdf,1,aef32381cf625adf6e789925205643f9f770960824d5327a0386b07a1e8f745f
Andhra Pradesh,Medak,mededu,medical_educational_amenities,output/pdf/1971_trimmed/Andra Pradesh/1971_Medak_medical_educational_amenities.pdf,output/pdf/1971_trimmed/Andhra Pradesh/mededu/Medak_mededu_1971.pdf,1971_Medak_medical_educational_amenities.pdf,Medak_mededu_1971.pdf,1,de39d2a61f30a232ee54ac9690a4bf4e38916c5e010b5ccaff7ccba208a3d80f
Andhra Pradesh,Nalgonda,mededu,medical_educational_amenities,output/pdf/1971_trimmed/Andra Pradesh/1971_Nalgonda_medical_educational_amenities.pdf,output/pdf/1971_trimmed/Andhra Pradesh/mededu/Nalgonda_mededu_1971.pdf,1971_Nalgonda_medical_educational_amenities.pdf,Nalgonda_mededu_1971.pdf,1,c2f9e85f3cca74e5845dc63867658e76c521d4cf200e3b7e34587cc32c2bcb39
Andhra Pradesh,Nellore,mededu,medical_educational_amenities,output/pdf/1971_trimmed/Andra Pradesh/1971_Nellore_medical_educational_amenities.pdf,output/pdf/1971_trimmed/Andhra Pradesh/mededu/Nellore_mededu_1971.pdf,1971_Nellore_medical_educational_amenities.pdf,Nellore_mededu_1971.pdf,1,66c8842c6140d5d99af48442078b51faa71d11414ad5116e22e0373bf4e6ef69
Andhra Pradesh,Nizamabad,mededu,medical_educational_amenities,output/pdf/1971_trimmed/Andra Pradesh/1971_Nizamabad_medical_educational_amenities.pdf,output/pdf/1971_trimmed/Andhra Pradesh/mededu/Nizamabad_mededu_1971.pdf,1971_Nizamabad_medical_educational_amenities.pdf,Nizamabad_mededu_1971.pdf,1,30966b0f36ed9cea9e05662a7258406a5032ce471f856ebfa01a595e774959cc
Andhra Pradesh,Ongole (Prakasam),mededu,medical_educational_amenities,output/pdf/1971_trimmed/Andra Pradesh/1971_Ongole (Prakasam)_medical_educational_amenities.pdf,output/pdf/1971_trimmed/Andhra Pradesh/mededu/Ongole (Prakasam)_mededu_1971.pdf,1971_Ongole (Prakasam)_medical_educational_amenities.pdf,Ongole (Prakasam)_mededu_1971.pdf,1,2ed1c225b02c01bbea9abe0ba493edd090a6032d7b19cfb743b51e270d7353cb
Andhra Pradesh,Srikakulam,mededu,medical_educational_amenities,output/pdf/1971_trimmed/Andra Pradesh/1971_Srikakulam_medical_educational_amenities.pdf,output/pdf/1971_trimmed/Andhra Pradesh/mededu/Srikakulam_mededu_1971.pdf,1971_Srikakulam_medical_educational_amenities.pdf,Srikakulam_mededu_1971.pdf,1,306191726892fa05b4c1c2e681e2bcd7d7c8cf3c06d774cf09070828433efde3
Andhra Pradesh,Visakhapatnam,mededu,medical_educational_amenities,output/pdf/1971_trimmed/Andra Pradesh/1971_Visakhapatnam_medical_educational_amenities.pdf,output/pdf/1971_trimmed/Andhra Pradesh/mededu/Visakhapatnam_mededu_1971.pdf,1971_Visakhapatnam_medical_educational_amenities.pdf,Visakhapatnam_mededu_1971.pdf,2,8fc41dde9a5a9942f6bdf1e9bd54b97eb2524a85d69694a7d83b08821017a5a6
Andhra Pradesh,Warangal,mededu,medical_educational_amenities,output/pdf/1971_trimmed/Andra Pradesh/1971_Warangal_medical_educational_amenities.pdf,output/pdf/1971_trimmed/Andhra Pradesh/mededu/Warangal_mededu_1971.pdf,1971_Warangal_medical_educational_amenities.pdf,Warangal_mededu_1971.pdf,1,d0afe71731266e20485291f61d1f49cdb27cc8aaaf8ea1ce18466b6dd7569169
Andhra Pradesh,West Godavari,mededu,medical_educational_amenities,output/pdf/1971_trimmed/Andra Pradesh/1971_West Godavari_medical_educational_amenities.pdf,output/pdf/1971_trimmed/Andhra Pradesh/mededu/West Godavari_mededu_1971.pdf,1971_West Godavari_medical_educational_amenities.pdf,West Godavari_mededu_1971.pdf,1,b493b45993404078597a33d81f07de59775b094d0183206b587db9f0fa24f401
Andhra Pradesh,Adilabad,tehsil appendix,tehsil_appendix,output/pdf/1971_trimmed/Andra Pradesh/1971_Adilabad_tehsil_appendix.pdf,output/pdf/1971_trimmed/Andhra Pradesh/tehsil appendix/Adilabad_tehsil_1971.pdf,1971_Adilabad_tehsil_appendix.pdf,Adilabad_tehsil_1971.pdf,2,18cab7ba444106f96cb314abb9f7d18fb85863fdd19105994884201c356a9097
Andhra Pradesh,Anantapur,tehsil appendix,tehsil_appendix,output/pdf/1971_trimmed/Andra Pradesh/1971_Anantapur_tehsil_appendix.pdf,output/pdf/1971_trimmed/Andhra Pradesh/tehsil appendix/Anantapur_tehsil_1971.pdf,1971_Anantapur_tehsil_appendix.pdf,Anantapur_tehsil_1971.pdf,2,a2e731030b2e2bc629593db93b92f7bf364870f3c4ef793b37d496b5488245ce
Andhra Pradesh,Chittoor,tehsil appendix,tehsil_appendix,output/pdf/1971_trimmed/Andra Pradesh/1971_Chittoor_tehsil_appendix.pdf,output/pdf/1971_trimmed/Andhra Pradesh/tehsil appendix/Chittoor_tehsil_1971.pdf,1971_Chittoor_tehsil_appendix.pdf,Chittoor_tehsil_1971.pdf,2,36f4f40ff9be9f5ca03ae19ee08f07537b553d6de2dc0ab57f305a4fe88ac153
Andhra Pradesh,Cuddapah,tehsil appendix,tehsil_appendix,output/pdf/1971_trimmed/Andra Pradesh/1971_Cuddapah_tehsil_appendix.pdf,output/pdf/1971_trimmed/Andhra Pradesh/tehsil appendix/Cuddapah_tehsil_1971.pdf,1971_Cuddapah_tehsil_appendix.pdf,Cuddapah_tehsil_1971.pdf,2,46e7f8b0a493ff15e9c38ea54dd956f84e29fb4dc8dc5544b1790819403652da
Andhra Pradesh,East Godavari,tehsil appendix,tehsil_appendix,output/pdf/1971_trimmed/Andra Pradesh/1971_East Godavari_tehsil_appendix.pdf,output/pdf/1971_trimmed/Andhra Pradesh/tehsil appendix/East Godavari_tehsil_1971.pdf,1971_East Godavari_tehsil_appendix.pdf,East Godavari_tehsil_1971.pdf,2,0e2463745791ef6ade5c5f920663ded5a653b587295c29f3d87967adf8d94d97
Andhra Pradesh,Guntur,tehsil appendix,tehsil_appendix,output/pdf/1971_trimmed/Andra Pradesh/1971_Guntur_tehsil_appendix.pdf,output/pdf/1971_trimmed/Andhra Pradesh/tehsil appendix/Guntur_tehsil_1971.pdf,1971_Guntur_tehsil_appendix.pdf,Guntur_tehsil_1971.pdf,2,2083acd7fc60299a79831ad0473b3b059e0e913dd2339721ade438251dc0584c
Andhra Pradesh,Hyderabad,tehsil appendix,tehsil_appendix,output/pdf/1971_trimmed/Andra Pradesh/1971_Hyderabad_tehsil_appendix.pdf,output/pdf/1971_trimmed/Andhra Pradesh/tehsil appendix/Hyderabad_tehsil_1971.pdf,1971_Hyderabad_tehsil_appendix.pdf,Hyderabad_tehsil_1971.pdf,2,4adc794381814bd86f95dc9642355d801b47430e631c4d52357a48de4724996d
Andhra Pradesh,Karimnagar,tehsil appendix,tehsil_appendix,output/pdf/1971_trimmed/Andra Pradesh/1971_Karimnagar_tehsil_appendix.pdf,output/pdf/1971_trimmed/Andhra Pradesh/tehsil appendix/Karimnagar_tehsil_1971.pdf,1971_Karimnagar_tehsil_appendix.pdf,Karimnagar_tehsil_1971.pdf,2,580a052f6bf8ee675c94f0d04424c19203506d8673ad054e6a3021e3e929be37
Andhra Pradesh,Khammam,tehsil appendix,tehsil_appendix,output/pdf/1971_trimmed/Andra Pradesh/1971_Khammam_tehsil_appendix.pdf,output/pdf/1971_trimmed/Andhra Pradesh/tehsil appendix/Khammam_tehsil_1971.pdf,1971_Khammam_tehsil_appendix.pdf,Khammam_tehsil_1971.pdf,2,aa628460819df6c6f484cfdd5586b330454937c6e6fc43d75c19cca7fe094037
Andhra Pradesh,Krishna,tehsil appendix,tehsil_appendix,output/pdf/1971_trimmed/Andra Pradesh/1971_Krishna_tehsil_appendix.pdf,output/pdf/1971_trimmed/Andhra Pradesh/tehsil appendix/Krishna_tehsil_1971.pdf,1971_Krishna_tehsil_appendix.pdf,Krishna_tehsil_1971.pdf,2,dc39ecf3e2a6d26c202ee4bb86d59060243387cb5f26d4d5bd3a7fe1878b7cc4
Andhra Pradesh,Kurnool,tehsil appendix,tehsil_appendix,output/pdf/1971_trimmed/Andra Pradesh/1971_Kurnool_tehsil_appendix.pdf,output/pdf/1971_trimmed/Andhra Pradesh/tehsil appendix/Kurnool_tehsil_1971.pdf,1971_Kurnool_tehsil_appendix.pdf,Kurnool_tehsil_1971.pdf,2,1a82459d9ee44f2b62c69da679ab226edfaa53500bcc6be599fee788a7669742
Andhra Pradesh,Mahbubnagar,tehsil appendix,tehsil_appendix,output/pdf/1971_trimmed/Andra Pradesh/1971_Mahbubnagar_tehsil_appendix.pdf,output/pdf/1971_trimmed/Andhra Pradesh/tehsil appendix/Mahbubnagar_tehsil_1971.pdf,1971_Mahbubnagar_tehsil_appendix.pdf,Mahbubnagar_tehsil_1971.pdf,2,1b66769af35dde9e46364b7c95c62ca6e063d4c8c0a1e89dd3d6dd4247141399
Andhra Pradesh,Medak,tehsil appendix,tehsil_appendix,output/pdf/1971_trimmed/Andra Pradesh/1971_Medak_tehsil_appendix.pdf,output/pdf/1971_trimmed/Andhra Pradesh/tehsil appendix/Medak_tehsil_1971.pdf,1971_Medak_tehsil_appendix.pdf,Medak_tehsil_1971.pdf,2,d1f668b8e2eded71fb2e8f919713d1df6b7584801148000abbe926caa5750122
Andhra Pradesh,Nalgonda,tehsil appendix,tehsil_appendix,output/pdf/1971_trimmed/Andra Pradesh/1971_Nalgonda_tehsil_appendix.pdf,output/pdf/1971_trimmed/Andhra Pradesh/tehsil appendix/Nalgonda_tehsil_1971.pdf,1971_Nalgonda_tehsil_appendix.pdf,Nalgonda_tehsil_1971.pdf,2,3952e8edd4085e092cce6dde8162e6705cdf88553767338b5b7d1b7a0adbaa1b
Andhra Pradesh,Nellore,tehsil appendix,tehsil_appendix,output/pdf/1971_trimmed/Andra Pradesh/1971_Nellore_tehsil_appendix.pdf,output/pdf/1971_trimmed/Andhra Pradesh/tehsil appendix/Nellore_tehsil_1971.pdf,1971_Nellore_tehsil_appendix.pdf,Nellore_tehsil_1971.pdf,2,79d0136183ae66297097afbc84fcac9bb71d4afa0cce551dbdaf2ada935e61e1
Andhra Pradesh,Nizamabad,tehsil appendix,tehsil_appendix,output/pdf/1971_trimmed/Andra Pradesh/1971_Nizamabad_tehsil_appendix.pdf,output/pdf/1971_trimmed/Andhra Pradesh/tehsil appendix/Nizamabad_tehsil_1971.pdf,1971_Nizamabad_tehsil_appendix.pdf,Nizamabad_tehsil_1971.pdf,4,1186f25efaf2b6a876624da3644d45077ccc392a3dd577e44e2811250b124191
Andhra Pradesh,Ongole (Prakasam),tehsil appendix,tehsil_appendix,output/pdf/1971_trimmed/Andra Pradesh/1971_Ongole (Prakasam)_tehsil_appendix.pdf,output/pdf/1971_trimmed/Andhra Pradesh/tehsil appendix/Ongole (Prakasam)_tehsil_1971.pdf,1971_Ongole (Prakasam)_tehsil_appendix.pdf,Ongole (Prakasam)_tehsil_1971.pdf,2,a278aa27b069c8514fdbd6f2e7abb13ffbf49eae6f084b8f6b1dd4718a47c376
Andhra Pradesh,Srikakulam,tehsil appendix,tehsil_appendix,output/pdf/1971_trimmed/Andra Pradesh/1971_Srikakulam_tehsil_appendix.pdf,output/pdf/1971_trimmed/Andhra Pradesh/tehsil appendix/Srikakulam_tehsil_1971.pdf,1971_Srikakulam_tehsil_appendix.pdf,Srikakulam_tehsil_1971.pdf,4,79aeee20319e2f1894603e550527c3dbeeba3fddf5b842abfd9e7fb3ae085e9a
Andhra Pradesh,Visakhapatnam,tehsil appendix,tehsil_appendix,output/pdf/1971_trimmed/Andra Pradesh/1971_Visakhapatnam_tehsil_appendix.pdf,output/pdf/1971_trimmed/Andhra Pradesh/tehsil appendix/Visakhapatnam_tehsil_1971.pdf,1971_Visakhapatnam_tehsil_appendix.pdf,Visakhapatnam_tehsil_1971.pdf,4,81a3e0b5d4694cb9c9c95191455e41d2add6526df5f37853376f30e56253d159
Andhra Pradesh,Warangal,tehsil appendix,tehsil_appendix,output/pdf/1971_trimmed/Andra Pradesh/1971_Warangal_tehsil_appendix.pdf,output/pdf/1971_trimmed/Andhra Pradesh/tehsil appendix/Warangal_tehsil_1971.pdf,1971_Warangal_tehsil_appendix.pdf,Warangal_tehsil_1971.pdf,2,15c95936ed76613e4798e58f71953379d49d82e160ee0fa22382a80b2fb26fe6
Andhra Pradesh,West Godavari,tehsil appendix,tehsil_appendix,output/pdf/1971_trimmed/Andra Pradesh/1971_West Godavari_tehsil_appendix.pdf,output/pdf/1971_trimmed/Andhra Pradesh/tehsil appendix/West Godavari_tehsil_1971.pdf,1971_West Godavari_tehsil_appendix.pdf,West Godavari_tehsil_1971.pdf,4,c00fe8bf360ab5b7253e87d5b24f2755a02549bf30b009dfaf5976319609de88
Arunachal Pradesh,Kameng,civic amenities,civic_amenities,output/pdf/1971_trimmed/Arunachal Pradesh/1971_Kameng_civic_amenities.pdf,output/pdf/1971_trimmed/Arunachal Pradesh/civic amenities/Kameng_civic_1971.pdf,1971_Kameng_civic_amenities.pdf,Kameng_civic_1971.pdf,1,419936e65542fe02b2e16b3bb2829cd4bcf0e85e7696a065f1c9c21e78b72625
Arunachal Pradesh,Lohit,civic amenities,civic_amenities,output/pdf/1971_trimmed/Arunachal Pradesh/1971_Lohit_civic_amenities.pdf,output/pdf/1971_trimmed/Arunachal Pradesh/civic amenities/Lohit_civic_1971.pdf,1971_Lohit_civic_amenities.pdf,Lohit_civic_1971.pdf,1,917e64d5933affdeaa00ff780fe62351434765a4a14a743ee0ac48354c5887c0
Arunachal Pradesh,Siang,civic amenities,civic_amenities,output/pdf/1971_trimmed/Arunachal Pradesh/1971_Siang_civic_amenities.pdf,output/pdf/1971_trimmed/Arunachal Pradesh/civic amenities/Siang_civic_1971.pdf,1971_Siang_civic_amenities.pdf,Siang_civic_1971.pdf,1,ab7e69e32b66ed0fca2478a4fdf313c3e9de4386591b46046665fdcd18f2b170
Arunachal Pradesh,Kameng,mededu,medical_educational_amenities,output/pdf/1971_trimmed/Arunachal Pradesh/1971_Kameng_medical_educational_amenities.pdf,output/pdf/1971_trimmed/Arunachal Pradesh/mededu/Kameng_mededu_1971.pdf,1971_Kameng_medical_educational_amenities.pdf,Kameng_mededu_1971.pdf,1,419936e65542fe02b2e16b3bb2829cd4bcf0e85e7696a065f1c9c21e78b72625
Arunachal Pradesh,Lohit,mededu,medical_educational_amenities,output/pdf/1971_trimmed/Arunachal Pradesh/1971_Lohit_medical_educational_amenities.pdf,output/pdf/1971_trimmed/Arunachal Pradesh/mededu/Lohit_mededu_1971.pdf,1971_Lohit_medical_educational_amenities.pdf,Lohit_mededu_1971.pdf,1,93e94e85a4cb4cd798fa186a811d36b9245169d6de7cc82f81368cb353c9c581
Arunachal Pradesh,Siang,mededu,medical_educational_amenities,output/pdf/1971_trimmed/Arunachal Pradesh/1971_Siang_medical_educational_amenities.pdf,output/pdf/1971_trimmed/Arunachal Pradesh/mededu/Siang_mededu_1971.pdf,1971_Siang_medical_educational_amenities.pdf,Siang_mededu_1971.pdf,1,ab7e69e32b66ed0fca2478a4fdf313c3e9de4386591b46046665fdcd18f2b170
Arunachal Pradesh,Kameng,tehsil appendix,tehsil_appendix,output/pdf/1971_trimmed/Arunachal Pradesh/1971_Kameng_tehsil_appendix.pdf,output/pdf/1971_trimmed/Arunachal Pradesh/tehsil appendix/Kameng_tehsil_1971.pdf,1971_Kameng_tehsil_appendix.pdf,Kameng_tehsil_1971.pdf,2,fefb62e77f9561ad4ad7726b4d7c02d099aea62a2f7009a0bd8fd0e2a26ef65c
Arunachal Pradesh,Lohit,tehsil appendix,tehsil_appendix,output/pdf/1971_trimmed/Arunachal Pradesh/1971_Lohit_tehsil_appendix.pdf,output/pdf/1971_trimmed/Arunachal Pradesh/tehsil appendix/Lohit_tehsil_1971.pdf,1971_Lohit_tehsil_appendix.pdf,Lohit_tehsil_1971.pdf,2,5d7ed246b29e47966015d8b22cdca493c75f9c7b9be993949c65db19c0a2ac55
Arunachal Pradesh,Siang,tehsil appendix,tehsil_appendix,output/pdf/1971_trimmed/Arunachal Pradesh/1971_Siang_tehsil_appendix.pdf,output/pdf/1971_trimmed/Arunachal Pradesh/tehsil appendix/Siang_tehsil_1971.pdf,1971_Siang_tehsil_appendix.pdf,Siang_tehsil_1971.pdf,2,99d05282ee274f10c1fbab22c7f0741b77edab05e3b51753c06f66ab0768e933
Arunachal Pradesh,Subansiri,tehsil appendix,tehsil_appendix,output/pdf/1971_trimmed/Arunachal Pradesh/1971_Subansiri_tehsil_appendix.pdf,output/pdf/1971_trimmed/Arunachal Pradesh/tehsil appendix/Subansiri_tehsil_1971.pdf,1971_Subansiri_tehsil_appendix.pdf,Subansiri_tehsil_1971.pdf,2,822a846be5231d206fd4c725fc7192abd40b9581a24e6608a5183de118f810b5
Arunachal Pradesh,Tirap,tehsil appendix,tehsil_appendix,output/pdf/1971_trimmed/Arunachal Pradesh/1971_Tirap_tehsil_appendix.pdf,output/pdf/1971_trimmed/Arunachal Pradesh/tehsil appendix/Tirap_tehsil_1971.pdf,1971_Tirap_tehsil_appendix.pdf,Tirap_tehsil_1971.pdf,2,2daaeba7ec46a567cd2c172d06851cbe5e66d691cd5ab98ceea4985bf1717a06
Bihar,Bhagalpur,civic amenities,civic_amenities,output/pdf/1971_trimmed/Bihar/1971_Bhagalpur_civic_amenities.pdf,output/pdf/1971_trimmed/Bihar/civic amenities/Bhagalpur_civic_1971.pdf,1971_Bhagalpur_civic_amenities.pdf,Bhagalpur_civic_1971.pdf,1,0286da65331a626871f0a7097d26fe471e1fd0352e868da8da43a78736c86d77
Bihar,Champaran,civic amenities,civic_amenities,output/pdf/1971_trimmed/Bihar/1971_Champaran_civic_amenities.pdf,output/pdf/1971_trimmed/Bihar/civic amenities/Champaran_civic_1971.pdf,1971_Champaran_civic_amenities.pdf,Champaran_civic_1971.pdf,1,e8e36398ceea09d8063de222d308a29175ddb9aeedd87d605951a1d4621c7c94
Bihar,Darbhanga,civic amenities,civic_amenities,output/pdf/1971_trimmed/Bihar/1971_Darbhanga_civic_amenities.pdf,output/pdf/1971_trimmed/Bihar/civic amenities/Darbhanga_civic_1971.pdf,1971_Darbhanga_civic_amenities.pdf,Darbhanga_civic_1971.pdf,2,03287b37440cf2aa9bdd14d25bdda0226a9413527b2f6bc3133fcead93708d33
Bihar,Dhanbad,civic amenities,civic_amenities,output/pdf/1971_trimmed/Bihar/1971_Dhanbad_civic_amenities.pdf,output/pdf/1971_trimmed/Bihar/civic amenities/Dhanbad_civic_1971.pdf,1971_Dhanbad_civic_amenities.pdf,Dhanbad_civic_1971.pdf,2,80635eaa1f1b0cc6a8620317d2e2d2bb8421ae47c900539f8705b75ceb398cd3
Bihar,Gaya,civic amenities,civic_amenities,output/pdf/1971_trimmed/Bihar/1971_Gaya_civic_amenities.pdf,output/pdf/1971_trimmed/Bihar/civic amenities/Gaya_civic_1971.pdf,1971_Gaya_civic_amenities.pdf,Gaya_civic_1971.pdf,2,9f50ec1ec8f33e7e332a9bbee2fe94ba2e24b887a680792b8b23ead9ab45ba77
Bihar,Hazaribagh,civic amenities,civic_amenities,output/pdf/1971_trimmed/Bihar/1971_Hazaribagh_civic_amenities.pdf,output/pdf/1971_trimmed/Bihar/civic amenities/Hazaribagh_civic_1971.pdf,1971_Hazaribagh_civic_amenities.pdf,Hazaribagh_civic_1971.pdf,2,31ca2a810b07e7fd7fa83612636cfa00786c2dd6774f71b801dbbb0d84394316
Bihar,Monghyr,civic amenities,civic_amenities,output/pdf/1971_trimmed/Bihar/1971_Monghyr_civic_amenities.pdf,output/pdf/1971_trimmed/Bihar/civic amenities/Monghyr_civic_1971.pdf,1971_Monghyr_civic_amenities.pdf,Monghyr_civic_1971.pdf,1,3ca66a411cf30f483ed5ed0083dc49ab588aa5d9ee12f4e3553fa2170e725519
Bihar,Palamau,civic amenities,civic_amenities,output/pdf/1971_trimmed/Bihar/1971_Palamau_civic_amenities.pdf,output/pdf/1971_trimmed/Bihar/civic amenities/Palamau_civic_1971.pdf,1971_Palamau_civic_amenities.pdf,Palamau_civic_1971.pdf,1,6b38cfc50348e3619d0d692edcf33dc47797a93a2efca267189c0ec0dbedc334
Bihar,Patna,civic amenities,civic_amenities,output/pdf/1971_trimmed/Bihar/1971_Patna_civic_amenities.pdf,output/pdf/1971_trimmed/Bihar/civic amenities/Patna_civic_1971.pdf,1971_Patna_civic_amenities.pdf,Patna_civic_1971.pdf,2,84a369d7af7845692a8413f62a6cdfddd2e1ef495c0adc05e6ab298806c1c797
Bihar,Purnea,civic amenities,civic_amenities,output/pdf/1971_trimmed/Bihar/1971_Purnea_civic_amenities.pdf,output/pdf/1971_trimmed/Bihar/civic amenities/Purnea_civic_1971.pdf,1971_Purnea_civic_amenities.pdf,Purnea_civic_1971.pdf,2,502bc9c4983358007f8408592b1aa219959e3db83c3c6b4f7d2c540d285013cb
Bihar,Ranchi,civic amenities,civic_amenities,output/pdf/1971_trimmed/Bihar/1971_Ranchi_civic_amenities.pdf,output/pdf/1971_trimmed/Bihar/civic amenities/Ranchi_civic_1971.pdf,1971_Ranchi_civic_amenities.pdf,Ranchi_civic_1971.pdf,2,c60432c4d61346d6386bfc1eeef247f47e4e003c4fee11a88a98c7374f4a74a8
Bihar,Saharsa,civic amenities,civic_amenities,output/pdf/1971_trimmed/Bihar/1971_Saharsa_civic_amenities.pdf,output/pdf/1971_trimmed/Bihar/civic amenities/Saharsa_civic_1971.pdf,1971_Saharsa_civic_amenities.pdf,Saharsa_civic_1971.pdf,2,f84953c7cc94b24b1af9a5a348da988ef7223b1ce36117d6abe6a9c48096b6da
Bihar,Santal Parganas,civic amenities,civic_amenities,output/pdf/1971_trimmed/Bihar/1971_Santal Parganas_civic_amenities.pdf,output/pdf/1971_trimmed/Bihar/civic amenities/Santal Parganas_civic_1971.pdf,1971_Santal Parganas_civic_amenities.pdf,Santal Parganas_civic_1971.pdf,2,3756ab7deb190d9b5ee8669b48b547eacb0e3261ad6188bd5c0f72e5872f3b7d
Bihar,Saran,civic amenities,civic_amenities,output/pdf/1971_trimmed/Bihar/1971_Saran_civic_amenities.pdf,output/pdf/1971_trimmed/Bihar/civic amenities/Saran_civic_1971.pdf,1971_Saran_civic_amenities.pdf,Saran_civic_1971.pdf,1,d6e6b925fdac1852410fbcf6385c84b537f9de485dac4574de5488e4b792722a
Bihar,Singhbhum,civic amenities,civic_amenities,output/pdf/1971_trimmed/Bihar/1971_Singhbhum_civic_amenities.pdf,output/pdf/1971_trimmed/Bihar/civic amenities/Singhbhum_civic_1971.pdf,1971_Singhbhum_civic_amenities.pdf,Singhbhum_civic_1971.pdf,2,7b3233776981b9c7fa105f0e256867b3c8827bcf9e0b95a57ab5b88c8096b1b4
Bihar,Bhagalpur,mededu,medical_educational_amenities,output/pdf/1971_trimmed/Bihar/1971_Bhagalpur_medical_educational_amenities.pdf,output/pdf/1971_trimmed/Bihar/mededu/Bhagalpur_mededu_1971.pdf,1971_Bhagalpur_medical_educational_amenities.pdf,Bhagalpur_mededu_1971.pdf,1,0286da65331a626871f0a7097d26fe471e1fd0352e868da8da43a78736c86d77
Bihar,Champaran,mededu,medical_educational_amenities,output/pdf/1971_trimmed/Bihar/1971_Champaran_medical_educational_amenities.pdf,output/pdf/1971_trimmed/Bihar/mededu/Champaran_mededu_1971.pdf,1971_Champaran_medical_educational_amenities.pdf,Champaran_mededu_1971.pdf,1,e8e36398ceea09d8063de222d308a29175ddb9aeedd87d605951a1d4621c7c94
Bihar,Darbhanga,mededu,medical_educational_amenities,output/pdf/1971_trimmed/Bihar/1971_Darbhanga_medical_educational_amenities.pdf,output/pdf/1971_trimmed/Bihar/mededu/Darbhanga_mededu_1971.pdf,1971_Darbhanga_medical_educational_amenities.pdf,Darbhanga_mededu_1971.pdf,2,03287b37440cf2aa9bdd14d25bdda0226a9413527b2f6bc3133fcead93708d33
Bihar,Dhanbad,mededu,medical_educational_amenities,output/pdf/1971_trimmed/Bihar/1971_Dhanbad_medical_educational_amenities.pdf,output/pdf/1971_trimmed/Bihar/mededu/Dhanbad_mededu_1971.pdf,1971_Dhanbad_medical_educational_amenities.pdf,Dhanbad_mededu_1971.pdf,2,96225586393c66d2881c3f521799412bcf34ab1f1ca3b8bf224f323e0649f4fc
Bihar,Gaya,mededu,medical_educational_amenities,output/pdf/1971_trimmed/Bihar/1971_Gaya_medical_educational_amenities.pdf,output/pdf/1971_trimmed/Bihar/mededu/Gaya_mededu_1971.pdf,1971_Gaya_medical_educational_amenities.pdf,Gaya_mededu_1971.pdf,2,0d284e65aa4770c60e1c2e879ae8d3eb06eb018deb3fd83baf95950a480a80b3
Bihar,Hazaribagh,mededu,medical_educational_amenities,output/pdf/1971_trimmed/Bihar/1971_Hazaribagh_medical_educational_amenities.pdf,output/pdf/1971_trimmed/Bihar/mededu/Hazaribagh_mededu_1971.pdf,1971_Hazaribagh_medical_educational_amenities.pdf,Hazaribagh_mededu_1971.pdf,2,4ed58d3249738c91699dcbf81eb96989cc715e28ed876204d60fe2ad9f32f5b7
Bihar,Monghyr,mededu,medical_educational_amenities,output/pdf/1971_trimmed/Bihar/1971_Monghyr_medical_educational_amenities.pdf,output/pdf/1971_trimmed/Bihar/mededu/Monghyr_mededu_1971.pdf,1971_Monghyr_medical_educational_amenities.pdf,Monghyr_mededu_1971.pdf,1,7d4e0bffa3109a0eefac4f66de8937f43489c715c541f2655d639426d7189d5d
Bihar,Palamau,mededu,medical_educational_amenities,output/pdf/1971_trimmed/Bihar/1971_Palamau_medical_educational_amenities.pdf,output/pdf/1971_trimmed/Bihar/mededu/Palamau_mededu_1971.pdf,1971_Palamau_medical_educational_amenities.pdf,Palamau_mededu_1971.pdf,1,24acb33ab43c8b2aa5a1c789ec8f9116cefb360e5fdc792c13ba5cc4be69e9dd
Bihar,Patna,mededu,medical_educational_amenities,output/pdf/1971_trimmed/Bihar/1971_Patna_medical_educational_amenities.pdf,output/pdf/1971_trimmed/Bihar/mededu/Patna_mededu_1971.pdf,1971_Patna_medical_educational_amenities.pdf,Patna_mededu_1971.pdf,2,e9357a2820cab3f629ca068add10c4a7619ee1bc8dbce6d4f44541c11537768e
Bihar,Purnea,mededu,medical_educational_amenities,output/pdf/1971_trimmed/Bihar/1971_Purnea_medical_educational_amenities.pdf,output/pdf/1971_trimmed/Bihar/mededu/Purnea_mededu_1971.pdf,1971_Purnea_medical_educational_amenities.pdf,Purnea_mededu_1971.pdf,2,fc07af54be4db8afa1bd9deef4607440db2e2fb7b04f625cf15ddc59c5673ee0
Bihar,Ranchi,mededu,medical_educational_amenities,output/pdf/1971_trimmed/Bihar/1971_Ranchi_medical_educational_amenities.pdf,output/pdf/1971_trimmed/Bihar/mededu/Ranchi_mededu_1971.pdf,1971_Ranchi_medical_educational_amenities.pdf,Ranchi_mededu_1971.pdf,2,fb6009be0a575a9db0b170fe737421fd595b33f1cdf548011fefd364607df8b3
Bihar,Saharsa,mededu,medical_educational_amenities,output/pdf/1971_trimmed/Bihar/1971_Saharsa_medical_educational_amenities.pdf,output/pdf/1971_trimmed/Bihar/mededu/Saharsa_mededu_1971.pdf,1971_Saharsa_medical_educational_amenities.pdf,Saharsa_mededu_1971.pdf,2,8ea2010f6dae3feabeb641f918d17eec560e0d46d8dbcf003a0fcfe6a82e3fa1
Bihar,Santal Parganas,mededu,medical_educational_amenities,output/pdf/1971_trimmed/Bihar/1971_Santal Parganas_medical_educational_amenities.pdf,output/pdf/1971_trimmed/Bihar/mededu/Santal Parganas_mededu_1971.pdf,1971_Santal Parganas_medical_educational_amenities.pdf,Santal Parganas_mededu_1971.pdf,2,aed79434e5692939ec6326294831761bd9069b5b5e73972e6bde34cbc1ebdebd
Bihar,Saran,mededu,medical_educational_amenities,output/pdf/1971_trimmed/Bihar/1971_Saran_medical_educational_amenities.pdf,output/pdf/1971_trimmed/Bihar/mededu/Saran_mededu_1971.pdf,1971_Saran_medical_educational_amenities.pdf,Saran_mededu_1971.pdf,1,f2d091d11e604d7f5780d95e6ed27a621df4e3867ffd198b6b6e1058e99a9e47
Bihar,Singhbhum,mededu,medical_educational_amenities,output/pdf/1971_trimmed/Bihar/1971_Singhbhum_medical_educational_amenities.pdf,output/pdf/1971_trimmed/Bihar/mededu/Singhbhum_mededu_1971.pdf,1971_Singhbhum_medical_educational_amenities.pdf,Singhbhum_mededu_1971.pdf,2,56d7862ed5516b752c3569ddb5dc618fc99d2c3d27ceff21d38bf2ced8b7f70c
Bihar,Bhagalpur,tehsil appendix,tehsil_appendix,output/pdf/1971_trimmed/Bihar/1971_Bhagalpur_tehsil_appendix.pdf,output/pdf/1971_trimmed/Bihar/tehsil appendix/Bhagalpur_tehsil_1971.pdf,1971_Bhagalpur_tehsil_appendix.pdf,Bhagalpur_tehsil_1971.pdf,2,ef2d3a5eab002086c94d4ee01705be19c5264074834d4aa3742f5049fbf17014
Bihar,Champaran,tehsil appendix,tehsil_appendix,output/pdf/1971_trimmed/Bihar/1971_Champaran_tehsil_appendix.pdf,output/pdf/1971_trimmed/Bihar/tehsil appendix/Champaran_tehsil_1971.pdf,1971_Champaran_tehsil_appendix.pdf,Champaran_tehsil_1971.pdf,4,1be180a7d5d4af7c1ebacf7e58c2d5c6760451e9a80dee9eafc3fbd2320eee3f
Bihar,Darbhanga,tehsil appendix,tehsil_appendix,output/pdf/1971_trimmed/Bihar/1971_Darbhanga_tehsil_appendix.pdf,output/pdf/1971_trimmed/Bihar/tehsil appendix/Darbhanga_tehsil_1971.pdf,1971_Darbhanga_tehsil_appendix.pdf,Darbhanga_tehsil_1971.pdf,4,d87baf018d4ec1261ca56108ec3c0607313864cd0b27ffe17e1ea53d4fe1f495
Bihar,Dhanbad,tehsil appendix,tehsil_appendix,output/pdf/1971_trimmed/Bihar/1971_Dhanbad_tehsil_appendix.pdf,output/pdf/1971_trimmed/Bihar/tehsil appendix/Dhanbad_tehsil_1971.pdf,1971_Dhanbad_tehsil_appendix.pdf,Dhanbad_tehsil_1971.pdf,2,efda7ecd98e3d842cd1d8edc3bc8723d619d114e5e6c89345f0793e6904e37bc
Bihar,Gaya,tehsil appendix,tehsil_appendix,output/pdf/1971_trimmed/Bihar/1971_Gaya_tehsil_appendix.pdf,output/pdf/1971_trimmed/Bihar/tehsil appendix/Gaya_tehsil_1971.pdf,1971_Gaya_tehsil_appendix.pdf,Gaya_tehsil_1971.pdf,4,2404a1f181eefaafb884e18032448d9b60322a9e612a0e15c7e5fc4968b338cb
Bihar,Hazaribagh,tehsil appendix,tehsil_appendix,output/pdf/1971_trimmed/Bihar/1971_Hazaribagh_tehsil_appendix.pdf,output/pdf/1971_trimmed/Bihar/tehsil appendix/Hazaribagh_tehsil_1971.pdf,1971_Hazaribagh_tehsil_appendix.pdf,Hazaribagh_tehsil_1971.pdf,4,27d207b756be586aed1c240a431186f39811b0d4626b4788de4aab2f9ef52e2c
Bihar,Monghyr,tehsil appendix,tehsil_appendix,output/pdf/1971_trimmed/Bihar/1971_Monghyr_tehsil_appendix.pdf,output/pdf/1971_trimmed/Bihar/tehsil appendix/Monghyr_tehsil_1971.pdf,1971_Monghyr_tehsil_appendix.pdf,Monghyr_tehsil_1971.pdf,4,7a1e4af5962bcb875a0e61eca8532e4cc2e91e80ce7db2b4b7257e8c1705cdb7
Bihar,Palamau,tehsil appendix,tehsil_appendix,output/pdf/1971_trimmed/Bihar/1971_Palamau_tehsil_appendix.pdf,output/pdf/1971_trimmed/Bihar/tehsil appendix/Palamau_tehsil_1971.pdf,1971_Palamau_tehsil_appendix.pdf,Palamau_tehsil_1971.pdf,3,72119413af3e26aa3f379a39949a81b7681aeac8e6db417fee8d7669329787fe
Bihar,Patna,tehsil appendix,tehsil_appendix,output/pdf/1971_trimmed/Bihar/1971_Patna_tehsil_appendix.pdf,output/pdf/1971_trimmed/Bihar/tehsil appendix/Patna_tehsil_1971.pdf,1971_Patna_tehsil_appendix.pdf,Patna_tehsil_1971.pdf,4,8787931fec54a854f190776911530940c88983fca5b8a27ae82587f5f0ee6a1c
Bihar,Purnea,tehsil appendix,tehsil_appendix,output/pdf/1971_trimmed/Bihar/1971_Purnea_tehsil_appendix.pdf,output/pdf/1971_trimmed/Bihar/tehsil appendix/Purnea_tehsil_1971.pdf,1971_Purnea_tehsil_appendix.pdf,Purnea_tehsil_1971.pdf,4,32bba38aece458559184f60a3b2f3db6b326cd321a379a66b22ae26badac1dec
Bihar,Ranchi,tehsil appendix,tehsil_appendix,output/pdf/1971_trimmed/Bihar/1971_Ranchi_tehsil_appendix.pdf,output/pdf/1971_trimmed/Bihar/tehsil appendix/Ranchi_tehsil_1971.pdf,1971_Ranchi_tehsil_appendix.pdf,Ranchi_tehsil_1971.pdf,4,dc8982a4a405a8d6f010115f3d4d26832d89c38debeee74a88d1acbb19de7163
Bihar,Saharsa,tehsil appendix,tehsil_appendix,output/pdf/1971_trimmed/Bihar/1971_Saharsa_tehsil_appendix.pdf,output/pdf/1971_trimmed/Bihar/tehsil appendix/Saharsa_tehsil_1971.pdf,1971_Saharsa_tehsil_appendix.pdf,Saharsa_tehsil_1971.pdf,2,2079311c7795078b217135c9c80d82a0a05024d02bd201d8652be62bbe532d6d
Bihar,Santal Parganas,tehsil appendix,tehsil_appendix,output/pdf/1971_trimmed/Bihar/1971_Santal Parganas_tehsil_appendix.pdf,output/pdf/1971_trimmed/Bihar/tehsil appendix/Santal Parganas_tehsil_1971.pdf,1971_Santal Parganas_tehsil_appendix.pdf,Santal Parganas_tehsil_1971.pdf,4,ffd62bed1953e528ee50287544888e028229f567dcb57ee40b8a7f53ada5c5a2
Bihar,Saran,tehsil appendix,tehsil_appendix,output/pdf/1971_trimmed/Bihar/1971_Saran_tehsil_appendix.pdf,output/pdf/1971_trimmed/Bihar/tehsil appendix/Saran_tehsil_1971.pdf,1971_Saran_tehsil_appendix.pdf,Saran_tehsil_1971.pdf,4,288c278873ddf016ec60c4e18f65d64be53922897d46ded49f30fd9315e0d75e
Bihar,Singhbhum,tehsil appendix,tehsil_appendix,output/pdf/1971_trimmed/Bihar/1971_Singhbhum_tehsil_appendix.pdf,output/pdf/1971_trimmed/Bihar/tehsil appendix/Singhbhum_tehsil_1971.pdf,1971_Singhbhum_tehsil_appendix.pdf,Singhbhum_tehsil_1971.pdf,3,50aff3ab7bf986ecaef3d7a6308bd66e76bedabd019df2f4e7e53cbddf71db33
Dadra & Nagar Haveli,Dadra_and_Nagar_Haveli,civic amenities,civic_amenities,output/pdf/1971_trimmed/Dadra & Nagar Haveli/1971_Dadra_and_Nagar_Haveli_civic_amenities.pdf,output/pdf/1971_trimmed/Dadra & Nagar Haveli/civic amenities/Dadra_and_Nagar_Haveli_civic_1971.pdf,1971_Dadra_and_Nagar_Haveli_civic_amenities.pdf,Dadra_and_Nagar_Haveli_civic_1971.pdf,1,07925f5a5a06ec175330368ca7faeeeaac332c16b84dc369914cc58440b6cd6c
Dadra & Nagar Haveli,Dadra_and_Nagar_Haveli,mededu,medical_educational_amenities,output/pdf/1971_trimmed/Dadra & Nagar Haveli/1971_Dadra_and_Nagar_Haveli_medical_educational_amenities.pdf,output/pdf/1971_trimmed/Dadra & Nagar Haveli/mededu/Dadra_and_Nagar_Haveli_mededu_1971.pdf,1971_Dadra_and_Nagar_Haveli_medical_educational_amenities.pdf,Dadra_and_Nagar_Haveli_mededu_1971.pdf,2,748db8825fb04adca63e93fa54c9fe6fb2fb1a248c31c22ef94516e8bb631e0c
Dadra & Nagar Haveli,Dadra_and_Nagar_Haveli,tehsil appendix,tehsil_appendix,output/pdf/1971_trimmed/Dadra & Nagar Haveli/1971_Dadra_and_Nagar_Haveli_tehsil_appendix.pdf,output/pdf/1971_trimmed/Dadra & Nagar Haveli/tehsil appendix/Dadra_and_Nagar_Haveli_tehsil_1971.pdf,1971_Dadra_and_Nagar_Haveli_tehsil_appendix.pdf,Dadra_and_Nagar_Haveli_tehsil_1971.pdf,2,1c96a9d14ad2f65bd50d36695a7503a5b14cd6cc083ed951f5051f7e95dca8d6
Daman & Diu,Daman_and_Diu,civic amenities,civic_amenities,output/pdf/1971_trimmed/Daman & Diu/1971_Daman_and_Diu_civic_amenities.pdf,output/pdf/1971_trimmed/Daman & Diu/civic amenities/Daman_and_Diu_civic_1971.pdf,1971_Daman_and_Diu_civic_amenities.pdf,Daman_and_Diu_civic_1971.pdf,1,87e2fd95637655859e68fb83bb68df88a5163b7ac7de347f1c3ae5124c276762
Daman & Diu,Daman_and_Diu,mededu,medical_educational_amenities,output/pdf/1971_trimmed/Daman & Diu/1971_Daman_and_Diu_medical_educational_amenities.pdf,output/pdf/1971_trimmed/Daman & Diu/mededu/Daman_and_Diu_mededu_1971.pdf,1971_Daman_and_Diu_medical_educational_amenities.pdf,Daman_and_Diu_mededu_1971.pdf,4,1219b443209627fa3e1b5bbf8766a0f439b4a8c2a21138ec21df390884e0625c
Daman & Diu,Daman_and_Diu,tehsil appendix,tehsil_appendix,output/pdf/1971_trimmed/Daman & Diu/1971_Daman_and_Diu_tehsil_appendix.pdf,output/pdf/1971_trimmed/Daman & Diu/tehsil appendix/Daman_and_Diu_tehsil_1971.pdf,1971_Daman_and_Diu_tehsil_appendix.pdf,Daman_and_Diu_tehsil_1971.pdf,2,636c28e8044208b4bbca1844e2eb20e98570f934dd437668784609f7830929be
Gujarat,Ahmadabad,civic amenities,civic_amenities,output/pdf/1971_trimmed/Gujarat/1971_Ahmadabad_civic_amenities.pdf,output/pdf/1971_trimmed/Gujarat/civic amenities/Ahmadabad_civic_1971.pdf,1971_Ahmadabad_civic_amenities.pdf,Ahmadabad_civic_1971.pdf,2,e6ba70ea17e63c246588c9c8c46b57f52a0bf0450cebfb75901cce986976309d
Gujarat,Amreli,civic amenities,civic_amenities,output/pdf/1971_trimmed/Gujarat/1971_Amreli_civic_amenities.pdf,output/pdf/1971_trimmed/Gujarat/civic amenities/Amreli_civic_1971.pdf,1971_Amreli_civic_amenities.pdf,Amreli_civic_1971.pdf,1,33d873e91a6166122eaa3fc1d9327e3e50ffea9c01dfe565ea426b596569ab98
Gujarat,Banas_Kantha,civic amenities,civic_amenities,output/pdf/1971_trimmed/Gujarat/1971_Banas_Kantha_civic_amenities.pdf,output/pdf/1971_trimmed/Gujarat/civic amenities/Banas_Kantha_civic_1971.pdf,1971_Banas_Kantha_civic_amenities.pdf,Banas_Kantha_civic_1971.pdf,1,be46939a841dc51ce0cbd13fac12fbf87013f68cef44678ad8f79956bcb85916
Gujarat,Bharuch,civic amenities,civic_amenities,output/pdf/1971_trimmed/Gujarat/1971_Bharuch_civic_amenities.pdf,output/pdf/1971_trimmed/Gujarat/civic amenities/Bharuch_civic_1971.pdf,1971_Bharuch_civic_amenities.pdf,Bharuch_civic_1971.pdf,1,879b685bb62dd0cbccf48dbe2569099ab984da1e20e8d2c42c939aa94133cb6a
Gujarat,Bhavnagar,civic amenities,civic_amenities,output/pdf/1971_trimmed/Gujarat/1971_Bhavnagar_civic_amenities.pdf,output/pdf/1971_trimmed/Gujarat/civic amenities/Bhavnagar_civic_1971.pdf,1971_Bhavnagar_civic_amenities.pdf,Bhavnagar_civic_1971.pdf,1,db3eaffb3dae156a81ac776766e981dcba3f13dff6e7380adfb0a9a733d14046
Gujarat,Gandhinagar,civic amenities,civic_amenities,output/pdf/1971_trimmed/Gujarat/1971_Gandhinagar_civic_amenities.pdf,output/pdf/1971_trimmed/Gujarat/civic amenities/Gandhinagar_civic_1971.pdf,1971_Gandhinagar_civic_amenities.pdf,Gandhinagar_civic_1971.pdf,1,6b7235b60229496fcde42e50be6418b3e733a34180bff113aa94f6cf1ce26884
Gujarat,Jamnagar,civic amenities,civic_amenities,output/pdf/1971_trimmed/Gujarat/1971_Jamnagar_civic_amenities.pdf,output/pdf/1971_trimmed/Gujarat/civic amenities/Jamnagar_civic_1971.pdf,1971_Jamnagar_civic_amenities.pdf,Jamnagar_civic_1971.pdf,1,8e0d08eeefbf8b08956374354d7bca864e6074f9bd633350706a8ab2e4d2c878
Gujarat,Kheda,civic amenities,civic_amenities,output/pdf/1971_trimmed/Gujarat/1971_Kheda_civic_amenities.pdf,output/pdf/1971_trimmed/Gujarat/civic amenities/Kheda_civic_1971.pdf,1971_Kheda_civic_amenities.pdf,Kheda_civic_1971.pdf,2,5f83ca7702c6432532f4e4b7f3b1449cc468036f34e280a0a87d9793cc02e25e
Gujarat,Kutch,civic amenities,civic_amenities,output/pdf/1971_trimmed/Gujarat/1971_Kutch_civic_amenities.pdf,output/pdf/1971_trimmed/Gujarat/civic amenities/Kutch_civic_1971.pdf,1971_Kutch_civic_amenities.pdf,Kutch_civic_1971.pdf,1,ae18ddc56e6ef52fa307f1a34054f34419ae18fdc3ff0d238f3244990fcf148a
Gujarat,Mahesana,civic amenities,civic_amenities,output/pdf/1971_trimmed/Gujarat/1971_Mahesana_civic_amenities.pdf,output/pdf/1971_trimmed/Gujarat/civic amenities/Mahesana_civic_1971.pdf,1971_Mahesana_civic_amenities.pdf,Mahesana_civic_1971.pdf,1,cae22d61ce392e20fa623ce78102d8ab33d919ed4e761807b7e077bb8f0db450
Gujarat,Panch_Mahals,civic amenities,civic_amenities,output/pdf/1971_trimmed/Gujarat/1971_Panch_Mahals_civic_amenities.pdf,output/pdf/1971_trimmed/Gujarat/civic amenities/Panch_Mahals_civic_1971.pdf,1971_Panch_Mahals_civic_amenities.pdf,Panch_Mahals_civic_1971.pdf,1,f466ac97ce4f12cfd210078d56e62ab0cd10d4eadf5017882d63ea82aa04c044
Gujarat,Rajkot,civic amenities,civic_amenities,output/pdf/1971_trimmed/Gujarat/1971_Rajkot_civic_amenities.pdf,output/pdf/1971_trimmed/Gujarat/civic amenities/Rajkot_civic_1971.pdf,1971_Rajkot_civic_amenities.pdf,Rajkot_civic_1971.pdf,1,044a252445f644406d38044a0b7bcc49eacb60774b228ac31df97f2b6b7a70a9
Gujarat,Sabar_Kantha,civic amenities,civic_amenities,output/pdf/1971_trimmed/Gujarat/1971_Sabar_Kantha_civic_amenities.pdf,output/pdf/1971_trimmed/Gujarat/civic amenities/Sabar_Kantha_civic_1971.pdf,1971_Sabar_Kantha_civic_amenities.pdf,Sabar_Kantha_civic_1971.pdf,1,47aee9d83b7187a8fd06ae7fde0098942062d541664dc31f5bc39cdec2323047
Gujarat,Surat,civic amenities,civic_amenities,output/pdf/1971_trimmed/Gujarat/1971_Surat_civic_amenities.pdf,output/pdf/1971_trimmed/Gujarat/civic amenities/Surat_civic_1971.pdf,1971_Surat_civic_amenities.pdf,Surat_civic_1971.pdf,1,61c9a68ca3c13947ee1aecc90896939f89ee4e7cd757a3090fda0e3a8d9b4ee2
Gujarat,Surendranagar,civic amenities,civic_amenities,output/pdf/1971_trimmed/Gujarat/1971_Surendranagar_civic_amenities.pdf,output/pdf/1971_trimmed/Gujarat/civic amenities/Surendranagar_civic_1971.pdf,1971_Surendranagar_civic_amenities.pdf,Surendranagar_civic_1971.pdf,1,a798d986855ff2e508b544bd36167fe9268b9158115b50687d57306561180bc3
Gujarat,Vadodara,civic amenities,civic_amenities,output/pdf/1971_trimmed/Gujarat/1971_Vadodara_civic_amenities.pdf,output/pdf/1971_trimmed/Gujarat/civic amenities/Vadodara_civic_1971.pdf,1971_Vadodara_civic_amenities.pdf,Vadodara_civic_1971.pdf,1,083bb13710ffddacc66879d653e3f7a1e815f7e06189c722b5080169af3083bf
Gujarat,Valsad,civic amenities,civic_amenities,output/pdf/1971_trimmed/Gujarat/1971_Valsad_civic_amenities.pdf,output/pdf/1971_trimmed/Gujarat/civic amenities/Valsad_civic_1971.pdf,1971_Valsad_civic_amenities.pdf,Valsad_civic_1971.pdf,1,b1b14f14bf324b7d1c9595feaf5e2a4154eea114d48506bed3713a2ed5ce34d1
Gujarat,Ahmadabad,mededu,medical_educational_amenities,output/pdf/1971_trimmed/Gujarat/1971_Ahmadabad_medical_educational_amenities.pdf,output/pdf/1971_trimmed/Gujarat/mededu/Ahmadabad_mededu_1971.pdf,1971_Ahmadabad_medical_educational_amenities.pdf,Ahmadabad_mededu_1971.pdf,2,4ee0d7408c1301d32cbcfba2d0764c363b53b2c6666d0c37253719c098b4fd97
Gujarat,Amreli,mededu,medical_educational_amenities,output/pdf/1971_trimmed/Gujarat/1971_Amreli_medical_educational_amenities.pdf,output/pdf/1971_trimmed/Gujarat/mededu/Amreli_mededu_1971.pdf,1971_Amreli_medical_educational_amenities.pdf,Amreli_mededu_1971.pdf,1,ecc192ca24ef807eb6a3f431c91d97905fa517af664dfdb4b8d2fdba8d27bcec
Gujarat,Banas_Kantha,mededu,medical_educational_amenities,output/pdf/1971_trimmed/Gujarat/1971_Banas_Kantha_medical_educational_amenities.pdf,output/pdf/1971_trimmed/Gujarat/mededu/Banas_Kantha_mededu_1971.pdf,1971_Banas_Kantha_medical_educational_amenities.pdf,Banas_Kantha_mededu_1971.pdf,1,ec89cae2778679094689ea89ec015bc1b546a23658ab6faa4ddfcb03bb20e36a
Gujarat,Bharuch,mededu,medical_educational_amenities,output/pdf/1971_trimmed/Gujarat/1971_Bharuch_medical_educational_amenities.pdf,output/pdf/1971_trimmed/Gujarat/mededu/Bharuch_mededu_1971.pdf,1971_Bharuch_medical_educational_amenities.pdf,Bharuch_mededu_1971.pdf,1,2484a917cc2e61b4dbe7797eada4461a13dd516bb16acbd9cf77a8f6e5f551ca
Gujarat,Bhavnagar,mededu,medical_educational_amenities,output/pdf/1971_trimmed/Gujarat/1971_Bhavnagar_medical_educational_amenities.pdf,output/pdf/1971_trimmed/Gujarat/mededu/Bhavnagar_mededu_1971.pdf,1971_Bhavnagar_medical_educational_amenities.pdf,Bhavnagar_mededu_1971.pdf,2,f8ff4ad764288b3079114b68dd26ca2f7f1598f0603e15535d4a884e69c0e920
Gujarat,Gandhinagar,mededu,medical_educational_amenities,output/pdf/1971_trimmed/Gujarat/1971_Gandhinagar_medical_educational_amenities.pdf,output/pdf/1971_trimmed/Gujarat/mededu/Gandhinagar_mededu_1971.pdf,1971_Gandhinagar_medical_educational_amenities.pdf,Gandhinagar_mededu_1971.pdf,1,4a5d778ca0d18af782d1dadf05b745d42ffc458aa0641da06f8aed42bdca8b77
Gujarat,Jamnagar,mededu,medical_educational_amenities,output/pdf/1971_trimmed/Gujarat/1971_Jamnagar_medical_educational_amenities.pdf,output/pdf/1971_trimmed/Gujarat/mededu/Jamnagar_mededu_1971.pdf,1971_Jamnagar_medical_educational_amenities.pdf,Jamnagar_mededu_1971.pdf,1,eeebd3e610230a1e2f9d5e8ef7c9fee76cb24479b6b43efd7d501ba0d5251d76
Gujarat,Kheda,mededu,medical_educational_amenities,output/pdf/1971_trimmed/Gujarat/1971_Kheda_medical_educational_amenities.pdf,output/pdf/1971_trimmed/Gujarat/mededu/Kheda_mededu_1971.pdf,1971_Kheda_medical_educational_amenities.pdf,Kheda_mededu_1971.pdf,2,5e6a0191b2a63b3fb78ee1782f4a4ad693bc6c8216eac0ad51069132fc739938
Gujarat,Kutch,mededu,medical_educational_amenities,output/pdf/1971_trimmed/Gujarat/1971_Kutch_medical_educational_amenities.pdf,output/pdf/1971_trimmed/Gujarat/mededu/Kutch_mededu_1971.pdf,1971_Kutch_medical_educational_amenities.pdf,Kutch_mededu_1971.pdf,1,bdac1e2ea1049775e7973f9c22361f7a71aeed4ca4562fe091f9e6038a882006
Gujarat,Mahesana,mededu,medical_educational_amenities,output/pdf/1971_trimmed/Gujarat/1971_Mahesana_medical_educational_amenities.pdf,output/pdf/1971_trimmed/Gujarat/mededu/Mahesana_mededu_1971.pdf,1971_Mahesana_medical_educational_amenities.pdf,Mahesana_mededu_1971.pdf,1,a96e95b526c17b53729a54e1c32ee53d0ee0165340cf0402bb584ab20492b3cc
Gujarat,Panch_Mahals,mededu,medical_educational_amenities,output/pdf/1971_trimmed/Gujarat/1971_Panch_Mahals_medical_educational_amenities.pdf,output/pdf/1971_trimmed/Gujarat/mededu/Panch_Mahals_mededu_1971.pdf,1971_Panch_Mahals_medical_educational_amenities.pdf,Panch_Mahals_mededu_1971.pdf,1,2623fd95e18be1dd343628743ba0a83c58353991136234dcfb9410f922e8960b
Gujarat,Rajkot,mededu,medical_educational_amenities,output/pdf/1971_trimmed/Gujarat/1971_Rajkot_medical_educational_amenities.pdf,output/pdf/1971_trimmed/Gujarat/mededu/Rajkot_mededu_1971.pdf,1971_Rajkot_medical_educational_amenities.pdf,Rajkot_mededu_1971.pdf,1,351a561723bd429b89577fb2a1e7cbef71fefcdcaf9890cb74ceb86c81befc88
Gujarat,Sabar_Kantha,mededu,medical_educational_amenities,output/pdf/1971_trimmed/Gujarat/1971_Sabar_Kantha_medical_educational_amenities.pdf,output/pdf/1971_trimmed/Gujarat/mededu/Sabar_Kantha_mededu_1971.pdf,1971_Sabar_Kantha_medical_educational_amenities.pdf,Sabar_Kantha_mededu_1971.pdf,1,967e1d388c29b7afba45566fb520b516c92de67775a6f14ad52a38feb7c4e2b5
Gujarat,Surat,mededu,medical_educational_amenities,output/pdf/1971_trimmed/Gujarat/1971_Surat_medical_educational_amenities.pdf,output/pdf/1971_trimmed/Gujarat/mededu/Surat_mededu_1971.pdf,1971_Surat_medical_educational_amenities.pdf,Surat_mededu_1971.pdf,1,13425aee892bd91ac3536a86b30e236a55e91552f7a81e309c1f36b23fbf4e9f
Gujarat,Surendranagar,mededu,medical_educational_amenities,output/pdf/1971_trimmed/Gujarat/1971_Surendranagar_medical_educational_amenities.pdf,output/pdf/1971_trimmed/Gujarat/mededu/Surendranagar_mededu_1971.pdf,1971_Surendranagar_medical_educational_amenities.pdf,Surendranagar_mededu_1971.pdf,1,98b9589cc8a9e56015b8c14c2836ea808e2bbb83eaed3704ded5a13c89b18b99
Gujarat,Vadodara,mededu,medical_educational_amenities,output/pdf/1971_trimmed/Gujarat/1971_Vadodara_medical_educational_amenities.pdf,output/pdf/1971_trimmed/Gujarat/mededu/Vadodara_mededu_1971.pdf,1971_Vadodara_medical_educational_amenities.pdf,Vadodara_mededu_1971.pdf,1,4a52b4572b29546243fc82d544a3894facdfd0db3610b21f359f8468c50deddd
Gujarat,Valsad,mededu,medical_educational_amenities,output/pdf/1971_trimmed/Gujarat/1971_Valsad_medical_educational_amenities.pdf,output/pdf/1971_trimmed/Gujarat/mededu/Valsad_mededu_1971.pdf,1971_Valsad_medical_educational_amenities.pdf,Valsad_mededu_1971.pdf,1,c3a9e25e0fb3b0fc71542300b9f9a1b25172b8ae60c15cbc4078f2f4d88ea903
Gujarat,Ahmadabad,tehsil appendix,tehsil_appendix,output/pdf/1971_trimmed/Gujarat/1971_Ahmadabad_tehsil_appendix.pdf,output/pdf/1971_trimmed/Gujarat/tehsil appendix/Ahmadabad_tehsil_1971.pdf,1971_Ahmadabad_tehsil_appendix.pdf,Ahmadabad_tehsil_1971.pdf,2,e4336fdf3de4ff72c4311ee9cbe20f930aaf36603ebb4ddb72b5dea6288b9f14
Gujarat,Amreli,tehsil appendix,tehsil_appendix,output/pdf/1971_trimmed/Gujarat/1971_Amreli_tehsil_appendix.pdf,output/pdf/1971_trimmed/Gujarat/tehsil appendix/Amreli_tehsil_1971.pdf,1971_Amreli_tehsil_appendix.pdf,Amreli_tehsil_1971.pdf,2,be978b5fcb34209e7d24162bf43223d16ed4b695acba1b129e2283491c314959
Gujarat,Banas_Kantha,tehsil appendix,tehsil_appendix,output/pdf/1971_trimmed/Gujarat/1971_Banas_Kantha_tehsil_appendix.pdf,output/pdf/1971_trimmed/Gujarat/tehsil appendix/Banas_Kantha_tehsil_1971.pdf,1971_Banas_Kantha_tehsil_appendix.pdf,Banas_Kantha_tehsil_1971.pdf,2,95a86d0a6d7dd356f3db1f4caa470ee0d50d08d85494d71c494bc72df4069311
Gujarat,Bharuch,tehsil appendix,tehsil_appendix,output/pdf/1971_trimmed/Gujarat/1971_Bharuch_tehsil_appendix.pdf,output/pdf/1971_trimmed/Gujarat/tehsil appendix/Bharuch_tehsil_1971.pdf,1971_Bharuch_tehsil_appendix.pdf,Bharuch_tehsil_1971.pdf,2,437f715cd64bbff2f8e2efc7a06a7ea99f607e767487564727331a7e52be08d0
Gujarat,Bhavnagar,tehsil appendix,tehsil_appendix,output/pdf/1971_trimmed/Gujarat/1971_Bhavnagar_tehsil_appendix.pdf,output/pdf/1971_trimmed/Gujarat/tehsil appendix/Bhavnagar_tehsil_1971.pdf,1971_Bhavnagar_tehsil_appendix.pdf,Bhavnagar_tehsil_1971.pdf,2,1dbc08a2ffb4e568fdde714ce04256cce7d8d339148c9afa4a07f2486442a3d4
Gujarat,Gandhinagar,tehsil appendix,tehsil_appendix,output/pdf/1971_trimmed/Gujarat/1971_Gandhinagar_tehsil_appendix.pdf,output/pdf/1971_trimmed/Gujarat/tehsil appendix/Gandhinagar_tehsil_1971.pdf,1971_Gandhinagar_tehsil_appendix.pdf,Gandhinagar_tehsil_1971.pdf,2,49df2796b80026e70e0db37f54b9fd1fd616075e579deb1a8d3191c81878469c
Gujarat,Jamnagar,tehsil appendix,tehsil_appendix,output/pdf/1971_trimmed/Gujarat/1971_Jamnagar_tehsil_appendix.pdf,output/pdf/1971_trimmed/Gujarat/tehsil appendix/Jamnagar_tehsil_1971.pdf,1971_Jamnagar_tehsil_appendix.pdf,Jamnagar_tehsil_1971.pdf,2,cd1c96697805ee1e60e1cc6e7d7e567768344164520b9640ccf24d001cb6eb8c
Gujarat,Kheda,tehsil appendix,tehsil_appendix,output/pdf/1971_trimmed/Gujarat/1971_Kheda_tehsil_appendix.pdf,output/pdf/1971_trimmed/Gujarat/tehsil appendix/Kheda_tehsil_1971.pdf,1971_Kheda_tehsil_appendix.pdf,Kheda_tehsil_1971.pdf,2,aa8b118508dcaafd29091338ede7829dfd583ec209b2c608e5d405d97dd5923b
Gujarat,Kutch,tehsil appendix,tehsil_appendix,output/pdf/1971_trimmed/Gujarat/1971_Kutch_tehsil_appendix.pdf,output/pdf/1971_trimmed/Gujarat/tehsil appendix/Kutch_tehsil_1971.pdf,1971_Kutch_tehsil_appendix.pdf,Kutch_tehsil_1971.pdf,2,66eea4c2550334e491a15cd877915d13115cc8d8255220b4be147a26ba236855
Gujarat,Mahesana,tehsil appendix,tehsil_appendix,output/pdf/1971_trimmed/Gujarat/1971_Mahesana_tehsil_appendix.pdf,output/pdf/1971_trimmed/Gujarat/tehsil appendix/Mahesana_tehsil_1971.pdf,1971_Mahesana_tehsil_appendix.pdf,Mahesana_tehsil_1971.pdf,2,3887b7792381bd1fe55a7c82a8406c5ec763ecddf9596881a9d1a64655b5dd87
Gujarat,Panch_Mahals,tehsil appendix,tehsil_appendix,output/pdf/1971_trimmed/Gujarat/1971_Panch_Mahals_tehsil_appendix.pdf,output/pdf/1971_trimmed/Gujarat/tehsil appendix/Panch_Mahals_tehsil_1971.pdf,1971_Panch_Mahals_tehsil_appendix.pdf,Panch_Mahals_tehsil_1971.pdf,1,2649ed1ba838480a06ad60467f2c8ecd777df4f00172553a11191ebcae84ede0
Gujarat,Rajkot,tehsil appendix,tehsil_appendix,output/pdf/1971_trimmed/Gujarat/1971_Rajkot_tehsil_appendix.pdf,output/pdf/1971_trimmed/Gujarat/tehsil appendix/Rajkot_tehsil_1971.pdf,1971_Rajkot_tehsil_appendix.pdf,Rajkot_tehsil_1971.pdf,2,8acfa9d493b8c5d049dc0d2e896130b8dc5b9c18d50340b23b794c2ad56ceb6b
Gujarat,Sabar_Kantha,tehsil appendix,tehsil_appendix,output/pdf/1971_trimmed/Gujarat/1971_Sabar_Kantha_tehsil_appendix.pdf,output/pdf/1971_trimmed/Gujarat/tehsil appendix/Sabar_Kantha_tehsil_1971.pdf,1971_Sabar_Kantha_tehsil_appendix.pdf,Sabar_Kantha_tehsil_1971.pdf,2,f78ea94e4836baad2887a7eeeeccfc4687ddf5b521f9f14de180943d7b63aef1
Gujarat,Surat,tehsil appendix,tehsil_appendix,output/pdf/1971_trimmed/Gujarat/1971_Surat_tehsil_appendix.pdf,output/pdf/1971_trimmed/Gujarat/tehsil appendix/Surat_tehsil_1971.pdf,1971_Surat_tehsil_appendix.pdf,Surat_tehsil_1971.pdf,2,eefb123ce245baa6d32314dafa1b31ecc5b6b5a5fe6554041c75439fd9d946b3
Gujarat,Surendranagar,tehsil appendix,tehsil_appendix,output/pdf/1971_trimmed/Gujarat/1971_Surendranagar_tehsil_appendix.pdf,output/pdf/1971_trimmed/Gujarat/tehsil appendix/Surendranagar_tehsil_1971.pdf,1971_Surendranagar_tehsil_appendix.pdf,Surendranagar_tehsil_1971.pdf,2,d776825b2dfcb75c0a3dd334bd98ec72b3522817e91fcfa32de7f97acddae9bf
Gujarat,Vadodara,tehsil appendix,tehsil_appendix,output/pdf/1971_trimmed/Gujarat/1971_Vadodara_tehsil_appendix.pdf,output/pdf/1971_trimmed/Gujarat/tehsil appendix/Vadodara_tehsil_1971.pdf,1971_Vadodara_tehsil_appendix.pdf,Vadodara_tehsil_1971.pdf,2,5b6dbf183610628ff1286ad4729401e89fd0d810b593bf58f7ee7afb5dca9e59
Gujarat,Valsad,tehsil appendix,tehsil_appendix,output/pdf/1971_trimmed/Gujarat/1971_Valsad_tehsil_appendix.pdf,output/pdf/1971_trimmed/Gujarat/tehsil appendix/Valsad_tehsil_1971.pdf,1971_Valsad_tehsil_appendix.pdf,Valsad_tehsil_1971.pdf,2,3e884cb5fc920e409054a9b053d5b4e292fbc24234d51c1d44d2ec81a17557cb
Jammu & Kashmir,Anantnag,civic amenities,civic_amenities,output/pdf/1971_trimmed/Jammu & Kashmir/1971_Anantnag_civic_amenities.pdf,output/pdf/1971_trimmed/Jammu & Kashmir/civic amenities/Anantnag_civic_1971.pdf,1971_Anantnag_civic_amenities.pdf,Anantnag_civic_1971.pdf,1,08aeea9b2d828b4efdd8bf76bd0cb02a64f139d374b9a39235412dd5ecf5a7c2
Jammu & Kashmir,Baramula,civic amenities,civic_amenities,output/pdf/1971_trimmed/Jammu & Kashmir/1971_Baramula_civic_amenities.pdf,output/pdf/1971_trimmed/Jammu & Kashmir/civic amenities/Baramula_civic_1971.pdf,1971_Baramula_civic_amenities.pdf,Baramula_civic_1971.pdf,1,5c67dc814fc15b7b119eecdbc4e54173db970316d11a26d6f16754ffc821a060
Jammu & Kashmir,Doda,civic amenities,civic_amenities,output/pdf/1971_trimmed/Jammu & Kashmir/1971_Doda_civic_amenities.pdf,output/pdf/1971_trimmed/Jammu & Kashmir/civic amenities/Doda_civic_1971.pdf,1971_Doda_civic_amenities.pdf,Doda_civic_1971.pdf,1,4f958b66afc2ad3fb72ba0bd85c6d0d18be1a8eab21f9e1b19ecb4cfdf8b8d37
Jammu & Kashmir,Jammu,civic amenities,civic_amenities,output/pdf/1971_trimmed/Jammu & Kashmir/1971_Jammu_civic_amenities.pdf,output/pdf/1971_trimmed/Jammu & Kashmir/civic amenities/Jammu_civic_1971.pdf,1971_Jammu_civic_amenities.pdf,Jammu_civic_1971.pdf,1,07d2974f0730cba701fa7ed73415577b03d2856f9bb6398f24ef894a1dac7171
Jammu & Kashmir,Kathua,civic amenities,civic_amenities,output/pdf/1971_trimmed/Jammu & Kashmir/1971_Kathua_civic_amenities.pdf,output/pdf/1971_trimmed/Jammu & Kashmir/civic amenities/Kathua_civic_1971.pdf,1971_Kathua_civic_amenities.pdf,Kathua_civic_1971.pdf,1,149467396c89597916d9ba0357bd51913ae80a3b3e958d43f286f525785ae214
Jammu & Kashmir,Ladakh,civic amenities,civic_amenities,output/pdf/1971_trimmed/Jammu & Kashmir/1971_Ladakh_civic_amenities.pdf,output/pdf/1971_trimmed/Jammu & Kashmir/civic amenities/Ladakh_civic_1971.pdf,1971_Ladakh_civic_amenities.pdf,Ladakh_civic_1971.pdf,1,d509e8acd0d2407a3fd69b33ffb70987a9b9188128f511825861d20013c0a3df
Jammu & Kashmir,Punch,civic amenities,civic_amenities,output/pdf/1971_trimmed/Jammu & Kashmir/1971_Punch_civic_amenities.pdf,output/pdf/1971_trimmed/Jammu & Kashmir/civic amenities/Punch_civic_1971.pdf,1971_Punch_civic_amenities.pdf,Punch_civic_1971.pdf,1,2e5420a9ae344230004b4588a7c340aba42f1128a44aa56d69000e5b8532e897
Jammu & Kashmir,Rajauri,civic amenities,civic_amenities,output/pdf/1971_trimmed/Jammu & Kashmir/1971_Rajauri_civic_amenities.pdf,output/pdf/1971_trimmed/Jammu & Kashmir/civic amenities/Rajauri_civic_1971.pdf,1971_Rajauri_civic_amenities.pdf,Rajauri_civic_1971.pdf,1,f7fce773e2c1d9b4cbb7a401660ab35b98b28000c2acd7fefeedc5400c93da42
Jammu & Kashmir,Srinagar,civic amenities,civic_amenities,output/pdf/1971_trimmed/Jammu & Kashmir/1971_Srinagar_civic_amenities.pdf,output/pdf/1971_trimmed/Jammu & Kashmir/civic amenities/Srinagar_civic_1971.pdf,1971_Srinagar_civic_amenities.pdf,Srinagar_civic_1971.pdf,1,7b3437403473dfa6eb934ce6ec1a8bee742e59af1a61532a2b96486f4088a0b1
Jammu & Kashmir,Udhampur,civic amenities,civic_amenities,output/pdf/1971_trimmed/Jammu & Kashmir/1971_Udhampur_civic_amenities.pdf,output/pdf/1971_trimmed/Jammu & Kashmir/civic amenities/Udhampur_civic_1971.pdf,1971_Udhampur_civic_amenities.pdf,Udhampur_civic_1971.pdf,1,ad45bad05869dc6b4159b7ba2aed7f0acba23e884514c59ecb9b87a27985840f
Jammu & Kashmir,Anantnag,mededu,medical_educational_amenities,output/pdf/1971_trimmed/Jammu & Kashmir/1971_Anantnag_medical_educational_amenities.pdf,output/pdf/1971_trimmed/Jammu & Kashmir/mededu/Anantnag_mededu_1971.pdf,1971_Anantnag_medical_educational_amenities.pdf,Anantnag_mededu_1971.pdf,1,d952affdd1d458329cc170a200253bbb3985a2ef213f89efcbdc3282f1c1c7e8
Jammu & Kashmir,Baramula,mededu,medical_educational_amenities,output/pdf/1971_trimmed/Jammu & Kashmir/1971_Baramula_medical_educational_amenities.pdf,output/pdf/1971_trimmed/Jammu & Kashmir/mededu/Baramula_mededu_1971.pdf,1971_Baramula_medical_educational_amenities.pdf,Baramula_mededu_1971.pdf,1,2bf674cff70692d1dc8dd46fe4bd447b2263681d4dcca6ac4a3349938de074cf
Jammu & Kashmir,Doda,mededu,medical_educational_amenities,output/pdf/1971_trimmed/Jammu & Kashmir/1971_Doda_medical_educational_amenities.pdf,output/pdf/1971_trimmed/Jammu & Kashmir/mededu/Doda_mededu_1971.pdf,1971_Doda_medical_educational_amenities.pdf,Doda_mededu_1971.pdf,1,89b4fdb8182791ec2720c787f3abdb350c3c6eff3f3d4151bd5d2195c84a6988
Jammu & Kashmir,Jammu,mededu,medical_educational_amenities,output/pdf/1971_trimmed/Jammu & Kashmir/1971_Jammu_medical_educational_amenities.pdf,output/pdf/1971_trimmed/Jammu & Kashmir/mededu/Jammu_mededu_1971.pdf,1971_Jammu_medical_educational_amenities.pdf,Jammu_mededu_1971.pdf,1,b896af0790be4cd36909757a09c723669930025b8323f2e6dc4d4d182972a795
Jammu & Kashmir,Kathua,mededu,medical_educational_amenities,output/pdf/1971_trimmed/Jammu & Kashmir/1971_Kathua_medical_educational_amenities.pdf,output/pdf/1971_trimmed/Jammu & Kashmir/mededu/Kathua_mededu_1971.pdf,1971_Kathua_medical_educational_amenities.pdf,Kathua_mededu_1971.pdf,1,79a0fc152a1c3e2365b169ca30955a0e6b177398af27ef9e09e56c59f14bd441
Jammu & Kashmir,Ladakh,mededu,medical_educational_amenities,output/pdf/1971_trimmed/Jammu & Kashmir/1971_Ladakh_medical_educational_amenities.pdf,output/pdf/1971_trimmed/Jammu & Kashmir/mededu/Ladakh_mededu_1971.pdf,1971_Ladakh_medical_educational_amenities.pdf,Ladakh_mededu_1971.pdf,1,99a3d21b20ec3bde3682c6f80703f828ee4f135f697d6b53ce898c9db5f9fe01
Jammu & Kashmir,Punch,mededu,medical_educational_amenities,output/pdf/1971_trimmed/Jammu & Kashmir/1971_Punch_medical_educational_amenities.pdf,output/pdf/1971_trimmed/Jammu & Kashmir/mededu/Punch_mededu_1971.pdf,1971_Punch_medical_educational_amenities.pdf,Punch_mededu_1971.pdf,1,A6FA77D7E67136BF7669888FB390A1D9FE27086247C4C26DFE0F5D04538D5379
Jammu & Kashmir,Rajauri,mededu,medical_educational_amenities,output/pdf/1971_trimmed/Jammu & Kashmir/1971_Rajauri_medical_educational_amenities.pdf,output/pdf/1971_trimmed/Jammu & Kashmir/mededu/Rajauri_mededu_1971.pdf,1971_Rajauri_medical_educational_amenities.pdf,Rajauri_mededu_1971.pdf,1,e0be6488d1af58b136a1dacb061b3da9f2e43289a3985d1eb2337d2e8f892686
Jammu & Kashmir,Srinagar,mededu,medical_educational_amenities,output/pdf/1971_trimmed/Jammu & Kashmir/1971_Srinagar_medical_educational_amenities.pdf,output/pdf/1971_trimmed/Jammu & Kashmir/mededu/Srinagar_mededu_1971.pdf,1971_Srinagar_medical_educational_amenities.pdf,Srinagar_mededu_1971.pdf,1,f40388814080f590b1c98d59db10ceefa6f392b2e92beba005fb2fe4eebef48a
Jammu & Kashmir,Udhampur,mededu,medical_educational_amenities,output/pdf/1971_trimmed/Jammu & Kashmir/1971_Udhampur_medical_educational_amenities.pdf,output/pdf/1971_trimmed/Jammu & Kashmir/mededu/Udhampur_mededu_1971.pdf,1971_Udhampur_medical_educational_amenities.pdf,Udhampur_mededu_1971.pdf,1,605ea9f5ada9859c8297d09d39781ae0e7fbfb81f05a585fb3aa5e83c591155a
Jammu & Kashmir,Anantnag,tehsil appendix,tehsil_appendix,output/pdf/1971_trimmed/Jammu & Kashmir/1971_Anantnag_tehsil_appendix.pdf,output/pdf/1971_trimmed/Jammu & Kashmir/tehsil appendix/Anantnag_tehsil_1971.pdf,1971_Anantnag_tehsil_appendix.pdf,Anantnag_tehsil_1971.pdf,2,6a6c4fd9bd0192c4c0fa6ae67d7498fdc2347d4191c7b6fbf9c46c016306758b
Jammu & Kashmir,Baramula,tehsil appendix,tehsil_appendix,output/pdf/1971_trimmed/Jammu & Kashmir/1971_Baramula_tehsil_appendix.pdf,output/pdf/1971_trimmed/Jammu & Kashmir/tehsil appendix/Baramula_tehsil_1971.pdf,1971_Baramula_tehsil_appendix.pdf,Baramula_tehsil_1971.pdf,2,c4e52e5e9ab2a3a3034ad9d26ccf8980698b597364c696d9cb20caa25306c3a4
Jammu & Kashmir,Doda,tehsil appendix,tehsil_appendix,output/pdf/1971_trimmed/Jammu & Kashmir/1971_Doda_tehsil_appendix.pdf,output/pdf/1971_trimmed/Jammu & Kashmir/tehsil appendix/Doda_tehsil_1971.pdf,1971_Doda_tehsil_appendix.pdf,Doda_tehsil_1971.pdf,2,b753166a0ec329e96217f1bf9a575533ef6bae784923aa6a458875378ea89c96
Jammu & Kashmir,Jammu,tehsil appendix,tehsil_appendix,output/pdf/1971_trimmed/Jammu & Kashmir/1971_Jammu_tehsil_appendix.pdf,output/pdf/1971_trimmed/Jammu & Kashmir/tehsil appendix/Jammu_tehsil_1971.pdf,1971_Jammu_tehsil_appendix.pdf,Jammu_tehsil_1971.pdf,2,c7481b6ef12083149df0fb0d3199bd3743337fc6829e0e339423d4e84a135b18
Jammu & Kashmir,Kathua,tehsil appendix,tehsil_appendix,output/pdf/1971_trimmed/Jammu & Kashmir/1971_Kathua_tehsil_appendix.pdf,output/pdf/1971_trimmed/Jammu & Kashmir/tehsil appendix/Kathua_tehsil_1971.pdf,1971_Kathua_tehsil_appendix.pdf,Kathua_tehsil_1971.pdf,2,43c371ca5d38b7aba9f5dccb043f5ce40d85bcdeabb0c6befc1715c6a0563fd8
Jammu & Kashmir,Ladakh,tehsil appendix,tehsil_appendix,output/pdf/1971_trimmed/Jammu & Kashmir/1971_Ladakh_tehsil_appendix.pdf,output/pdf/1971_trimmed/Jammu & Kashmir/tehsil appendix/Ladakh_tehsil_1971.pdf,1971_Ladakh_tehsil_appendix.pdf,Ladakh_tehsil_1971.pdf,2,529f709eef1a3d1b7a6d6a1080caf69afc16b0ee830f7a0ec83a3c70f5c96970
Jammu & Kashmir,Punch,tehsil appendix,tehsil_appendix,output/pdf/1971_trimmed/Jammu & Kashmir/1971_Punch_tehsil_appendix.pdf,output/pdf/1971_trimmed/Jammu & Kashmir/tehsil appendix/Punch_tehsil_1971.pdf,1971_Punch_tehsil_appendix.pdf,Punch_tehsil_1971.pdf,2,cf02a4e0c8f2aadc6e3be38aa6273a992acb1bf9f36d0626bc88f1dc50c5b495
Jammu & Kashmir,Rajauri,tehsil appendix,tehsil_appendix,output/pdf/1971_trimmed/Jammu & Kashmir/1971_Rajauri_tehsil_appendix.pdf,output/pdf/1971_trimmed/Jammu & Kashmir/tehsil appendix/Rajauri_tehsil_1971.pdf,1971_Rajauri_tehsil_appendix.pdf,Rajauri_tehsil_1971.pdf,2,2f0ead0eba0de476ad9e280119e9f9b3301245d5a30a5adca08f1409dc8241c8
Jammu & Kashmir,Srinagar,tehsil appendix,tehsil_appendix,output/pdf/1971_trimmed/Jammu & Kashmir/1971_Srinagar_tehsil_appendix.pdf,output/pdf/1971_trimmed/Jammu & Kashmir/tehsil appendix/Srinagar_tehsil_1971.pdf,1971_Srinagar_tehsil_appendix.pdf,Srinagar_tehsil_1971.pdf,2,6bd8c8bc847cc202fb8b911f09adc3991a0ad56c9507c45fb56370b67dd9e94f
Jammu & Kashmir,Udhampur,tehsil appendix,tehsil_appendix,output/pdf/1971_trimmed/Jammu & Kashmir/1971_Udhampur_tehsil_appendix.pdf,output/pdf/1971_trimmed/Jammu & Kashmir/tehsil appendix/Udhampur_tehsil_1971.pdf,1971_Udhampur_tehsil_appendix.pdf,Udhampur_tehsil_1971.pdf,2,488fa06a99df97ff56d901e915f70fe40705dc945574e34f9a50e6f27d4cd436
Karnataka,Bangalore,civic amenities,civic_amenities,output/pdf/1971_trimmed/Karnataka/1971_Bangalore_civic_amenities.pdf,output/pdf/1971_trimmed/Karnataka/civic amenities/Bangalore_civic_1971.pdf,1971_Bangalore_civic_amenities.pdf,Bangalore_civic_1971.pdf,2,faa6e2f820919c8ec0b7d8a478c16b5e06e32dc666702cfe3f97df44f69f8d43
Karnataka,Belgaum,civic amenities,civic_amenities,output/pdf/1971_trimmed/Karnataka/1971_Belgaum_civic_amenities.pdf,output/pdf/1971_trimmed/Karnataka/civic amenities/Belgaum_civic_1971.pdf,1971_Belgaum_civic_amenities.pdf,Belgaum_civic_1971.pdf,2,efd18a28e05ed696b217d98add8447023d2d6dfbb2f574c2177512aa67af7419
Karnataka,Bellary,civic amenities,civic_amenities,output/pdf/1971_trimmed/Karnataka/1971_Bellary_civic_amenities.pdf,output/pdf/1971_trimmed/Karnataka/civic amenities/Bellary_civic_1971.pdf,1971_Bellary_civic_amenities.pdf,Bellary_civic_1971.pdf,2,c8f648508290d4cc4a928598dcc4bc4b2a5ae3ae304a1244adbe5b3ecd9713cb
Karnataka,Bijapur,civic amenities,civic_amenities,output/pdf/1971_trimmed/Karnataka/1971_Bijapur_civic_amenities.pdf,output/pdf/1971_trimmed/Karnataka/civic amenities/Bijapur_civic_1971.pdf,1971_Bijapur_civic_amenities.pdf,Bijapur_civic_1971.pdf,2,2ea5a14942b8a9894217931508c6bb171427f6ae68c6d94fb2fdec12149e459c
Karnataka,Chikmagalur,civic amenities,civic_amenities,output/pdf/1971_trimmed/Karnataka/1971_Chikmagalur_civic_amenities.pdf,output/pdf/1971_trimmed/Karnataka/civic amenities/Chikmagalur_civic_1971.pdf,1971_Chikmagalur_civic_amenities.pdf,Chikmagalur_civic_1971.pdf,2,66dda02b748f381a6f4736926eddaada5e22b1db2838347179d213a152469dee
Karnataka,Chitradurga,civic amenities,civic_amenities,output/pdf/1971_trimmed/Karnataka/1971_Chitradurga_civic_amenities.pdf,output/pdf/1971_trimmed/Karnataka/civic amenities/Chitradurga_civic_1971.pdf,1971_Chitradurga_civic_amenities.pdf,Chitradurga_civic_1971.pdf,2,2a7ace72fd05cbb8c755964fecc93d386e46a1d496b5decdf65a9dd5036b5878
Karnataka,Coorg,civic amenities,civic_amenities,output/pdf/1971_trimmed/Karnataka/1971_Coorg_civic_amenities.pdf,output/pdf/1971_trimmed/Karnataka/civic amenities/Coorg_civic_1971.pdf,1971_Coorg_civic_amenities.pdf,Coorg_civic_1971.pdf,2,10a27ca6f05acd050ff3223c4b770d15dd6ee5ccc712d41f1342469ee5e4e05c
Karnataka,Gulbarga,civic amenities,civic_amenities,output/pdf/1971_trimmed/Karnataka/1971_Gulbarga_civic_amenities.pdf,output/pdf/1971_trimmed/Karnataka/civic amenities/Gulbarga_civic_1971.pdf,1971_Gulbarga_civic_amenities.pdf,Gulbarga_civic_1971.pdf,2,499e84031f7dce30b6698979e28d8237f65e14a77707794e6bfd554f597b68c6
Karnataka,Hassan,civic amenities,civic_amenities,output/pdf/1971_trimmed/Karnataka/1971_Hassan_civic_amenities.pdf,output/pdf/1971_trimmed/Karnataka/civic amenities/Hassan_civic_1971.pdf,1971_Hassan_civic_amenities.pdf,Hassan_civic_1971.pdf,2,7189a2fd6672955190162cfd6e710c44c6c830e7602386b8b7dd618e197e44d2
Karnataka,Kolar,civic amenities,civic_amenities,output/pdf/1971_trimmed/Karnataka/1971_Kolar_civic_amenities.pdf,output/pdf/1971_trimmed/Karnataka/civic amenities/Kolar_civic_1971.pdf,1971_Kolar_civic_amenities.pdf,Kolar_civic_1971.pdf,2,d943745c697e1f3983c181c7125310ae76139b7d706df6f9412be65d123342b6
Karnataka,Mandya,civic amenities,civic_amenities,output/pdf/1971_trimmed/Karnataka/1971_Mandya_civic_amenities.pdf,output/pdf/1971_trimmed/Karnataka/civic amenities/Mandya_civic_1971.pdf,1971_Mandya_civic_amenities.pdf,Mandya_civic_1971.pdf,2,2fb162b071274cfc6255498d664365e8da4a1ee73cbd60d1e124ea973fd40d3a
Karnataka,Mysore,civic amenities,civic_amenities,output/pdf/1971_trimmed/Karnataka/1971_Mysore_civic_amenities.pdf,output/pdf/1971_trimmed/Karnataka/civic amenities/Mysore_civic_1971.pdf,1971_Mysore_civic_amenities.pdf,Mysore_civic_1971.pdf,2,891bbd66e3227e2157b31cad2611be9a4f6d3e1be2c9bbc5b2e23aca8f1852fe
Karnataka,North Kanara,civic amenities,civic_amenities,output/pdf/1971_trimmed/Karnataka/1971_North Kanara_civic_amenities.pdf,output/pdf/1971_trimmed/Karnataka/civic amenities/North Kanara_civic_1971.pdf,1971_North Kanara_civic_amenities.pdf,North Kanara_civic_1971.pdf,2,3ac3646ed64bc78e3d2319fa29bab8be46a4f972585ec37201a523a6a7765e6c
Karnataka,Raichur,civic amenities,civic_amenities,output/pdf/1971_trimmed/Karnataka/1971_Raichur_civic_amenities.pdf,output/pdf/1971_trimmed/Karnataka/civic amenities/Raichur_civic_1971.pdf,1971_Raichur_civic_amenities.pdf,Raichur_civic_1971.pdf,2,02c4539f536fb955f1eb2e7780f4b601b8f60940931858d89735a244a6651a60
Karnataka,Shimoga,civic amenities,civic_amenities,output/pdf/1971_trimmed/Karnataka/1971_Shimoga_civic_amenities.pdf,output/pdf/1971_trimmed/Karnataka/civic amenities/Shimoga_civic_1971.pdf,1971_Shimoga_civic_amenities.pdf,Shimoga_civic_1971.pdf,2,4552597cd7e42d114d52d243f6b756ec9ff81dd23ab0a575da3d5536aec4397a
Karnataka,South Kanara,civic amenities,civic_amenities,output/pdf/1971_trimmed/Karnataka/1971_South Kanara_civic_amenities.pdf,output/pdf/1971_trimmed/Karnataka/civic amenities/South Kanara_civic_1971.pdf,1971_South Kanara_civic_amenities.pdf,South Kanara_civic_1971.pdf,2,dd8024789e9bea3e738797e6c46ad3b57117663d805ca95bd4afb2ee2aa7d536
Karnataka,Tumkur,civic amenities,civic_amenities,output/pdf/1971_trimmed/Karnataka/1971_Tumkur_civic_amenities.pdf,output/pdf/1971_trimmed/Karnataka/civic amenities/Tumkur_civic_1971.pdf,1971_Tumkur_civic_amenities.pdf,Tumkur_civic_1971.pdf,2,cd56ace7022a10a38a1fc3ab7159a9275c7ca599397a263935fbe97e459346fc
Karnataka,Bangalore,mededu,medical_educational_amenities,output/pdf/1971_trimmed/Karnataka/1971_Bangalore_medical_educational_amenities.pdf,output/pdf/1971_trimmed/Karnataka/mededu/Bangalore_mededu_1971.pdf,1971_Bangalore_medical_educational_amenities.pdf,Bangalore_mededu_1971.pdf,4,41103deeb816d1e9e7c38d42d548822d636c36a6e7143bbc3c45dcd097221afc
Karnataka,Belgaum,mededu,medical_educational_amenities,output/pdf/1971_trimmed/Karnataka/1971_Belgaum_medical_educational_amenities.pdf,output/pdf/1971_trimmed/Karnataka/mededu/Belgaum_mededu_1971.pdf,1971_Belgaum_medical_educational_amenities.pdf,Belgaum_mededu_1971.pdf,2,8fd5b0dcebebfd36ed1d9bf820659c69ac188246f8f2799475c9afc9c9866202
Karnataka,Bellary,mededu,medical_educational_amenities,output/pdf/1971_trimmed/Karnataka/1971_Bellary_medical_educational_amenities.pdf,output/pdf/1971_trimmed/Karnataka/mededu/Bellary_mededu_1971.pdf,1971_Bellary_medical_educational_amenities.pdf,Bellary_mededu_1971.pdf,2,2103eba826c8664b4cb55819336016886cddd7b6c1afd5567aa77be29a02ce2e
Karnataka,Bijapur,mededu,medical_educational_amenities,output/pdf/1971_trimmed/Karnataka/1971_Bijapur_medical_educational_amenities.pdf,output/pdf/1971_trimmed/Karnataka/mededu/Bijapur_mededu_1971.pdf,1971_Bijapur_medical_educational_amenities.pdf,Bijapur_mededu_1971.pdf,2,452b7b17f03c66e87842f24efd91d40af864ebda010db9d41a68815bd9f923fa
Karnataka,Chikmagalur,mededu,medical_educational_amenities,output/pdf/1971_trimmed/Karnataka/1971_Chikmagalur_medical_educational_amenities.pdf,output/pdf/1971_trimmed/Karnataka/mededu/Chikmagalur_mededu_1971.pdf,1971_Chikmagalur_medical_educational_amenities.pdf,Chikmagalur_mededu_1971.pdf,2,943f552b8da02a2c06255cc8f10931725892b7477d75530ec8c8c4cda6643d8b
Karnataka,Chitradurga,mededu,medical_educational_amenities,output/pdf/1971_trimmed/Karnataka/1971_Chitradurga_medical_educational_amenities.pdf,output/pdf/1971_trimmed/Karnataka/mededu/Chitradurga_mededu_1971.pdf,1971_Chitradurga_medical_educational_amenities.pdf,Chitradurga_mededu_1971.pdf,2,5347f0a16fb78565227119a5040cd7d5e51f2e94ca7d6a3c8bdd48b2f17d19b0
Karnataka,Coorg,mededu,medical_educational_amenities,output/pdf/1971_trimmed/Karnataka/1971_Coorg_medical_educational_amenities.pdf,output/pdf/1971_trimmed/Karnataka/mededu/Coorg_mededu_1971.pdf,1971_Coorg_medical_educational_amenities.pdf,Coorg_mededu_1971.pdf,2,b7aad004dcbfa05badcfc4a70a40eff03bcd2a3aea3c10b3e850b02af40e9343
Karnataka,Gulbarga,mededu,medical_educational_amenities,output/pdf/1971_trimmed/Karnataka/1971_Gulbarga_medical_educational_amenities.pdf,output/pdf/1971_trimmed/Karnataka/mededu/Gulbarga_mededu_1971.pdf,1971_Gulbarga_medical_educational_amenities.pdf,Gulbarga_mededu_1971.pdf,3,60a65b554e77844411e2ee8f51fae4fd670ba28f62224bb5f0a3ba84119a552d
Karnataka,Hassan,mededu,medical_educational_amenities,output/pdf/1971_trimmed/Karnataka/1971_Hassan_medical_educational_amenities.pdf,output/pdf/1971_trimmed/Karnataka/mededu/Hassan_mededu_1971.pdf,1971_Hassan_medical_educational_amenities.pdf,Hassan_mededu_1971.pdf,2,45d77793ecd35b8dfe8ab6c000556efd9533eaa379e541953dff76fed33e27ab
Karnataka,Kolar,mededu,medical_educational_amenities,output/pdf/1971_trimmed/Karnataka/1971_Kolar_medical_educational_amenities.pdf,output/pdf/1971_trimmed/Karnataka/mededu/Kolar_mededu_1971.pdf,1971_Kolar_medical_educational_amenities.pdf,Kolar_mededu_1971.pdf,4,546582267e493d8bafed821b7b4a9911c41a889bff98fffbf694357a6a043cf3
Karnataka,Mandya,mededu,medical_educational_amenities,output/pdf/1971_trimmed/Karnataka/1971_Mandya_medical_educational_amenities.pdf,output/pdf/1971_trimmed/Karnataka/mededu/Mandya_mededu_1971.pdf,1971_Mandya_medical_educational_amenities.pdf,Mandya_mededu_1971.pdf,2,432322d69ead1e6e86318b2f049ff58d3f517a24723dbc866d1ee909eb7f9b7c
Karnataka,Mysore,mededu,medical_educational_amenities,output/pdf/1971_trimmed/Karnataka/1971_Mysore_medical_educational_amenities.pdf,output/pdf/1971_trimmed/Karnataka/mededu/Mysore_mededu_1971.pdf,1971_Mysore_medical_educational_amenities.pdf,Mysore_mededu_1971.pdf,2,b68cff62e100eae3643c9be5b003d91a3869350ecea7a9b7d06f3dfe58328ab0
Karnataka,North Kanara,mededu,medical_educational_amenities,output/pdf/1971_trimmed/Karnataka/1971_North Kanara_medical_educational_amenities.pdf,output/pdf/1971_trimmed/Karnataka/mededu/North Kanara_mededu_1971.pdf,1971_North Kanara_medical_educational_amenities.pdf,North Kanara_mededu_1971.pdf,3,ae70f8909e3b285cbe2dc3b1f7bb7c17aed0024986cb2c191b9958f49e0ea170
Karnataka,Raichur,mededu,medical_educational_amenities,output/pdf/1971_trimmed/Karnataka/1971_Raichur_medical_educational_amenities.pdf,output/pdf/1971_trimmed/Karnataka/mededu/Raichur_mededu_1971.pdf,1971_Raichur_medical_educational_amenities.pdf,Raichur_mededu_1971.pdf,2,a14893ac9c077d1ba412dc8fe3e50aebfb79c0da278b6c6ee4054db0131ec64b
Karnataka,Shimoga,mededu,medical_educational_amenities,output/pdf/1971_trimmed/Karnataka/1971_Shimoga_medical_educational_amenities.pdf,output/pdf/1971_trimmed/Karnataka/mededu/Shimoga_mededu_1971.pdf,1971_Shimoga_medical_educational_amenities.pdf,Shimoga_mededu_1971.pdf,2,e3eb971bc850248e0920f1004d74a970b02650875af73cec8ace4b4e389710c6
Karnataka,South Kanara,mededu,medical_educational_amenities,output/pdf/1971_trimmed/Karnataka/1971_South Kanara_medical_educational_amenities.pdf,output/pdf/1971_trimmed/Karnataka/mededu/South Kanara_mededu_1971.pdf,1971_South Kanara_medical_educational_amenities.pdf,South Kanara_mededu_1971.pdf,4,108ef98e962d83775b4d8b5ee64c4ea24afea435fc66065550954fad3bae4c1e
Karnataka,Tumkur,mededu,medical_educational_amenities,output/pdf/1971_trimmed/Karnataka/1971_Tumkur_medical_educational_amenities.pdf,output/pdf/1971_trimmed/Karnataka/mededu/Tumkur_mededu_1971.pdf,1971_Tumkur_medical_educational_amenities.pdf,Tumkur_mededu_1971.pdf,2,37b6e6ad201233d908335ee4ce0170357712ba8e743f3c8664d5f67c3a868486
Karnataka,Bangalore,tehsil appendix,tehsil_appendix,output/pdf/1971_trimmed/Karnataka/1971_Bangalore_tehsil_appendix.pdf,output/pdf/1971_trimmed/Karnataka/tehsil appendix/Bangalore_tehsil_1971.pdf,1971_Bangalore_tehsil_appendix.pdf,Bangalore_tehsil_1971.pdf,2,d61e1d7df703ad63ff035738f2bb84724396d239b0259c8fb5da068cb252ca92
Karnataka,Belgaum,tehsil appendix,tehsil_appendix,output/pdf/1971_trimmed/Karnataka/1971_Belgaum_tehsil_appendix.pdf,output/pdf/1971_trimmed/Karnataka/tehsil appendix/Belgaum_tehsil_1971.pdf,1971_Belgaum_tehsil_appendix.pdf,Belgaum_tehsil_1971.pdf,2,a4b8e55df27dbaf61795aa90f48355ff8886888d05c0e0962f3291fd19737e45
Karnataka,Bellary,tehsil appendix,tehsil_appendix,output/pdf/1971_trimmed/Karnataka/1971_Bellary_tehsil_appendix.pdf,output/pdf/1971_trimmed/Karnataka/tehsil appendix/Bellary_tehsil_1971.pdf,1971_Bellary_tehsil_appendix.pdf,Bellary_tehsil_1971.pdf,2,70caa10197cfc67c87eb37ed06d09564b15b82d3bb84f00275b8e818b3f93ca9
Karnataka,Bijapur,tehsil appendix,tehsil_appendix,output/pdf/1971_trimmed/Karnataka/1971_Bijapur_tehsil_appendix.pdf,output/pdf/1971_trimmed/Karnataka/tehsil appendix/Bijapur_tehsil_1971.pdf,1971_Bijapur_tehsil_appendix.pdf,Bijapur_tehsil_1971.pdf,2,a60d668a2f282292dfe4eedf0a70fd8dd77e9f1bd70a4005449c684869b4168a
Karnataka,Chikmagalur,tehsil appendix,tehsil_appendix,output/pdf/1971_trimmed/Karnataka/1971_Chikmagalur_tehsil_appendix.pdf,output/pdf/1971_trimmed/Karnataka/tehsil appendix/Chikmagalur_tehsil_1971.pdf,1971_Chikmagalur_tehsil_appendix.pdf,Chikmagalur_tehsil_1971.pdf,2,0d4999baabdf6ca31f1eb8597363213981db851126561bfc69c13b8e1300340c
Karnataka,Chitradurga,tehsil appendix,tehsil_appendix,output/pdf/1971_trimmed/Karnataka/1971_Chitradurga_tehsil_appendix.pdf,output/pdf/1971_trimmed/Karnataka/tehsil appendix/Chitradurga_tehsil_1971.pdf,1971_Chitradurga_tehsil_appendix.pdf,Chitradurga_tehsil_1971.pdf,2,d42d7414278e4c414a848cebbacbc034498a7f72aaace06ef3259ee28c9ee11f
Karnataka,Coorg,tehsil appendix,tehsil_appendix,output/pdf/1971_trimmed/Karnataka/1971_Coorg_tehsil_appendix.pdf,output/pdf/1971_trimmed/Karnataka/tehsil appendix/Coorg_tehsil_1971.pdf,1971_Coorg_tehsil_appendix.pdf,Coorg_tehsil_1971.pdf,2,65ef0bc03a106e3469e134c4e1809660c6b3b1af377c7dee3e21bca1ec50eec8
Karnataka,Gulbarga,tehsil appendix,tehsil_appendix,output/pdf/1971_trimmed/Karnataka/1971_Gulbarga_tehsil_appendix.pdf,output/pdf/1971_trimmed/Karnataka/tehsil appendix/Gulbarga_tehsil_1971.pdf,1971_Gulbarga_tehsil_appendix.pdf,Gulbarga_tehsil_1971.pdf,2,d47b5a11cf5fa23c3b452b0402113e5dcd18850b8415ad6d46a6140519544bc6
Karnataka,Hassan,tehsil appendix,tehsil_appendix,output/pdf/1971_trimmed/Karnataka/1971_Hassan_tehsil_appendix.pdf,output/pdf/1971_trimmed/Karnataka/tehsil appendix/Hassan_tehsil_1971.pdf,1971_Hassan_tehsil_appendix.pdf,Hassan_tehsil_1971.pdf,2,f1edc07d02cc1538efe7d3fa60c66d4e25ed677473dd2cdf0b236550da92d29c
Karnataka,Kolar,tehsil appendix,tehsil_appendix,output/pdf/1971_trimmed/Karnataka/1971_Kolar_tehsil_appendix.pdf,output/pdf/1971_trimmed/Karnataka/tehsil appendix/Kolar_tehsil_1971.pdf,1971_Kolar_tehsil_appendix.pdf,Kolar_tehsil_1971.pdf,2,1bb95c0de7515672229d5e8c83c1ca40f8005808875f9a3af620f0d16f7e815e
Karnataka,Mandya,tehsil appendix,tehsil_appendix,output/pdf/1971_trimmed/Karnataka/1971_Mandya_tehsil_appendix.pdf,output/pdf/1971_trimmed/Karnataka/tehsil appendix/Mandya_tehsil_1971.pdf,1971_Mandya_tehsil_appendix.pdf,Mandya_tehsil_1971.pdf,2,872c7f10a98972e1cc97307e758ffdb586e5ecdb550eee2ffdcc2ff99eee7958
Karnataka,Mysore,tehsil appendix,tehsil_appendix,output/pdf/1971_trimmed/Karnataka/1971_Mysore_tehsil_appendix.pdf,output/pdf/1971_trimmed/Karnataka/tehsil appendix/Mysore_tehsil_1971.pdf,1971_Mysore_tehsil_appendix.pdf,Mysore_tehsil_1971.pdf,4,0b8e2818bfee4d0393d9ee675995d7d7d23a33100dd4a6f26978a47afb4d64e0
Karnataka,North Kanara,tehsil appendix,tehsil_appendix,output/pdf/1971_trimmed/Karnataka/1971_North Kanara_tehsil_appendix.pdf,output/pdf/1971_trimmed/Karnataka/tehsil appendix/North Kanara_tehsil_1971.pdf,1971_North Kanara_tehsil_appendix.pdf,North Kanara_tehsil_1971.pdf,2,11bbce93450592e141d62e0f01ff6439d0c2aa1f1b4ad5fefb1102bce0c6fa83
Karnataka,Raichur,tehsil appendix,tehsil_appendix,output/pdf/1971_trimmed/Karnataka/1971_Raichur_tehsil_appendix.pdf,output/pdf/1971_trimmed/Karnataka/tehsil appendix/Raichur_tehsil_1971.pdf,1971_Raichur_tehsil_appendix.pdf,Raichur_tehsil_1971.pdf,2,68f945fd1a52fe15f4ca35ee60ff96840fb4a20df8cccd8523b68ce7c0925568
Karnataka,Shimoga,tehsil appendix,tehsil_appendix,output/pdf/1971_trimmed/Karnataka/1971_Shimoga_tehsil_appendix.pdf,output/pdf/1971_trimmed/Karnataka/tehsil appendix/Shimoga_tehsil_1971.pdf,1971_Shimoga_tehsil_appendix.pdf,Shimoga_tehsil_1971.pdf,2,182f1a5a9ad0e37156fc5b4dbb76f483281ff3d4710cfe427ef3d40aa8296b27
Karnataka,South Kanara,tehsil appendix,tehsil_appendix,output/pdf/1971_trimmed/Karnataka/1971_South Kanara_tehsil_appendix.pdf,output/pdf/1971_trimmed/Karnataka/tehsil appendix/South Kanara_tehsil_1971.pdf,1971_South Kanara_tehsil_appendix.pdf,South Kanara_tehsil_1971.pdf,2,1924f8e5d5691b13a8da44e78f33903c50121ee23ca4fd8a0b696693ec5fcda9
Karnataka,Tumkur,tehsil appendix,tehsil_appendix,output/pdf/1971_trimmed/Karnataka/1971_Tumkur_tehsil_appendix.pdf,output/pdf/1971_trimmed/Karnataka/tehsil appendix/Tumkur_tehsil_1971.pdf,1971_Tumkur_tehsil_appendix.pdf,Tumkur_tehsil_1971.pdf,2,95ef47f3a2215f12f4fb975860b8c96a1884a2287d31213f5d184bcee97bf0c6
Kerala,Alleppey,civic amenities,civic_amenities,output/pdf/1971_trimmed/Kerala/1971_Alleppey_civic_amenities.pdf,output/pdf/1971_trimmed/Kerala/civic amenities/Alleppey_civic_1971.pdf,1971_Alleppey_civic_amenities.pdf,Alleppey_civic_1971.pdf,2,8126b3830a6130395ee34fb19f75c6a3866f1dd616412f79e49793f2ad4ace19
Kerala,Cannanore,civic amenities,civic_amenities,output/pdf/1971_trimmed/Kerala/1971_Cannanore_civic_amenities.pdf,output/pdf/1971_trimmed/Kerala/civic amenities/Cannanore_civic_1971.pdf,1971_Cannanore_civic_amenities.pdf,Cannanore_civic_1971.pdf,2,6654bed3ac5dd60316843ec2d6fa163452c8d2c01745e5a094124b0c3558b2da
Kerala,Idikki,civic amenities,civic_amenities,output/pdf/1971_trimmed/Kerala/1971_Idikki_civic_amenities.pdf,output/pdf/1971_trimmed/Kerala/civic amenities/Idikki_civic_1971.pdf,1971_Idikki_civic_amenities.pdf,Idikki_civic_1971.pdf,1,0b1680aee81b3f8ec951f60fb57f795f8aaee4de4a82f94bc688ba6e49b907c9
Kerala,Kottayam,civic amenities,civic_amenities,output/pdf/1971_trimmed/Kerala/1971_Kottayam_civic_amenities.pdf,output/pdf/1971_trimmed/Kerala/civic amenities/Kottayam_civic_1971.pdf,1971_Kottayam_civic_amenities.pdf,Kottayam_civic_1971.pdf,1,b40bc85c14bca7d44a7dec6541c27b93fcd933a04251c3affd6a68473356a9b1
Kerala,Kozhikode,civic amenities,civic_amenities,output/pdf/1971_trimmed/Kerala/1971_Kozhikode_civic_amenities.pdf,output/pdf/1971_trimmed/Kerala/civic amenities/Kozhikode_civic_1971.pdf,1971_Kozhikode_civic_amenities.pdf,Kozhikode_civic_1971.pdf,2,fe3e730b6bd1470c465c4cba33100b0c9d6b32be27fa40a318f499fc4ec99025
Kerala,Malappuram,civic amenities,civic_amenities,output/pdf/1971_trimmed/Kerala/1971_Malappuram_civic_amenities.pdf,output/pdf/1971_trimmed/Kerala/civic amenities/Malappuram_civic_1971.pdf,1971_Malappuram_civic_amenities.pdf,Malappuram_civic_1971.pdf,2,3515c4f96e35e85a86e316b73395d6ea97b57680d9c185ff032b57ebc92d56b7
Kerala,Palghat,civic amenities,civic_amenities,output/pdf/1971_trimmed/Kerala/1971_Palghat_civic_amenities.pdf,output/pdf/1971_trimmed/Kerala/civic amenities/Palghat_civic_1971.pdf,1971_Palghat_civic_amenities.pdf,Palghat_civic_1971.pdf,2,34435ce4ff079ff2cdb6b763206d1b9273b0ac5e233ba0702f23ec2b183348ba
Kerala,Quilon,civic amenities,civic_amenities,output/pdf/1971_trimmed/Kerala/1971_Quilon_civic_amenities.pdf,output/pdf/1971_trimmed/Kerala/civic amenities/Quilon_civic_1971.pdf,1971_Quilon_civic_amenities.pdf,Quilon_civic_1971.pdf,2,31345b1fbffd36fc44ae9b9c70f373b6473f1b23846a3f616e2bfe8fff7fd273
Kerala,Trichur,civic amenities,civic_amenities,output/pdf/1971_trimmed/Kerala/1971_Trichur_civic_amenities.pdf,output/pdf/1971_trimmed/Kerala/civic amenities/Trichur_civic_1971.pdf,1971_Trichur_civic_amenities.pdf,Trichur_civic_1971.pdf,2,4519765cfec19e969a4a243926acb0d049cd5d3f7c4170e1eb0cc89d1db7baa1
Kerala,Trivandrum,civic amenities,civic_amenities,output/pdf/1971_trimmed/Kerala/1971_Trivandrum_civic_amenities.pdf,output/pdf/1971_trimmed/Kerala/civic amenities/Trivandrum_civic_1971.pdf,1971_Trivandrum_civic_amenities.pdf,Trivandrum_civic_1971.pdf,2,fb538bf377f46681a09cb2b1896e2553db87ac5156843c23176d7867ae05efcf
Kerala,Alleppey,mededu,medical_educational_amenities,output/pdf/1971_trimmed/Kerala/1971_Alleppey_medical_educational_amenities.pdf,output/pdf/1971_trimmed/Kerala/mededu/Alleppey_mededu_1971.pdf,1971_Alleppey_medical_educational_amenities.pdf,Alleppey_mededu_1971.pdf,2,c40b41400b645f852aa301bb8ce19b9b7f96d5bbd3c02a9cd5bb79328ba68149
Kerala,Cannanore,mededu,medical_educational_amenities,output/pdf/1971_trimmed/Kerala/1971_Cannanore_medical_educational_amenities.pdf,output/pdf/1971_trimmed/Kerala/mededu/Cannanore_mededu_1971.pdf,1971_Cannanore_medical_educational_amenities.pdf,Cannanore_mededu_1971.pdf,2,51c2a7297818d6097ef16d1a63c9e6c5b41b645260d8b8c7d66cdab2b1a9b474
Kerala,Idikki,mededu,medical_educational_amenities,output/pdf/1971_trimmed/Kerala/1971_Idikki_medical_educational_amenities.pdf,output/pdf/1971_trimmed/Kerala/mededu/Idikki_mededu_1971.pdf,1971_Idikki_medical_educational_amenities.pdf,Idikki_mededu_1971.pdf,2,10e16698ea70027b6bfbbf4d56ec89a03e1f65bc04d21bb0f070523e03031f91
Kerala,Kottayam,mededu,medical_educational_amenities,output/pdf/1971_trimmed/Kerala/1971_Kottayam_medical_educational_amenities.pdf,output/pdf/1971_trimmed/Kerala/mededu/Kottayam_mededu_1971.pdf,1971_Kottayam_medical_educational_amenities.pdf,Kottayam_mededu_1971.pdf,2,57d6b185a723ff4d175f23203bbb2ec7fd672e1e432ac721fbf11b51bfd8aabd
Kerala,Kozhikode,mededu,medical_educational_amenities,output/pdf/1971_trimmed/Kerala/1971_Kozhikode_medical_educational_amenities.pdf,output/pdf/1971_trimmed/Kerala/mededu/Kozhikode_mededu_1971.pdf,1971_Kozhikode_medical_educational_amenities.pdf,Kozhikode_mededu_1971.pdf,2,b35adc146aad1737b7ce69b1969c9d2d46c6de08e9f19f020fa5f5e513f04cba
Kerala,Malappuram,mededu,medical_educational_amenities,output/pdf/1971_trimmed/Kerala/1971_Malappuram_medical_educational_amenities.pdf,output/pdf/1971_trimmed/Kerala/mededu/Malappuram_mededu_1971.pdf,1971_Malappuram_medical_educational_amenities.pdf,Malappuram_mededu_1971.pdf,2,3515c4f96e35e85a86e316b73395d6ea97b57680d9c185ff032b57ebc92d56b7
Kerala,Palghat,mededu,medical_educational_amenities,output/pdf/1971_trimmed/Kerala/1971_Palghat_medical_educational_amenities.pdf,output/pdf/1971_trimmed/Kerala/mededu/Palghat_mededu_1971.pdf,1971_Palghat_medical_educational_amenities.pdf,Palghat_mededu_1971.pdf,2,34435ce4ff079ff2cdb6b763206d1b9273b0ac5e233ba0702f23ec2b183348ba
Kerala,Quilon,mededu,medical_educational_amenities,output/pdf/1971_trimmed/Kerala/1971_Quilon_medical_educational_amenities.pdf,output/pdf/1971_trimmed/Kerala/mededu/Quilon_mededu_1971.pdf,1971_Quilon_medical_educational_amenities.pdf,Quilon_mededu_1971.pdf,2,31345b1fbffd36fc44ae9b9c70f373b6473f1b23846a3f616e2bfe8fff7fd273
Kerala,Trichur,mededu,medical_educational_amenities,output/pdf/1971_trimmed/Kerala/1971_Trichur_medical_educational_amenities.pdf,output/pdf/1971_trimmed/Kerala/mededu/Trichur_mededu_1971.pdf,1971_Trichur_medical_educational_amenities.pdf,Trichur_mededu_1971.pdf,2,b13b68841a01c8c5ee86ca251d443d41e7694f547fb476ae30f49b55867fb5a3
Kerala,Trivandrum,mededu,medical_educational_amenities,output/pdf/1971_trimmed/Kerala/1971_Trivandrum_medical_educational_amenities.pdf,output/pdf/1971_trimmed/Kerala/mededu/Trivandrum_mededu_1971.pdf,1971_Trivandrum_medical_educational_amenities.pdf,Trivandrum_mededu_1971.pdf,2,a66d3ed6a3b8f9d2523101c3c058fe5a3ae447e7e1898f4eab6056b7ddc9f332
Kerala,Alleppey,tehsil appendix,tehsil_appendix,output/pdf/1971_trimmed/Kerala/1971_Alleppey_tehsil_appendix.pdf,output/pdf/1971_trimmed/Kerala/tehsil appendix/Alleppey_tehsil_1971.pdf,1971_Alleppey_tehsil_appendix.pdf,Alleppey_tehsil_1971.pdf,3,ad625505f4e6eaa6a1a7fdf5478fc3db6556f04523f2f0f87652cee950b055c8
Kerala,Cannanore,tehsil appendix,tehsil_appendix,output/pdf/1971_trimmed/Kerala/1971_Cannanore_tehsil_appendix.pdf,output/pdf/1971_trimmed/Kerala/tehsil appendix/Cannanore_tehsil_1971.pdf,1971_Cannanore_tehsil_appendix.pdf,Cannanore_tehsil_1971.pdf,3,5851aa6c491147bb4592f3093037891e78d368e358433af69a7b0f4ecf733896
Kerala,Kottayam,tehsil appendix,tehsil_appendix,output/pdf/1971_trimmed/Kerala/1971_Kottayam_tehsil_appendix.pdf,output/pdf/1971_trimmed/Kerala/tehsil appendix/Kottayam_tehsil_1971.pdf,1971_Kottayam_tehsil_appendix.pdf,Kottayam_tehsil_1971.pdf,3,bf4893e391d04208c9f8fbc176440723c1896377d90e8263a7a6ec5023f81f9a
Kerala,Kozhikode,tehsil appendix,tehsil_appendix,output/pdf/1971_trimmed/Kerala/1971_Kozhikode_tehsil_appendix.pdf,output/pdf/1971_trimmed/Kerala/tehsil appendix/Kozhikode_tehsil_1971.pdf,1971_Kozhikode_tehsil_appendix.pdf,Kozhikode_tehsil_1971.pdf,3,e2a16b634683e696e647107ac48cb4481f9ad20f13c866dabeff9c88da930f9a
Kerala,Malappuram,tehsil appendix,tehsil_appendix,output/pdf/1971_trimmed/Kerala/1971_Malappuram_tehsil_appendix.pdf,output/pdf/1971_trimmed/Kerala/tehsil appendix/Malappuram_tehsil_1971.pdf,1971_Malappuram_tehsil_appendix.pdf,Malappuram_tehsil_1971.pdf,2,19a0c6cc7846759fec4f2dfbe85d34aaeca137c7e563e3272b20ce4d889682bb
Kerala,Palghat,tehsil appendix,tehsil_appendix,output/pdf/1971_trimmed/Kerala/1971_Palghat_tehsil_appendix.pdf,output/pdf/1971_trimmed/Kerala/tehsil appendix/Palghat_tehsil_1971.pdf,1971_Palghat_tehsil_appendix.pdf,Palghat_tehsil_1971.pdf,2,7a1791354da52c7dea1a9e5b95db033a4bdb0d05b1751de0e984051b1323170c
Kerala,Quilon,tehsil appendix,tehsil_appendix,output/pdf/1971_trimmed/Kerala/1971_Quilon_tehsil_appendix.pdf,output/pdf/1971_trimmed/Kerala/tehsil appendix/Quilon_tehsil_1971.pdf,1971_Quilon_tehsil_appendix.pdf,Quilon_tehsil_1971.pdf,3,0e13c067f36fe4bdc7d9c7cde9ac644d6589e26e7b69b6e46fce50e0818ae3bd
Kerala,Trichur,tehsil appendix,tehsil_appendix,output/pdf/1971_trimmed/Kerala/1971_Trichur_tehsil_appendix.pdf,output/pdf/1971_trimmed/Kerala/tehsil appendix/Trichur_tehsil_1971.pdf,1971_Trichur_tehsil_appendix.pdf,Trichur_tehsil_1971.pdf,2,5764f591ce31a1f569ece235779e62c8df41891d782555466a4ad5f29b21813a
Kerala,Trivandrum,tehsil appendix,tehsil_appendix,output/pdf/1971_trimmed/Kerala/1971_Trivandrum_tehsil_appendix.pdf,output/pdf/1971_trimmed/Kerala/tehsil appendix/Trivandrum_tehsil_1971.pdf,1971_Trivandrum_tehsil_appendix.pdf,Trivandrum_tehsil_1971.pdf,2,80ebe4cac48f518938b0a08613ab9e1a8216a1248a542044155c79341d16ffb9
Madhya Pradesh,Balaghat,civic amenities,civic_amenities,output/pdf/1971_trimmed/Madhya Pradesh/1971_Balaghat_civic_amenities.pdf,output/pdf/1971_trimmed/Madhya Pradesh/civic amenities/Balaghat_civic_1971.pdf,1971_Balaghat_civic_amenities.pdf,Balaghat_civic_1971.pdf,1,547e9e92d6776abd318285fb220aa31c4fb3fb9784a248b34675fe01a31c2184
Madhya Pradesh,Bastar,civic amenities,civic_amenities,output/pdf/1971_trimmed/Madhya Pradesh/1971_Bastar_civic_amenities.pdf,output/pdf/1971_trimmed/Madhya Pradesh/civic amenities/Bastar_civic_1971.pdf,1971_Bastar_civic_amenities.pdf,Bastar_civic_1971.pdf,1,3c3caae51f1b665499e79015c0e62138c772f986eb99d79bea8da4d177ff7751
Madhya Pradesh,Betul,civic amenities,civic_amenities,output/pdf/1971_trimmed/Madhya Pradesh/1971_Betul_civic_amenities.pdf,output/pdf/1971_trimmed/Madhya Pradesh/civic amenities/Betul_civic_1971.pdf,1971_Betul_civic_amenities.pdf,Betul_civic_1971.pdf,1,433b80a58bb3c502f8a909e319cee8c7c866ac9566a86f11f5ef8bcf9ca2fbdc
Madhya Pradesh,Bhind,civic amenities,civic_amenities,output/pdf/1971_trimmed/Madhya Pradesh/1971_Bhind_civic_amenities.pdf,output/pdf/1971_trimmed/Madhya Pradesh/civic amenities/Bhind_civic_1971.pdf,1971_Bhind_civic_amenities.pdf,Bhind_civic_1971.pdf,1,2126fc14ad9cd46b76d523019a045b8e68284cf3c550342628e29259d3e714b2
Madhya Pradesh,Bilaspur,civic amenities,civic_amenities,output/pdf/1971_trimmed/Madhya Pradesh/1971_Bilaspur_civic_amenities.pdf,output/pdf/1971_trimmed/Madhya Pradesh/civic amenities/Bilaspur_civic_1971.pdf,1971_Bilaspur_civic_amenities.pdf,Bilaspur_civic_1971.pdf,1,a8539b98c356fdb3740919615a85e843631bbd78b2807cf65cd2448f546a8269
Madhya Pradesh,Chhatarpur,civic amenities,civic_amenities,output/pdf/1971_trimmed/Madhya Pradesh/1971_Chhatarpur_civic_amenities.pdf,output/pdf/1971_trimmed/Madhya Pradesh/civic amenities/Chhatarpur_civic_1971.pdf,1971_Chhatarpur_civic_amenities.pdf,Chhatarpur_civic_1971.pdf,1,9229887f555256fa604453e330e2072aa7dbadc860043eaba4ec2dc209fef19e
Madhya Pradesh,Chhindwara,civic amenities,civic_amenities,output/pdf/1971_trimmed/Madhya Pradesh/1971_Chhindwara_civic_amenities.pdf,output/pdf/1971_trimmed/Madhya Pradesh/civic amenities/Chhindwara_civic_1971.pdf,1971_Chhindwara_civic_amenities.pdf,Chhindwara_civic_1971.pdf,1,a1134e20a4f6094a403d603e8c7a25f7801ff3a1c025b2d81aecd7d53a2e2e46
Madhya Pradesh,Damoh,civic amenities,civic_amenities,output/pdf/1971_trimmed/Madhya Pradesh/1971_Damoh_civic_amenities.pdf,output/pdf/1971_trimmed/Madhya Pradesh/civic amenities/Damoh_civic_1971.pdf,1971_Damoh_civic_amenities.pdf,Damoh_civic_1971.pdf,1,aad964d087447254180120db0d4272e072efcaee8be2c57eefb9e3e92dd4f345
Madhya Pradesh,Datia,civic amenities,civic_amenities,output/pdf/1971_trimmed/Madhya Pradesh/1971_Datia_civic_amenities.pdf,output/pdf/1971_trimmed/Madhya Pradesh/civic amenities/Datia_civic_1971.pdf,1971_Datia_civic_amenities.pdf,Datia_civic_1971.pdf,1,25658c1844846457be85e94645c10df207387a1d52d06863943386290e7840ee
Madhya Pradesh,Dewas,civic amenities,civic_amenities,output/pdf/1971_trimmed/Madhya Pradesh/1971_Dewas_civic_amenities.pdf,output/pdf/1971_trimmed/Madhya Pradesh/civic amenities/Dewas_civic_1971.pdf,1971_Dewas_civic_amenities.pdf,Dewas_civic_1971.pdf,1,9663682cd4083e8842a96d15b02e0bfe37beda450b11237e2d2474fd5ab1417a
Madhya Pradesh,Dhar,civic amenities,civic_amenities,output/pdf/1971_trimmed/Madhya Pradesh/1971_Dhar_civic_amenities.pdf,output/pdf/1971_trimmed/Madhya Pradesh/civic amenities/Dhar_civic_1971.pdf,1971_Dhar_civic_amenities.pdf,Dhar_civic_1971.pdf,1,237222075002d713dee6d06143d225f67b2ae9c75ec98392586e884a4f80987c
Madhya Pradesh,Durg,civic amenities,civic_amenities,output/pdf/1971_trimmed/Madhya Pradesh/1971_Durg_civic_amenities.pdf,output/pdf/1971_trimmed/Madhya Pradesh/civic amenities/Durg_civic_1971.pdf,1971_Durg_civic_amenities.pdf,Durg_civic_1971.pdf,1,3a6ae9dd68964aa05907093cc9789a2e9791597f97af1e3e412357ac21910ad2
Madhya Pradesh,Guna,civic amenities,civic_amenities,output/pdf/1971_trimmed/Madhya Pradesh/1971_Guna_civic_amenities.pdf,output/pdf/1971_trimmed/Madhya Pradesh/civic amenities/Guna_civic_1971.pdf,1971_Guna_civic_amenities.pdf,Guna_civic_1971.pdf,1,2517fb5f42d4113acd87f3b8e5755ad01558c6fef901d13fcf81299dd8e57cec
Madhya Pradesh,Gwalior,civic amenities,civic_amenities,output/pdf/1971_trimmed/Madhya Pradesh/1971_Gwalior_civic_amenities.pdf,output/pdf/1971_trimmed/Madhya Pradesh/civic amenities/Gwalior_civic_1971.pdf,1971_Gwalior_civic_amenities.pdf,Gwalior_civic_1971.pdf,1,5f07dcc05c6902a1c8587e77052036bb736630005fb556f73709e9c42228d57a
Madhya Pradesh,Hoshangabad,civic amenities,civic_amenities,output/pdf/1971_trimmed/Madhya Pradesh/1971_Hoshangabad_civic_amenities.pdf,output/pdf/1971_trimmed/Madhya Pradesh/civic amenities/Hoshangabad_civic_1971.pdf,1971_Hoshangabad_civic_amenities.pdf,Hoshangabad_civic_1971.pdf,1,b93c953cc34b1ecb90d5c13a5c9c874ec21d8f7ac5c3a9ebf368d696310f8aa0
Madhya Pradesh,Indore,civic amenities,civic_amenities,output/pdf/1971_trimmed/Madhya Pradesh/1971_Indore_civic_amenities.pdf,output/pdf/1971_trimmed/Madhya Pradesh/civic amenities/Indore_civic_1971.pdf,1971_Indore_civic_amenities.pdf,Indore_civic_1971.pdf,1,92745a3c0caf7c212ccff1b80c02c8b199f3886674150effbdca0243823f4b99
Madhya Pradesh,Jabalpur,civic amenities,civic_amenities,output/pdf/1971_trimmed/Madhya Pradesh/1971_Jabalpur_civic_amenities.pdf,output/pdf/1971_trimmed/Madhya Pradesh/civic amenities/Jabalpur_civic_1971.pdf,1971_Jabalpur_civic_amenities.pdf,Jabalpur_civic_1971.pdf,1,4a3973cec9b9b64f3569430ed88b884ec9ae168c7e02ddbc2f0715dbecb60f8f
Madhya Pradesh,Jhabua,civic amenities,civic_amenities,output/pdf/1971_trimmed/Madhya Pradesh/1971_Jhabua_civic_amenities.pdf,output/pdf/1971_trimmed/Madhya Pradesh/civic amenities/Jhabua_civic_1971.pdf,1971_Jhabua_civic_amenities.pdf,Jhabua_civic_1971.pdf,1,225a10841adedbcfea1594d2c1be28d40b15e763fc747f9d36c5204db25488b5
Madhya Pradesh,Khandwa,civic amenities,civic_amenities,output/pdf/1971_trimmed/Madhya Pradesh/1971_Khandwa_civic_amenities.pdf,output/pdf/1971_trimmed/Madhya Pradesh/civic amenities/Khandwa_civic_1971.pdf,1971_Khandwa_civic_amenities.pdf,Khandwa_civic_1971.pdf,1,ff1f456f5f41109a746ea2094a012359050a3dcd2c6f7c1afc915b13ec42ac4c
Madhya Pradesh,Khargone,civic amenities,civic_amenities,output/pdf/1971_trimmed/Madhya Pradesh/1971_Khargone_civic_amenities.pdf,output/pdf/1971_trimmed/Madhya Pradesh/civic amenities/Khargone_civic_1971.pdf,1971_Khargone_civic_amenities.pdf,Khargone_civic_1971.pdf,1,9a2101047726801f0f342cec214b993da4e28a1e993f804fd6c6786213f46f85
Madhya Pradesh,Mandla,civic amenities,civic_amenities,output/pdf/1971_trimmed/Madhya Pradesh/1971_Mandla_civic_amenities.pdf,output/pdf/1971_trimmed/Madhya Pradesh/civic amenities/Mandla_civic_1971.pdf,1971_Mandla_civic_amenities.pdf,Mandla_civic_1971.pdf,1,b21ff1460ad846771eef582d7da37a2f54595047e9dc05aa5d62495f80423a75
Madhya Pradesh,Mandsaur,civic amenities,civic_amenities,output/pdf/1971_trimmed/Madhya Pradesh/1971_Mandsaur_civic_amenities.pdf,output/pdf/1971_trimmed/Madhya Pradesh/civic amenities/Mandsaur_civic_1971.pdf,1971_Mandsaur_civic_amenities.pdf,Mandsaur_civic_1971.pdf,1,c41195a7f7cfde43751d529315672e712a57fcb4e17b8b7f5169cd76b7917f81
Madhya Pradesh,Morena,civic amenities,civic_amenities,output/pdf/1971_trimmed/Madhya Pradesh/1971_Morena_civic_amenities.pdf,output/pdf/1971_trimmed/Madhya Pradesh/civic amenities/Morena_civic_1971.pdf,1971_Morena_civic_amenities.pdf,Morena_civic_1971.pdf,1,36b5ff3203f0e39805b3f56e55cb293d0c6e0ad2b5f0f9ad6368d41c314a3dca
Madhya Pradesh,Narsimhapur,civic amenities,civic_amenities,output/pdf/1971_trimmed/Madhya Pradesh/1971_Narsimhapur_civic_amenities.pdf,output/pdf/1971_trimmed/Madhya Pradesh/civic amenities/Narsimhapur_civic_1971.pdf,1971_Narsimhapur_civic_amenities.pdf,Narsimhapur_civic_1971.pdf,1,83994e747f6b9d3913b5fb80d9193ecb625bb148509266efdb72d804ccb91c18
Madhya Pradesh,Panna,civic amenities,civic_amenities,output/pdf/1971_trimmed/Madhya Pradesh/1971_Panna_civic_amenities.pdf,output/pdf/1971_trimmed/Madhya Pradesh/civic amenities/Panna_civic_1971.pdf,1971_Panna_civic_amenities.pdf,Panna_civic_1971.pdf,1,1307c5551f4c42b9d97f0bda1abdce1cbbe9d3b977b1374d07c6a6ea650f81bc
Madhya Pradesh,Raigarh,civic amenities,civic_amenities,output/pdf/1971_trimmed/Madhya Pradesh/1971_Raigarh_civic_amenities.pdf,output/pdf/1971_trimmed/Madhya Pradesh/civic amenities/Raigarh_civic_1971.pdf,1971_Raigarh_civic_amenities.pdf,Raigarh_civic_1971.pdf,1,dccebedfd09f1d54ab3347f15d67a45e058ba958bf89836f0f9128a99af2c729
Madhya Pradesh,Raipur,civic amenities,civic_amenities,output/pdf/1971_trimmed/Madhya Pradesh/1971_Raipur_civic_amenities.pdf,output/pdf/1971_trimmed/Madhya Pradesh/civic amenities/Raipur_civic_1971.pdf,1971_Raipur_civic_amenities.pdf,Raipur_civic_1971.pdf,1,be0a0228ac8d8884340ceda548c8648f76538680b47422f77047ff5ccb9e7d72
Madhya Pradesh,Raisen,civic amenities,civic_amenities,output/pdf/1971_trimmed/Madhya Pradesh/1971_Raisen_civic_amenities.pdf,output/pdf/1971_trimmed/Madhya Pradesh/civic amenities/Raisen_civic_1971.pdf,1971_Raisen_civic_amenities.pdf,Raisen_civic_1971.pdf,1,9775eeabccc97e9366073266b08e0b0755851b6bed61bc5afbc4201ae928d7d5
Madhya Pradesh,Rajgarh,civic amenities,civic_amenities,output/pdf/1971_trimmed/Madhya Pradesh/1971_Rajgarh_civic_amenities.pdf,output/pdf/1971_trimmed/Madhya Pradesh/civic amenities/Rajgarh_civic_1971.pdf,1971_Rajgarh_civic_amenities.pdf,Rajgarh_civic_1971.pdf,1,e1421aa986b1bd0772d615cae711d5e383d69f17d2e325081972cebaa35c1998
Madhya Pradesh,Ratlam,civic amenities,civic_amenities,output/pdf/1971_trimmed/Madhya Pradesh/1971_Ratlam_civic_amenities.pdf,output/pdf/1971_trimmed/Madhya Pradesh/civic amenities/Ratlam_civic_1971.pdf,1971_Ratlam_civic_amenities.pdf,Ratlam_civic_1971.pdf,1,1e4714ef5ab3cbc884cfdd5665b1c1dab4eab1bbc646060abc000e2b21b32811
Madhya Pradesh,Rewa,civic amenities,civic_amenities,output/pdf/1971_trimmed/Madhya Pradesh/1971_Rewa_civic_amenities.pdf,output/pdf/1971_trimmed/Madhya Pradesh/civic amenities/Rewa_civic_1971.pdf,1971_Rewa_civic_amenities.pdf,Rewa_civic_1971.pdf,1,0db02d6d4207c45d42e65fce2893f4e7e2103331a683412dda4e6d3bf1cc500a
Madhya Pradesh,Sagar,civic amenities,civic_amenities,output/pdf/1971_trimmed/Madhya Pradesh/1971_Sagar_civic_amenities.pdf,output/pdf/1971_trimmed/Madhya Pradesh/civic amenities/Sagar_civic_1971.pdf,1971_Sagar_civic_amenities.pdf,Sagar_civic_1971.pdf,1,7e2a6a02423c99ebe2260e0e843304dcbb442a058068cee028d0c54e5dd1efbc
Madhya Pradesh,Satna,civic amenities,civic_amenities,output/pdf/1971_trimmed/Madhya Pradesh/1971_Satna_civic_amenities.pdf,output/pdf/1971_trimmed/Madhya Pradesh/civic amenities/Satna_civic_1971.pdf,1971_Satna_civic_amenities.pdf,Satna_civic_1971.pdf,1,470a75c7dad86b0bae9691e196481d53d97c2899b9ce316cd08688a6d0f42372
Madhya Pradesh,Sehore,civic amenities,civic_amenities,output/pdf/1971_trimmed/Madhya Pradesh/1971_Sehore_civic_amenities.pdf,output/pdf/1971_trimmed/Madhya Pradesh/civic amenities/Sehore_civic_1971.pdf,1971_Sehore_civic_amenities.pdf,Sehore_civic_1971.pdf,1,bba1c1c0cf989706712ee8287e935b259d4cbc339b0583a29a258a3402684b86
Madhya Pradesh,Seoni,civic amenities,civic_amenities,output/pdf/1971_trimmed/Madhya Pradesh/1971_Seoni_civic_amenities.pdf,output/pdf/1971_trimmed/Madhya Pradesh/civic amenities/Seoni_civic_1971.pdf,1971_Seoni_civic_amenities.pdf,Seoni_civic_1971.pdf,1,24f8eb27f181ce48b720218ef637f30af9eaf38e0e61f997fa880f0c14437e31
Madhya Pradesh,Shahapur,civic amenities,civic_amenities,output/pdf/1971_trimmed/Madhya Pradesh/1971_Shahapur_civic_amenities.pdf,output/pdf/1971_trimmed/Madhya Pradesh/civic amenities/Shahapur_civic_1971.pdf,1971_Shahapur_civic_amenities.pdf,Shahapur_civic_1971.pdf,1,ce842b1f67ce61e4138a6bd4d1a113e81001332e3a097586514ef85b5ddd9bc2
Madhya Pradesh,Shahdol,civic amenities,civic_amenities,output/pdf/1971_trimmed/Madhya Pradesh/1971_Shahdol_civic_amenities.pdf,output/pdf/1971_trimmed/Madhya Pradesh/civic amenities/Shahdol_civic_1971.pdf,1971_Shahdol_civic_amenities.pdf,Shahdol_civic_1971.pdf,1,4f889c429972880b80fcb1dd1db7e063bcb13c7f6b8a9d8ff22690da3d183e49
Madhya Pradesh,Shajapur,civic amenities,civic_amenities,output/pdf/1971_trimmed/Madhya Pradesh/1971_Shajapur_civic_amenities.pdf,output/pdf/1971_trimmed/Madhya Pradesh/civic amenities/Shajapur_civic_1971.pdf,1971_Shajapur_civic_amenities.pdf,Shajapur_civic_1971.pdf,1,4d3668f5e20d29226ab4f7c25b3cbd5cd8864f5363036a0547dff1eecd6f6c56
Madhya Pradesh,Sidhi,civic amenities,civic_amenities,output/pdf/1971_trimmed/Madhya Pradesh/1971_Sidhi_civic_amenities.pdf,output/pdf/1971_trimmed/Madhya Pradesh/civic amenities/Sidhi_civic_1971.pdf,1971_Sidhi_civic_amenities.pdf,Sidhi_civic_1971.pdf,1,b920e01934c0672eef768189ec8aa205dc17954ba88d72d1eb5e03cfbe2e70eb
Madhya Pradesh,Surguja,civic amenities,civic_amenities,output/pdf/1971_trimmed/Madhya Pradesh/1971_Surguja_civic_amenities.pdf,output/pdf/1971_trimmed/Madhya Pradesh/civic amenities/Surguja_civic_1971.pdf,1971_Surguja_civic_amenities.pdf,Surguja_civic_1971.pdf,1,b7c7eb36610af39b288c2b0142f8e3043fa02d745f036edfe01583508b6241d4
Madhya Pradesh,Tikamgarh,civic amenities,civic_amenities,output/pdf/1971_trimmed/Madhya Pradesh/1971_Tikamgarh_civic_amenities.pdf,output/pdf/1971_trimmed/Madhya Pradesh/civic amenities/Tikamgarh_civic_1971.pdf,1971_Tikamgarh_civic_amenities.pdf,Tikamgarh_civic_1971.pdf,1,d106d8598fb0ff1e866658f2dcdae0b0b7ab0378bec1bd495799f60055521f1a
Madhya Pradesh,Ujjain,civic amenities,civic_amenities,output/pdf/1971_trimmed/Madhya Pradesh/1971_Ujjain_civic_amenities.pdf,output/pdf/1971_trimmed/Madhya Pradesh/civic amenities/Ujjain_civic_1971.pdf,1971_Ujjain_civic_amenities.pdf,Ujjain_civic_1971.pdf,1,b8d087960cc57b3f598d982262b72226e895025154cc0c676ae61cc12ae0c825
Madhya Pradesh,Vidisha,civic amenities,civic_amenities,output/pdf/1971_trimmed/Madhya Pradesh/1971_Vidisha_civic_amenities.pdf,output/pdf/1971_trimmed/Madhya Pradesh/civic amenities/Vidisha_civic_1971.pdf,1971_Vidisha_civic_amenities.pdf,Vidisha_civic_1971.pdf,1,720e7885665a6a4feb67b7e4f8f6752e2ea171baf5b58570ce2e42d2d2c06514
Madhya Pradesh,Balaghat,mededu,medical_educational_amenities,output/pdf/1971_trimmed/Madhya Pradesh/1971_Balaghat_medical_educational_amenities.pdf,output/pdf/1971_trimmed/Madhya Pradesh/mededu/Balaghat_mededu_1971.pdf,1971_Balaghat_medical_educational_amenities.pdf,Balaghat_mededu_1971.pdf,1,80c66772b6878f68bbd8acbf977b84bd2c19fc46253381dbdd23f02bc03504bc
Madhya Pradesh,Bastar,mededu,medical_educational_amenities,output/pdf/1971_trimmed/Madhya Pradesh/1971_Bastar_medical_educational_amenities.pdf,output/pdf/1971_trimmed/Madhya Pradesh/mededu/Bastar_mededu_1971.pdf,1971_Bastar_medical_educational_amenities.pdf,Bastar_mededu_1971.pdf,1,8ada940c81950a3a6b949b46af7d65c32a6c61460c2a2d411d8eb1b72f5aeccf
Madhya Pradesh,Betul,mededu,medical_educational_amenities,output/pdf/1971_trimmed/Madhya Pradesh/1971_Betul_medical_educational_amenities.pdf,output/pdf/1971_trimmed/Madhya Pradesh/mededu/Betul_mededu_1971.pdf,1971_Betul_medical_educational_amenities.pdf,Betul_mededu_1971.pdf,1,433b80a58bb3c502f8a909e319cee8c7c866ac9566a86f11f5ef8bcf9ca2fbdc
Madhya Pradesh,Bhind,mededu,medical_educational_amenities,output/pdf/1971_trimmed/Madhya Pradesh/1971_Bhind_medical_educational_amenities.pdf,output/pdf/1971_trimmed/Madhya Pradesh/mededu/Bhind_mededu_1971.pdf,1971_Bhind_medical_educational_amenities.pdf,Bhind_mededu_1971.pdf,1,c7d38407a37dddb1e2488d1b620527bdd5fa932df2def2c5e5f0b280afd33b62
Madhya Pradesh,Bilaspur,mededu,medical_educational_amenities,output/pdf/1971_trimmed/Madhya Pradesh/1971_Bilaspur_medical_educational_amenities.pdf,output/pdf/1971_trimmed/Madhya Pradesh/mededu/Bilaspur_mededu_1971.pdf,1971_Bilaspur_medical_educational_amenities.pdf,Bilaspur_mededu_1971.pdf,1,cbc2150d8f6fec0afee3bb88ef8dee6c483ffe0c514c0e9e782f1fe944425374
Madhya Pradesh,Chhatarpur,mededu,medical_educational_amenities,output/pdf/1971_trimmed/Madhya Pradesh/1971_Chhatarpur_medical_educational_amenities.pdf,output/pdf/1971_trimmed/Madhya Pradesh/mededu/Chhatarpur_mededu_1971.pdf,1971_Chhatarpur_medical_educational_amenities.pdf,Chhatarpur_mededu_1971.pdf,1,b8cdb4b71be65c443d6ccccd728fe630f3aacfd713827e60a97f6868ee52a30f
Madhya Pradesh,Chhindwara,mededu,medical_educational_amenities,output/pdf/1971_trimmed/Madhya Pradesh/1971_Chhindwara_medical_educational_amenities.pdf,output/pdf/1971_trimmed/Madhya Pradesh/mededu/Chhindwara_mededu_1971.pdf,1971_Chhindwara_medical_educational_amenities.pdf,Chhindwara_mededu_1971.pdf,1,4c433204b5b20d56fd1262b69097bf61b01e5c3651e0ddbb4188d9c6457bde0c
Madhya Pradesh,Damoh,mededu,medical_educational_amenities,output/pdf/1971_trimmed/Madhya Pradesh/1971_Damoh_medical_educational_amenities.pdf,output/pdf/1971_trimmed/Madhya Pradesh/mededu/Damoh_mededu_1971.pdf,1971_Damoh_medical_educational_amenities.pdf,Damoh_mededu_1971.pdf,1,736cd62dcbdbdd2cff0c3f03c38e5fff9f25ade487ec8eed9ef529d6dc305bde
Madhya Pradesh,Datia,mededu,medical_educational_amenities,output/pdf/1971_trimmed/Madhya Pradesh/1971_Datia_medical_educational_amenities.pdf,output/pdf/1971_trimmed/Madhya Pradesh/mededu/Datia_mededu_1971.pdf,1971_Datia_medical_educational_amenities.pdf,Datia_mededu_1971.pdf,1,6c7dbc318c776521b7469227146ad595a037959e0396e38f637edc9a15ba72f8
Madhya Pradesh,Dewas,mededu,medical_educational_amenities,output/pdf/1971_trimmed/Madhya Pradesh/1971_Dewas_medical_educational_amenities.pdf,output/pdf/1971_trimmed/Madhya Pradesh/mededu/Dewas_mededu_1971.pdf,1971_Dewas_medical_educational_amenities.pdf,Dewas_mededu_1971.pdf,1,96e7f727fe15a2bf50fe530f819c0f23690f3494cee7885cb6622610094ad2b7
Madhya Pradesh,Dhar,mededu,medical_educational_amenities,output/pdf/1971_trimmed/Madhya Pradesh/1971_Dhar_medical_educational_amenities.pdf,output/pdf/1971_trimmed/Madhya Pradesh/mededu/Dhar_mededu_1971.pdf,1971_Dhar_medical_educational_amenities.pdf,Dhar_mededu_1971.pdf,1,2e1d8f6edb4af3bd14c634f0d26cd52fa35d1ac32609f6dbf106af6953c6f17e
Madhya Pradesh,Durg,mededu,medical_educational_amenities,output/pdf/1971_trimmed/Madhya Pradesh/1971_Durg_medical_educational_amenities.pdf,output/pdf/1971_trimmed/Madhya Pradesh/mededu/Durg_mededu_1971.pdf,1971_Durg_medical_educational_amenities.pdf,Durg_mededu_1971.pdf,1,8040ea380bc66ef91f453ffa5a0a748980f5748c3f5e7b9dc0aecf46a6a331bf
Madhya Pradesh,Guna,mededu,medical_educational_amenities,output/pdf/1971_trimmed/Madhya Pradesh/1971_Guna_medical_educational_amenities.pdf,output/pdf/1971_trimmed/Madhya Pradesh/mededu/Guna_mededu_1971.pdf,1971_Guna_medical_educational_amenities.pdf,Guna_mededu_1971.pdf,1,6db8e538ff8766a490b72336e15b2823e2e53427e79326fa23a5e5a6b293c850
Madhya Pradesh,Gwalior,mededu,medical_educational_amenities,output/pdf/1971_trimmed/Madhya Pradesh/1971_Gwalior_medical_educational_amenities.pdf,output/pdf/1971_trimmed/Madhya Pradesh/mededu/Gwalior_mededu_1971.pdf,1971_Gwalior_medical_educational_amenities.pdf,Gwalior_mededu_1971.pdf,1,5f07dcc05c6902a1c8587e77052036bb736630005fb556f73709e9c42228d57a
Madhya Pradesh,Hoshangabad,mededu,medical_educational_amenities,output/pdf/1971_trimmed/Madhya Pradesh/1971_Hoshangabad_medical_educational_amenities.pdf,output/pdf/1971_trimmed/Madhya Pradesh/mededu/Hoshangabad_mededu_1971.pdf,1971_Hoshangabad_medical_educational_amenities.pdf,Hoshangabad_mededu_1971.pdf,1,252ef73f8c9ed845ee2ff2ee5727c79aa2583517c3d684049f3445fce74866a8
Madhya Pradesh,Indore,mededu,medical_educational_amenities,output/pdf/1971_trimmed/Madhya Pradesh/1971_Indore_medical_educational_amenities.pdf,output/pdf/1971_trimmed/Madhya Pradesh/mededu/Indore_mededu_1971.pdf,1971_Indore_medical_educational_amenities.pdf,Indore_mededu_1971.pdf,1,e525b9dda3529d28610dd4cabcadb68f8667ae3b4c18bd129b493cba3438410b
Madhya Pradesh,Jabalpur,mededu,medical_educational_amenities,output/pdf/1971_trimmed/Madhya Pradesh/1971_Jabalpur_medical_educational_amenities.pdf,output/pdf/1971_trimmed/Madhya Pradesh/mededu/Jabalpur_mededu_1971.pdf,1971_Jabalpur_medical_educational_amenities.pdf,Jabalpur_mededu_1971.pdf,2,cc2c1f741fc5e6077add622753d04832616e2b4bc8c761d1bb85e7b0061caf0d
Madhya Pradesh,Jhabua,mededu,medical_educational_amenities,output/pdf/1971_trimmed/Madhya Pradesh/1971_Jhabua_medical_educational_amenities.pdf,output/pdf/1971_trimmed/Madhya Pradesh/mededu/Jhabua_mededu_1971.pdf,1971_Jhabua_medical_educational_amenities.pdf,Jhabua_mededu_1971.pdf,1,28c5afc3b6c17b00cf655c1a86d08c62861e4114f09a43c5d5018edfa8be02e1
Madhya Pradesh,Khandwa,mededu,medical_educational_amenities,output/pdf/1971_trimmed/Madhya Pradesh/1971_Khandwa_medical_educational_amenities.pdf,output/pdf/1971_trimmed/Madhya Pradesh/mededu/Khandwa_mededu_1971.pdf,1971_Khandwa_medical_educational_amenities.pdf,Khandwa_mededu_1971.pdf,1,ca04d84249e059a0e921eb5d2b4f1fcdedb8a3dd4d8221d0f9ab7c5aa67cb5ab
Madhya Pradesh,Khargone,mededu,medical_educational_amenities,output/pdf/1971_trimmed/Madhya Pradesh/1971_Khargone_medical_educational_amenities.pdf,output/pdf/1971_trimmed/Madhya Pradesh/mededu/Khargone_mededu_1971.pdf,1971_Khargone_medical_educational_amenities.pdf,Khargone_mededu_1971.pdf,1,e8a91508ae3139705c58e8ddd9a1b83b13a29e2be59cfd840c5a83437e29d3a6
Madhya Pradesh,Mandla,mededu,medical_educational_amenities,output/pdf/1971_trimmed/Madhya Pradesh/1971_Mandla_medical_educational_amenities.pdf,output/pdf/1971_trimmed/Madhya Pradesh/mededu/Mandla_mededu_1971.pdf,1971_Mandla_medical_educational_amenities.pdf,Mandla_mededu_1971.pdf,1,b21ff1460ad846771eef582d7da37a2f54595047e9dc05aa5d62495f80423a75
Madhya Pradesh,Mandsaur,mededu,medical_educational_amenities,output/pdf/1971_trimmed/Madhya Pradesh/1971_Mandsaur_medical_educational_amenities.pdf,output/pdf/1971_trimmed/Madhya Pradesh/mededu/Mandsaur_mededu_1971.pdf,1971_Mandsaur_medical_educational_amenities.pdf,Mandsaur_mededu_1971.pdf,1,9f8305260d0e71324889bea72be3d79ccf1da0bc47af5157de89c6adc8c36128
Madhya Pradesh,Morena,mededu,medical_educational_amenities,output/pdf/1971_trimmed/Madhya Pradesh/1971_Morena_medical_educational_amenities.pdf,output/pdf/1971_trimmed/Madhya Pradesh/mededu/Morena_mededu_1971.pdf,1971_Morena_medical_educational_amenities.pdf,Morena_mededu_1971.pdf,1,e8a187671d9c92f917b875369c5c5a14723a8d27dd3a7cffc2cbf4e9809f9d41
Madhya Pradesh,Narsimhapur,mededu,medical_educational_amenities,output/pdf/1971_trimmed/Madhya Pradesh/1971_Narsimhapur_medical_educational_amenities.pdf,output/pdf/1971_trimmed/Madhya Pradesh/mededu/Narsimhapur_mededu_1971.pdf,1971_Narsimhapur_medical_educational_amenities.pdf,Narsimhapur_mededu_1971.pdf,1,83994e747f6b9d3913b5fb80d9193ecb625bb148509266efdb72d804ccb91c18
Madhya Pradesh,Panna,mededu,medical_educational_amenities,output/pdf/1971_trimmed/Madhya Pradesh/1971_Panna_medical_educational_amenities.pdf,output/pdf/1971_trimmed/Madhya Pradesh/mededu/Panna_mededu_1971.pdf,1971_Panna_medical_educational_amenities.pdf,Panna_mededu_1971.pdf,1,4033fb9518c11a8820dfa88b97ab81dba6610f2fa547ee87c197694f194aa0e0
Madhya Pradesh,Raigarh,mededu,medical_educational_amenities,output/pdf/1971_trimmed/Madhya Pradesh/1971_Raigarh_medical_educational_amenities.pdf,output/pdf/1971_trimmed/Madhya Pradesh/mededu/Raigarh_mededu_1971.pdf,1971_Raigarh_medical_educational_amenities.pdf,Raigarh_mededu_1971.pdf,1,e46f3d4a34a825ffb879307da0679e61a20b7586c658954d792b5668d0c7d2dc
Madhya Pradesh,Raipur,mededu,medical_educational_amenities,output/pdf/1971_trimmed/Madhya Pradesh/1971_Raipur_medical_educational_amenities.pdf,output/pdf/1971_trimmed/Madhya Pradesh/mededu/Raipur_mededu_1971.pdf,1971_Raipur_medical_educational_amenities.pdf,Raipur_mededu_1971.pdf,1,304b10a6c5000e5454db4c6323f0d2f96ea05f50b28ce0c987894cf448baebb7
Madhya Pradesh,Raisen,mededu,medical_educational_amenities,output/pdf/1971_trimmed/Madhya Pradesh/1971_Raisen_medical_educational_amenities.pdf,output/pdf/1971_trimmed/Madhya Pradesh/mededu/Raisen_mededu_1971.pdf,1971_Raisen_medical_educational_amenities.pdf,Raisen_mededu_1971.pdf,1,a76660dfe8a4f8c877875f672ea352780f4f37c69f189023dd63b2fcf3db2c54
Madhya Pradesh,Rajgarh,mededu,medical_educational_amenities,output/pdf/1971_trimmed/Madhya Pradesh/1971_Rajgarh_medical_educational_amenities.pdf,output/pdf/1971_trimmed/Madhya Pradesh/mededu/Rajgarh_mededu_1971.pdf,1971_Rajgarh_medical_educational_amenities.pdf,Rajgarh_mededu_1971.pdf,1,497eed9ebfdaad89039e632528c9caa99824e725fa131d478da6c0e82f0d3343
Madhya Pradesh,Ratlam,mededu,medical_educational_amenities,output/pdf/1971_trimmed/Madhya Pradesh/1971_Ratlam_medical_educational_amenities.pdf,output/pdf/1971_trimmed/Madhya Pradesh/mededu/Ratlam_mededu_1971.pdf,1971_Ratlam_medical_educational_amenities.pdf,Ratlam_mededu_1971.pdf,1,a5c32ebbfc5d2ef07ab477a10d15c307b6c7c99c33cc2b830031a16342885a25
Madhya Pradesh,Rewa,mededu,medical_educational_amenities,output/pdf/1971_trimmed/Madhya Pradesh/1971_Rewa_medical_educational_amenities.pdf,output/pdf/1971_trimmed/Madhya Pradesh/mededu/Rewa_mededu_1971.pdf,1971_Rewa_medical_educational_amenities.pdf,Rewa_mededu_1971.pdf,1,1e7ebce3067a836714d0a670e7e375bd49a0d4f9543d6c6875eb8ff86f2eb263
Madhya Pradesh,Sagar,mededu,medical_educational_amenities,output/pdf/1971_trimmed/Madhya Pradesh/1971_Sagar_medical_educational_amenities.pdf,output/pdf/1971_trimmed/Madhya Pradesh/mededu/Sagar_mededu_1971.pdf,1971_Sagar_medical_educational_amenities.pdf,Sagar_mededu_1971.pdf,1,93ce669320a8fe72fb7a05de41456d185db72f79b6f6739f9248e2d376366a6c
Madhya Pradesh,Satna,mededu,medical_educational_amenities,output/pdf/1971_trimmed/Madhya Pradesh/1971_Satna_medical_educational_amenities.pdf,output/pdf/1971_trimmed/Madhya Pradesh/mededu/Satna_mededu_1971.pdf,1971_Satna_medical_educational_amenities.pdf,Satna_mededu_1971.pdf,1,470a75c7dad86b0bae9691e196481d53d97c2899b9ce316cd08688a6d0f42372
Madhya Pradesh,Sehore,mededu,medical_educational_amenities,output/pdf/1971_trimmed/Madhya Pradesh/1971_Sehore_medical_educational_amenities.pdf,output/pdf/1971_trimmed/Madhya Pradesh/mededu/Sehore_mededu_1971.pdf,1971_Sehore_medical_educational_amenities.pdf,Sehore_mededu_1971.pdf,1,f7d6c93b4f078be37410ce34f80cb4ad83decbc2b4fdc849d55578811b707da0
Madhya Pradesh,Seoni,mededu,medical_educational_amenities,output/pdf/1971_trimmed/Madhya Pradesh/1971_Seoni_medical_educational_amenities.pdf,output/pdf/1971_trimmed/Madhya Pradesh/mededu/Seoni_mededu_1971.pdf,1971_Seoni_medical_educational_amenities.pdf,Seoni_mededu_1971.pdf,1,2800c757b085d6d7c5614d04d8c21c9e8b23e97bef6b38835f4a1b29a5de3f61
Madhya Pradesh,Shahapur,mededu,medical_educational_amenities,output/pdf/1971_trimmed/Madhya Pradesh/1971_Shahapur_medical_educational_amenities.pdf,output/pdf/1971_trimmed/Madhya Pradesh/mededu/Shahapur_mededu_1971.pdf,1971_Shahapur_medical_educational_amenities.pdf,Shahapur_mededu_1971.pdf,1,d728b5403ca19d513d9a2ae5593ee46d9ab3c006a84a607322fb897944a5ee08
Madhya Pradesh,Shahdol,mededu,medical_educational_amenities,output/pdf/1971_trimmed/Madhya Pradesh/1971_Shahdol_medical_educational_amenities.pdf,output/pdf/1971_trimmed/Madhya Pradesh/mededu/Shahdol_mededu_1971.pdf,1971_Shahdol_medical_educational_amenities.pdf,Shahdol_mededu_1971.pdf,1,e30071a67a613a59f3ff794ee8e49d53e2cd78c1f8352426ece182c54e870703
Madhya Pradesh,Shajapur,mededu,medical_educational_amenities,output/pdf/1971_trimmed/Madhya Pradesh/1971_Shajapur_medical_educational_amenities.pdf,output/pdf/1971_trimmed/Madhya Pradesh/mededu/Shajapur_mededu_1971.pdf,1971_Shajapur_medical_educational_amenities.pdf,Shajapur_mededu_1971.pdf,1,0c0269f33ed432a1b87d131bf6de585c08dde02790b4112849e08dab4b1015d1
Madhya Pradesh,Sidhi,mededu,medical_educational_amenities,output/pdf/1971_trimmed/Madhya Pradesh/1971_Sidhi_medical_educational_amenities.pdf,output/pdf/1971_trimmed/Madhya Pradesh/mededu/Sidhi_mededu_1971.pdf,1971_Sidhi_medical_educational_amenities.pdf,Sidhi_mededu_1971.pdf,1,966e86f8ddcbea68c72662600d34e1046cfcf12d10f4e2885226763ec4e85c79
Madhya Pradesh,Surguja,mededu,medical_educational_amenities,output/pdf/1971_trimmed/Madhya Pradesh/1971_Surguja_medical_educational_amenities.pdf,output/pdf/1971_trimmed/Madhya Pradesh/mededu/Surguja_mededu_1971.pdf,1971_Surguja_medical_educational_amenities.pdf,Surguja_mededu_1971.pdf,1,01a1fecb76499f0d3ccf5eef557816f970e316b8ea5dcd7cca9cb8d85408a75a
Madhya Pradesh,Tikamgarh,mededu,medical_educational_amenities,output/pdf/1971_trimmed/Madhya Pradesh/1971_Tikamgarh_medical_educational_amenities.pdf,output/pdf/1971_trimmed/Madhya Pradesh/mededu/Tikamgarh_mededu_1971.pdf,1971_Tikamgarh_medical_educational_amenities.pdf,Tikamgarh_mededu_1971.pdf,1,c653d6ad6c6915eacfc7024a0ac19edd74c302ff0b03c10e0b424c10bffd5a40
Madhya Pradesh,Ujjain,mededu,medical_educational_amenities,output/pdf/1971_trimmed/Madhya Pradesh/1971_Ujjain_medical_educational_amenities.pdf,output/pdf/1971_trimmed/Madhya Pradesh/mededu/Ujjain_mededu_1971.pdf,1971_Ujjain_medical_educational_amenities.pdf,Ujjain_mededu_1971.pdf,1,47787ece1640d0ef30968a438925833fcae547ebd24ef11f90f0aa3e22f2cedb
Madhya Pradesh,Vidisha,mededu,medical_educational_amenities,output/pdf/1971_trimmed/Madhya Pradesh/1971_Vidisha_medical_educational_amenities.pdf,output/pdf/1971_trimmed/Madhya Pradesh/mededu/Vidisha_mededu_1971.pdf,1971_Vidisha_medical_educational_amenities.pdf,Vidisha_mededu_1971.pdf,1,61f40663d8f6c32b91f23114bbfe1f8ee7597d912d9b791840e3f842f54818d0
Madhya Pradesh,Balaghat,tehsil appendix,tehsil_appendix,output/pdf/1971_trimmed/Madhya Pradesh/1971_Balaghat_tehsil_appendix.pdf,output/pdf/1971_trimmed/Madhya Pradesh/tehsil appendix/Balaghat_tehsil_1971.pdf,1971_Balaghat_tehsil_appendix.pdf,Balaghat_tehsil_1971.pdf,2,3362c00295a448ea6be0e6ddedfaa2012dfae6c5ccfe89fa1ad31b710da24c7b
Madhya Pradesh,Bastar,tehsil appendix,tehsil_appendix,output/pdf/1971_trimmed/Madhya Pradesh/1971_Bastar_tehsil_appendix.pdf,output/pdf/1971_trimmed/Madhya Pradesh/tehsil appendix/Bastar_tehsil_1971.pdf,1971_Bastar_tehsil_appendix.pdf,Bastar_tehsil_1971.pdf,2,9b8c7b295248b6cba13fc97d6d9acee83888729ca143a00bfdf3babace78a3e9
Madhya Pradesh,Betul,tehsil appendix,tehsil_appendix,output/pdf/1971_trimmed/Madhya Pradesh/1971_Betul_tehsil_appendix.pdf,output/pdf/1971_trimmed/Madhya Pradesh/tehsil appendix/Betul_tehsil_1971.pdf,1971_Betul_tehsil_appendix.pdf,Betul_tehsil_1971.pdf,2,661d6184e878a7f32ba0d7abafae625e66bbadf9dac89c00162a8e41fc5144d4
Madhya Pradesh,Bhind,tehsil appendix,tehsil_appendix,output/pdf/1971_trimmed/Madhya Pradesh/1971_Bhind_tehsil_appendix.pdf,output/pdf/1971_trimmed/Madhya Pradesh/tehsil appendix/Bhind_tehsil_1971.pdf,1971_Bhind_tehsil_appendix.pdf,Bhind_tehsil_1971.pdf,2,3eb2bb6801f14b51fee4fde92b6c43da9f257c944df18c3d54952bba52a93c97
Madhya Pradesh,Bilaspur,tehsil appendix,tehsil_appendix,output/pdf/1971_trimmed/Madhya Pradesh/1971_Bilaspur_tehsil_appendix.pdf,output/pdf/1971_trimmed/Madhya Pradesh/tehsil appendix/Bilaspur_tehsil_1971.pdf,1971_Bilaspur_tehsil_appendix.pdf,Bilaspur_tehsil_1971.pdf,2,051327d95b3c10b3e6ff2cccfee513080c1ece45cc9aa2c13a4c68d1d4e35787
Madhya Pradesh,Chhatarpur,tehsil appendix,tehsil_appendix,output/pdf/1971_trimmed/Madhya Pradesh/1971_Chhatarpur_tehsil_appendix.pdf,output/pdf/1971_trimmed/Madhya Pradesh/tehsil appendix/Chhatarpur_tehsil_1971.pdf,1971_Chhatarpur_tehsil_appendix.pdf,Chhatarpur_tehsil_1971.pdf,2,5b15ef3f2146840a2fa3b541a488d1750b64735dcb5ff8c668e5ecdc0afcb8a1
Madhya Pradesh,Chhindwara,tehsil appendix,tehsil_appendix,output/pdf/1971_trimmed/Madhya Pradesh/1971_Chhindwara_tehsil_appendix.pdf,output/pdf/1971_trimmed/Madhya Pradesh/tehsil appendix/Chhindwara_tehsil_1971.pdf,1971_Chhindwara_tehsil_appendix.pdf,Chhindwara_tehsil_1971.pdf,2,4bad6977d120fa37e6c5bd970bea2ccca874ee34271f49b9f2235ddfb287097d
Madhya Pradesh,Damoh,tehsil appendix,tehsil_appendix,output/pdf/1971_trimmed/Madhya Pradesh/1971_Damoh_tehsil_appendix.pdf,output/pdf/1971_trimmed/Madhya Pradesh/tehsil appendix/Damoh_tehsil_1971.pdf,1971_Damoh_tehsil_appendix.pdf,Damoh_tehsil_1971.pdf,2,e83a48b2330180f6ec676c4f20026d7cc32314a6832f450952f3c717c65ed697
Madhya Pradesh,Datia,tehsil appendix,tehsil_appendix,output/pdf/1971_trimmed/Madhya Pradesh/1971_Datia_tehsil_appendix.pdf,output/pdf/1971_trimmed/Madhya Pradesh/tehsil appendix/Datia_tehsil_1971.pdf,1971_Datia_tehsil_appendix.pdf,Datia_tehsil_1971.pdf,2,d21e68e067d18254ab69b2c61e1ed4bf555cb7a1e729e9c436e56b85918beb0b
Madhya Pradesh,Dewas,tehsil appendix,tehsil_appendix,output/pdf/1971_trimmed/Madhya Pradesh/1971_Dewas_tehsil_appendix.pdf,output/pdf/1971_trimmed/Madhya Pradesh/tehsil appendix/Dewas_tehsil_1971.pdf,1971_Dewas_tehsil_appendix.pdf,Dewas_tehsil_1971.pdf,2,b4e9e6e43c29b226c3cea0a0f7b4c4780396023e9bce690e42c9e61630a68c7a
Madhya Pradesh,Dhar,tehsil appendix,tehsil_appendix,output/pdf/1971_trimmed/Madhya Pradesh/1971_Dhar_tehsil_appendix.pdf,output/pdf/1971_trimmed/Madhya Pradesh/tehsil appendix/Dhar_tehsil_1971.pdf,1971_Dhar_tehsil_appendix.pdf,Dhar_tehsil_1971.pdf,2,068e792b9a100e23af94dc5a733ea8e6706285a60a91cb5d6850c10674cb0ab5
Madhya Pradesh,Durg,tehsil appendix,tehsil_appendix,output/pdf/1971_trimmed/Madhya Pradesh/1971_Durg_tehsil_appendix.pdf,output/pdf/1971_trimmed/Madhya Pradesh/tehsil appendix/Durg_tehsil_1971.pdf,1971_Durg_tehsil_appendix.pdf,Durg_tehsil_1971.pdf,2,b427d0c908a5cbb961b2a726c7dd3785db266a76dde7dad3bee353eb2d5df4b8
Madhya Pradesh,Guna,tehsil appendix,tehsil_appendix,output/pdf/1971_trimmed/Madhya Pradesh/1971_Guna_tehsil_appendix.pdf,output/pdf/1971_trimmed/Madhya Pradesh/tehsil appendix/Guna_tehsil_1971.pdf,1971_Guna_tehsil_appendix.pdf,Guna_tehsil_1971.pdf,2,564a19abd3993c602493fca08eb184152e87b5676a5ea1b6765fc4ed9d03fa5a
Madhya Pradesh,Gwalior,tehsil appendix,tehsil_appendix,output/pdf/1971_trimmed/Madhya Pradesh/1971_Gwalior_tehsil_appendix.pdf,output/pdf/1971_trimmed/Madhya Pradesh/tehsil appendix/Gwalior_tehsil_1971.pdf,1971_Gwalior_tehsil_appendix.pdf,Gwalior_tehsil_1971.pdf,2,e97c84422ffb3915fb3e6798abbbb6e3192785cdd6d7613146759f0e54a7ede3
Madhya Pradesh,Hoshangabad,tehsil appendix,tehsil_appendix,output/pdf/1971_trimmed/Madhya Pradesh/1971_Hoshangabad_tehsil_appendix.pdf,output/pdf/1971_trimmed/Madhya Pradesh/tehsil appendix/Hoshangabad_tehsil_1971.pdf,1971_Hoshangabad_tehsil_appendix.pdf,Hoshangabad_tehsil_1971.pdf,2,bb1a3026e8f1ababf89eda9d6f958f8c41b65c29861aeef6970a361c7e3a7698
Madhya Pradesh,Indore,tehsil appendix,tehsil_appendix,output/pdf/1971_trimmed/Madhya Pradesh/1971_Indore_tehsil_appendix.pdf,output/pdf/1971_trimmed/Madhya Pradesh/tehsil appendix/Indore_tehsil_1971.pdf,1971_Indore_tehsil_appendix.pdf,Indore_tehsil_1971.pdf,2,9a26746d29715046c427c46d97b00187db82b44b53c4d7e4492c3e4c2ca5b78b
Madhya Pradesh,Jabalpur,tehsil appendix,tehsil_appendix,output/pdf/1971_trimmed/Madhya Pradesh/1971_Jabalpur_tehsil_appendix.pdf,output/pdf/1971_trimmed/Madhya Pradesh/tehsil appendix/Jabalpur_tehsil_1971.pdf,1971_Jabalpur_tehsil_appendix.pdf,Jabalpur_tehsil_1971.pdf,2,ac46fef644cbfb471a0def37b9c0e083305d43820b36473462c9b0eaa9dee569
Madhya Pradesh,Jhabua,tehsil appendix,tehsil_appendix,output/pdf/1971_trimmed/Madhya Pradesh/1971_Jhabua_tehsil_appendix.pdf,output/pdf/1971_trimmed/Madhya Pradesh/tehsil appendix/Jhabua_tehsil_1971.pdf,1971_Jhabua_tehsil_appendix.pdf,Jhabua_tehsil_1971.pdf,2,9b6fd42544dc3c622e43d7e2af1ed06664e2da13a3b70fc01b36d9a02976ebce
Madhya Pradesh,Khandwa,tehsil appendix,tehsil_appendix,output/pdf/1971_trimmed/Madhya Pradesh/1971_Khandwa_tehsil_appendix.pdf,output/pdf/1971_trimmed/Madhya Pradesh/tehsil appendix/Khandwa_tehsil_1971.pdf,1971_Khandwa_tehsil_appendix.pdf,Khandwa_tehsil_1971.pdf,2,f4607ec12dcc86ee4aa447c780cce94583e6f52fcc6737f2ca80aeb60fbb9d71
Madhya Pradesh,Khargone,tehsil appendix,tehsil_appendix,output/pdf/1971_trimmed/Madhya Pradesh/1971_Khargone_tehsil_appendix.pdf,output/pdf/1971_trimmed/Madhya Pradesh/tehsil appendix/Khargone_tehsil_1971.pdf,1971_Khargone_tehsil_appendix.pdf,Khargone_tehsil_1971.pdf,2,a39cc5b920d2991d5d1b2b2b03b5a44f3174b1ec86ae38178ae5da50da212970
Madhya Pradesh,Mandla,tehsil appendix,tehsil_appendix,output/pdf/1971_trimmed/Madhya Pradesh/1971_Mandla_tehsil_appendix.pdf,output/pdf/1971_trimmed/Madhya Pradesh/tehsil appendix/Mandla_tehsil_1971.pdf,1971_Mandla_tehsil_appendix.pdf,Mandla_tehsil_1971.pdf,2,66092db1a2b1afba7a178e53558d7d34a6fdfef84daeaac1c14a0e2cb10734a9
Madhya Pradesh,Mandsaur,tehsil appendix,tehsil_appendix,output/pdf/1971_trimmed/Madhya Pradesh/1971_Mandsaur_tehsil_appendix.pdf,output/pdf/1971_trimmed/Madhya Pradesh/tehsil appendix/Mandsaur_tehsil_1971.pdf,1971_Mandsaur_tehsil_appendix.pdf,Mandsaur_tehsil_1971.pdf,2,eb2cee0a8903b56ee1892bb255e0ec116e67231bb8077fd1b204bd4fadf7e832
Madhya Pradesh,Morena,tehsil appendix,tehsil_appendix,output/pdf/1971_trimmed/Madhya Pradesh/1971_Morena_tehsil_appendix.pdf,output/pdf/1971_trimmed/Madhya Pradesh/tehsil appendix/Morena_tehsil_1971.pdf,1971_Morena_tehsil_appendix.pdf,Morena_tehsil_1971.pdf,2,5861b5a12b5f28294f9740df4b87f9b68691b3fccfdb63c0c3952e96a2ad1191
Madhya Pradesh,Narsimhapur,tehsil appendix,tehsil_appendix,output/pdf/1971_trimmed/Madhya Pradesh/1971_Narsimhapur_tehsil_appendix.pdf,output/pdf/1971_trimmed/Madhya Pradesh/tehsil appendix/Narsimhapur_tehsil_1971.pdf,1971_Narsimhapur_tehsil_appendix.pdf,Narsimhapur_tehsil_1971.pdf,2,483b225f416f419630c059fef53d425a4d4c3e195606790bba85222f3b5e99a1
Madhya Pradesh,Panna,tehsil appendix,tehsil_appendix,output/pdf/1971_trimmed/Madhya Pradesh/1971_Panna_tehsil_appendix.pdf,output/pdf/1971_trimmed/Madhya Pradesh/tehsil appendix/Panna_tehsil_1971.pdf,1971_Panna_tehsil_appendix.pdf,Panna_tehsil_1971.pdf,2,f813557b35b18f6414e8c01aef898cfc43d94226d0d3e3918268d05c099fbe90
Madhya Pradesh,Raigarh,tehsil appendix,tehsil_appendix,output/pdf/1971_trimmed/Madhya Pradesh/1971_Raigarh_tehsil_appendix.pdf,output/pdf/1971_trimmed/Madhya Pradesh/tehsil appendix/Raigarh_tehsil_1971.pdf,1971_Raigarh_tehsil_appendix.pdf,Raigarh_tehsil_1971.pdf,2,d8983cd8e548514fd9a9712ff8eba927e7d9c509ce9ee0946f96817770fd5144
Madhya Pradesh,Raipur,tehsil appendix,tehsil_appendix,output/pdf/1971_trimmed/Madhya Pradesh/1971_Raipur_tehsil_appendix.pdf,output/pdf/1971_trimmed/Madhya Pradesh/tehsil appendix/Raipur_tehsil_1971.pdf,1971_Raipur_tehsil_appendix.pdf,Raipur_tehsil_1971.pdf,2,c2361cba7b53c08e39e4d1c3daee16e019e3984536a9ab2ead5e018ff43b1403
Madhya Pradesh,Raisen,tehsil appendix,tehsil_appendix,output/pdf/1971_trimmed/Madhya Pradesh/1971_Raisen_tehsil_appendix.pdf,output/pdf/1971_trimmed/Madhya Pradesh/tehsil appendix/Raisen_tehsil_1971.pdf,1971_Raisen_tehsil_appendix.pdf,Raisen_tehsil_1971.pdf,2,3169719923bdc97180d7aee7cd9c6a8cdd1e260dd53124a4419ba94e5ad422b5
Madhya Pradesh,Rajgarh,tehsil appendix,tehsil_appendix,output/pdf/1971_trimmed/Madhya Pradesh/1971_Rajgarh_tehsil_appendix.pdf,output/pdf/1971_trimmed/Madhya Pradesh/tehsil appendix/Rajgarh_tehsil_1971.pdf,1971_Rajgarh_tehsil_appendix.pdf,Rajgarh_tehsil_1971.pdf,2,56fa3e2c777cea76809ea9b76b9991a5351ef476ccc2511256591ae3fc87c94d
Madhya Pradesh,Ratlam,tehsil appendix,tehsil_appendix,output/pdf/1971_trimmed/Madhya Pradesh/1971_Ratlam_tehsil_appendix.pdf,output/pdf/1971_trimmed/Madhya Pradesh/tehsil appendix/Ratlam_tehsil_1971.pdf,1971_Ratlam_tehsil_appendix.pdf,Ratlam_tehsil_1971.pdf,2,fba0145a255e1ad5818924741fba7c1eb3608f9fa5e4937dc97b4d4412f64c4e
Madhya Pradesh,Rewa,tehsil appendix,tehsil_appendix,output/pdf/1971_trimmed/Madhya Pradesh/1971_Rewa_tehsil_appendix.pdf,output/pdf/1971_trimmed/Madhya Pradesh/tehsil appendix/Rewa_tehsil_1971.pdf,1971_Rewa_tehsil_appendix.pdf,Rewa_tehsil_1971.pdf,2,43e8132031cedd58a6670a8e1286f2ce54eda7112233ce13e08c4a12dedd29c0
Madhya Pradesh,Sagar,tehsil appendix,tehsil_appendix,output/pdf/1971_trimmed/Madhya Pradesh/1971_Sagar_tehsil_appendix.pdf,output/pdf/1971_trimmed/Madhya Pradesh/tehsil appendix/Sagar_tehsil_1971.pdf,1971_Sagar_tehsil_appendix.pdf,Sagar_tehsil_1971.pdf,2,9f9b4e640be42ae86691e583356a6546f0abcd6f06076d5add7c471d26dea924
Madhya Pradesh,Satna,tehsil appendix,tehsil_appendix,output/pdf/1971_trimmed/Madhya Pradesh/1971_Satna_tehsil_appendix.pdf,output/pdf/1971_trimmed/Madhya Pradesh/tehsil appendix/Satna_tehsil_1971.pdf,1971_Satna_tehsil_appendix.pdf,Satna_tehsil_1971.pdf,2,d3413fb9dd4eb1689eea1fc15f1b837bd1f5e1681bd48168db7a52b8a98b57ed
Madhya Pradesh,Sehore,tehsil appendix,tehsil_appendix,output/pdf/1971_trimmed/Madhya Pradesh/1971_Sehore_tehsil_appendix.pdf,output/pdf/1971_trimmed/Madhya Pradesh/tehsil appendix/Sehore_tehsil_1971.pdf,1971_Sehore_tehsil_appendix.pdf,Sehore_tehsil_1971.pdf,2,1e3512973c618d195f707d6a132b11f523b3e80fa1bc45fc389dd7753449497b
Madhya Pradesh,Seoni,tehsil appendix,tehsil_appendix,output/pdf/1971_trimmed/Madhya Pradesh/1971_Seoni_tehsil_appendix.pdf,output/pdf/1971_trimmed/Madhya Pradesh/tehsil appendix/Seoni_tehsil_1971.pdf,1971_Seoni_tehsil_appendix.pdf,Seoni_tehsil_1971.pdf,2,dba819584fc175bda2b2f4c84dbc241844535becb9c89f8a6a5909a4bbb4ad2d
Madhya Pradesh,Shahapur,tehsil appendix,tehsil_appendix,output/pdf/1971_trimmed/Madhya Pradesh/1971_Shahapur_tehsil_appendix.pdf,output/pdf/1971_trimmed/Madhya Pradesh/tehsil appendix/Shahapur_tehsil_1971.pdf,1971_Shahapur_tehsil_appendix.pdf,Shahapur_tehsil_1971.pdf,2,d8d153ccca5a11c832959660805c156ee78677d1f0c2843e45341a0a0dae1903
Madhya Pradesh,Shahdol,tehsil appendix,tehsil_appendix,output/pdf/1971_trimmed/Madhya Pradesh/1971_Shahdol_tehsil_appendix.pdf,output/pdf/1971_trimmed/Madhya Pradesh/tehsil appendix/Shahdol_tehsil_1971.pdf,1971_Shahdol_tehsil_appendix.pdf,Shahdol_tehsil_1971.pdf,2,7979f88f00c6cf7b4ff0c1c87a1a03327fdeb9eb0d86637ec3b731f21844b326
Madhya Pradesh,Shajapur,tehsil appendix,tehsil_appendix,output/pdf/1971_trimmed/Madhya Pradesh/1971_Shajapur_tehsil_appendix.pdf,output/pdf/1971_trimmed/Madhya Pradesh/tehsil appendix/Shajapur_tehsil_1971.pdf,1971_Shajapur_tehsil_appendix.pdf,Shajapur_tehsil_1971.pdf,2,49e90fb56c7b58b5d4e18e4c13c6b19e7220362c2523e4e6c1a0dfd0fe80d218
Madhya Pradesh,Sidhi,tehsil appendix,tehsil_appendix,output/pdf/1971_trimmed/Madhya Pradesh/1971_Sidhi_tehsil_appendix.pdf,output/pdf/1971_trimmed/Madhya Pradesh/tehsil appendix/Sidhi_tehsil_1971.pdf,1971_Sidhi_tehsil_appendix.pdf,Sidhi_tehsil_1971.pdf,2,8c1e5f7815a832be9ce5d85b49d2827952e2a7b099d9c72c579532610d9a05a1
Madhya Pradesh,Surguja,tehsil appendix,tehsil_appendix,output/pdf/1971_trimmed/Madhya Pradesh/1971_Surguja_tehsil_appendix.pdf,output/pdf/1971_trimmed/Madhya Pradesh/tehsil appendix/Surguja_tehsil_1971.pdf,1971_Surguja_tehsil_appendix.pdf,Surguja_tehsil_1971.pdf,2,6d3610d9a6ad1534b06d011e317bba2b462f8b6ff32752943644246be70a0f75
Madhya Pradesh,Tikamgarh,tehsil appendix,tehsil_appendix,output/pdf/1971_trimmed/Madhya Pradesh/1971_Tikamgarh_tehsil_appendix.pdf,output/pdf/1971_trimmed/Madhya Pradesh/tehsil appendix/Tikamgarh_tehsil_1971.pdf,1971_Tikamgarh_tehsil_appendix.pdf,Tikamgarh_tehsil_1971.pdf,2,7242f6a9c1142badd663a426547f56e5fc0ffdf26425507658672aa13f2bc1bd
Madhya Pradesh,Ujjain,tehsil appendix,tehsil_appendix,output/pdf/1971_trimmed/Madhya Pradesh/1971_Ujjain_tehsil_appendix.pdf,output/pdf/1971_trimmed/Madhya Pradesh/tehsil appendix/Ujjain_tehsil_1971.pdf,1971_Ujjain_tehsil_appendix.pdf,Ujjain_tehsil_1971.pdf,2,9f2a1a98aeb6e9ded41c1d321005fc1893ab5921836ab5699d30c5d060b7c134
Madhya Pradesh,Vidisha,tehsil appendix,tehsil_appendix,output/pdf/1971_trimmed/Madhya Pradesh/1971_Vidisha_tehsil_appendix.pdf,output/pdf/1971_trimmed/Madhya Pradesh/tehsil appendix/Vidisha_tehsil_1971.pdf,1971_Vidisha_tehsil_appendix.pdf,Vidisha_tehsil_1971.pdf,2,52db2f393e66178c6eeb0b50a08ac6bfff8d75c27ad7170a591396b615f19055
Maharashtra,Ahmadnagar,civic amenities,civic_amenities,output/pdf/1971_trimmed/Maharashtra/1971_Ahmadnagar_civic_amenities.pdf,output/pdf/1971_trimmed/Maharashtra/civic amenities/Ahmadnagar_civic_1971.pdf,1971_Ahmadnagar_civic_amenities.pdf,Ahmadnagar_civic_1971.pdf,1,365c1e6a37ad2f6d03e913a096a97c7066d4c489e00037b3f35d645a60c0159b
Maharashtra,Akola,civic amenities,civic_amenities,output/pdf/1971_trimmed/Maharashtra/1971_Akola_civic_amenities.pdf,output/pdf/1971_trimmed/Maharashtra/civic amenities/Akola_civic_1971.pdf,1971_Akola_civic_amenities.pdf,Akola_civic_1971.pdf,1,1bbce7d3d5e27a86a637e41452eef231af104940743f40b1d4dfe6fd1d716825
Maharashtra,Amravati,civic amenities,civic_amenities,output/pdf/1971_trimmed/Maharashtra/1971_Amravati_civic_amenities.pdf,output/pdf/1971_trimmed/Maharashtra/civic amenities/Amravati_civic_1971.pdf,1971_Amravati_civic_amenities.pdf,Amravati_civic_1971.pdf,1,cbc177a9bc7eae719f411df70fa36a27bab8f310ba8265868bff149a18551cd2
Maharashtra,Aurangabad,civic amenities,civic_amenities,output/pdf/1971_trimmed/Maharashtra/1971_Aurangabad_civic_amenities.pdf,output/pdf/1971_trimmed/Maharashtra/civic amenities/Aurangabad_civic_1971.pdf,1971_Aurangabad_civic_amenities.pdf,Aurangabad_civic_1971.pdf,1,83967aefbaf65e3ac285551dff86580635b992cb2aca7e8b63fa2d775cbc708f
Maharashtra,Bhandara,civic amenities,civic_amenities,output/pdf/1971_trimmed/Maharashtra/1971_Bhandara_civic_amenities.pdf,output/pdf/1971_trimmed/Maharashtra/civic amenities/Bhandara_civic_1971.pdf,1971_Bhandara_civic_amenities.pdf,Bhandara_civic_1971.pdf,1,942d0121f69b7e9e973dd58ebf9bd5fcfa73ef7a1078875a34f90338528f5294
Maharashtra,Bhir,civic amenities,civic_amenities,output/pdf/1971_trimmed/Maharashtra/1971_Bhir_civic_amenities.pdf,output/pdf/1971_trimmed/Maharashtra/civic amenities/Bhir_civic_1971.pdf,1971_Bhir_civic_amenities.pdf,Bhir_civic_1971.pdf,1,6047a87ef7864c91621657f76da8f31868edec25eb1d7db31f11035fd127f113
Maharashtra,Buldana,civic amenities,civic_amenities,output/pdf/1971_trimmed/Maharashtra/1971_Buldana_civic_amenities.pdf,output/pdf/1971_trimmed/Maharashtra/civic amenities/Buldana_civic_1971.pdf,1971_Buldana_civic_amenities.pdf,Buldana_civic_1971.pdf,1,8d39e221473f3292cc28873c1de9d3de2f9e5681e5e06e7ce0ea07119d6cc5d5
Maharashtra,Chandrapur,civic amenities,civic_amenities,output/pdf/1971_trimmed/Maharashtra/1971_Chandrapur_civic_amenities.pdf,output/pdf/1971_trimmed/Maharashtra/civic amenities/Chandrapur_civic_1971.pdf,1971_Chandrapur_civic_amenities.pdf,Chandrapur_civic_1971.pdf,1,fd3aa11bb19e1b14470045724560dab1e2caa9ddebfd5420534e17cb87d5fc78
Maharashtra,Dhulia,civic amenities,civic_amenities,output/pdf/1971_trimmed/Maharashtra/1971_Dhulia_civic_amenities.pdf,output/pdf/1971_trimmed/Maharashtra/civic amenities/Dhulia_civic_1971.pdf,1971_Dhulia_civic_amenities.pdf,Dhulia_civic_1971.pdf,1,18284f0055e763243cceac3f7515b55d86c7e78a7fc4a3e8c616205215f1b819
Maharashtra,Jalgaon,civic amenities,civic_amenities,output/pdf/1971_trimmed/Maharashtra/1971_Jalgaon_civic_amenities.pdf,output/pdf/1971_trimmed/Maharashtra/civic amenities/Jalgaon_civic_1971.pdf,1971_Jalgaon_civic_amenities.pdf,Jalgaon_civic_1971.pdf,1,37c6e2a5a312874a0987cd176edd96cfb6ccb71f896defac7b9ecb4a44bcaf3f
Maharashtra,Kolaba,civic amenities,civic_amenities,output/pdf/1971_trimmed/Maharashtra/1971_Kolaba_civic_amenities.pdf,output/pdf/1971_trimmed/Maharashtra/civic amenities/Kolaba_civic_1971.pdf,1971_Kolaba_civic_amenities.pdf,Kolaba_civic_1971.pdf,1,983e717d1034e633ea447e045b905d62b4321a4a53c2dd18014f1a3398688816
Maharashtra,Kolhapur,civic amenities,civic_amenities,output/pdf/1971_trimmed/Maharashtra/1971_Kolhapur_civic_amenities.pdf,output/pdf/1971_trimmed/Maharashtra/civic amenities/Kolhapur_civic_1971.pdf,1971_Kolhapur_civic_amenities.pdf,Kolhapur_civic_1971.pdf,1,d9222adb9f178410d46e7c821b26fccea91cc4fab5d5ae910775611253f8330d
Maharashtra,Nagpur,civic amenities,civic_amenities,output/pdf/1971_trimmed/Maharashtra/1971_Nagpur_civic_amenities.pdf,output/pdf/1971_trimmed/Maharashtra/civic amenities/Nagpur_civic_1971.pdf,1971_Nagpur_civic_amenities.pdf,Nagpur_civic_1971.pdf,1,44d71e1cf135aace3702bd3f698fe9351f4f250e33ca3a9a0a74bb49dd839483
Maharashtra,Nanded,civic amenities,civic_amenities,output/pdf/1971_trimmed/Maharashtra/1971_Nanded_civic_amenities.pdf,output/pdf/1971_trimmed/Maharashtra/civic amenities/Nanded_civic_1971.pdf,1971_Nanded_civic_amenities.pdf,Nanded_civic_1971.pdf,1,47e8d6e1831448675733cd1c2e3a1a216aa8ebb1602d3693c07e409787b4dd9b
Maharashtra,Nasik,civic amenities,civic_amenities,output/pdf/1971_trimmed/Maharashtra/1971_Nasik_civic_amenities.pdf,output/pdf/1971_trimmed/Maharashtra/civic amenities/Nasik_civic_1971.pdf,1971_Nasik_civic_amenities.pdf,Nasik_civic_1971.pdf,1,eaedd6ab4f2599cb6796b29c4da00bb2bcfd936681ef3b4f31f20bda31646127
Maharashtra,Osmanabad,civic amenities,civic_amenities,output/pdf/1971_trimmed/Maharashtra/1971_Osmanabad_civic_amenities.pdf,output/pdf/1971_trimmed/Maharashtra/civic amenities/Osmanabad_civic_1971.pdf,1971_Osmanabad_civic_amenities.pdf,Osmanabad_civic_1971.pdf,1,3684148b029c8288c39342065f74aaeaf140af8826bcb7589f1aa83334c0b4a3
Maharashtra,Parbhani,civic amenities,civic_amenities,output/pdf/1971_trimmed/Maharashtra/1971_Parbhani_civic_amenities.pdf,output/pdf/1971_trimmed/Maharashtra/civic amenities/Parbhani_civic_1971.pdf,1971_Parbhani_civic_amenities.pdf,Parbhani_civic_1971.pdf,1,8097867cff91e9670d6f45f4ef435065ef5edca399d298f7cd199bf7ef9bee9b
Maharashtra,Pune,civic amenities,civic_amenities,output/pdf/1971_trimmed/Maharashtra/1971_Pune_civic_amenities.pdf,output/pdf/1971_trimmed/Maharashtra/civic amenities/Pune_civic_1971.pdf,1971_Pune_civic_amenities.pdf,Pune_civic_1971.pdf,1,7b9df85a93cb397364348b8a65f98024a6d32c408fb78c4203dcaa09ad246611
Maharashtra,Ratnagiri,civic amenities,civic_amenities,output/pdf/1971_trimmed/Maharashtra/1971_Ratnagiri_civic_amenities.pdf,output/pdf/1971_trimmed/Maharashtra/civic amenities/Ratnagiri_civic_1971.pdf,1971_Ratnagiri_civic_amenities.pdf,Ratnagiri_civic_1971.pdf,1,05d89ad6fb6c5b9e8c77997ce6fcd43d3e54b8c06c7c6500a932550be5ca2af5
Maharashtra,Sangli,civic amenities,civic_amenities,output/pdf/1971_trimmed/Maharashtra/1971_Sangli_civic_amenities.pdf,output/pdf/1971_trimmed/Maharashtra/civic amenities/Sangli_civic_1971.pdf,1971_Sangli_civic_amenities.pdf,Sangli_civic_1971.pdf,1,7a5a449fa4d0da955ffa0cd2508d025e6ae08bbda2ebd1a5eeb96fde1d72afd6
Maharashtra,Satara,civic amenities,civic_amenities,output/pdf/1971_trimmed/Maharashtra/1971_Satara_civic_amenities.pdf,output/pdf/1971_trimmed/Maharashtra/civic amenities/Satara_civic_1971.pdf,1971_Satara_civic_amenities.pdf,Satara_civic_1971.pdf,1,45198bd55eb976ba8208ce4ef6bb3118684e218b066fe5fd2df87cc39687480d
Maharashtra,Sholapur,civic amenities,civic_amenities,output/pdf/1971_trimmed/Maharashtra/1971_Sholapur_civic_amenities.pdf,output/pdf/1971_trimmed/Maharashtra/civic amenities/Sholapur_civic_1971.pdf,1971_Sholapur_civic_amenities.pdf,Sholapur_civic_1971.pdf,1,ba3c2e2e9b2c8537b17a8b164fc76939c934f6481cfd2aeac85136c102a4c9a5
Maharashtra,Thane,civic amenities,civic_amenities,output/pdf/1971_trimmed/Maharashtra/1971_Thane_civic_amenities.pdf,output/pdf/1971_trimmed/Maharashtra/civic amenities/Thane_civic_1971.pdf,1971_Thane_civic_amenities.pdf,Thane_civic_1971.pdf,1,dcda3da5dd1befa699c0765277428a49b1b8a4c87647fa097b2a7e38e02ef9ef
Maharashtra,Wardha,civic amenities,civic_amenities,output/pdf/1971_trimmed/Maharashtra/1971_Wardha_civic_amenities.pdf,output/pdf/1971_trimmed/Maharashtra/civic amenities/Wardha_civic_1971.pdf,1971_Wardha_civic_amenities.pdf,Wardha_civic_1971.pdf,1,8fdc230327cc86721704c5a950f7bb7e804b7dcba0c92254ba484a0bcfecd87c
Maharashtra,Yavatmal,civic amenities,civic_amenities,output/pdf/1971_trimmed/Maharashtra/1971_Yavatmal_civic_amenities.pdf,output/pdf/1971_trimmed/Maharashtra/civic amenities/Yavatmal_civic_1971.pdf,1971_Yavatmal_civic_amenities.pdf,Yavatmal_civic_1971.pdf,1,2a214060f396d81ba34c34adffcdd2a4683c8b0e9faf7f0d18ab8b41d30cb9e9
Maharashtra,Ahmadnagar,mededu,medical_educational_amenities,output/pdf/1971_trimmed/Maharashtra/1971_Ahmadnagar_medical_educational_amenities.pdf,output/pdf/1971_trimmed/Maharashtra/mededu/Ahmadnagar_mededu_1971.pdf,1971_Ahmadnagar_medical_educational_amenities.pdf,Ahmadnagar_mededu_1971.pdf,1,cea51625e4b10581b9949b664e7494b8fd4c33ebd14908a8cef27a579acc3b3e
Maharashtra,Akola,mededu,medical_educational_amenities,output/pdf/1971_trimmed/Maharashtra/1971_Akola_medical_educational_amenities.pdf,output/pdf/1971_trimmed/Maharashtra/mededu/Akola_mededu_1971.pdf,1971_Akola_medical_educational_amenities.pdf,Akola_mededu_1971.pdf,1,ecada3af489a3e58493c98eb049bcc16a7dab76d585d8c311ceaa8e8ac8d82e3
Maharashtra,Amravati,mededu,medical_educational_amenities,output/pdf/1971_trimmed/Maharashtra/1971_Amravati_medical_educational_amenities.pdf,output/pdf/1971_trimmed/Maharashtra/mededu/Amravati_mededu_1971.pdf,1971_Amravati_medical_educational_amenities.pdf,Amravati_mededu_1971.pdf,1,141b63c96a80a9d1c12792ea5538f700e6c54ee5350784312e28080d785f7d99
Maharashtra,Aurangabad,mededu,medical_educational_amenities,output/pdf/1971_trimmed/Maharashtra/1971_Aurangabad_medical_educational_amenities.pdf,output/pdf/1971_trimmed/Maharashtra/mededu/Aurangabad_mededu_1971.pdf,1971_Aurangabad_medical_educational_amenities.pdf,Aurangabad_mededu_1971.pdf,1,75e4e68923e874ff8529cb4de6984bc90f84a35add74cc865b65c71a791af855
Maharashtra,Bhandara,mededu,medical_educational_amenities,output/pdf/1971_trimmed/Maharashtra/1971_Bhandara_medical_educational_amenities.pdf,output/pdf/1971_trimmed/Maharashtra/mededu/Bhandara_mededu_1971.pdf,1971_Bhandara_medical_educational_amenities.pdf,Bhandara_mededu_1971.pdf,1,bdeaed2297b22d803dbbea2f5cbfdd1f1e6fe652b94c6a282b63e56dd4d8891b
Maharashtra,Bhir,mededu,medical_educational_amenities,output/pdf/1971_trimmed/Maharashtra/1971_Bhir_medical_educational_amenities.pdf,output/pdf/1971_trimmed/Maharashtra/mededu/Bhir_mededu_1971.pdf,1971_Bhir_medical_educational_amenities.pdf,Bhir_mededu_1971.pdf,1,ae60eac823319aeb29ac1d66bf41dfd641ead397e04e1b8208e31c6ac568a7fe
Maharashtra,Buldana,mededu,medical_educational_amenities,output/pdf/1971_trimmed/Maharashtra/1971_Buldana_medical_educational_amenities.pdf,output/pdf/1971_trimmed/Maharashtra/mededu/Buldana_mededu_1971.pdf,1971_Buldana_medical_educational_amenities.pdf,Buldana_mededu_1971.pdf,1,d7a54aa0de51021fe2fe7307c173075e102736f88f62d4ad3ff6f33044e8deec
Maharashtra,Chandrapur,mededu,medical_educational_amenities,output/pdf/1971_trimmed/Maharashtra/1971_Chandrapur_medical_educational_amenities.pdf,output/pdf/1971_trimmed/Maharashtra/mededu/Chandrapur_mededu_1971.pdf,1971_Chandrapur_medical_educational_amenities.pdf,Chandrapur_mededu_1971.pdf,1,e58ad8ddc3361b11c8e5a6d8c9f56f46f9218a4ddbbdf3fc3e245c9648a02983
Maharashtra,Dhulia,mededu,medical_educational_amenities,output/pdf/1971_trimmed/Maharashtra/1971_Dhulia_medical_educational_amenities.pdf,output/pdf/1971_trimmed/Maharashtra/mededu/Dhulia_mededu_1971.pdf,1971_Dhulia_medical_educational_amenities.pdf,Dhulia_mededu_1971.pdf,1,79358b2714a8b226af913ff7a9bdfcd578be637caefa4f71c144335236712643
Maharashtra,Jalgaon,mededu,medical_educational_amenities,output/pdf/1971_trimmed/Maharashtra/1971_Jalgaon_medical_educational_amenities.pdf,output/pdf/1971_trimmed/Maharashtra/mededu/Jalgaon_mededu_1971.pdf,1971_Jalgaon_medical_educational_amenities.pdf,Jalgaon_mededu_1971.pdf,1,e1a80614c4d74d36c5b9d1e0cecba831c93b6942192d36e4f2f6ad4a69cb4ab4
Maharashtra,Kolaba,mededu,medical_educational_amenities,output/pdf/1971_trimmed/Maharashtra/1971_Kolaba_medical_educational_amenities.pdf,output/pdf/1971_trimmed/Maharashtra/mededu/Kolaba_mededu_1971.pdf,1971_Kolaba_medical_educational_amenities.pdf,Kolaba_mededu_1971.pdf,1,8bc9ae22401b2e67bdb2d17783987f7a1f03f75ef917f56b75af159506a1bb71
Maharashtra,Kolhapur,mededu,medical_educational_amenities,output/pdf/1971_trimmed/Maharashtra/1971_Kolhapur_medical_educational_amenities.pdf,output/pdf/1971_trimmed/Maharashtra/mededu/Kolhapur_mededu_1971.pdf,1971_Kolhapur_medical_educational_amenities.pdf,Kolhapur_mededu_1971.pdf,1,ff3f77fd3f68fadff10f8e1419d137efcbbcc12b5449f61b44df1f754790c9b0
Maharashtra,Nagpur,mededu,medical_educational_amenities,output/pdf/1971_trimmed/Maharashtra/1971_Nagpur_medical_educational_amenities.pdf,output/pdf/1971_trimmed/Maharashtra/mededu/Nagpur_mededu_1971.pdf,1971_Nagpur_medical_educational_amenities.pdf,Nagpur_mededu_1971.pdf,1,749c012ed03741b726bc5036dd54e6afe4ec5ada60aa3a3818f0f964b244ec93
Maharashtra,Nanded,mededu,medical_educational_amenities,output/pdf/1971_trimmed/Maharashtra/1971_Nanded_medical_educational_amenities.pdf,output/pdf/1971_trimmed/Maharashtra/mededu/Nanded_mededu_1971.pdf,1971_Nanded_medical_educational_amenities.pdf,Nanded_mededu_1971.pdf,1,d7a2909457a0b2b11084fa397ab8a7a2748c5aa0b1e79787549179fe14988577
Maharashtra,Nasik,mededu,medical_educational_amenities,output/pdf/1971_trimmed/Maharashtra/1971_Nasik_medical_educational_amenities.pdf,output/pdf/1971_trimmed/Maharashtra/mededu/Nasik_mededu_1971.pdf,1971_Nasik_medical_educational_amenities.pdf,Nasik_mededu_1971.pdf,2,8ba721b0f032a040f242031715384bcab2d71bc9d8d7c0f0c91ede482dafc272
Maharashtra,Osmanabad,mededu,medical_educational_amenities,output/pdf/1971_trimmed/Maharashtra/1971_Osmanabad_medical_educational_amenities.pdf,output/pdf/1971_trimmed/Maharashtra/mededu/Osmanabad_mededu_1971.pdf,1971_Osmanabad_medical_educational_amenities.pdf,Osmanabad_mededu_1971.pdf,1,1f3b34c09bb8129e5f02eb93c6e2366b3d42f0da84d1da67c982da437bd36764
Maharashtra,Parbhani,mededu,medical_educational_amenities,output/pdf/1971_trimmed/Maharashtra/1971_Parbhani_medical_educational_amenities.pdf,output/pdf/1971_trimmed/Maharashtra/mededu/Parbhani_mededu_1971.pdf,1971_Parbhani_medical_educational_amenities.pdf,Parbhani_mededu_1971.pdf,1,bafc781b1b4307da3c8ec648e303e07a0c14958ef5ac6db63d63a1abb9a74b48
Maharashtra,Pune,mededu,medical_educational_amenities,output/pdf/1971_trimmed/Maharashtra/1971_Pune_medical_educational_amenities.pdf,output/pdf/1971_trimmed/Maharashtra/mededu/Pune_mededu_1971.pdf,1971_Pune_medical_educational_amenities.pdf,Pune_mededu_1971.pdf,2,d1f689f83ed05f68dd2f238a96e56ee2ade5e3657b4243dece40a5d98d033078
Maharashtra,Ratnagiri,mededu,medical_educational_amenities,output/pdf/1971_trimmed/Maharashtra/1971_Ratnagiri_medical_educational_amenities.pdf,output/pdf/1971_trimmed/Maharashtra/mededu/Ratnagiri_mededu_1971.pdf,1971_Ratnagiri_medical_educational_amenities.pdf,Ratnagiri_mededu_1971.pdf,1,49fb098400f34eb9785c8120e1ec19b5d73eb381fee0d712629e7b1adbe68251
Maharashtra,Sangli,mededu,medical_educational_amenities,output/pdf/1971_trimmed/Maharashtra/1971_Sangli_medical_educational_amenities.pdf,output/pdf/1971_trimmed/Maharashtra/mededu/Sangli_mededu_1971.pdf,1971_Sangli_medical_educational_amenities.pdf,Sangli_mededu_1971.pdf,1,6b0cafafad0685a4b680443a7eaadf328449ee84efe9950b37751c715ad4b57b
Maharashtra,Satara,mededu,medical_educational_amenities,output/pdf/1971_trimmed/Maharashtra/1971_Satara_medical_educational_amenities.pdf,output/pdf/1971_trimmed/Maharashtra/mededu/Satara_mededu_1971.pdf,1971_Satara_medical_educational_amenities.pdf,Satara_mededu_1971.pdf,1,f615dca60d2bf804ffe7626d577eead367bf106a9bc75e8a05be0cba6aeb631e
Maharashtra,Sholapur,mededu,medical_educational_amenities,output/pdf/1971_trimmed/Maharashtra/1971_Sholapur_medical_educational_amenities.pdf,output/pdf/1971_trimmed/Maharashtra/mededu/Sholapur_mededu_1971.pdf,1971_Sholapur_medical_educational_amenities.pdf,Sholapur_mededu_1971.pdf,1,c98c5103d58a68d6a097db2f6f1d8b15c51282f5e470da61b1f0285eddf5d1a8
Maharashtra,Thane,mededu,medical_educational_amenities,output/pdf/1971_trimmed/Maharashtra/1971_Thane_medical_educational_amenities.pdf,output/pdf/1971_trimmed/Maharashtra/mededu/Thane_mededu_1971.pdf,1971_Thane_medical_educational_amenities.pdf,Thane_mededu_1971.pdf,2,2957bab5f7f7493d6c96b5c63758056a13c3e807c5f128bccfabbbbdaa8dd0aa
Maharashtra,Wardha,mededu,medical_educational_amenities,output/pdf/1971_trimmed/Maharashtra/1971_Wardha_medical_educational_amenities.pdf,output/pdf/1971_trimmed/Maharashtra/mededu/Wardha_mededu_1971.pdf,1971_Wardha_medical_educational_amenities.pdf,Wardha_mededu_1971.pdf,1,74cf31c3b0db019eaf3f60106d90c7e8359f90d653e29c9bc25937c729d85ef6
Maharashtra,Yavatmal,mededu,medical_educational_amenities,output/pdf/1971_trimmed/Maharashtra/1971_Yavatmal_medical_educational_amenities.pdf,output/pdf/1971_trimmed/Maharashtra/mededu/Yavatmal_mededu_1971.pdf,1971_Yavatmal_medical_educational_amenities.pdf,Yavatmal_mededu_1971.pdf,1,f86f92103e51b30642d51c52a3f9f108bc6cff53365d8dc8c3979aceaf29483a
Manipur,Manipur Central,civic amenities,civic_amenities,output/pdf/1971_trimmed/Manipur/1971_Manipur Central_civic_amenities.pdf,output/pdf/1971_trimmed/Manipur/civic amenities/Manipur Central_civic_1971.pdf,1971_Manipur Central_civic_amenities.pdf,Manipur Central_civic_1971.pdf,1,5d32a492c0be1b27e60024a62dd14c385982233a4e5ceb3fa532a7809c09f11b
Manipur,Manipur South,civic amenities,civic_amenities,output/pdf/1971_trimmed/Manipur/1971_Manipur South_civic_amenities.pdf,output/pdf/1971_trimmed/Manipur/civic amenities/Manipur South_civic_1971.pdf,1971_Manipur South_civic_amenities.pdf,Manipur South_civic_1971.pdf,1,bf9e11b0a5f2f2320f9c113b23f1766a2e330977ebd5d15db9a6f46ca04a09ee
Manipur,Manipur Central,mededu,medical_educational_amenities,output/pdf/1971_trimmed/Manipur/1971_Manipur Central_medical_educational_amenities.pdf,output/pdf/1971_trimmed/Manipur/mededu/Manipur Central_mededu_1971.pdf,1971_Manipur Central_medical_educational_amenities.pdf,Manipur Central_mededu_1971.pdf,2,f4e2313c9d7801a4d335155dc1596528c8dc13482b46f6914718bc792af0e326
Manipur,Manipur South,mededu,medical_educational_amenities,output/pdf/1971_trimmed/Manipur/1971_Manipur South_medical_educational_amenities.pdf,output/pdf/1971_trimmed/Manipur/mededu/Manipur South_mededu_1971.pdf,1971_Manipur South_medical_educational_amenities.pdf,Manipur South_mededu_1971.pdf,2,0a833ff6c3a22f4ccf744738c3006d964f4ccbd20d8f116ade67a45a1a7d2bdb
Manipur,Manipur Central,tehsil appendix,tehsil_appendix,output/pdf/1971_trimmed/Manipur/1971_Manipur Central_tehsil_appendix.pdf,output/pdf/1971_trimmed/Manipur/tehsil appendix/Manipur Central_tehsil_1971.pdf,1971_Manipur Central_tehsil_appendix.pdf,Manipur Central_tehsil_1971.pdf,2,5796f4fb0055ea3dc3448d507da6734c53f45257cd6c00ba6e4203491db38041
Manipur,Manipur North,tehsil appendix,tehsil_appendix,output/pdf/1971_trimmed/Manipur/1971_Manipur North_tehsil_appendix.pdf,output/pdf/1971_trimmed/Manipur/tehsil appendix/Manipur North_tehsil_1971.pdf,1971_Manipur North_tehsil_appendix.pdf,Manipur North_tehsil_1971.pdf,2,a5a3bea26a1cef474aa52f1a48aa2114a33d922c130cf9bc6de3c82cf277b2e8
Manipur,Manipur South,tehsil appendix,tehsil_appendix,output/pdf/1971_trimmed/Manipur/1971_Manipur South_tehsil_appendix.pdf,output/pdf/1971_trimmed/Manipur/tehsil appendix/Manipur South_tehsil_1971.pdf,1971_Manipur South_tehsil_appendix.pdf,Manipur South_tehsil_1971.pdf,2,c38bd3c4c19cce97fc1d42a8568f47ed54c94fe5825a8e504b588604f6071709
Manipur,Manipur West,tehsil appendix,tehsil_appendix,output/pdf/1971_trimmed/Manipur/1971_Manipur West_tehsil_appendix.pdf,output/pdf/1971_trimmed/Manipur/tehsil appendix/Manipur West_tehsil_1971.pdf,1971_Manipur West_tehsil_appendix.pdf,Manipur West_tehsil_1971.pdf,2,def60cd50f278401726a73a3eb8c2efd766ecd30c3b5769e764464af6e37fd6c
Meghalaya,U.K. & J. Hills,civic amenities,civic_amenities,output/pdf/1971_trimmed/Meghalaya/1971_U.K. & J. Hills_civic_amenities.pdf,output/pdf/1971_trimmed/Meghalaya/civic amenities/U.K. & J. Hills_civic_1971.pdf,1971_U.K. & J. Hills_civic_amenities.pdf,U.K. & J. Hills_civic_1971.pdf,1,adf92ea4343aa1476c7ada5342d8f603032d2950d320f2b980c57d4ae8089981
Meghalaya,U.K. & J. Hills,mededu,medical_educational_amenities,output/pdf/1971_trimmed/Meghalaya/1971_U.K. & J. Hills_medical_educational_amenities.pdf,output/pdf/1971_trimmed/Meghalaya/mededu/U.K. & J. Hills_mededu_1971.pdf,1971_U.K. & J. Hills_medical_educational_amenities.pdf,U.K. & J. Hills_mededu_1971.pdf,1,71ee71c2598808536c3832ee9078698c6981e22d340df255c33ac871f1d5a8d4
Meghalaya,U.K. & J. Hills,tehsil appendix,tehsil_appendix,output/pdf/1971_trimmed/Meghalaya/1971_U.K. & J. Hills_tehsil_appendix.pdf,output/pdf/1971_trimmed/Meghalaya/tehsil appendix/U.K. & J. Hills_tehsil_1971.pdf,1971_U.K. & J. Hills_tehsil_appendix.pdf,U.K. & J. Hills_tehsil_1971.pdf,2,e84f2dd476db88f086f5e0361521e87cfe372a1419272369457f140a732c46c1
Nagaland,Mokokchung,civic amenities,civic_amenities,output/pdf/1971_trimmed/Nagaland/1971_Mokokchung_civic_amenities.pdf,output/pdf/1971_trimmed/Nagaland/civic amenities/Mokokchung_civic_1971.pdf,1971_Mokokchung_civic_amenities.pdf,Mokokchung_civic_1971.pdf,1,657dca2708f2fc174b522526fe7025cf460d0b417029cd42f13efeec2dffaffd
Nagaland,Mokokchung,mededu,medical_educational_amenities,output/pdf/1971_trimmed/Nagaland/1971_Mokokchung_medical_educational_amenities.pdf,output/pdf/1971_trimmed/Nagaland/mededu/Mokokchung_mededu_1971.pdf,1971_Mokokchung_medical_educational_amenities.pdf,Mokokchung_mededu_1971.pdf,1,657dca2708f2fc174b522526fe7025cf460d0b417029cd42f13efeec2dffaffd
Nagaland,Mokokchung,tehsil appendix,tehsil_appendix,output/pdf/1971_trimmed/Nagaland/1971_Mokokchung_tehsil_appendix.pdf,output/pdf/1971_trimmed/Nagaland/tehsil appendix/Mokokchung_tehsil_1971.pdf,1971_Mokokchung_tehsil_appendix.pdf,Mokokchung_tehsil_1971.pdf,2,d374dfa60d9dc84e6b9da8995c290e336e601ddba0638552461cbc05d90457c4
Nagaland,Tuensang,tehsil appendix,tehsil_appendix,output/pdf/1971_trimmed/Nagaland/1971_Tuensang_tehsil_appendix.pdf,output/pdf/1971_trimmed/Nagaland/tehsil appendix/Tuensang_tehsil_1971.pdf,1971_Tuensang_tehsil_appendix.pdf,Tuensang_tehsil_1971.pdf,2,3aa9520254d6e6bf9715315c8156197cf0525c9ed8d4b7adbbbca6f92a221735
Orissa,Puri,civic amenities,civic_amenities,output/pdf/1971_trimmed/Orissa/1971_Puri_civic_amenities.pdf,output/pdf/1971_trimmed/Orissa/civic amenities/Puri_civic_1971.pdf,1971_Puri_civic_amenities.pdf,Puri_civic_1971.pdf,1,9906fa293d16dba2b93fe4b9b8efc6232ed12b763ce298f68c0223c4b4cd9c49
Orissa,Puri,mededu,medical_educational_amenities,output/pdf/1971_trimmed/Orissa/1971_Puri_medical_educational_amenities.pdf,output/pdf/1971_trimmed/Orissa/mededu/Puri_mededu_1971.pdf,1971_Puri_medical_educational_amenities.pdf,Puri_mededu_1971.pdf,1,852165b6577bd214ce8d4fa9964a0edb06b092a033cd709ad6fb1dbbbf3d4da8
Orissa,Puri,tehsil appendix,tehsil_appendix,output/pdf/1971_trimmed/Orissa/1971_Puri_tehsil_appendix.pdf,output/pdf/1971_trimmed/Orissa/tehsil appendix/Puri_tehsil_1971.pdf,1971_Puri_tehsil_appendix.pdf,Puri_tehsil_1971.pdf,2,c4897c2e9546dfc3c88157bc26242b163ccce535e013174e65e735c91e725b58
Punjab,Firozpur,civic amenities,civic_amenities,output/pdf/1971_trimmed/Punjab/1971_Firozpur_civic_amenities.pdf,output/pdf/1971_trimmed/Punjab/civic amenities/Firozpur_civic_1971.pdf,1971_Firozpur_civic_amenities.pdf,Firozpur_civic_1971.pdf,1,fd09ed689e515e0011520501c38cdf3ad650af03c59ed668944548476447590a
Punjab,Hoshiarpur,civic amenities,civic_amenities,output/pdf/1971_trimmed/Punjab/1971_Hoshiarpur_civic_amenities.pdf,output/pdf/1971_trimmed/Punjab/civic amenities/Hoshiarpur_civic_1971.pdf,1971_Hoshiarpur_civic_amenities.pdf,Hoshiarpur_civic_1971.pdf,1,19c945780824ee8964c98e4c898a9c3799f921931267f0d46ff072fbad03eb86
Punjab,Jullundur,civic amenities,civic_amenities,output/pdf/1971_trimmed/Punjab/1971_Jullundur_civic_amenities.pdf,output/pdf/1971_trimmed/Punjab/civic amenities/Jullundur_civic_1971.pdf,1971_Jullundur_civic_amenities.pdf,Jullundur_civic_1971.pdf,1,239962a5719695c351dd794b3d6a852ac4888003ef9b81337e538f7aa80e97c2
Punjab,Ludhiana,civic amenities,civic_amenities,output/pdf/1971_trimmed/Punjab/1971_Ludhiana_civic_amenities.pdf,output/pdf/1971_trimmed/Punjab/civic amenities/Ludhiana_civic_1971.pdf,1971_Ludhiana_civic_amenities.pdf,Ludhiana_civic_1971.pdf,1,7e1e6936587416000a27bb075e1773378d8986abe522e84af6e349becdc087b9
Punjab,Patiala,civic amenities,civic_amenities,output/pdf/1971_trimmed/Punjab/1971_Patiala_civic_amenities.pdf,output/pdf/1971_trimmed/Punjab/civic amenities/Patiala_civic_1971.pdf,1971_Patiala_civic_amenities.pdf,Patiala_civic_1971.pdf,1,8c71b53d8d3f548a7b3d51b89ade7b3e932d08ee7697c08e897e7584aa6162b7
Punjab,Rupnagar,civic amenities,civic_amenities,output/pdf/1971_trimmed/Punjab/1971_Rupnagar_civic_amenities.pdf,output/pdf/1971_trimmed/Punjab/civic amenities/Rupnagar_civic_1971.pdf,1971_Rupnagar_civic_amenities.pdf,Rupnagar_civic_1971.pdf,1,f1c1e51b1cc87f91ca8292a959400e680057c53c88c2413a829a55f78c7a405f
Punjab,Sangrur,civic amenities,civic_amenities,output/pdf/1971_trimmed/Punjab/1971_Sangrur_civic_amenities.pdf,output/pdf/1971_trimmed/Punjab/civic amenities/Sangrur_civic_1971.pdf,1971_Sangrur_civic_amenities.pdf,Sangrur_civic_1971.pdf,1,178fd388e8d34671372ca7acf69f041457ceabde4be12a66a14d5635a123c330
Punjab,Firozpur,mededu,medical_educational_amenities,output/pdf/1971_trimmed/Punjab/1971_Firozpur_medical_educational_amenities.pdf,output/pdf/1971_trimmed/Punjab/mededu/Firozpur_mededu_1971.pdf,1971_Firozpur_medical_educational_amenities.pdf,Firozpur_mededu_1971.pdf,1,95fb780f16b0a59eec9a31181ea69c94a882c6e5e7dfa9b8c47f3fcf42ccc2d7
Punjab,Hoshiarpur,mededu,medical_educational_amenities,output/pdf/1971_trimmed/Punjab/1971_Hoshiarpur_medical_educational_amenities.pdf,output/pdf/1971_trimmed/Punjab/mededu/Hoshiarpur_mededu_1971.pdf,1971_Hoshiarpur_medical_educational_amenities.pdf,Hoshiarpur_mededu_1971.pdf,1,06e91528ca6537a5412ad68155a5c0eb72bfcaaf1d8e9b49f26be38d54d68fe5
Punjab,Jullundur,mededu,medical_educational_amenities,output/pdf/1971_trimmed/Punjab/1971_Jullundur_medical_educational_amenities.pdf,output/pdf/1971_trimmed/Punjab/mededu/Jullundur_mededu_1971.pdf,1971_Jullundur_medical_educational_amenities.pdf,Jullundur_mededu_1971.pdf,1,e83a8db00699d205f6594be9263cd21f9eba49860ead7bbe879e76e7626dc3fe
Punjab,Ludhiana,mededu,medical_educational_amenities,output/pdf/1971_trimmed/Punjab/1971_Ludhiana_medical_educational_amenities.pdf,output/pdf/1971_trimmed/Punjab/mededu/Ludhiana_mededu_1971.pdf,1971_Ludhiana_medical_educational_amenities.pdf,Ludhiana_mededu_1971.pdf,1,cf981956da7457e124853573ebc14cb2263499553418006b9b4e23b4065c4359
Punjab,Patiala,mededu,medical_educational_amenities,output/pdf/1971_trimmed/Punjab/1971_Patiala_medical_educational_amenities.pdf,output/pdf/1971_trimmed/Punjab/mededu/Patiala_mededu_1971.pdf,1971_Patiala_medical_educational_amenities.pdf,Patiala_mededu_1971.pdf,1,510903a674bfcd855fe6f449969abb60c3194b558e8c962383bf97ab89b87f85
Punjab,Rupnagar,mededu,medical_educational_amenities,output/pdf/1971_trimmed/Punjab/1971_Rupnagar_medical_educational_amenities.pdf,output/pdf/1971_trimmed/Punjab/mededu/Rupnagar_mededu_1971.pdf,1971_Rupnagar_medical_educational_amenities.pdf,Rupnagar_mededu_1971.pdf,1,a2262ef2fc9f471773af80cdc5d114bb8283e0d517d0909987926f0feba144a7
Punjab,Sangrur,mededu,medical_educational_amenities,output/pdf/1971_trimmed/Punjab/1971_Sangrur_medical_educational_amenities.pdf,output/pdf/1971_trimmed/Punjab/mededu/Sangrur_mededu_1971.pdf,1971_Sangrur_medical_educational_amenities.pdf,Sangrur_mededu_1971.pdf,1,9a2ebf91a549e342de62354ce8db11c8d663f783b1ea44691a19ef29d8984c73
Punjab,Firozpur,tehsil appendix,tehsil_appendix,output/pdf/1971_trimmed/Punjab/1971_Firozpur_tehsil_appendix.pdf,output/pdf/1971_trimmed/Punjab/tehsil appendix/Firozpur_tehsil_1971.pdf,1971_Firozpur_tehsil_appendix.pdf,Firozpur_tehsil_1971.pdf,2,08334772574b65aa2cc168d1f630f090ac4c713529058521f709ef86191f3acc
Punjab,Hoshiarpur,tehsil appendix,tehsil_appendix,output/pdf/1971_trimmed/Punjab/1971_Hoshiarpur_tehsil_appendix.pdf,output/pdf/1971_trimmed/Punjab/tehsil appendix/Hoshiarpur_tehsil_1971.pdf,1971_Hoshiarpur_tehsil_appendix.pdf,Hoshiarpur_tehsil_1971.pdf,2,8d156a87cd0294a3cbcb77f1b6b37294c7a93ecf3048b29512a79e283ee6ad7a
Punjab,Jullundur,tehsil appendix,tehsil_appendix,output/pdf/1971_trimmed/Punjab/1971_Jullundur_tehsil_appendix.pdf,output/pdf/1971_trimmed/Punjab/tehsil appendix/Jullundur_tehsil_1971.pdf,1971_Jullundur_tehsil_appendix.pdf,Jullundur_tehsil_1971.pdf,2,b50dea33f3d3a86ca4a70ec6abde3685710c4fcb6b60c111d544a0441154b8c5
Punjab,Ludhiana,tehsil appendix,tehsil_appendix,output/pdf/1971_trimmed/Punjab/1971_Ludhiana_tehsil_appendix.pdf,output/pdf/1971_trimmed/Punjab/tehsil appendix/Ludhiana_tehsil_1971.pdf,1971_Ludhiana_tehsil_appendix.pdf,Ludhiana_tehsil_1971.pdf,2,6abcbd00e028495029713446d7da6380005312f2235bf47805ca2c8a3118e300
Punjab,Patiala,tehsil appendix,tehsil_appendix,output/pdf/1971_trimmed/Punjab/1971_Patiala_tehsil_appendix.pdf,output/pdf/1971_trimmed/Punjab/tehsil appendix/Patiala_tehsil_1971.pdf,1971_Patiala_tehsil_appendix.pdf,Patiala_tehsil_1971.pdf,2,bd01a2643a800839c4f8b8f23c39a08893250d4f0ce224cf60f976a85e2b0573
Punjab,Rupnagar,tehsil appendix,tehsil_appendix,output/pdf/1971_trimmed/Punjab/1971_Rupnagar_tehsil_appendix.pdf,output/pdf/1971_trimmed/Punjab/tehsil appendix/Rupnagar_tehsil_1971.pdf,1971_Rupnagar_tehsil_appendix.pdf,Rupnagar_tehsil_1971.pdf,3,2abe46e42cc20a445a2d09963cdea844b737c52a7e80d9bff79ccf8ddcc7b665
Punjab,Sangrur,tehsil appendix,tehsil_appendix,output/pdf/1971_trimmed/Punjab/1971_Sangrur_tehsil_appendix.pdf,output/pdf/1971_trimmed/Punjab/tehsil appendix/Sangrur_tehsil_1971.pdf,1971_Sangrur_tehsil_appendix.pdf,Sangrur_tehsil_1971.pdf,2,ec7a8ef9e2dc6a0077c3f96cb966256fda9170ce7a468551b84c6d229bb05ce7
Rajasthan,Ajmer,civic amenities,civic_amenities,output/pdf/1971_trimmed/Rajasthan/1971_Ajmer_civic_amenities.pdf,output/pdf/1971_trimmed/Rajasthan/civic amenities/Ajmer_civic_1971.pdf,1971_Ajmer_civic_amenities.pdf,Ajmer_civic_1971.pdf,1,7c7ccf2dd4b069ecc804dc787305266e7b9c45d15af0bbb16fce41d12901fd4b
Rajasthan,Alwar,civic amenities,civic_amenities,output/pdf/1971_trimmed/Rajasthan/1971_Alwar_civic_amenities.pdf,output/pdf/1971_trimmed/Rajasthan/civic amenities/Alwar_civic_1971.pdf,1971_Alwar_civic_amenities.pdf,Alwar_civic_1971.pdf,1,0cd456359e31ab62df260dfebed2b1c08359221481ed925f6d2fb46c1e41d473
Rajasthan,Banswara,civic amenities,civic_amenities,output/pdf/1971_trimmed/Rajasthan/1971_Banswara_civic_amenities.pdf,output/pdf/1971_trimmed/Rajasthan/civic amenities/Banswara_civic_1971.pdf,1971_Banswara_civic_amenities.pdf,Banswara_civic_1971.pdf,1,ab00f5bfccb442e28f96df26a037a282644f12851e1df7c1d53e7355a372166f
Rajasthan,Barmer,civic amenities,civic_amenities,output/pdf/1971_trimmed/Rajasthan/1971_Barmer_civic_amenities.pdf,output/pdf/1971_trimmed/Rajasthan/civic amenities/Barmer_civic_1971.pdf,1971_Barmer_civic_amenities.pdf,Barmer_civic_1971.pdf,1,420cbfb224358cc75c2d668983a9bb7ef1212649295358dd4f5066af2d6709d4
Rajasthan,Bharatpur,civic amenities,civic_amenities,output/pdf/1971_trimmed/Rajasthan/1971_Bharatpur_civic_amenities.pdf,output/pdf/1971_trimmed/Rajasthan/civic amenities/Bharatpur_civic_1971.pdf,1971_Bharatpur_civic_amenities.pdf,Bharatpur_civic_1971.pdf,1,1eeb4650182d643e9788e700ffc9fdaaca15392477442ad42d78162503f1a3bc
Rajasthan,Bhilwara,civic amenities,civic_amenities,output/pdf/1971_trimmed/Rajasthan/1971_Bhilwara_civic_amenities.pdf,output/pdf/1971_trimmed/Rajasthan/civic amenities/Bhilwara_civic_1971.pdf,1971_Bhilwara_civic_amenities.pdf,Bhilwara_civic_1971.pdf,1,103cbe7da1e5ed73d812a936b9ca396333af08e81fd3732c142d221a88f58591
Rajasthan,Bikaner,civic amenities,civic_amenities,output/pdf/1971_trimmed/Rajasthan/1971_Bikaner_civic_amenities.pdf,output/pdf/1971_trimmed/Rajasthan/civic amenities/Bikaner_civic_1971.pdf,1971_Bikaner_civic_amenities.pdf,Bikaner_civic_1971.pdf,1,bbee9c60c582f948504eff8d9876e6eafb55942d200dab7a8c23837e9e4912ca
Rajasthan,Bundi,civic amenities,civic_amenities,output/pdf/1971_trimmed/Rajasthan/1971_Bundi_civic_amenities.pdf,output/pdf/1971_trimmed/Rajasthan/civic amenities/Bundi_civic_1971.pdf,1971_Bundi_civic_amenities.pdf,Bundi_civic_1971.pdf,1,3921c581af4c2951d46264cbd0a29f86672e83cacafd59653a8f9157ecd2e9ec
Rajasthan,Chittaurgarh,civic amenities,civic_amenities,output/pdf/1971_trimmed/Rajasthan/1971_Chittaurgarh_civic_amenities.pdf,output/pdf/1971_trimmed/Rajasthan/civic amenities/Chittaurgarh_civic_1971.pdf,1971_Chittaurgarh_civic_amenities.pdf,Chittaurgarh_civic_1971.pdf,1,0e57f354a65d68ff31e9275e604989fc0ac0049a3e89e60feacb02d411c5c431
Rajasthan,Churu,civic amenities,civic_amenities,output/pdf/1971_trimmed/Rajasthan/1971_Churu_civic_amenities.pdf,output/pdf/1971_trimmed/Rajasthan/civic amenities/Churu_civic_1971.pdf,1971_Churu_civic_amenities.pdf,Churu_civic_1971.pdf,1,28c0c651a7255662d5e4efd5553778333d4c492a806a85dd02f00e66982d1122
Rajasthan,Dungarpur,civic amenities,civic_amenities,output/pdf/1971_trimmed/Rajasthan/1971_Dungarpur_civic_amenities.pdf,output/pdf/1971_trimmed/Rajasthan/civic amenities/Dungarpur_civic_1971.pdf,1971_Dungarpur_civic_amenities.pdf,Dungarpur_civic_1971.pdf,1,2816a08bd99506d260e37b4baa82de5735960d9dd42b02beda9157498dec5d32
Rajasthan,Ganganagar,civic amenities,civic_amenities,output/pdf/1971_trimmed/Rajasthan/1971_Ganganagar_civic_amenities.pdf,output/pdf/1971_trimmed/Rajasthan/civic amenities/Ganganagar_civic_1971.pdf,1971_Ganganagar_civic_amenities.pdf,Ganganagar_civic_1971.pdf,1,e95061c08cd752a821d42ededc2f6dcb2f4a55d830a9e8de5dc621549656b1c1
Rajasthan,Jaipur,civic amenities,civic_amenities,output/pdf/1971_trimmed/Rajasthan/1971_Jaipur_civic_amenities.pdf,output/pdf/1971_trimmed/Rajasthan/civic amenities/Jaipur_civic_1971.pdf,1971_Jaipur_civic_amenities.pdf,Jaipur_civic_1971.pdf,1,2c8fd41cc4ba1fdf5c8ee96f098a2f51c9d220672108d9e6fd7ba3d57790acf6
Rajasthan,Jaisalmer,civic amenities,civic_amenities,output/pdf/1971_trimmed/Rajasthan/1971_Jaisalmer_civic_amenities.pdf,output/pdf/1971_trimmed/Rajasthan/civic amenities/Jaisalmer_civic_1971.pdf,1971_Jaisalmer_civic_amenities.pdf,Jaisalmer_civic_1971.pdf,1,a4f154ae5cdb3f0cc53b24d4098d585b6de05cebb71a4863c1bd17a035359fd6
Rajasthan,Jhalawar,civic amenities,civic_amenities,output/pdf/1971_trimmed/Rajasthan/1971_Jhalawar_civic_amenities.pdf,output/pdf/1971_trimmed/Rajasthan/civic amenities/Jhalawar_civic_1971.pdf,1971_Jhalawar_civic_amenities.pdf,Jhalawar_civic_1971.pdf,1,e65e9fb47fe36e0e7903533378cced682780ac8277ff84439acb17507cbe0aa8
Rajasthan,Jhunjhunun,civic amenities,civic_amenities,output/pdf/1971_trimmed/Rajasthan/1971_Jhunjhunun_civic_amenities.pdf,output/pdf/1971_trimmed/Rajasthan/civic amenities/Jhunjhunun_civic_1971.pdf,1971_Jhunjhunun_civic_amenities.pdf,Jhunjhunun_civic_1971.pdf,1,59c71dafaa6b33c111015feb760f28bda3644e20be7f8cebc8b374d8e3d0cb7a
Rajasthan,Jodhpur,civic amenities,civic_amenities,output/pdf/1971_trimmed/Rajasthan/1971_Jodhpur_civic_amenities.pdf,output/pdf/1971_trimmed/Rajasthan/civic amenities/Jodhpur_civic_1971.pdf,1971_Jodhpur_civic_amenities.pdf,Jodhpur_civic_1971.pdf,1,a783ab5242d0675a612402ef94dfb686ad49cf48f099e3ca89b7abee26e5acf7
Rajasthan,Kota,civic amenities,civic_amenities,output/pdf/1971_trimmed/Rajasthan/1971_Kota_civic_amenities.pdf,output/pdf/1971_trimmed/Rajasthan/civic amenities/Kota_civic_1971.pdf,1971_Kota_civic_amenities.pdf,Kota_civic_1971.pdf,1,50523013a507020af2a85ca5e1ab0f74630167c07b270aaab4c7bdb80b4d40f8
Rajasthan,Nagaur,civic amenities,civic_amenities,output/pdf/1971_trimmed/Rajasthan/1971_Nagaur_civic_amenities.pdf,output/pdf/1971_trimmed/Rajasthan/civic amenities/Nagaur_civic_1971.pdf,1971_Nagaur_civic_amenities.pdf,Nagaur_civic_1971.pdf,1,cf2a51a0047190446e8d73994ad992dfedeff2bae6989d7960e0786cedc38b65
Rajasthan,Pali,civic amenities,civic_amenities,output/pdf/1971_trimmed/Rajasthan/1971_Pali_civic_amenities.pdf,output/pdf/1971_trimmed/Rajasthan/civic amenities/Pali_civic_1971.pdf,1971_Pali_civic_amenities.pdf,Pali_civic_1971.pdf,1,ee62b49610ddcb8331a2e5bbed533ba076b285f3b73fa50429ed7f84d42c70bc
Rajasthan,Sawai Madhopur,civic amenities,civic_amenities,output/pdf/1971_trimmed/Rajasthan/1971_Sawai Madhopur_civic_amenities.pdf,output/pdf/1971_trimmed/Rajasthan/civic amenities/Sawai Madhopur_civic_1971.pdf,1971_Sawai Madhopur_civic_amenities.pdf,Sawai Madhopur_civic_1971.pdf,1,4be3edd25a64b34e115895d93a1d4849741bcba19d07ba90614f43d30a669a45
Rajasthan,Sikar,civic amenities,civic_amenities,output/pdf/1971_trimmed/Rajasthan/1971_Sikar_civic_amenities.pdf,output/pdf/1971_trimmed/Rajasthan/civic amenities/Sikar_civic_1971.pdf,1971_Sikar_civic_amenities.pdf,Sikar_civic_1971.pdf,1,7953bef1bb10f5896909f0643efe21eac379f4ba8a05038b614f7e52989ae8ab
Rajasthan,Sirohi,civic amenities,civic_amenities,output/pdf/1971_trimmed/Rajasthan/1971_Sirohi_civic_amenities.pdf,output/pdf/1971_trimmed/Rajasthan/civic amenities/Sirohi_civic_1971.pdf,1971_Sirohi_civic_amenities.pdf,Sirohi_civic_1971.pdf,1,e25fd99b6b8625f8e601094e08e55c59ca97a260acf858a538e80e06ad75cb29
Rajasthan,Tonk,civic amenities,civic_amenities,output/pdf/1971_trimmed/Rajasthan/1971_Tonk_civic_amenities.pdf,output/pdf/1971_trimmed/Rajasthan/civic amenities/Tonk_civic_1971.pdf,1971_Tonk_civic_amenities.pdf,Tonk_civic_1971.pdf,1,6f77dd0211dbd4b324e26ff16b1f84016bf536ff5ad0ed457860f55b9fa93453
Rajasthan,Udaipur,civic amenities,civic_amenities,output/pdf/1971_trimmed/Rajasthan/1971_Udaipur_civic_amenities.pdf,output/pdf/1971_trimmed/Rajasthan/civic amenities/Udaipur_civic_1971.pdf,1971_Udaipur_civic_amenities.pdf,Udaipur_civic_1971.pdf,1,f94fa38b69bc5d57b708b306def0ef1aaef48b15288b2be9a025926562e0631e
Rajasthan,Ajmer,mededu,medical_educational_amenities,output/pdf/1971_trimmed/Rajasthan/1971_Ajmer_medical_educational_amenities.pdf,output/pdf/1971_trimmed/Rajasthan/mededu/Ajmer_mededu_1971.pdf,1971_Ajmer_medical_educational_amenities.pdf,Ajmer_mededu_1971.pdf,1,c03675e19c6f157db63763a9baf26bd78504c2c481be3e71a90a8422fcc5f91b
Rajasthan,Alwar,mededu,medical_educational_amenities,output/pdf/1971_trimmed/Rajasthan/1971_Alwar_medical_educational_amenities.pdf,output/pdf/1971_trimmed/Rajasthan/mededu/Alwar_mededu_1971.pdf,1971_Alwar_medical_educational_amenities.pdf,Alwar_mededu_1971.pdf,1,fbdf3cd5ee13cbc254f908a80ea29937c0416283f47aaba2863c2daf10151196
Rajasthan,Banswara,mededu,medical_educational_amenities,output/pdf/1971_trimmed/Rajasthan/1971_Banswara_medical_educational_amenities.pdf,output/pdf/1971_trimmed/Rajasthan/mededu/Banswara_mededu_1971.pdf,1971_Banswara_medical_educational_amenities.pdf,Banswara_mededu_1971.pdf,1,1fdab61a0915c23620a46795fb394a80aa7d2d02ca5e04d20e2caa5829f6f950
Rajasthan,Barmer,mededu,medical_educational_amenities,output/pdf/1971_trimmed/Rajasthan/1971_Barmer_medical_educational_amenities.pdf,output/pdf/1971_trimmed/Rajasthan/mededu/Barmer_mededu_1971.pdf,1971_Barmer_medical_educational_amenities.pdf,Barmer_mededu_1971.pdf,1,63a982c8cf40509662c6fd0607b2298a07a2d28663d15cd34813633b8adda7e3
Rajasthan,Bharatpur,mededu,medical_educational_amenities,output/pdf/1971_trimmed/Rajasthan/1971_Bharatpur_medical_educational_amenities.pdf,output/pdf/1971_trimmed/Rajasthan/mededu/Bharatpur_mededu_1971.pdf,1971_Bharatpur_medical_educational_amenities.pdf,Bharatpur_mededu_1971.pdf,1,5491b13712d16f383b87c5c95e736fc1165016b6119c9badc04acd331c5c4689
Rajasthan,Bhilwara,mededu,medical_educational_amenities,output/pdf/1971_trimmed/Rajasthan/1971_Bhilwara_medical_educational_amenities.pdf,output/pdf/1971_trimmed/Rajasthan/mededu/Bhilwara_mededu_1971.pdf,1971_Bhilwara_medical_educational_amenities.pdf,Bhilwara_mededu_1971.pdf,1,0e2fa38be343d58afcfb6a975cd475095d7b9a02e0e66f4f4f0a2cedc8f5c9f3
Rajasthan,Bikaner,mededu,medical_educational_amenities,output/pdf/1971_trimmed/Rajasthan/1971_Bikaner_medical_educational_amenities.pdf,output/pdf/1971_trimmed/Rajasthan/mededu/Bikaner_mededu_1971.pdf,1971_Bikaner_medical_educational_amenities.pdf,Bikaner_mededu_1971.pdf,1,ccd84962564c8b5b35868c500ff78d1a713122cadcc93d65a41816964d064263
Rajasthan,Bundi,mededu,medical_educational_amenities,output/pdf/1971_trimmed/Rajasthan/1971_Bundi_medical_educational_amenities.pdf,output/pdf/1971_trimmed/Rajasthan/mededu/Bundi_mededu_1971.pdf,1971_Bundi_medical_educational_amenities.pdf,Bundi_mededu_1971.pdf,1,dad9cf11275fda88f14d5b1368d304d0d61680ef954deb9dd27da629d648a401
Rajasthan,Chittaurgarh,mededu,medical_educational_amenities,output/pdf/1971_trimmed/Rajasthan/1971_Chittaurgarh_medical_educational_amenities.pdf,output/pdf/1971_trimmed/Rajasthan/mededu/Chittaurgarh_mededu_1971.pdf,1971_Chittaurgarh_medical_educational_amenities.pdf,Chittaurgarh_mededu_1971.pdf,1,95300718d9ab3d5032a5d883b22f019a38de19517c99a627d2bf42f364440545
Rajasthan,Churu,mededu,medical_educational_amenities,output/pdf/1971_trimmed/Rajasthan/1971_Churu_medical_educational_amenities.pdf,output/pdf/1971_trimmed/Rajasthan/mededu/Churu_mededu_1971.pdf,1971_Churu_medical_educational_amenities.pdf,Churu_mededu_1971.pdf,1,f4aa00bb1ace1f6d621d608a62b52e000f25e5a3f037337b66e5cd51b44e8358
Rajasthan,Dungarpur,mededu,medical_educational_amenities,output/pdf/1971_trimmed/Rajasthan/1971_Dungarpur_medical_educational_amenities.pdf,output/pdf/1971_trimmed/Rajasthan/mededu/Dungarpur_mededu_1971.pdf,1971_Dungarpur_medical_educational_amenities.pdf,Dungarpur_mededu_1971.pdf,1,13096405ddc8830472464c968c65bfdce460a6bb6da4aef4e1f580c98ba6232a
Rajasthan,Ganganagar,mededu,medical_educational_amenities,output/pdf/1971_trimmed/Rajasthan/1971_Ganganagar_medical_educational_amenities.pdf,output/pdf/1971_trimmed/Rajasthan/mededu/Ganganagar_mededu_1971.pdf,1971_Ganganagar_medical_educational_amenities.pdf,Ganganagar_mededu_1971.pdf,2,29fc46eb254c42805c64b9bcc68600f03506647ed1790ea5ffc8af84f2ce7c79
Rajasthan,Jaipur,mededu,medical_educational_amenities,output/pdf/1971_trimmed/Rajasthan/1971_Jaipur_medical_educational_amenities.pdf,output/pdf/1971_trimmed/Rajasthan/mededu/Jaipur_mededu_1971.pdf,1971_Jaipur_medical_educational_amenities.pdf,Jaipur_mededu_1971.pdf,2,862bb999ce9b3f3b836a2356f43906903527e416e7cde04f595e06142459a5f6
Rajasthan,Jaisalmer,mededu,medical_educational_amenities,output/pdf/1971_trimmed/Rajasthan/1971_Jaisalmer_medical_educational_amenities.pdf,output/pdf/1971_trimmed/Rajasthan/mededu/Jaisalmer_mededu_1971.pdf,1971_Jaisalmer_medical_educational_amenities.pdf,Jaisalmer_mededu_1971.pdf,1,b3851f5543314aa54735482d66b8e316db5b068c83fae28d927583e723d7f515
Rajasthan,Jhalawar,mededu,medical_educational_amenities,output/pdf/1971_trimmed/Rajasthan/1971_Jhalawar_medical_educational_amenities.pdf,output/pdf/1971_trimmed/Rajasthan/mededu/Jhalawar_mededu_1971.pdf,1971_Jhalawar_medical_educational_amenities.pdf,Jhalawar_mededu_1971.pdf,1,40933756cfbce7be365822406965677fafaf88da40d2a103e5bf96cd9930c127
Rajasthan,Jhunjhunun,mededu,medical_educational_amenities,output/pdf/1971_trimmed/Rajasthan/1971_Jhunjhunun_medical_educational_amenities.pdf,output/pdf/1971_trimmed/Rajasthan/mededu/Jhunjhunun_mededu_1971.pdf,1971_Jhunjhunun_medical_educational_amenities.pdf,Jhunjhunun_mededu_1971.pdf,2,e6b68771a449cdcf927968d8f2e93f554519fb8db8ba4074a5d8cfeb7ef9d5a7
Rajasthan,Jodhpur,mededu,medical_educational_amenities,output/pdf/1971_trimmed/Rajasthan/1971_Jodhpur_medical_educational_amenities.pdf,output/pdf/1971_trimmed/Rajasthan/mededu/Jodhpur_mededu_1971.pdf,1971_Jodhpur_medical_educational_amenities.pdf,Jodhpur_mededu_1971.pdf,1,951cff1c19816f5b10c82f1002b5db18107bbaf81625992a4a050b22cab66c7a
Rajasthan,Kota,mededu,medical_educational_amenities,output/pdf/1971_trimmed/Rajasthan/1971_Kota_medical_educational_amenities.pdf,output/pdf/1971_trimmed/Rajasthan/mededu/Kota_mededu_1971.pdf,1971_Kota_medical_educational_amenities.pdf,Kota_mededu_1971.pdf,1,7f0bdb7ca5a37fa72b3c9259199b72669a9f4752181c58bb0577e1e6d7cf86d7
Rajasthan,Nagaur,mededu,medical_educational_amenities,output/pdf/1971_trimmed/Rajasthan/1971_Nagaur_medical_educational_amenities.pdf,output/pdf/1971_trimmed/Rajasthan/mededu/Nagaur_mededu_1971.pdf,1971_Nagaur_medical_educational_amenities.pdf,Nagaur_mededu_1971.pdf,1,1cbdfaa99426474cf6f27f7f201867e26d5c047c8c8cc1246f967a7056ea4681
Rajasthan,Pali,mededu,medical_educational_amenities,output/pdf/1971_trimmed/Rajasthan/1971_Pali_medical_educational_amenities.pdf,output/pdf/1971_trimmed/Rajasthan/mededu/Pali_mededu_1971.pdf,1971_Pali_medical_educational_amenities.pdf,Pali_mededu_1971.pdf,1,367e490ad788bc078aace1341b1eb41bd5ea38f6f0e707812b4c0dbc16beab80
Rajasthan,Sawai Madhopur,mededu,medical_educational_amenities,output/pdf/1971_trimmed/Rajasthan/1971_Sawai Madhopur_medical_educational_amenities.pdf,output/pdf/1971_trimmed/Rajasthan/mededu/Sawai Madhopur_mededu_1971.pdf,1971_Sawai Madhopur_medical_educational_amenities.pdf,Sawai Madhopur_mededu_1971.pdf,1,981948e556f48a9e58d2be1ef4deca152e5b78577e9b366fde7c50108529775a
Rajasthan,Sikar,mededu,medical_educational_amenities,output/pdf/1971_trimmed/Rajasthan/1971_Sikar_medical_educational_amenities.pdf,output/pdf/1971_trimmed/Rajasthan/mededu/Sikar_mededu_1971.pdf,1971_Sikar_medical_educational_amenities.pdf,Sikar_mededu_1971.pdf,1,711b5d08d2b01e73ea1ff7f148a211431f37cd8cd294a98b0d091a40a658a7c5
Rajasthan,Sirohi,mededu,medical_educational_amenities,output/pdf/1971_trimmed/Rajasthan/1971_Sirohi_medical_educational_amenities.pdf,output/pdf/1971_trimmed/Rajasthan/mededu/Sirohi_mededu_1971.pdf,1971_Sirohi_medical_educational_amenities.pdf,Sirohi_mededu_1971.pdf,1,26fd8e7fe6727d6e046a70a507c118999a5e85b0840c8de5549d65d0fb52bf83
Rajasthan,Tonk,mededu,medical_educational_amenities,output/pdf/1971_trimmed/Rajasthan/1971_Tonk_medical_educational_amenities.pdf,output/pdf/1971_trimmed/Rajasthan/mededu/Tonk_mededu_1971.pdf,1971_Tonk_medical_educational_amenities.pdf,Tonk_mededu_1971.pdf,1,22edde594c9c22353434b55e9da46d20acfbb1a3e2237d79a3eef4290acee652
Rajasthan,Udaipur,mededu,medical_educational_amenities,output/pdf/1971_trimmed/Rajasthan/1971_Udaipur_medical_educational_amenities.pdf,output/pdf/1971_trimmed/Rajasthan/mededu/Udaipur_mededu_1971.pdf,1971_Udaipur_medical_educational_amenities.pdf,Udaipur_mededu_1971.pdf,1,f3e0e9ce1c60d9824638811bac318cb25e5b643c1102fcebc0e76516fe347286
Rajasthan,Ajmer,tehsil appendix,tehsil_appendix,output/pdf/1971_trimmed/Rajasthan/1971_Ajmer_tehsil_appendix.pdf,output/pdf/1971_trimmed/Rajasthan/tehsil appendix/Ajmer_tehsil_1971.pdf,1971_Ajmer_tehsil_appendix.pdf,Ajmer_tehsil_1971.pdf,2,89df7777caf0eebfd3c1297583287f1e3a4e69de88d56371c5ff175a19e81a57
Rajasthan,Alwar,tehsil appendix,tehsil_appendix,output/pdf/1971_trimmed/Rajasthan/1971_Alwar_tehsil_appendix.pdf,output/pdf/1971_trimmed/Rajasthan/tehsil appendix/Alwar_tehsil_1971.pdf,1971_Alwar_tehsil_appendix.pdf,Alwar_tehsil_1971.pdf,2,438f88396bb8941bda7ad2bdc377c2a81722657269e9c82d8bea0b2f110983f7
Rajasthan,Banswara,tehsil appendix,tehsil_appendix,output/pdf/1971_trimmed/Rajasthan/1971_Banswara_tehsil_appendix.pdf,output/pdf/1971_trimmed/Rajasthan/tehsil appendix/Banswara_tehsil_1971.pdf,1971_Banswara_tehsil_appendix.pdf,Banswara_tehsil_1971.pdf,2,e2b6d7ceb524598f96aa1d18021cf777a76f73780575d5505dc8a17a32d897bc
Rajasthan,Barmer,tehsil appendix,tehsil_appendix,output/pdf/1971_trimmed/Rajasthan/1971_Barmer_tehsil_appendix.pdf,output/pdf/1971_trimmed/Rajasthan/tehsil appendix/Barmer_tehsil_1971.pdf,1971_Barmer_tehsil_appendix.pdf,Barmer_tehsil_1971.pdf,2,cbd8645d9a78f238be3b0ab32b33f15ea30e3a34035156455b5c558eb9a4cff8
Rajasthan,Bharatpur,tehsil appendix,tehsil_appendix,output/pdf/1971_trimmed/Rajasthan/1971_Bharatpur_tehsil_appendix.pdf,output/pdf/1971_trimmed/Rajasthan/tehsil appendix/Bharatpur_tehsil_1971.pdf,1971_Bharatpur_tehsil_appendix.pdf,Bharatpur_tehsil_1971.pdf,2,afb20e88b1cd46c7a06959911fc0f807efbe7bd379497b64f34eb00c0174fa55
Rajasthan,Bhilwara,tehsil appendix,tehsil_appendix,output/pdf/1971_trimmed/Rajasthan/1971_Bhilwara_tehsil_appendix.pdf,output/pdf/1971_trimmed/Rajasthan/tehsil appendix/Bhilwara_tehsil_1971.pdf,1971_Bhilwara_tehsil_appendix.pdf,Bhilwara_tehsil_1971.pdf,4,055af3413bb29425c85c0433a0c0c83b34d79dd330bfeb91686421666c9b0ec6
Rajasthan,Bikaner,tehsil appendix,tehsil_appendix,output/pdf/1971_trimmed/Rajasthan/1971_Bikaner_tehsil_appendix.pdf,output/pdf/1971_trimmed/Rajasthan/tehsil appendix/Bikaner_tehsil_1971.pdf,1971_Bikaner_tehsil_appendix.pdf,Bikaner_tehsil_1971.pdf,2,b7034758d762e86a366a9f34b3df290f10985e8129ede9f153a3c637edbee2de
Rajasthan,Bundi,tehsil appendix,tehsil_appendix,output/pdf/1971_trimmed/Rajasthan/1971_Bundi_tehsil_appendix.pdf,output/pdf/1971_trimmed/Rajasthan/tehsil appendix/Bundi_tehsil_1971.pdf,1971_Bundi_tehsil_appendix.pdf,Bundi_tehsil_1971.pdf,2,7eb8eda4244868bd2b554ece82e2d6dc3c347229f8360655a5c11e127a30188a
Rajasthan,Chittaurgarh,tehsil appendix,tehsil_appendix,output/pdf/1971_trimmed/Rajasthan/1971_Chittaurgarh_tehsil_appendix.pdf,output/pdf/1971_trimmed/Rajasthan/tehsil appendix/Chittaurgarh_tehsil_1971.pdf,1971_Chittaurgarh_tehsil_appendix.pdf,Chittaurgarh_tehsil_1971.pdf,4,90e643c77e75b36c2b19a19afcbe3b7283911422eb2ee147700ee1a7b79c9cc3
Rajasthan,Churu,tehsil appendix,tehsil_appendix,output/pdf/1971_trimmed/Rajasthan/1971_Churu_tehsil_appendix.pdf,output/pdf/1971_trimmed/Rajasthan/tehsil appendix/Churu_tehsil_1971.pdf,1971_Churu_tehsil_appendix.pdf,Churu_tehsil_1971.pdf,2,e1cb924a760b4725aa0a2fecc18ec97be49d0ea4da54bc85d9b1337e2bb04cbd
Rajasthan,Dungarpur,tehsil appendix,tehsil_appendix,output/pdf/1971_trimmed/Rajasthan/1971_Dungarpur_tehsil_appendix.pdf,output/pdf/1971_trimmed/Rajasthan/tehsil appendix/Dungarpur_tehsil_1971.pdf,1971_Dungarpur_tehsil_appendix.pdf,Dungarpur_tehsil_1971.pdf,2,899aed26914e108a4446717d3130ae07d23b53e0a8f120db2a408fe51527957b
Rajasthan,Ganganagar,tehsil appendix,tehsil_appendix,output/pdf/1971_trimmed/Rajasthan/1971_Ganganagar_tehsil_appendix.pdf,output/pdf/1971_trimmed/Rajasthan/tehsil appendix/Ganganagar_tehsil_1971.pdf,1971_Ganganagar_tehsil_appendix.pdf,Ganganagar_tehsil_1971.pdf,4,b6d2086332c63383e6a488be9fbffbe6ce002f5ba9e4e4456423854e10a36bdb
Rajasthan,Jaipur,tehsil appendix,tehsil_appendix,output/pdf/1971_trimmed/Rajasthan/1971_Jaipur_tehsil_appendix.pdf,output/pdf/1971_trimmed/Rajasthan/tehsil appendix/Jaipur_tehsil_1971.pdf,1971_Jaipur_tehsil_appendix.pdf,Jaipur_tehsil_1971.pdf,4,33f98968902ca28def06f9eec2f6e63b9d830d6339ca47f4d3db4c89390b9eca
Rajasthan,Jaisalmer,tehsil appendix,tehsil_appendix,output/pdf/1971_trimmed/Rajasthan/1971_Jaisalmer_tehsil_appendix.pdf,output/pdf/1971_trimmed/Rajasthan/tehsil appendix/Jaisalmer_tehsil_1971.pdf,1971_Jaisalmer_tehsil_appendix.pdf,Jaisalmer_tehsil_1971.pdf,2,600de89418cda758a7c80018257c275663ebb7d5a3e30d2468ace77ed2610d39
Rajasthan,Jhalawar,tehsil appendix,tehsil_appendix,output/pdf/1971_trimmed/Rajasthan/1971_Jhalawar_tehsil_appendix.pdf,output/pdf/1971_trimmed/Rajasthan/tehsil appendix/Jhalawar_tehsil_1971.pdf,1971_Jhalawar_tehsil_appendix.pdf,Jhalawar_tehsil_1971.pdf,2,68777381a57c1fc6f85dcf30bc6495f9396d395b0c9902ae1aac87ac0da4ae4e
Rajasthan,Jhunjhunun,tehsil appendix,tehsil_appendix,output/pdf/1971_trimmed/Rajasthan/1971_Jhunjhunun_tehsil_appendix.pdf,output/pdf/1971_trimmed/Rajasthan/tehsil appendix/Jhunjhunun_tehsil_1971.pdf,1971_Jhunjhunun_tehsil_appendix.pdf,Jhunjhunun_tehsil_1971.pdf,2,19920089883aaca28e81f812250dfd0faed559b33c4e82e17f837d9eeb600545
Rajasthan,Jodhpur,tehsil appendix,tehsil_appendix,output/pdf/1971_trimmed/Rajasthan/1971_Jodhpur_tehsil_appendix.pdf,output/pdf/1971_trimmed/Rajasthan/tehsil appendix/Jodhpur_tehsil_1971.pdf,1971_Jodhpur_tehsil_appendix.pdf,Jodhpur_tehsil_1971.pdf,2,11e373b0dd9f04f5d91583416fb875b1f095ae429571abc1f5535e61b2254b61
Rajasthan,Kota,tehsil appendix,tehsil_appendix,output/pdf/1971_trimmed/Rajasthan/1971_Kota_tehsil_appendix.pdf,output/pdf/1971_trimmed/Rajasthan/tehsil appendix/Kota_tehsil_1971.pdf,1971_Kota_tehsil_appendix.pdf,Kota_tehsil_1971.pdf,2,4f8183063eca5ed2da2909321db314fd56acf6de690761111d752c24880bd641
Rajasthan,Nagaur,tehsil appendix,tehsil_appendix,output/pdf/1971_trimmed/Rajasthan/1971_Nagaur_tehsil_appendix.pdf,output/pdf/1971_trimmed/Rajasthan/tehsil appendix/Nagaur_tehsil_1971.pdf,1971_Nagaur_tehsil_appendix.pdf,Nagaur_tehsil_1971.pdf,2,725300247f5781162adc12bbfd10992f91debe3c19a7d9aeebd77699fc441a44
Rajasthan,Pali,tehsil appendix,tehsil_appendix,output/pdf/1971_trimmed/Rajasthan/1971_Pali_tehsil_appendix.pdf,output/pdf/1971_trimmed/Rajasthan/tehsil appendix/Pali_tehsil_1971.pdf,1971_Pali_tehsil_appendix.pdf,Pali_tehsil_1971.pdf,2,d9150b828ab100a1e0d3083eb333d3428144f9fd5fc8b2ccceaa1940f7c1b0fa
Rajasthan,Sawai Madhopur,tehsil appendix,tehsil_appendix,output/pdf/1971_trimmed/Rajasthan/1971_Sawai Madhopur_tehsil_appendix.pdf,output/pdf/1971_trimmed/Rajasthan/tehsil appendix/Sawai Madhopur_tehsil_1971.pdf,1971_Sawai Madhopur_tehsil_appendix.pdf,Sawai Madhopur_tehsil_1971.pdf,4,de4be9dfdc956cf4342c976a28e84187af2c1dcfb8ea25a782945d0a4d86392e
Rajasthan,Sikar,tehsil appendix,tehsil_appendix,output/pdf/1971_trimmed/Rajasthan/1971_Sikar_tehsil_appendix.pdf,output/pdf/1971_trimmed/Rajasthan/tehsil appendix/Sikar_tehsil_1971.pdf,1971_Sikar_tehsil_appendix.pdf,Sikar_tehsil_1971.pdf,2,1576d58eb9fac3110a2d57ebdd1e884216bfc6de0ecc94142a88ae03f20bdd9e
Rajasthan,Sirohi,tehsil appendix,tehsil_appendix,output/pdf/1971_trimmed/Rajasthan/1971_Sirohi_tehsil_appendix.pdf,output/pdf/1971_trimmed/Rajasthan/tehsil appendix/Sirohi_tehsil_1971.pdf,1971_Sirohi_tehsil_appendix.pdf,Sirohi_tehsil_1971.pdf,2,45f33f541f17f855153394d4f34346a7b312a36c25f46c883f7b7fc7b9c567bb
Rajasthan,Tonk,tehsil appendix,tehsil_appendix,output/pdf/1971_trimmed/Rajasthan/1971_Tonk_tehsil_appendix.pdf,output/pdf/1971_trimmed/Rajasthan/tehsil appendix/Tonk_tehsil_1971.pdf,1971_Tonk_tehsil_appendix.pdf,Tonk_tehsil_1971.pdf,2,e6f35624b2a17ce16206248c8e63277e8cdd4048f1d6efd9f3111304e9dd0ee0
Rajasthan,Udaipur,tehsil appendix,tehsil_appendix,output/pdf/1971_trimmed/Rajasthan/1971_Udaipur_tehsil_appendix.pdf,output/pdf/1971_trimmed/Rajasthan/tehsil appendix/Udaipur_tehsil_1971.pdf,1971_Udaipur_tehsil_appendix.pdf,Udaipur_tehsil_1971.pdf,4,6ec1243b6bce24fb098a6e5d693ef1f4f1ef6623387b5a06529ddbe778f46f6a
Sikkim,Sikkim,civic amenities,civic_amenities,output/pdf/1971_trimmed/Sikkim/1971_Sikkim_civic_amenities.pdf,output/pdf/1971_trimmed/Sikkim/civic amenities/Sikkim_civic_1971.pdf,1971_Sikkim_civic_amenities.pdf,Sikkim_civic_1971.pdf,1,bf52bed59eef0371edbc3a792c1200df512b2b84baceeebf5b456c9e69ac6dd9
Sikkim,Sikkim,mededu,medical_educational_amenities,output/pdf/1971_trimmed/Sikkim/1971_Sikkim_medical_educational_amenities.pdf,output/pdf/1971_trimmed/Sikkim/mededu/Sikkim_mededu_1971.pdf,1971_Sikkim_medical_educational_amenities.pdf,Sikkim_mededu_1971.pdf,2,c018e5daf900e627fa33fb24bc2e141b02a760d83fa13059a8ea37730016e822
Tamil Nadu,Chengalpattu,civic amenities,civic_amenities,output/pdf/1971_trimmed/Tamil Nadu/1971_Chengalpattu_civic_amenities.pdf,output/pdf/1971_trimmed/Tamil Nadu/civic amenities/Chengalpattu_civic_1971.pdf,1971_Chengalpattu_civic_amenities.pdf,Chengalpattu_civic_1971.pdf,16,9e49f4bb53146329054ab34613626a5f2e4e55d9b12cab1f49394298b40988d6
Tamil Nadu,Coimbatore,civic amenities,civic_amenities,output/pdf/1971_trimmed/Tamil Nadu/1971_Coimbatore_civic_amenities.pdf,output/pdf/1971_trimmed/Tamil Nadu/civic amenities/Coimbatore_civic_1971.pdf,1971_Coimbatore_civic_amenities.pdf,Coimbatore_civic_1971.pdf,12,dc95c92f4d7d655454d47c7b63956cbf386f4ace485de179141a943a43c8857d
Tamil Nadu,Dharmapuri,civic amenities,civic_amenities,output/pdf/1971_trimmed/Tamil Nadu/1971_Dharmapuri_civic_amenities.pdf,output/pdf/1971_trimmed/Tamil Nadu/civic amenities/Dharmapuri_civic_1971.pdf,1971_Dharmapuri_civic_amenities.pdf,Dharmapuri_civic_1971.pdf,2,4c40011a5ddcd3f024d7e73ba743c28abd157f202c5a0c3a542591d77de61688
Tamil Nadu,North Arcot,civic amenities,civic_amenities,output/pdf/1971_trimmed/Tamil Nadu/1971_North Arcot_civic_amenities.pdf,output/pdf/1971_trimmed/Tamil Nadu/civic amenities/North Arcot_civic_1971.pdf,1971_North Arcot_civic_amenities.pdf,North Arcot_civic_1971.pdf,6,19acf77973b41677e2bc5843c10f7df485bf060896c74441e8bde10293385660
Tamil Nadu,Ramanathapuram,civic amenities,civic_amenities,output/pdf/1971_trimmed/Tamil Nadu/1971_Ramanathapuram_civic_amenities.pdf,output/pdf/1971_trimmed/Tamil Nadu/civic amenities/Ramanathapuram_civic_1971.pdf,1971_Ramanathapuram_civic_amenities.pdf,Ramanathapuram_civic_1971.pdf,6,7594d1677d5b8bddb16e2957d7243cdd9fc9b56e5d50f3052442755ce3f55513
Tamil Nadu,Salem,civic amenities,civic_amenities,output/pdf/1971_trimmed/Tamil Nadu/1971_Salem_civic_amenities.pdf,output/pdf/1971_trimmed/Tamil Nadu/civic amenities/Salem_civic_1971.pdf,1971_Salem_civic_amenities.pdf,Salem_civic_1971.pdf,8,b00a762ab7cdf9a755e4b8b0d6112fd639370cc6ac2f26a2f1687d3462a1b957
Tamil Nadu,Thanjavur,civic amenities,civic_amenities,output/pdf/1971_trimmed/Tamil Nadu/1971_Thanjavur_civic_amenities.pdf,output/pdf/1971_trimmed/Tamil Nadu/civic amenities/Thanjavur_civic_1971.pdf,1971_Thanjavur_civic_amenities.pdf,Thanjavur_civic_1971.pdf,6,90aea63ac3f125631cdb203ed800e70ea72cc654ccdffdded81d5c2b4fe9708e
Tamil Nadu,Tiruchchirappalli,civic amenities,civic_amenities,output/pdf/1971_trimmed/Tamil Nadu/1971_Tiruchchirappalli_civic_amenities.pdf,output/pdf/1971_trimmed/Tamil Nadu/civic amenities/Tiruchchirappalli_civic_1971.pdf,1971_Tiruchchirappalli_civic_amenities.pdf,Tiruchchirappalli_civic_1971.pdf,6,0817907faef219cef8ab4bd3c5a98de6d122c9d62099e25dd87a150200297f6a
Tamil Nadu,Tirunelveli,civic amenities,civic_amenities,output/pdf/1971_trimmed/Tamil Nadu/1971_Tirunelveli_civic_amenities.pdf,output/pdf/1971_trimmed/Tamil Nadu/civic amenities/Tirunelveli_civic_1971.pdf,1971_Tirunelveli_civic_amenities.pdf,Tirunelveli_civic_1971.pdf,10,5b6b1c343bd27b50acfb065b401ab7dce6b054c9958587af05e82eeec435ea32
Tamil Nadu,Chengalpattu,mededu,medical_educational_amenities,output/pdf/1971_trimmed/Tamil Nadu/1971_Chengalpattu_medical_educational_amenities.pdf,output/pdf/1971_trimmed/Tamil Nadu/mededu/Chengalpattu_mededu_1971.pdf,1971_Chengalpattu_medical_educational_amenities.pdf,Chengalpattu_mededu_1971.pdf,20,cdabfe152d4d53df14a95e67fd3b4939a801d6b02a0c79a8ecb138dc59815074
Tamil Nadu,Coimbatore,mededu,medical_educational_amenities,output/pdf/1971_trimmed/Tamil Nadu/1971_Coimbatore_medical_educational_amenities.pdf,output/pdf/1971_trimmed/Tamil Nadu/mededu/Coimbatore_mededu_1971.pdf,1971_Coimbatore_medical_educational_amenities.pdf,Coimbatore_mededu_1971.pdf,12,4f0f44f7628b8dfdc3b5d0b06c1c952c7217c1c07813125e1de6a9bdd769384c
Tamil Nadu,Dharmapuri,mededu,medical_educational_amenities,output/pdf/1971_trimmed/Tamil Nadu/1971_Dharmapuri_medical_educational_amenities.pdf,output/pdf/1971_trimmed/Tamil Nadu/mededu/Dharmapuri_mededu_1971.pdf,1971_Dharmapuri_medical_educational_amenities.pdf,Dharmapuri_mededu_1971.pdf,2,ccd3bd43f703e1abad807c6905bff7a1ea407c0f9eb3c00cd50caa8f36a85f84
Tamil Nadu,North Arcot,mededu,medical_educational_amenities,output/pdf/1971_trimmed/Tamil Nadu/1971_North Arcot_medical_educational_amenities.pdf,output/pdf/1971_trimmed/Tamil Nadu/mededu/North Arcot_mededu_1971.pdf,1971_North Arcot_medical_educational_amenities.pdf,North Arcot_mededu_1971.pdf,7,d4943df9323690f503d919dd9a32d09d40dd3fb20ae7761e74b2db73565134f8
Tamil Nadu,Ramanathapuram,mededu,medical_educational_amenities,output/pdf/1971_trimmed/Tamil Nadu/1971_Ramanathapuram_medical_educational_amenities.pdf,output/pdf/1971_trimmed/Tamil Nadu/mededu/Ramanathapuram_mededu_1971.pdf,1971_Ramanathapuram_medical_educational_amenities.pdf,Ramanathapuram_mededu_1971.pdf,7,581bedcb409da435874b4f79c8794e07ac3468c2d51292922cc8d964fed66fc2
Tamil Nadu,Salem,mededu,medical_educational_amenities,output/pdf/1971_trimmed/Tamil Nadu/1971_Salem_medical_educational_amenities.pdf,output/pdf/1971_trimmed/Tamil Nadu/mededu/Salem_mededu_1971.pdf,1971_Salem_medical_educational_amenities.pdf,Salem_mededu_1971.pdf,6,1ef614143c9b0f0d943b4fa738f5d845ed2d81af2accae8fd3501c4b0fde4aa5
Tamil Nadu,Thanjavur,mededu,medical_educational_amenities,output/pdf/1971_trimmed/Tamil Nadu/1971_Thanjavur_medical_educational_amenities.pdf,output/pdf/1971_trimmed/Tamil Nadu/mededu/Thanjavur_mededu_1971.pdf,1971_Thanjavur_medical_educational_amenities.pdf,Thanjavur_mededu_1971.pdf,6,12fb25432785098437ebfe977b3160ec7754177cda09425c0fb473b32b825b0a
Tamil Nadu,Tiruchchirappalli,mededu,medical_educational_amenities,output/pdf/1971_trimmed/Tamil Nadu/1971_Tiruchchirappalli_medical_educational_amenities.pdf,output/pdf/1971_trimmed/Tamil Nadu/mededu/Tiruchchirappalli_mededu_1971.pdf,1971_Tiruchchirappalli_medical_educational_amenities.pdf,Tiruchchirappalli_mededu_1971.pdf,6,98f4d70332d171fe8488aeda162d0cbb55076e6991c519ba0acac9ee4b892b56
Tamil Nadu,Tirunelveli,mededu,medical_educational_amenities,output/pdf/1971_trimmed/Tamil Nadu/1971_Tirunelveli_medical_educational_amenities.pdf,output/pdf/1971_trimmed/Tamil Nadu/mededu/Tirunelveli_mededu_1971.pdf,1971_Tirunelveli_medical_educational_amenities.pdf,Tirunelveli_mededu_1971.pdf,10,ec785c5377c654d999a5e980e89a7a9a248a87b5f5d3e4e19b3e4b021bcb20f6
Tamil Nadu,Chengalpattu,tehsil appendix,tehsil_appendix,output/pdf/1971_trimmed/Tamil Nadu/1971_Chengalpattu_tehsil_appendix.pdf,output/pdf/1971_trimmed/Tamil Nadu/tehsil appendix/Chengalpattu_tehsil_1971.pdf,1971_Chengalpattu_tehsil_appendix.pdf,Chengalpattu_tehsil_1971.pdf,12,14588bc7f7bdd883a91215dc6a33b80bc676f8d009847d1c2fccf5b7a2b251e6
Tamil Nadu,Coimbatore,tehsil appendix,tehsil_appendix,output/pdf/1971_trimmed/Tamil Nadu/1971_Coimbatore_tehsil_appendix.pdf,output/pdf/1971_trimmed/Tamil Nadu/tehsil appendix/Coimbatore_tehsil_1971.pdf,1971_Coimbatore_tehsil_appendix.pdf,Coimbatore_tehsil_1971.pdf,9,f440c124a4da9a730bb243406f4aefc7852109b995c7740b81fba32b85dc97e0
Tamil Nadu,Dharmapuri,tehsil appendix,tehsil_appendix,output/pdf/1971_trimmed/Tamil Nadu/1971_Dharmapuri_tehsil_appendix.pdf,output/pdf/1971_trimmed/Tamil Nadu/tehsil appendix/Dharmapuri_tehsil_1971.pdf,1971_Dharmapuri_tehsil_appendix.pdf,Dharmapuri_tehsil_1971.pdf,7,3a851c912f1b51d113d89e59735fd6a50f33c5a0d40af16c1aea58526fde60a0
Tamil Nadu,North Arcot,tehsil appendix,tehsil_appendix,output/pdf/1971_trimmed/Tamil Nadu/1971_North Arcot_tehsil_appendix.pdf,output/pdf/1971_trimmed/Tamil Nadu/tehsil appendix/North Arcot_tehsil_1971.pdf,1971_North Arcot_tehsil_appendix.pdf,North Arcot_tehsil_1971.pdf,13,681b4a91e04547b0cb54c6fdcf256b26289089f699922fb37ec7208722643cc3
Tamil Nadu,Ramanathapuram,tehsil appendix,tehsil_appendix,output/pdf/1971_trimmed/Tamil Nadu/1971_Ramanathapuram_tehsil_appendix.pdf,output/pdf/1971_trimmed/Tamil Nadu/tehsil appendix/Ramanathapuram_tehsil_1971.pdf,1971_Ramanathapuram_tehsil_appendix.pdf,Ramanathapuram_tehsil_1971.pdf,17,fb4342d10a10cbcd45164991b26cbba7c02e710527ebe2fdad812e5537648f3a
Tamil Nadu,Salem,tehsil appendix,tehsil_appendix,output/pdf/1971_trimmed/Tamil Nadu/1971_Salem_tehsil_appendix.pdf,output/pdf/1971_trimmed/Tamil Nadu/tehsil appendix/Salem_tehsil_1971.pdf,1971_Salem_tehsil_appendix.pdf,Salem_tehsil_1971.pdf,9,7b1a500fb2ad1b87e5f930550578f21509e0164c15bfbdf1b2f3fe72313a9601
Tamil Nadu,Thanjavur,tehsil appendix,tehsil_appendix,output/pdf/1971_trimmed/Tamil Nadu/1971_Thanjavur_tehsil_appendix.pdf,output/pdf/1971_trimmed/Tamil Nadu/tehsil appendix/Thanjavur_tehsil_1971.pdf,1971_Thanjavur_tehsil_appendix.pdf,Thanjavur_tehsil_1971.pdf,13,fe7d960de0ef20c5b57ead671dd63c8e3614c3e79b41ffb785360299876a9b14
Tamil Nadu,Tiruchchirappalli,tehsil appendix,tehsil_appendix,output/pdf/1971_trimmed/Tamil Nadu/1971_Tiruchchirappalli_tehsil_appendix.pdf,output/pdf/1971_trimmed/Tamil Nadu/tehsil appendix/Tiruchchirappalli_tehsil_1971.pdf,1971_Tiruchchirappalli_tehsil_appendix.pdf,Tiruchchirappalli_tehsil_1971.pdf,13,7084b3396e158c192f578f8f87843c851b10e8c55dc657dc8aeac89f0cb9a125
Tamil Nadu,Tirunelveli,tehsil appendix,tehsil_appendix,output/pdf/1971_trimmed/Tamil Nadu/1971_Tirunelveli_tehsil_appendix.pdf,output/pdf/1971_trimmed/Tamil Nadu/tehsil appendix/Tirunelveli_tehsil_1971.pdf,1971_Tirunelveli_tehsil_appendix.pdf,Tirunelveli_tehsil_1971.pdf,13,3f7de55c1574fbfa88cc3356edccc97757b9f7baf9e4860a58d6a4f4e7e78116
Tripura,Tripura,civic amenities,civic_amenities,output/pdf/1971_trimmed/Tripura/1971_Tripura_civic_amenities.pdf,output/pdf/1971_trimmed/Tripura/civic amenities/Tripura_civic_1971.pdf,1971_Tripura_civic_amenities.pdf,Tripura_civic_1971.pdf,2,05ca1f0175f904241e84289dcb2e5b125e91624ba7ee071ac953fc2146bc2a6e
Tripura,Tripura,mededu,medical_educational_amenities,output/pdf/1971_trimmed/Tripura/1971_Tripura_medical_educational_amenities.pdf,output/pdf/1971_trimmed/Tripura/mededu/Tripura_mededu_1971.pdf,1971_Tripura_medical_educational_amenities.pdf,Tripura_mededu_1971.pdf,2,4383b43aab224064decd51f283c31d1c06b569bad576803d05bbaaec01e01f80
Tripura,Tripura,tehsil appendix,tehsil_appendix,output/pdf/1971_trimmed/Tripura/1971_Tripura_tehsil_appendix.pdf,output/pdf/1971_trimmed/Tripura/tehsil appendix/Tripura_tehsil_1971.pdf,1971_Tripura_tehsil_appendix.pdf,Tripura_tehsil_1971.pdf,2,d90ca1a657bac6b4d4d5dcd778441880a4031c40e50ac9d722552979d8221b69
West Bengal,Birbhum,civic amenities,civic_amenities,output/pdf/1971_trimmed/West Bengal/1971_Birbhum_civic_amenities.pdf,output/pdf/1971_trimmed/West Bengal/civic amenities/Birbhum_civic_1971.pdf,1971_Birbhum_civic_amenities.pdf,Birbhum_civic_1971.pdf,2,d78014b4821856521d78a941c76e603f7c2a5123a7454d9e3c13a798c51484d7
West Bengal,Burdwan,civic amenities,civic_amenities,output/pdf/1971_trimmed/West Bengal/1971_Burdwan_civic_amenities.pdf,output/pdf/1971_trimmed/West Bengal/civic amenities/Burdwan_civic_1971.pdf,1971_Burdwan_civic_amenities.pdf,Burdwan_civic_1971.pdf,2,feb79af4ff7275e21383035acbc0fec67837d2535f4274fee8e2bca0cd01ac47
West Bengal,Calcutta,civic amenities,civic_amenities,output/pdf/1971_trimmed/West Bengal/1971_Calcutta_civic_amenities.pdf,output/pdf/1971_trimmed/West Bengal/civic amenities/Calcutta_civic_1971.pdf,1971_Calcutta_civic_amenities.pdf,Calcutta_civic_1971.pdf,2,43d389113b4137df0ea01637fbd20a2b4849f4494f90e447d89cc3ec9d67c768
West Bengal,Dinajpur,civic amenities,civic_amenities,output/pdf/1971_trimmed/West Bengal/1971_Dinajpur_civic_amenities.pdf,output/pdf/1971_trimmed/West Bengal/civic amenities/Dinajpur_civic_1971.pdf,1971_Dinajpur_civic_amenities.pdf,Dinajpur_civic_1971.pdf,2,dea726815d768d058449a53c377e7d18d3737080b4a76dad6b27167ed86a296c
West Bengal,Haora,civic amenities,civic_amenities,output/pdf/1971_trimmed/West Bengal/1971_Haora_civic_amenities.pdf,output/pdf/1971_trimmed/West Bengal/civic amenities/Haora_civic_1971.pdf,1971_Haora_civic_amenities.pdf,Haora_civic_1971.pdf,4,14c65330696ed5ea92d122421924ae1638d8d85ad9886ba89fe7eeb0759ea74e
West Bengal,Hugli,civic amenities,civic_amenities,output/pdf/1971_trimmed/West Bengal/1971_Hugli_civic_amenities.pdf,output/pdf/1971_trimmed/West Bengal/civic amenities/Hugli_civic_1971.pdf,1971_Hugli_civic_amenities.pdf,Hugli_civic_1971.pdf,2,8e493f0a8bb3b0b7ff6b914a0b0a81de5c968c26db7c4af255edd9a4c3d79db0
West Bengal,Jalapiguri,civic amenities,civic_amenities,output/pdf/1971_trimmed/West Bengal/1971_Jalapiguri_civic_amenities.pdf,output/pdf/1971_trimmed/West Bengal/civic amenities/Jalapiguri_civic_1971.pdf,1971_Jalapiguri_civic_amenities.pdf,Jalapiguri_civic_1971.pdf,2,92179afc479f27c2d6262aa87d3858b668373b659a4d6c19aca587c2a8c0905a
West Bengal,Murshidabad,civic amenities,civic_amenities,output/pdf/1971_trimmed/West Bengal/1971_Murshidabad_civic_amenities.pdf,output/pdf/1971_trimmed/West Bengal/civic amenities/Murshidabad_civic_1971.pdf,1971_Murshidabad_civic_amenities.pdf,Murshidabad_civic_1971.pdf,2,55ad844109de21ab1eb38f314efa8d4b88dbdf7fec846783fc6ab25823607bc4
West Bengal,Purullia,civic amenities,civic_amenities,output/pdf/1971_trimmed/West Bengal/1971_Purullia_civic_amenities.pdf,output/pdf/1971_trimmed/West Bengal/civic amenities/Purullia_civic_1971.pdf,1971_Purullia_civic_amenities.pdf,Purullia_civic_1971.pdf,2,676fbf2173313551398395200f5cbefc823b0baaf9e780559dfc02719df6d786
West Bengal,Twentyfour_Parganas,civic amenities,civic_amenities,output/pdf/1971_trimmed/West Bengal/1971_Twentyfour_Parganas_civic_amenities.pdf,output/pdf/1971_trimmed/West Bengal/civic amenities/Twentyfour_Parganas_civic_1971.pdf,1971_Twentyfour_Parganas_civic_amenities.pdf,Twentyfour_Parganas_civic_1971.pdf,10,f685b5c938545864eed1cc13daf55c1292602846ef469113becdce62c88bea44
West Bengal,Birbhum,mededu,medical_educational_amenities,output/pdf/1971_trimmed/West Bengal/1971_Birbhum_medical_educational_amenities.pdf,output/pdf/1971_trimmed/West Bengal/mededu/Birbhum_mededu_1971.pdf,1971_Birbhum_medical_educational_amenities.pdf,Birbhum_mededu_1971.pdf,2,a174b1e8330191186200c6e3a95bd511023447ef16329bf029f0c45263fe5cbb
West Bengal,Burdwan,mededu,medical_educational_amenities,output/pdf/1971_trimmed/West Bengal/1971_Burdwan_medical_educational_amenities.pdf,output/pdf/1971_trimmed/West Bengal/mededu/Burdwan_mededu_1971.pdf,1971_Burdwan_medical_educational_amenities.pdf,Burdwan_mededu_1971.pdf,2,9b05a0a9911f8775775207461a21a7fa68eb9044ffce973f86bce8fb842f928f
West Bengal,Calcutta,mededu,medical_educational_amenities,output/pdf/1971_trimmed/West Bengal/1971_Calcutta_medical_educational_amenities.pdf,output/pdf/1971_trimmed/West Bengal/mededu/Calcutta_mededu_1971.pdf,1971_Calcutta_medical_educational_amenities.pdf,Calcutta_mededu_1971.pdf,2,92c143cb59934fac2623e7998e70cdeda5ab5374289b263caef543fd21abdcc4
West Bengal,Dinajpur,mededu,medical_educational_amenities,output/pdf/1971_trimmed/West Bengal/1971_Dinajpur_medical_educational_amenities.pdf,output/pdf/1971_trimmed/West Bengal/mededu/Dinajpur_mededu_1971.pdf,1971_Dinajpur_medical_educational_amenities.pdf,Dinajpur_mededu_1971.pdf,2,b117256cf31744c78a6f25573bed24f748b74ec871d17f28f4e94343eeb3211c
West Bengal,Haora,mededu,medical_educational_amenities,output/pdf/1971_trimmed/West Bengal/1971_Haora_medical_educational_amenities.pdf,output/pdf/1971_trimmed/West Bengal/mededu/Haora_mededu_1971.pdf,1971_Haora_medical_educational_amenities.pdf,Haora_mededu_1971.pdf,4,d40f42994a84168fa36106ce490f7ac8ee1417517bab490f53a14b46542ac576
West Bengal,Hugli,mededu,medical_educational_amenities,output/pdf/1971_trimmed/West Bengal/1971_Hugli_medical_educational_amenities.pdf,output/pdf/1971_trimmed/West Bengal/mededu/Hugli_mededu_1971.pdf,1971_Hugli_medical_educational_amenities.pdf,Hugli_mededu_1971.pdf,2,a11b334582b05587e55dbde959e608b56353427c5b742214a0a6f790c16714f0
West Bengal,Jalapiguri,mededu,medical_educational_amenities,output/pdf/1971_trimmed/West Bengal/1971_Jalapiguri_medical_educational_amenities.pdf,output/pdf/1971_trimmed/West Bengal/mededu/Jalapiguri_mededu_1971.pdf,1971_Jalapiguri_medical_educational_amenities.pdf,Jalapiguri_mededu_1971.pdf,2,d071b569f79ae950742119d5dcf223c7251525876390b239e729639e112122f5
West Bengal,Murshidabad,mededu,medical_educational_amenities,output/pdf/1971_trimmed/West Bengal/1971_Murshidabad_medical_educational_amenities.pdf,output/pdf/1971_trimmed/West Bengal/mededu/Murshidabad_mededu_1971.pdf,1971_Murshidabad_medical_educational_amenities.pdf,Murshidabad_mededu_1971.pdf,2,5a7e9be79ecae03357481125751979b96ce2ce24be2269220550c467066dcd96
West Bengal,Purullia,mededu,medical_educational_amenities,output/pdf/1971_trimmed/West Bengal/1971_Purullia_medical_educational_amenities.pdf,output/pdf/1971_trimmed/West Bengal/mededu/Purullia_mededu_1971.pdf,1971_Purullia_medical_educational_amenities.pdf,Purullia_mededu_1971.pdf,2,7b9d0c7cdc5ec841c4dddeb8d427cb54a00c8f7ba7bcd256628b67883ee79f40
West Bengal,Twentyfour_Parganas,mededu,medical_educational_amenities,output/pdf/1971_trimmed/West Bengal/1971_Twentyfour_Parganas_medical_educational_amenities.pdf,output/pdf/1971_trimmed/West Bengal/mededu/Twentyfour_Parganas_mededu_1971.pdf,1971_Twentyfour_Parganas_medical_educational_amenities.pdf,Twentyfour_Parganas_mededu_1971.pdf,8,ba893800f3967b8c13cb783d6fd6622fed6e5f0eed417c342cc57e55f554621e
