state,source_state_folder,district,source,table,table_label,status,source_pages,output,output_page_count,geometry_ok,reason
Andra Pradesh,Andra Pradesh,Adilabad,1971\Andra Pradesh\1971 Adilabad .pdf,civic_amenities,Civic Amenities,Needs review,,,0,False,No output or review record was found for this source table.
Andra Pradesh,Andra Pradesh,Adilabad,1971\Andra Pradesh\1971 Adilabad .pdf,medical_educational_amenities,Medical and Educational Amenities,Needs review,,,0,False,No output or review record was found for this source table.
Andra Pradesh,Andra Pradesh,Adilabad,1971\Andra Pradesh\1971 Adilabad .pdf,tehsil_appendix,Tehsil Appendix,Needs review,,,0,False,No output or review record was found for this source table.
Andra Pradesh,Andra Pradesh,Anantapur,1971\Andra Pradesh\1971 Anantapur.pdf,civic_amenities,Civic Amenities,Needs review,,,0,False,No output or review record was found for this source table.
Andra Pradesh,Andra Pradesh,Anantapur,1971\Andra Pradesh\1971 Anantapur.pdf,medical_educational_amenities,Medical and Educational Amenities,Needs review,,,0,False,No output or review record was found for this source table.
Andra Pradesh,Andra Pradesh,Anantapur,1971\Andra Pradesh\1971 Anantapur.pdf,tehsil_appendix,Tehsil Appendix,Needs review,,,0,False,No output or review record was found for this source table.
Andra Pradesh,Andra Pradesh,Chittoor,1971\Andra Pradesh\1971 Chittoor.pdf,civic_amenities,Civic Amenities,Needs review,,,0,False,No output or review record was found for this source table.
Andra Pradesh,Andra Pradesh,Chittoor,1971\Andra Pradesh\1971 Chittoor.pdf,medical_educational_amenities,Medical and Educational Amenities,Needs review,,,0,False,No output or review record was found for this source table.
Andra Pradesh,Andra Pradesh,Chittoor,1971\Andra Pradesh\1971 Chittoor.pdf,tehsil_appendix,Tehsil Appendix,Needs review,,,0,False,No output or review record was found for this source table.
Andra Pradesh,Andra Pradesh,Cuddapah,1971\Andra Pradesh\1971 Cuddapah.pdf,civic_amenities,Civic Amenities,Needs review,,,0,False,No output or review record was found for this source table.
Andra Pradesh,Andra Pradesh,Cuddapah,1971\Andra Pradesh\1971 Cuddapah.pdf,medical_educational_amenities,Medical and Educational Amenities,Needs review,,,0,False,No output or review record was found for this source table.
Andra Pradesh,Andra Pradesh,Cuddapah,1971\Andra Pradesh\1971 Cuddapah.pdf,tehsil_appendix,Tehsil Appendix,Needs review,,,0,False,No output or review record was found for this source table.
Andra Pradesh,Andra Pradesh,East Godavari,1971\Andra Pradesh\1971 East Godavari.pdf,civic_amenities,Civic Amenities,Needs review,,,0,False,No output or review record was found for this source table.
Andra Pradesh,Andra Pradesh,East Godavari,1971\Andra Pradesh\1971 East Godavari.pdf,medical_educational_amenities,Medical and Educational Amenities,Needs review,,,0,False,No output or review record was found for this source table.
Andra Pradesh,Andra Pradesh,East Godavari,1971\Andra Pradesh\1971 East Godavari.pdf,tehsil_appendix,Tehsil Appendix,Needs review,,,0,False,No output or review record was found for this source table.
Andra Pradesh,Andra Pradesh,Guntur,1971\Andra Pradesh\1971 Guntur.pdf,civic_amenities,Civic Amenities,Needs review,,,0,False,No output or review record was found for this source table.
Andra Pradesh,Andra Pradesh,Guntur,1971\Andra Pradesh\1971 Guntur.pdf,medical_educational_amenities,Medical and Educational Amenities,Needs review,,,0,False,No output or review record was found for this source table.
Andra Pradesh,Andra Pradesh,Guntur,1971\Andra Pradesh\1971 Guntur.pdf,tehsil_appendix,Tehsil Appendix,Needs review,,,0,False,No output or review record was found for this source table.
Andra Pradesh,Andra Pradesh,Hyderabad,1971\Andra Pradesh\1971 Hyderabad.pdf,civic_amenities,Civic Amenities,Needs review,,,0,False,No output or review record was found for this source table.
Andra Pradesh,Andra Pradesh,Hyderabad,1971\Andra Pradesh\1971 Hyderabad.pdf,medical_educational_amenities,Medical and Educational Amenities,Needs review,,,0,False,No output or review record was found for this source table.
Andra Pradesh,Andra Pradesh,Hyderabad,1971\Andra Pradesh\1971 Hyderabad.pdf,tehsil_appendix,Tehsil Appendix,Needs review,,,0,False,No output or review record was found for this source table.
Andra Pradesh,Andra Pradesh,Karimnagar,1971\Andra Pradesh\1971 Karimnagar.pdf,civic_amenities,Civic Amenities,Needs review,,,0,False,No output or review record was found for this source table.
Andra Pradesh,Andra Pradesh,Karimnagar,1971\Andra Pradesh\1971 Karimnagar.pdf,medical_educational_amenities,Medical and Educational Amenities,Needs review,,,0,False,No output or review record was found for this source table.
Andra Pradesh,Andra Pradesh,Karimnagar,1971\Andra Pradesh\1971 Karimnagar.pdf,tehsil_appendix,Tehsil Appendix,Needs review,,,0,False,No output or review record was found for this source table.
Andra Pradesh,Andra Pradesh,Khammam,1971\Andra Pradesh\1971 Khammam.pdf,civic_amenities,Civic Amenities,Needs review,,,0,False,No output or review record was found for this source table.
Andra Pradesh,Andra Pradesh,Khammam,1971\Andra Pradesh\1971 Khammam.pdf,medical_educational_amenities,Medical and Educational Amenities,Needs review,,,0,False,No output or review record was found for this source table.
Andra Pradesh,Andra Pradesh,Khammam,1971\Andra Pradesh\1971 Khammam.pdf,tehsil_appendix,Tehsil Appendix,Needs review,,,0,False,No output or review record was found for this source table.
Andra Pradesh,Andra Pradesh,Krishna,1971\Andra Pradesh\1971 Krishna.pdf,civic_amenities,Civic Amenities,Needs review,,,0,False,No output or review record was found for this source table.
Andra Pradesh,Andra Pradesh,Krishna,1971\Andra Pradesh\1971 Krishna.pdf,medical_educational_amenities,Medical and Educational Amenities,Needs review,,,0,False,No output or review record was found for this source table.
Andra Pradesh,Andra Pradesh,Krishna,1971\Andra Pradesh\1971 Krishna.pdf,tehsil_appendix,Tehsil Appendix,Needs review,,,0,False,No output or review record was found for this source table.
Andra Pradesh,Andra Pradesh,Kurnool,1971\Andra Pradesh\1971 Kurnool.pdf,civic_amenities,Civic Amenities,Needs review,,,0,False,No output or review record was found for this source table.
Andra Pradesh,Andra Pradesh,Kurnool,1971\Andra Pradesh\1971 Kurnool.pdf,medical_educational_amenities,Medical and Educational Amenities,Needs review,,,0,False,No output or review record was found for this source table.
Andra Pradesh,Andra Pradesh,Kurnool,1971\Andra Pradesh\1971 Kurnool.pdf,tehsil_appendix,Tehsil Appendix,Needs review,,,0,False,No output or review record was found for this source table.
Andra Pradesh,Andra Pradesh,Mahbubnagar,1971\Andra Pradesh\1971 Mahbubnagar.pdf,civic_amenities,Civic Amenities,Needs review,,,0,False,No output or review record was found for this source table.
Andra Pradesh,Andra Pradesh,Mahbubnagar,1971\Andra Pradesh\1971 Mahbubnagar.pdf,medical_educational_amenities,Medical and Educational Amenities,Needs review,,,0,False,No output or review record was found for this source table.
Andra Pradesh,Andra Pradesh,Mahbubnagar,1971\Andra Pradesh\1971 Mahbubnagar.pdf,tehsil_appendix,Tehsil Appendix,Needs review,,,0,False,No output or review record was found for this source table.
Andra Pradesh,Andra Pradesh,Medak,1971\Andra Pradesh\1971 Medak.pdf,civic_amenities,Civic Amenities,Needs review,,,0,False,No output or review record was found for this source table.
Andra Pradesh,Andra Pradesh,Medak,1971\Andra Pradesh\1971 Medak.pdf,medical_educational_amenities,Medical and Educational Amenities,Needs review,,,0,False,No output or review record was found for this source table.
Andra Pradesh,Andra Pradesh,Medak,1971\Andra Pradesh\1971 Medak.pdf,tehsil_appendix,Tehsil Appendix,Needs review,,,0,False,No output or review record was found for this source table.
Andra Pradesh,Andra Pradesh,Nalgonda,1971\Andra Pradesh\1971 Nalgonda.pdf,civic_amenities,Civic Amenities,Needs review,,,0,False,No output or review record was found for this source table.
Andra Pradesh,Andra Pradesh,Nalgonda,1971\Andra Pradesh\1971 Nalgonda.pdf,medical_educational_amenities,Medical and Educational Amenities,Needs review,,,0,False,No output or review record was found for this source table.
Andra Pradesh,Andra Pradesh,Nalgonda,1971\Andra Pradesh\1971 Nalgonda.pdf,tehsil_appendix,Tehsil Appendix,Needs review,,,0,False,No output or review record was found for this source table.
Andra Pradesh,Andra Pradesh,Nellore,1971\Andra Pradesh\1971 Nellore.pdf,civic_amenities,Civic Amenities,Needs review,,,0,False,No output or review record was found for this source table.
Andra Pradesh,Andra Pradesh,Nellore,1971\Andra Pradesh\1971 Nellore.pdf,medical_educational_amenities,Medical and Educational Amenities,Needs review,,,0,False,No output or review record was found for this source table.
Andra Pradesh,Andra Pradesh,Nellore,1971\Andra Pradesh\1971 Nellore.pdf,tehsil_appendix,Tehsil Appendix,Needs review,,,0,False,No output or review record was found for this source table.
Andra Pradesh,Andra Pradesh,Nizamabad,1971\Andra Pradesh\1971 Nizamabad.pdf,civic_amenities,Civic Amenities,Needs review,,,0,False,No output or review record was found for this source table.
Andra Pradesh,Andra Pradesh,Nizamabad,1971\Andra Pradesh\1971 Nizamabad.pdf,medical_educational_amenities,Medical and Educational Amenities,Needs review,,,0,False,No output or review record was found for this source table.
Andra Pradesh,Andra Pradesh,Nizamabad,1971\Andra Pradesh\1971 Nizamabad.pdf,tehsil_appendix,Tehsil Appendix,Needs review,,,0,False,No output or review record was found for this source table.
Andra Pradesh,Andra Pradesh,Ongole (Prakasam),1971\Andra Pradesh\1971 Ongole (Prakasam).pdf,civic_amenities,Civic Amenities,Needs review,,,0,False,No output or review record was found for this source table.
Andra Pradesh,Andra Pradesh,Ongole (Prakasam),1971\Andra Pradesh\1971 Ongole (Prakasam).pdf,medical_educational_amenities,Medical and Educational Amenities,Needs review,,,0,False,No output or review record was found for this source table.
Andra Pradesh,Andra Pradesh,Ongole (Prakasam),1971\Andra Pradesh\1971 Ongole (Prakasam).pdf,tehsil_appendix,Tehsil Appendix,Needs review,,,0,False,No output or review record was found for this source table.
Andra Pradesh,Andra Pradesh,Srikakulam,1971\Andra Pradesh\1971 Srikakulam.pdf,civic_amenities,Civic Amenities,Needs review,,,0,False,No output or review record was found for this source table.
Andra Pradesh,Andra Pradesh,Srikakulam,1971\Andra Pradesh\1971 Srikakulam.pdf,medical_educational_amenities,Medical and Educational Amenities,Needs review,,,0,False,No output or review record was found for this source table.
Andra Pradesh,Andra Pradesh,Srikakulam,1971\Andra Pradesh\1971 Srikakulam.pdf,tehsil_appendix,Tehsil Appendix,Needs review,,,0,False,No output or review record was found for this source table.
Andra Pradesh,Andra Pradesh,Visakhapatnam,1971\Andra Pradesh\1971 Visakhapatnam.pdf,civic_amenities,Civic Amenities,Needs review,,,0,False,No output or review record was found for this source table.
Andra Pradesh,Andra Pradesh,Visakhapatnam,1971\Andra Pradesh\1971 Visakhapatnam.pdf,medical_educational_amenities,Medical and Educational Amenities,Needs review,,,0,False,No output or review record was found for this source table.
Andra Pradesh,Andra Pradesh,Visakhapatnam,1971\Andra Pradesh\1971 Visakhapatnam.pdf,tehsil_appendix,Tehsil Appendix,Needs review,,,0,False,No output or review record was found for this source table.
Andra Pradesh,Andra Pradesh,Warangal,1971\Andra Pradesh\1971 Warangal.pdf,civic_amenities,Civic Amenities,Needs review,,,0,False,No output or review record was found for this source table.
Andra Pradesh,Andra Pradesh,Warangal,1971\Andra Pradesh\1971 Warangal.pdf,medical_educational_amenities,Medical and Educational Amenities,Needs review,,,0,False,No output or review record was found for this source table.
Andra Pradesh,Andra Pradesh,Warangal,1971\Andra Pradesh\1971 Warangal.pdf,tehsil_appendix,Tehsil Appendix,Needs review,,,0,False,No output or review record was found for this source table.
Andra Pradesh,Andra Pradesh,West Godavari,1971\Andra Pradesh\1971 West Godavari.pdf,civic_amenities,Civic Amenities,Needs review,,,0,False,No output or review record was found for this source table.
Andra Pradesh,Andra Pradesh,West Godavari,1971\Andra Pradesh\1971 West Godavari.pdf,medical_educational_amenities,Medical and Educational Amenities,Needs review,,,0,False,No output or review record was found for this source table.
Andra Pradesh,Andra Pradesh,West Godavari,1971\Andra Pradesh\1971 West Godavari.pdf,tehsil_appendix,Tehsil Appendix,Needs review,,,0,False,No output or review record was found for this source table.
Arunachal Pradesh,Arunachal Pradesh,Kameng,1971\Arunachal Pradesh\1971 Kameng.pdf,civic_amenities,Civic Amenities,Trimmed,59,output\pdf\1971_trimmed\Arunachal Pradesh\civic amenities\Kameng_civic_1971.pdf,1,True,"Complete source-page span extracted; page order, geometry, rotation, margins, and scan content preserved. Automated text check was inconclusive because the scan has weak/no text extraction; the page span was verified from the printed table layout."
Arunachal Pradesh,Arunachal Pradesh,Kameng,1971\Arunachal Pradesh\1971 Kameng.pdf,medical_educational_amenities,Medical and Educational Amenities,Trimmed,59,output\pdf\1971_trimmed\Arunachal Pradesh\mededu\Kameng_mededu_1971.pdf,1,True,"Complete source-page span extracted; page order, geometry, rotation, margins, and scan content preserved."
Arunachal Pradesh,Arunachal Pradesh,Kameng,1971\Arunachal Pradesh\1971 Kameng.pdf,tehsil_appendix,Tehsil Appendix,Trimmed,"67,68",output\pdf\1971_trimmed\Arunachal Pradesh\tehsil appendix\Kameng_tehsil_1971.pdf,2,True,"Complete source-page span extracted; page order, geometry, rotation, margins, and scan content preserved."
Arunachal Pradesh,Arunachal Pradesh,Lohit,1971\Arunachal Pradesh\1971 Lohit.pdf,civic_amenities,Civic Amenities,Trimmed,70,output\pdf\1971_trimmed\Arunachal Pradesh\civic amenities\Lohit_civic_1971.pdf,1,True,"Complete source-page span extracted; page order, geometry, rotation, margins, and scan content preserved."
Arunachal Pradesh,Arunachal Pradesh,Lohit,1971\Arunachal Pradesh\1971 Lohit.pdf,medical_educational_amenities,Medical and Educational Amenities,Trimmed,71,output\pdf\1971_trimmed\Arunachal Pradesh\mededu\Lohit_mededu_1971.pdf,1,True,"Complete source-page span extracted; page order, geometry, rotation, margins, and scan content preserved."
Arunachal Pradesh,Arunachal Pradesh,Lohit,1971\Arunachal Pradesh\1971 Lohit.pdf,tehsil_appendix,Tehsil Appendix,Trimmed,"76,77",output\pdf\1971_trimmed\Arunachal Pradesh\tehsil appendix\Lohit_tehsil_1971.pdf,2,True,"Complete source-page span extracted; page order, geometry, rotation, margins, and scan content preserved."
Arunachal Pradesh,Arunachal Pradesh,Siang,1971\Arunachal Pradesh\1971 Siang.pdf,civic_amenities,Civic Amenities,Trimmed,80,output\pdf\1971_trimmed\Arunachal Pradesh\civic amenities\Siang_civic_1971.pdf,1,True,"Complete source-page span extracted; page order, geometry, rotation, margins, and scan content preserved. Automated text check was inconclusive because the scan has weak/no text extraction; the page span was verified from the printed table layout."
Arunachal Pradesh,Arunachal Pradesh,Siang,1971\Arunachal Pradesh\1971 Siang.pdf,medical_educational_amenities,Medical and Educational Amenities,Trimmed,80,output\pdf\1971_trimmed\Arunachal Pradesh\mededu\Siang_mededu_1971.pdf,1,True,"Complete source-page span extracted; page order, geometry, rotation, margins, and scan content preserved. Automated text check was inconclusive because the scan has weak/no text extraction; the page span was verified from the printed table layout."
Arunachal Pradesh,Arunachal Pradesh,Siang,1971\Arunachal Pradesh\1971 Siang.pdf,tehsil_appendix,Tehsil Appendix,Trimmed,"88,89",output\pdf\1971_trimmed\Arunachal Pradesh\tehsil appendix\Siang_tehsil_1971.pdf,2,True,"Complete source-page span extracted; page order, geometry, rotation, margins, and scan content preserved."
Arunachal Pradesh,Arunachal Pradesh,Subansiri,1971\Arunachal Pradesh\1971 Subansiri.pdf,civic_amenities,Civic Amenities,Not trimmed,,,0,False,"No separate town Statement IV/V page was located in the inspected district volume; the available amenities abstract is the Circle-wise Village Directory appendix, which was extracted as tehsil_appendix."
Arunachal Pradesh,Arunachal Pradesh,Subansiri,1971\Arunachal Pradesh\1971 Subansiri.pdf,medical_educational_amenities,Medical and Educational Amenities,Not trimmed,,,0,False,"No separate town Statement IV/V page was located in the inspected district volume; the available amenities abstract is the Circle-wise Village Directory appendix, which was extracted as tehsil_appendix."
Arunachal Pradesh,Arunachal Pradesh,Subansiri,1971\Arunachal Pradesh\1971 Subansiri.pdf,tehsil_appendix,Tehsil Appendix,Trimmed,"72,73",output\pdf\1971_trimmed\Arunachal Pradesh\tehsil appendix\Subansiri_tehsil_1971.pdf,2,True,"Complete source-page span extracted; page order, geometry, rotation, margins, and scan content preserved."
Arunachal Pradesh,Arunachal Pradesh,Tirap,1971\Arunachal Pradesh\1971 Tirap .pdf,civic_amenities,Civic Amenities,Not trimmed,,,0,False,"No separate town Statement IV/V page was located in the inspected district volume; the available amenities abstract is the Circle-wise Village Directory appendix, which was extracted as tehsil_appendix."
Arunachal Pradesh,Arunachal Pradesh,Tirap,1971\Arunachal Pradesh\1971 Tirap .pdf,medical_educational_amenities,Medical and Educational Amenities,Not trimmed,,,0,False,"No separate town Statement IV/V page was located in the inspected district volume; the available amenities abstract is the Circle-wise Village Directory appendix, which was extracted as tehsil_appendix."
Arunachal Pradesh,Arunachal Pradesh,Tirap,1971\Arunachal Pradesh\1971 Tirap .pdf,tehsil_appendix,Tehsil Appendix,Trimmed,"76,77",output\pdf\1971_trimmed\Arunachal Pradesh\tehsil appendix\Tirap_tehsil_1971.pdf,2,True,"Complete source-page span extracted; page order, geometry, rotation, margins, and scan content preserved."
Bihar,Bihar,Bhagalpur,1971\Bihar\24656_1971_BHA.pdf,civic_amenities,Civic Amenities,Trimmed,41,output\pdf\1971_trimmed\Bihar\civic amenities\Bhagalpur_civic_1971.pdf,1,True,"Complete source-page span extracted; page order, geometry, rotation, margins, and scan content preserved."
Bihar,Bihar,Bhagalpur,1971\Bihar\24656_1971_BHA.pdf,medical_educational_amenities,Medical and Educational Amenities,Trimmed,41,output\pdf\1971_trimmed\Bihar\mededu\Bhagalpur_mededu_1971.pdf,1,True,"Complete source-page span extracted; page order, geometry, rotation, margins, and scan content preserved."
Bihar,Bihar,Bhagalpur,1971\Bihar\24656_1971_BHA.pdf,tehsil_appendix,Tehsil Appendix,Trimmed,"213,214",output\pdf\1971_trimmed\Bihar\tehsil appendix\Bhagalpur_tehsil_1971.pdf,2,True,"Complete source-page span extracted; page order, geometry, rotation, margins, and scan content preserved."
Bihar,Bihar,Dhanbad,1971\Bihar\24912_1971_DHA.pdf,civic_amenities,Civic Amenities,Trimmed,"33,34",output\pdf\1971_trimmed\Bihar\civic amenities\Dhanbad_civic_1971.pdf,2,True,"Complete source-page span extracted; page order, geometry, rotation, margins, and scan content preserved."
Bihar,Bihar,Dhanbad,1971\Bihar\24912_1971_DHA.pdf,medical_educational_amenities,Medical and Educational Amenities,Trimmed,"35,36",output\pdf\1971_trimmed\Bihar\mededu\Dhanbad_mededu_1971.pdf,2,True,"Complete source-page span extracted; page order, geometry, rotation, margins, and scan content preserved."
Bihar,Bihar,Dhanbad,1971\Bihar\24912_1971_DHA.pdf,tehsil_appendix,Tehsil Appendix,Trimmed,"113,114",output\pdf\1971_trimmed\Bihar\tehsil appendix\Dhanbad_tehsil_1971.pdf,2,True,"Complete source-page span extracted; page order, geometry, rotation, margins, and scan content preserved."
Bihar,Bihar,Hazaribagh,1971\Bihar\25098_1971_HAZ.pdf,civic_amenities,Civic Amenities,Trimmed,"63,64",output\pdf\1971_trimmed\Bihar\civic amenities\Hazaribagh_civic_1971.pdf,2,True,"Complete source-page span extracted; page order, geometry, rotation, margins, and scan content preserved. Automated text check was inconclusive because the scan has weak/no text extraction; the page span was verified from the printed table layout."
Bihar,Bihar,Hazaribagh,1971\Bihar\25098_1971_HAZ.pdf,medical_educational_amenities,Medical and Educational Amenities,Trimmed,"65,66",output\pdf\1971_trimmed\Bihar\mededu\Hazaribagh_mededu_1971.pdf,2,True,"Complete source-page span extracted; page order, geometry, rotation, margins, and scan content preserved."
Bihar,Bihar,Hazaribagh,1971\Bihar\25098_1971_HAZ.pdf,tehsil_appendix,Tehsil Appendix,Trimmed,"393,394,395,396",output\pdf\1971_trimmed\Bihar\tehsil appendix\Hazaribagh_tehsil_1971.pdf,4,True,"Complete source-page span extracted; page order, geometry, rotation, margins, and scan content preserved."
Bihar,Bihar,Ranchi,1971\Bihar\25194_1971_RAN.pdf,civic_amenities,Civic Amenities,Trimmed,"45,46",output\pdf\1971_trimmed\Bihar\civic amenities\Ranchi_civic_1971.pdf,2,True,"Complete source-page span extracted; page order, geometry, rotation, margins, and scan content preserved."
Bihar,Bihar,Ranchi,1971\Bihar\25194_1971_RAN.pdf,medical_educational_amenities,Medical and Educational Amenities,Trimmed,"47,48",output\pdf\1971_trimmed\Bihar\mededu\Ranchi_mededu_1971.pdf,2,True,"Complete source-page span extracted; page order, geometry, rotation, margins, and scan content preserved."
Bihar,Bihar,Ranchi,1971\Bihar\25194_1971_RAN.pdf,tehsil_appendix,Tehsil Appendix,Trimmed,"247,248,249,250",output\pdf\1971_trimmed\Bihar\tehsil appendix\Ranchi_tehsil_1971.pdf,4,True,"Complete source-page span extracted; page order, geometry, rotation, margins, and scan content preserved."
Bihar,Bihar,Monghyr,1971\Bihar\25257_1971_MON.pdf,civic_amenities,Civic Amenities,Trimmed,50,output\pdf\1971_trimmed\Bihar\civic amenities\Monghyr_civic_1971.pdf,1,True,"Complete source-page span extracted; page order, geometry, rotation, margins, and scan content preserved."
Bihar,Bihar,Monghyr,1971\Bihar\25257_1971_MON.pdf,medical_educational_amenities,Medical and Educational Amenities,Trimmed,51,output\pdf\1971_trimmed\Bihar\mededu\Monghyr_mededu_1971.pdf,1,True,"Complete source-page span extracted; page order, geometry, rotation, margins, and scan content preserved."
Bihar,Bihar,Monghyr,1971\Bihar\25257_1971_MON.pdf,tehsil_appendix,Tehsil Appendix,Trimmed,"264,265,266,267",output\pdf\1971_trimmed\Bihar\tehsil appendix\Monghyr_tehsil_1971.pdf,4,True,"Complete source-page span extracted; page order, geometry, rotation, margins, and scan content preserved."
Bihar,Bihar,Patna,1971\Bihar\25312_1971_PAT.pdf,civic_amenities,Civic Amenities,Trimmed,"34,35",output\pdf\1971_trimmed\Bihar\civic amenities\Patna_civic_1971.pdf,2,True,"Complete source-page span extracted; page order, geometry, rotation, margins, and scan content preserved. Automated text check was inconclusive because the scan has weak/no text extraction; the page span was verified from the printed table layout."
Bihar,Bihar,Patna,1971\Bihar\25312_1971_PAT.pdf,medical_educational_amenities,Medical and Educational Amenities,Trimmed,"36,37",output\pdf\1971_trimmed\Bihar\mededu\Patna_mededu_1971.pdf,2,True,"Complete source-page span extracted; page order, geometry, rotation, margins, and scan content preserved."
Bihar,Bihar,Patna,1971\Bihar\25312_1971_PAT.pdf,tehsil_appendix,Tehsil Appendix,Trimmed,"186,187,188,189",output\pdf\1971_trimmed\Bihar\tehsil appendix\Patna_tehsil_1971.pdf,4,True,"Complete source-page span extracted; page order, geometry, rotation, margins, and scan content preserved."
Bihar,Bihar,Champaran,1971\Bihar\25599_1971_CHA.pdf,civic_amenities,Civic Amenities,Trimmed,37,output\pdf\1971_trimmed\Bihar\civic amenities\Champaran_civic_1971.pdf,1,True,"Complete source-page span extracted; page order, geometry, rotation, margins, and scan content preserved. Automated text check was inconclusive because the scan has weak/no text extraction; the page span was verified from the printed table layout."
Bihar,Bihar,Champaran,1971\Bihar\25599_1971_CHA.pdf,medical_educational_amenities,Medical and Educational Amenities,Trimmed,37,output\pdf\1971_trimmed\Bihar\mededu\Champaran_mededu_1971.pdf,1,True,"Complete source-page span extracted; page order, geometry, rotation, margins, and scan content preserved."
Bihar,Bihar,Champaran,1971\Bihar\25599_1971_CHA.pdf,tehsil_appendix,Tehsil Appendix,Trimmed,"197,198,199,200",output\pdf\1971_trimmed\Bihar\tehsil appendix\Champaran_tehsil_1971.pdf,4,True,"Complete source-page span extracted; page order, geometry, rotation, margins, and scan content preserved."
Bihar,Bihar,Saharsa,1971\Bihar\26051_1971_SAH.pdf,civic_amenities,Civic Amenities,Trimmed,"33,34",output\pdf\1971_trimmed\Bihar\civic amenities\Saharsa_civic_1971.pdf,2,True,"Complete source-page span extracted; page order, geometry, rotation, margins, and scan content preserved."
Bihar,Bihar,Saharsa,1971\Bihar\26051_1971_SAH.pdf,medical_educational_amenities,Medical and Educational Amenities,Trimmed,"35,36",output\pdf\1971_trimmed\Bihar\mededu\Saharsa_mededu_1971.pdf,2,True,"Complete source-page span extracted; page order, geometry, rotation, margins, and scan content preserved."
Bihar,Bihar,Saharsa,1971\Bihar\26051_1971_SAH.pdf,tehsil_appendix,Tehsil Appendix,Trimmed,"121,122",output\pdf\1971_trimmed\Bihar\tehsil appendix\Saharsa_tehsil_1971.pdf,2,True,"Complete source-page span extracted; page order, geometry, rotation, margins, and scan content preserved."
Bihar,Bihar,Purnea,1971\Bihar\40512_1971_PUR.pdf,civic_amenities,Civic Amenities,Trimmed,"47,48",output\pdf\1971_trimmed\Bihar\civic amenities\Purnea_civic_1971.pdf,2,True,"Complete source-page span extracted; page order, geometry, rotation, margins, and scan content preserved."
Bihar,Bihar,Purnea,1971\Bihar\40512_1971_PUR.pdf,medical_educational_amenities,Medical and Educational Amenities,Trimmed,"49,50",output\pdf\1971_trimmed\Bihar\mededu\Purnea_mededu_1971.pdf,2,True,"Complete source-page span extracted; page order, geometry, rotation, margins, and scan content preserved."
Bihar,Bihar,Purnea,1971\Bihar\40512_1971_PUR.pdf,tehsil_appendix,Tehsil Appendix,Trimmed,"265,266,267,268",output\pdf\1971_trimmed\Bihar\tehsil appendix\Purnea_tehsil_1971.pdf,4,True,"Complete source-page span extracted; page order, geometry, rotation, margins, and scan content preserved."
Bihar,Bihar,Shahabad,1971\Bihar\41313_1971_SHA.pdf,civic_amenities,Civic Amenities,Not trimmed,,,0,False,"The supplied Shahabad volume is Part X-C Administrative Statistics and District Census Tables, not the Part X-A Town & Village Directory; the requested Statement IV, Statement V, and equivalent Village Directory amenities appendix are absent."
Bihar,Bihar,Shahabad,1971\Bihar\41313_1971_SHA.pdf,medical_educational_amenities,Medical and Educational Amenities,Not trimmed,,,0,False,"The supplied Shahabad volume is Part X-C Administrative Statistics and District Census Tables, not the Part X-A Town & Village Directory; the requested Statement IV, Statement V, and equivalent Village Directory amenities appendix are absent."
Bihar,Bihar,Shahabad,1971\Bihar\41313_1971_SHA.pdf,tehsil_appendix,Tehsil Appendix,Not trimmed,,,0,False,"The supplied Shahabad volume is Part X-C Administrative Statistics and District Census Tables, not the Part X-A Town & Village Directory; the requested Statement IV, Statement V, and equivalent Village Directory amenities appendix are absent."
Bihar,Bihar,Singhbhum,1971\Bihar\41339_1971_SIN.pdf,civic_amenities,Civic Amenities,Trimmed,"51,52",output\pdf\1971_trimmed\Bihar\civic amenities\Singhbhum_civic_1971.pdf,2,True,"Complete source-page span extracted; page order, geometry, rotation, margins, and scan content preserved."
Bihar,Bihar,Singhbhum,1971\Bihar\41339_1971_SIN.pdf,medical_educational_amenities,Medical and Educational Amenities,Trimmed,"53,54",output\pdf\1971_trimmed\Bihar\mededu\Singhbhum_mededu_1971.pdf,2,True,"Complete source-page span extracted; page order, geometry, rotation, margins, and scan content preserved."
Bihar,Bihar,Singhbhum,1971\Bihar\41339_1971_SIN.pdf,tehsil_appendix,Tehsil Appendix,Trimmed,"277,278,279",output\pdf\1971_trimmed\Bihar\tehsil appendix\Singhbhum_tehsil_1971.pdf,3,True,"Complete source-page span extracted; page order, geometry, rotation, margins, and scan content preserved."
Bihar,Bihar,Palamau,1971\Bihar\41344_1971_PAL.pdf,civic_amenities,Civic Amenities,Trimmed,40,output\pdf\1971_trimmed\Bihar\civic amenities\Palamau_civic_1971.pdf,1,True,"Complete source-page span extracted; page order, geometry, rotation, margins, and scan content preserved. Automated text check was inconclusive because the scan has weak/no text extraction; the page span was verified from the printed table layout."
Bihar,Bihar,Palamau,1971\Bihar\41344_1971_PAL.pdf,medical_educational_amenities,Medical and Educational Amenities,Trimmed,41,output\pdf\1971_trimmed\Bihar\mededu\Palamau_mededu_1971.pdf,1,True,"Complete source-page span extracted; page order, geometry, rotation, margins, and scan content preserved. Automated text check was inconclusive because the scan has weak/no text extraction; the page span was verified from the printed table layout."
Bihar,Bihar,Palamau,1971\Bihar\41344_1971_PAL.pdf,tehsil_appendix,Tehsil Appendix,Trimmed,"209,210,211",output\pdf\1971_trimmed\Bihar\tehsil appendix\Palamau_tehsil_1971.pdf,3,True,"Complete source-page span extracted; page order, geometry, rotation, margins, and scan content preserved."
Bihar,Bihar,Saran,1971\Bihar\41669_1971_SAR.pdf,civic_amenities,Civic Amenities,Trimmed,48,output\pdf\1971_trimmed\Bihar\civic amenities\Saran_civic_1971.pdf,1,True,"Complete source-page span extracted; page order, geometry, rotation, margins, and scan content preserved. Automated text check was inconclusive because the scan has weak/no text extraction; the page span was verified from the printed table layout."
Bihar,Bihar,Saran,1971\Bihar\41669_1971_SAR.pdf,medical_educational_amenities,Medical and Educational Amenities,Trimmed,49,output\pdf\1971_trimmed\Bihar\mededu\Saran_mededu_1971.pdf,1,True,"Complete source-page span extracted; page order, geometry, rotation, margins, and scan content preserved. Automated text check was inconclusive because the scan has weak/no text extraction; the page span was verified from the printed table layout."
Bihar,Bihar,Saran,1971\Bihar\41669_1971_SAR.pdf,tehsil_appendix,Tehsil Appendix,Trimmed,"291,292,293,294",output\pdf\1971_trimmed\Bihar\tehsil appendix\Saran_tehsil_1971.pdf,4,True,"Complete source-page span extracted; page order, geometry, rotation, margins, and scan content preserved."
Bihar,Bihar,Gaya,1971\Bihar\43128_1971_GAY.pdf,civic_amenities,Civic Amenities,Trimmed,"59,60",output\pdf\1971_trimmed\Bihar\civic amenities\Gaya_civic_1971.pdf,2,True,"Complete source-page span extracted; page order, geometry, rotation, margins, and scan content preserved."
Bihar,Bihar,Gaya,1971\Bihar\43128_1971_GAY.pdf,medical_educational_amenities,Medical and Educational Amenities,Trimmed,"61,62",output\pdf\1971_trimmed\Bihar\mededu\Gaya_mededu_1971.pdf,2,True,"Complete source-page span extracted; page order, geometry, rotation, margins, and scan content preserved."
Bihar,Bihar,Gaya,1971\Bihar\43128_1971_GAY.pdf,tehsil_appendix,Tehsil Appendix,Trimmed,"385,386,387,388",output\pdf\1971_trimmed\Bihar\tehsil appendix\Gaya_tehsil_1971.pdf,4,True,"Complete source-page span extracted; page order, geometry, rotation, margins, and scan content preserved."
Bihar,Bihar,Darbhanga,1971\Bihar\43891_1971_DAR.pdf,civic_amenities,Civic Amenities,Trimmed,"45,46",output\pdf\1971_trimmed\Bihar\civic amenities\Darbhanga_civic_1971.pdf,2,True,"Complete source-page span extracted; page order, geometry, rotation, margins, and scan content preserved. Automated text check was inconclusive because the scan has weak/no text extraction; the page span was verified from the printed table layout."
Bihar,Bihar,Darbhanga,1971\Bihar\43891_1971_DAR.pdf,medical_educational_amenities,Medical and Educational Amenities,Trimmed,"45,46",output\pdf\1971_trimmed\Bihar\mededu\Darbhanga_mededu_1971.pdf,2,True,"Complete source-page span extracted; page order, geometry, rotation, margins, and scan content preserved."
Bihar,Bihar,Darbhanga,1971\Bihar\43891_1971_DAR.pdf,tehsil_appendix,Tehsil Appendix,Trimmed,"234,235,236,237",output\pdf\1971_trimmed\Bihar\tehsil appendix\Darbhanga_tehsil_1971.pdf,4,True,"Complete source-page span extracted; page order, geometry, rotation, margins, and scan content preserved."
Bihar,Bihar,Santal Parganas,1971\Bihar\47756_1971_SAN.pdf,civic_amenities,Civic Amenities,Trimmed,"84,85",output\pdf\1971_trimmed\Bihar\civic amenities\Santal Parganas_civic_1971.pdf,2,True,"Complete source-page span extracted; page order, geometry, rotation, margins, and scan content preserved."
Bihar,Bihar,Santal Parganas,1971\Bihar\47756_1971_SAN.pdf,medical_educational_amenities,Medical and Educational Amenities,Trimmed,"86,87",output\pdf\1971_trimmed\Bihar\mededu\Santal Parganas_mededu_1971.pdf,2,True,"Complete source-page span extracted; page order, geometry, rotation, margins, and scan content preserved."
Bihar,Bihar,Santal Parganas,1971\Bihar\47756_1971_SAN.pdf,tehsil_appendix,Tehsil Appendix,Trimmed,"634,635,636,637",output\pdf\1971_trimmed\Bihar\tehsil appendix\Santal Parganas_tehsil_1971.pdf,4,True,"Complete source-page span extracted; page order, geometry, rotation, margins, and scan content preserved."
Dadra & Nagar Haveli,Dadra & Nagar Haveli,Dadra & Nagar Haveli,1971\Dadra & Nagar Haveli\1971 Dadra & Nagar Haveli.pdf,civic_amenities,Civic Amenities,Trimmed,48,output\pdf\1971_trimmed\Dadra & Nagar Haveli\civic amenities\Dadra_and_Nagar_Haveli_civic_1971.pdf,1,True,"Complete source-page span extracted; page order, geometry, rotation, margins, and scan content preserved."
Dadra & Nagar Haveli,Dadra & Nagar Haveli,Dadra & Nagar Haveli,1971\Dadra & Nagar Haveli\1971 Dadra & Nagar Haveli.pdf,medical_educational_amenities,Medical and Educational Amenities,Trimmed,"49,50",output\pdf\1971_trimmed\Dadra & Nagar Haveli\mededu\Dadra_and_Nagar_Haveli_mededu_1971.pdf,2,True,"Complete source-page span extracted; page order, geometry, rotation, margins, and scan content preserved."
Dadra & Nagar Haveli,Dadra & Nagar Haveli,Dadra & Nagar Haveli,1971\Dadra & Nagar Haveli\1971 Dadra & Nagar Haveli.pdf,tehsil_appendix,Tehsil Appendix,Trimmed,"27,28",output\pdf\1971_trimmed\Dadra & Nagar Haveli\tehsil appendix\Dadra_and_Nagar_Haveli_tehsil_1971.pdf,2,True,"Complete source-page span extracted; page order, geometry, rotation, margins, and scan content preserved."
Daman & Diu,Darman & Diu,Daman & Diu,1971\Darman & Diu\1971 Daman & Diu.pdf,civic_amenities,Civic Amenities,Trimmed,39,output\pdf\1971_trimmed\Daman & Diu\civic amenities\Daman_and_Diu_civic_1971.pdf,1,True,"Complete source-page span extracted; page order, geometry, rotation, margins, and scan content preserved."
Daman & Diu,Darman & Diu,Daman & Diu,1971\Darman & Diu\1971 Daman & Diu.pdf,medical_educational_amenities,Medical and Educational Amenities,Trimmed,"40,41,42,43",output\pdf\1971_trimmed\Daman & Diu\mededu\Daman_and_Diu_mededu_1971.pdf,4,True,"Complete source-page span extracted; page order, geometry, rotation, margins, and scan content preserved."
Daman & Diu,Darman & Diu,Daman & Diu,1971\Darman & Diu\1971 Daman & Diu.pdf,tehsil_appendix,Tehsil Appendix,Trimmed,"108,109",output\pdf\1971_trimmed\Daman & Diu\tehsil appendix\Daman_and_Diu_tehsil_1971.pdf,2,True,"Complete source-page span extracted; page order, geometry, rotation, margins, and scan content preserved."
Gujarat,Gujarat,Ahmadabad,1971\Gujarat\1971 Ahmadabad.pdf,civic_amenities,Civic Amenities,Needs review,,,0,False,No output or review record was found for this source table.
Gujarat,Gujarat,Ahmadabad,1971\Gujarat\1971 Ahmadabad.pdf,medical_educational_amenities,Medical and Educational Amenities,Needs review,,,0,False,No output or review record was found for this source table.
Gujarat,Gujarat,Ahmadabad,1971\Gujarat\1971 Ahmadabad.pdf,tehsil_appendix,Tehsil Appendix,Needs review,,,0,False,No output or review record was found for this source table.
Gujarat,Gujarat,Amreli,1971\Gujarat\1971 Amreli.pdf,civic_amenities,Civic Amenities,Needs review,,,0,False,No output or review record was found for this source table.
Gujarat,Gujarat,Amreli,1971\Gujarat\1971 Amreli.pdf,medical_educational_amenities,Medical and Educational Amenities,Needs review,,,0,False,No output or review record was found for this source table.
Gujarat,Gujarat,Amreli,1971\Gujarat\1971 Amreli.pdf,tehsil_appendix,Tehsil Appendix,Needs review,,,0,False,No output or review record was found for this source table.
Gujarat,Gujarat,Banas Kantha,1971\Gujarat\1971 Banas Kantha.pdf,civic_amenities,Civic Amenities,Needs review,,,0,False,No output or review record was found for this source table.
Gujarat,Gujarat,Banas Kantha,1971\Gujarat\1971 Banas Kantha.pdf,medical_educational_amenities,Medical and Educational Amenities,Needs review,,,0,False,No output or review record was found for this source table.
Gujarat,Gujarat,Banas Kantha,1971\Gujarat\1971 Banas Kantha.pdf,tehsil_appendix,Tehsil Appendix,Needs review,,,0,False,No output or review record was found for this source table.
Gujarat,Gujarat,Bharuch,1971\Gujarat\1971 Bharuch.pdf,civic_amenities,Civic Amenities,Needs review,,,0,False,No output or review record was found for this source table.
Gujarat,Gujarat,Bharuch,1971\Gujarat\1971 Bharuch.pdf,medical_educational_amenities,Medical and Educational Amenities,Needs review,,,0,False,No output or review record was found for this source table.
Gujarat,Gujarat,Bharuch,1971\Gujarat\1971 Bharuch.pdf,tehsil_appendix,Tehsil Appendix,Needs review,,,0,False,No output or review record was found for this source table.
Gujarat,Gujarat,Bhavnagar,1971\Gujarat\1971 Bhavnagar.pdf,civic_amenities,Civic Amenities,Needs review,,,0,False,No output or review record was found for this source table.
Gujarat,Gujarat,Bhavnagar,1971\Gujarat\1971 Bhavnagar.pdf,medical_educational_amenities,Medical and Educational Amenities,Needs review,,,0,False,No output or review record was found for this source table.
Gujarat,Gujarat,Bhavnagar,1971\Gujarat\1971 Bhavnagar.pdf,tehsil_appendix,Tehsil Appendix,Needs review,,,0,False,No output or review record was found for this source table.
Gujarat,Gujarat,Gandhinagar,1971\Gujarat\1971 Gandhinagar.pdf,civic_amenities,Civic Amenities,Needs review,,,0,False,No output or review record was found for this source table.
Gujarat,Gujarat,Gandhinagar,1971\Gujarat\1971 Gandhinagar.pdf,medical_educational_amenities,Medical and Educational Amenities,Needs review,,,0,False,No output or review record was found for this source table.
Gujarat,Gujarat,Gandhinagar,1971\Gujarat\1971 Gandhinagar.pdf,tehsil_appendix,Tehsil Appendix,Needs review,,,0,False,No output or review record was found for this source table.
Gujarat,Gujarat,Jamnagar,1971\Gujarat\1971 Jamnagar.pdf,civic_amenities,Civic Amenities,Needs review,,,0,False,No output or review record was found for this source table.
Gujarat,Gujarat,Jamnagar,1971\Gujarat\1971 Jamnagar.pdf,medical_educational_amenities,Medical and Educational Amenities,Needs review,,,0,False,No output or review record was found for this source table.
Gujarat,Gujarat,Jamnagar,1971\Gujarat\1971 Jamnagar.pdf,tehsil_appendix,Tehsil Appendix,Needs review,,,0,False,No output or review record was found for this source table.
Gujarat,Gujarat,Junagadh,1971\Gujarat\1971 Junagadh.pdf,civic_amenities,Civic Amenities,Not trimmed,,,0,False,1971 Part C full-count/statistical volume; the requested Town Directory Statement IV/V and tehsil/taluk amenities appendix are absent.
Gujarat,Gujarat,Junagadh,1971\Gujarat\1971 Junagadh.pdf,medical_educational_amenities,Medical and Educational Amenities,Not trimmed,,,0,False,1971 Part C full-count/statistical volume; the requested Town Directory Statement IV/V and tehsil/taluk amenities appendix are absent.
Gujarat,Gujarat,Junagadh,1971\Gujarat\1971 Junagadh.pdf,tehsil_appendix,Tehsil Appendix,Not trimmed,,,0,False,1971 Part C full-count/statistical volume; the requested Town Directory Statement IV/V and tehsil/taluk amenities appendix are absent.
Gujarat,Gujarat,Kheda,1971\Gujarat\1971 Kheda.pdf,civic_amenities,Civic Amenities,Needs review,,,0,False,No output or review record was found for this source table.
Gujarat,Gujarat,Kheda,1971\Gujarat\1971 Kheda.pdf,medical_educational_amenities,Medical and Educational Amenities,Needs review,,,0,False,No output or review record was found for this source table.
Gujarat,Gujarat,Kheda,1971\Gujarat\1971 Kheda.pdf,tehsil_appendix,Tehsil Appendix,Needs review,,,0,False,No output or review record was found for this source table.
Gujarat,Gujarat,Kutch,1971\Gujarat\1971 Kutch.pdf,civic_amenities,Civic Amenities,Needs review,,,0,False,No output or review record was found for this source table.
Gujarat,Gujarat,Kutch,1971\Gujarat\1971 Kutch.pdf,medical_educational_amenities,Medical and Educational Amenities,Needs review,,,0,False,No output or review record was found for this source table.
Gujarat,Gujarat,Kutch,1971\Gujarat\1971 Kutch.pdf,tehsil_appendix,Tehsil Appendix,Needs review,,,0,False,No output or review record was found for this source table.
Gujarat,Gujarat,Mahesana,1971\Gujarat\1971 Mahesana.pdf,civic_amenities,Civic Amenities,Needs review,,,0,False,No output or review record was found for this source table.
Gujarat,Gujarat,Mahesana,1971\Gujarat\1971 Mahesana.pdf,medical_educational_amenities,Medical and Educational Amenities,Needs review,,,0,False,No output or review record was found for this source table.
Gujarat,Gujarat,Mahesana,1971\Gujarat\1971 Mahesana.pdf,tehsil_appendix,Tehsil Appendix,Needs review,,,0,False,No output or review record was found for this source table.
Gujarat,Gujarat,Panch Mahals,1971\Gujarat\1971 Panch Mahals.pdf,civic_amenities,Civic Amenities,Needs review,,,0,False,No output or review record was found for this source table.
Gujarat,Gujarat,Panch Mahals,1971\Gujarat\1971 Panch Mahals.pdf,medical_educational_amenities,Medical and Educational Amenities,Needs review,,,0,False,No output or review record was found for this source table.
Gujarat,Gujarat,Panch Mahals,1971\Gujarat\1971 Panch Mahals.pdf,tehsil_appendix,Tehsil Appendix,Needs review,,,0,False,No output or review record was found for this source table.
Gujarat,Gujarat,Rajkot,1971\Gujarat\1971 Rajkot.pdf,civic_amenities,Civic Amenities,Needs review,,,0,False,No output or review record was found for this source table.
Gujarat,Gujarat,Rajkot,1971\Gujarat\1971 Rajkot.pdf,medical_educational_amenities,Medical and Educational Amenities,Needs review,,,0,False,No output or review record was found for this source table.
Gujarat,Gujarat,Rajkot,1971\Gujarat\1971 Rajkot.pdf,tehsil_appendix,Tehsil Appendix,Needs review,,,0,False,No output or review record was found for this source table.
Gujarat,Gujarat,Sabar Kantha,1971\Gujarat\1971 Sabar Kantha.pdf,civic_amenities,Civic Amenities,Needs review,,,0,False,No output or review record was found for this source table.
Gujarat,Gujarat,Sabar Kantha,1971\Gujarat\1971 Sabar Kantha.pdf,medical_educational_amenities,Medical and Educational Amenities,Needs review,,,0,False,No output or review record was found for this source table.
Gujarat,Gujarat,Sabar Kantha,1971\Gujarat\1971 Sabar Kantha.pdf,tehsil_appendix,Tehsil Appendix,Needs review,,,0,False,No output or review record was found for this source table.
Gujarat,Gujarat,Surat,1971\Gujarat\1971 Surat.pdf,civic_amenities,Civic Amenities,Needs review,,,0,False,No output or review record was found for this source table.
Gujarat,Gujarat,Surat,1971\Gujarat\1971 Surat.pdf,medical_educational_amenities,Medical and Educational Amenities,Needs review,,,0,False,No output or review record was found for this source table.
Gujarat,Gujarat,Surat,1971\Gujarat\1971 Surat.pdf,tehsil_appendix,Tehsil Appendix,Needs review,,,0,False,No output or review record was found for this source table.
Gujarat,Gujarat,Surendranagar,1971\Gujarat\1971 Surendranagar.pdf,civic_amenities,Civic Amenities,Needs review,,,0,False,No output or review record was found for this source table.
Gujarat,Gujarat,Surendranagar,1971\Gujarat\1971 Surendranagar.pdf,medical_educational_amenities,Medical and Educational Amenities,Needs review,,,0,False,No output or review record was found for this source table.
Gujarat,Gujarat,Surendranagar,1971\Gujarat\1971 Surendranagar.pdf,tehsil_appendix,Tehsil Appendix,Needs review,,,0,False,No output or review record was found for this source table.
Gujarat,Gujarat,Vadodara,1971\Gujarat\1971 Vadodara.pdf,civic_amenities,Civic Amenities,Needs review,,,0,False,No output or review record was found for this source table.
Gujarat,Gujarat,Vadodara,1971\Gujarat\1971 Vadodara.pdf,medical_educational_amenities,Medical and Educational Amenities,Needs review,,,0,False,No output or review record was found for this source table.
Gujarat,Gujarat,Vadodara,1971\Gujarat\1971 Vadodara.pdf,tehsil_appendix,Tehsil Appendix,Needs review,,,0,False,No output or review record was found for this source table.
Gujarat,Gujarat,Valsad,1971\Gujarat\1971 Valsad.pdf,civic_amenities,Civic Amenities,Needs review,,,0,False,No output or review record was found for this source table.
Gujarat,Gujarat,Valsad,1971\Gujarat\1971 Valsad.pdf,medical_educational_amenities,Medical and Educational Amenities,Needs review,,,0,False,No output or review record was found for this source table.
Gujarat,Gujarat,Valsad,1971\Gujarat\1971 Valsad.pdf,tehsil_appendix,Tehsil Appendix,Needs review,,,0,False,No output or review record was found for this source table.
Gujarat,Gujarat,The Dangs,1971\Gujarat\39986_1971_TD.pdf,civic_amenities,Civic Amenities,Not trimmed,,,0,False,The district volume states that The Dangs is entirely rural with no town; the corresponding Statement IV/V town tables do not exist.
Gujarat,Gujarat,The Dangs,1971\Gujarat\39986_1971_TD.pdf,medical_educational_amenities,Medical and Educational Amenities,Not trimmed,,,0,False,The district volume states that The Dangs is entirely rural with no town; the corresponding Statement IV/V town tables do not exist.
Gujarat,Gujarat,The Dangs,1971\Gujarat\39986_1971_TD.pdf,tehsil_appendix,Tehsil Appendix,Not trimmed,,,0,False,"The replacement Dangs source is the Gujarat Town Directory (Part VIA), not a district Part X-A/B Town/Village Directory volume; it states that The Dangs has no urban area and contains no district Statement IV/V or equivalent tehsil/taluk amenities appendix."
Haryana,Haryana,Gurgaon,1971\Haryana\1971 Gurgaon.pdf,civic_amenities,Civic Amenities,Not trimmed,,,0,False,"The volume is Part X-C, District Census Tables, not the Part X-A Village and Town Directory volume containing Town Directory Statement IV."
Haryana,Haryana,Gurgaon,1971\Haryana\1971 Gurgaon.pdf,medical_educational_amenities,Medical and Educational Amenities,Not trimmed,,,0,False,"The volume is Part X-C, District Census Tables, not the Part X-A Village and Town Directory volume containing Town Directory Statement V."
Haryana,Haryana,Gurgaon,1971\Haryana\1971 Gurgaon.pdf,tehsil_appendix,Tehsil Appendix,Not trimmed,,,0,False,"The volume is Part X-C, District Census Tables, not the Part X-A Village and Town Directory volume containing the tehsil/taluk amenities appendix."
Haryana,Haryana,Hisar,1971\Haryana\1971 Hisar.pdf,civic_amenities,Civic Amenities,Not trimmed,,,0,False,"The volume is Part X-C, District Census Tables, not the Part X-A Village and Town Directory volume containing Town Directory Statement IV."
Haryana,Haryana,Hisar,1971\Haryana\1971 Hisar.pdf,medical_educational_amenities,Medical and Educational Amenities,Not trimmed,,,0,False,"The volume is Part X-C, District Census Tables, not the Part X-A Village and Town Directory volume containing Town Directory Statement V."
Haryana,Haryana,Hisar,1971\Haryana\1971 Hisar.pdf,tehsil_appendix,Tehsil Appendix,Not trimmed,,,0,False,"The volume is Part X-C, District Census Tables, not the Part X-A Village and Town Directory volume containing the tehsil/taluk amenities appendix."
Haryana,Haryana,Jind,1971\Haryana\1971 Jind.pdf,civic_amenities,Civic Amenities,Not trimmed,,,0,False,"The volume is Part X-C, District Census Tables, not the Part X-A Village and Town Directory volume containing Town Directory Statement IV."
Haryana,Haryana,Jind,1971\Haryana\1971 Jind.pdf,medical_educational_amenities,Medical and Educational Amenities,Not trimmed,,,0,False,"The volume is Part X-C, District Census Tables, not the Part X-A Village and Town Directory volume containing Town Directory Statement V."
Haryana,Haryana,Jind,1971\Haryana\1971 Jind.pdf,tehsil_appendix,Tehsil Appendix,Not trimmed,,,0,False,"The volume is Part X-C, District Census Tables, not the Part X-A Village and Town Directory volume containing the tehsil/taluk amenities appendix."
Haryana,Haryana,Mahendragarh,1971\Haryana\1971 Mahendragarh.pdf,civic_amenities,Civic Amenities,Not trimmed,,,0,False,"The volume is Part X-C, District Census Tables, not the Part X-A Village and Town Directory volume containing Town Directory Statement IV."
Haryana,Haryana,Mahendragarh,1971\Haryana\1971 Mahendragarh.pdf,medical_educational_amenities,Medical and Educational Amenities,Not trimmed,,,0,False,"The volume is Part X-C, District Census Tables, not the Part X-A Village and Town Directory volume containing Town Directory Statement V."
Haryana,Haryana,Mahendragarh,1971\Haryana\1971 Mahendragarh.pdf,tehsil_appendix,Tehsil Appendix,Not trimmed,,,0,False,"The volume is Part X-C, District Census Tables, not the Part X-A Village and Town Directory volume containing the tehsil/taluk amenities appendix."
Haryana,Haryana,Rohtak,1971\Haryana\1971 Rohtak.pdf,civic_amenities,Civic Amenities,Not trimmed,,,0,False,"The volume is Part X-C, District Census Tables, not the Part X-A Village and Town Directory volume containing Town Directory Statement IV."
Haryana,Haryana,Rohtak,1971\Haryana\1971 Rohtak.pdf,medical_educational_amenities,Medical and Educational Amenities,Not trimmed,,,0,False,"The volume is Part X-C, District Census Tables, not the Part X-A Village and Town Directory volume containing Town Directory Statement V."
Haryana,Haryana,Rohtak,1971\Haryana\1971 Rohtak.pdf,tehsil_appendix,Tehsil Appendix,Not trimmed,,,0,False,"The volume is Part X-C, District Census Tables, not the Part X-A Village and Town Directory volume containing the tehsil/taluk amenities appendix."
Jammu & Kashmir,Jammu & Kashmir,Anantnag,1971\Jammu & Kashmir\1971 Anantnag.pdf,civic_amenities,Civic Amenities,Trimmed,44,output\pdf\1971_trimmed\Jammu & Kashmir\civic amenities\Anantnag_civic_1971.pdf,1,True,"Complete source-page span extracted; page order, geometry, rotation, margins, and scan content preserved. Automated text check was inconclusive because the scan has weak/no text extraction; the page span was verified from the printed table layout."
Jammu & Kashmir,Jammu & Kashmir,Anantnag,1971\Jammu & Kashmir\1971 Anantnag.pdf,medical_educational_amenities,Medical and Educational Amenities,Trimmed,45,output\pdf\1971_trimmed\Jammu & Kashmir\mededu\Anantnag_mededu_1971.pdf,1,True,"Complete source-page span extracted; page order, geometry, rotation, margins, and scan content preserved. Automated text check was inconclusive because the scan has weak/no text extraction; the page span was verified from the printed table layout."
Jammu & Kashmir,Jammu & Kashmir,Anantnag,1971\Jammu & Kashmir\1971 Anantnag.pdf,tehsil_appendix,Tehsil Appendix,Trimmed,"161,162",output\pdf\1971_trimmed\Jammu & Kashmir\tehsil appendix\Anantnag_tehsil_1971.pdf,2,True,"Complete source-page span extracted; page order, geometry, rotation, margins, and scan content preserved."
Jammu & Kashmir,Jammu & Kashmir,Baramula,1971\Jammu & Kashmir\1971 Baramula.pdf,civic_amenities,Civic Amenities,Trimmed,37,output\pdf\1971_trimmed\Jammu & Kashmir\civic amenities\Baramula_civic_1971.pdf,1,True,"Complete source-page span extracted; page order, geometry, rotation, margins, and scan content preserved. Automated text check was inconclusive because the scan has weak/no text extraction; the page span was verified from the printed table layout."
Jammu & Kashmir,Jammu & Kashmir,Baramula,1971\Jammu & Kashmir\1971 Baramula.pdf,medical_educational_amenities,Medical and Educational Amenities,Trimmed,38,output\pdf\1971_trimmed\Jammu & Kashmir\mededu\Baramula_mededu_1971.pdf,1,True,"Complete source-page span extracted; page order, geometry, rotation, margins, and scan content preserved. Automated text check was inconclusive because the scan has weak/no text extraction; the page span was verified from the printed table layout."
Jammu & Kashmir,Jammu & Kashmir,Baramula,1971\Jammu & Kashmir\1971 Baramula.pdf,tehsil_appendix,Tehsil Appendix,Trimmed,"44,45,46",output\pdf\1971_trimmed\Jammu & Kashmir\tehsil appendix\Baramula_tehsil_1971.pdf,3,True,"Complete source-page span extracted; page order, geometry, rotation, margins, and scan content preserved."
Jammu & Kashmir,Jammu & Kashmir,Doda,1971\Jammu & Kashmir\1971 Doda.pdf,civic_amenities,Civic Amenities,Trimmed,44,output\pdf\1971_trimmed\Jammu & Kashmir\civic amenities\Doda_civic_1971.pdf,1,True,"Complete source-page span extracted; page order, geometry, rotation, margins, and scan content preserved. Automated text check was inconclusive because the scan has weak/no text extraction; the page span was verified from the printed table layout."
Jammu & Kashmir,Jammu & Kashmir,Doda,1971\Jammu & Kashmir\1971 Doda.pdf,medical_educational_amenities,Medical and Educational Amenities,Trimmed,45,output\pdf\1971_trimmed\Jammu & Kashmir\mededu\Doda_mededu_1971.pdf,1,True,"Complete source-page span extracted; page order, geometry, rotation, margins, and scan content preserved. Automated text check was inconclusive because the scan has weak/no text extraction; the page span was verified from the printed table layout."
Jammu & Kashmir,Jammu & Kashmir,Doda,1971\Jammu & Kashmir\1971 Doda.pdf,tehsil_appendix,Tehsil Appendix,Trimmed,"97,98",output\pdf\1971_trimmed\Jammu & Kashmir\tehsil appendix\Doda_tehsil_1971.pdf,2,True,"Complete source-page span extracted; page order, geometry, rotation, margins, and scan content preserved."
Jammu & Kashmir,Jammu & Kashmir,Jammu,1971\Jammu & Kashmir\1971 Jammu.pdf,civic_amenities,Civic Amenities,Trimmed,42,output\pdf\1971_trimmed\Jammu & Kashmir\civic amenities\Jammu_civic_1971.pdf,1,True,"Complete source-page span extracted; page order, geometry, rotation, margins, and scan content preserved. Automated text check was inconclusive because the scan has weak/no text extraction; the page span was verified from the printed table layout."
Jammu & Kashmir,Jammu & Kashmir,Jammu,1971\Jammu & Kashmir\1971 Jammu.pdf,medical_educational_amenities,Medical and Educational Amenities,Trimmed,43,output\pdf\1971_trimmed\Jammu & Kashmir\mededu\Jammu_mededu_1971.pdf,1,True,"Complete source-page span extracted; page order, geometry, rotation, margins, and scan content preserved. Automated text check was inconclusive because the scan has weak/no text extraction; the page span was verified from the printed table layout."
Jammu & Kashmir,Jammu & Kashmir,Jammu,1971\Jammu & Kashmir\1971 Jammu.pdf,tehsil_appendix,Tehsil Appendix,Trimmed,"130,131,132",output\pdf\1971_trimmed\Jammu & Kashmir\tehsil appendix\Jammu_tehsil_1971.pdf,3,True,"Complete source-page span extracted; page order, geometry, rotation, margins, and scan content preserved."
Jammu & Kashmir,Jammu & Kashmir,Kathua,1971\Jammu & Kashmir\1971 Kathua.pdf,civic_amenities,Civic Amenities,Trimmed,38,output\pdf\1971_trimmed\Jammu & Kashmir\civic amenities\Kathua_civic_1971.pdf,1,True,"Complete source-page span extracted; page order, geometry, rotation, margins, and scan content preserved. Automated text check was inconclusive because the scan has weak/no text extraction; the page span was verified from the printed table layout."
Jammu & Kashmir,Jammu & Kashmir,Kathua,1971\Jammu & Kashmir\1971 Kathua.pdf,medical_educational_amenities,Medical and Educational Amenities,Trimmed,39,output\pdf\1971_trimmed\Jammu & Kashmir\mededu\Kathua_mededu_1971.pdf,1,True,"Complete source-page span extracted; page order, geometry, rotation, margins, and scan content preserved. Automated text check was inconclusive because the scan has weak/no text extraction; the page span was verified from the printed table layout."
Jammu & Kashmir,Jammu & Kashmir,Kathua,1971\Jammu & Kashmir\1971 Kathua.pdf,tehsil_appendix,Tehsil Appendix,Trimmed,"95,96",output\pdf\1971_trimmed\Jammu & Kashmir\tehsil appendix\Kathua_tehsil_1971.pdf,2,True,"Complete source-page span extracted; page order, geometry, rotation, margins, and scan content preserved."
Jammu & Kashmir,Jammu & Kashmir,Ladakh,1971\Jammu & Kashmir\1971 Ladakh.pdf,civic_amenities,Civic Amenities,Trimmed,33,output\pdf\1971_trimmed\Jammu & Kashmir\civic amenities\Ladakh_civic_1971.pdf,1,True,"Complete source-page span extracted; page order, geometry, rotation, margins, and scan content preserved. Automated text check was inconclusive because the scan has weak/no text extraction; the page span was verified from the printed table layout."
Jammu & Kashmir,Jammu & Kashmir,Ladakh,1971\Jammu & Kashmir\1971 Ladakh.pdf,medical_educational_amenities,Medical and Educational Amenities,Trimmed,34,output\pdf\1971_trimmed\Jammu & Kashmir\mededu\Ladakh_mededu_1971.pdf,1,True,"Complete source-page span extracted; page order, geometry, rotation, margins, and scan content preserved. Automated text check was inconclusive because the scan has weak/no text extraction; the page span was verified from the printed table layout."
Jammu & Kashmir,Jammu & Kashmir,Ladakh,1971\Jammu & Kashmir\1971 Ladakh.pdf,tehsil_appendix,Tehsil Appendix,Trimmed,"62,63,64",output\pdf\1971_trimmed\Jammu & Kashmir\tehsil appendix\Ladakh_tehsil_1971.pdf,3,True,"Complete source-page span extracted; page order, geometry, rotation, margins, and scan content preserved."
Jammu & Kashmir,Jammu & Kashmir,Punch,1971\Jammu & Kashmir\1971 Punch.pdf,civic_amenities,Civic Amenities,Trimmed,30,output\pdf\1971_trimmed\Jammu & Kashmir\civic amenities\Punch_civic_1971.pdf,1,True,"Complete source-page span extracted; page order, geometry, rotation, margins, and scan content preserved. Automated text check was inconclusive because the scan has weak/no text extraction; the page span was verified from the printed table layout."
Jammu & Kashmir,Jammu & Kashmir,Punch,1971\Jammu & Kashmir\1971 Punch.pdf,medical_educational_amenities,Medical and Educational Amenities,Trimmed,32,output\pdf\1971_trimmed\Jammu & Kashmir\mededu\Punch_mededu_1971.pdf,1,True,"Corrected to source page 32, which contains the complete Statement V table; page order, geometry, rotation, margins, and scan content preserved."
Jammu & Kashmir,Jammu & Kashmir,Punch,1971\Jammu & Kashmir\1971 Punch.pdf,tehsil_appendix,Tehsil Appendix,Trimmed,"54,55,56",output\pdf\1971_trimmed\Jammu & Kashmir\tehsil appendix\Punch_tehsil_1971.pdf,3,True,"Complete source-page span extracted; page order, geometry, rotation, margins, and scan content preserved."
Jammu & Kashmir,Jammu & Kashmir,Rajauri,1971\Jammu & Kashmir\1971 Rajauri.pdf,civic_amenities,Civic Amenities,Trimmed,33,output\pdf\1971_trimmed\Jammu & Kashmir\civic amenities\Rajauri_civic_1971.pdf,1,True,"Complete source-page span extracted; page order, geometry, rotation, margins, and scan content preserved. Automated text check was inconclusive because the scan has weak/no text extraction; the page span was verified from the printed table layout."
Jammu & Kashmir,Jammu & Kashmir,Rajauri,1971\Jammu & Kashmir\1971 Rajauri.pdf,medical_educational_amenities,Medical and Educational Amenities,Trimmed,34,output\pdf\1971_trimmed\Jammu & Kashmir\mededu\Rajauri_mededu_1971.pdf,1,True,"Complete source-page span extracted; page order, geometry, rotation, margins, and scan content preserved. Automated text check was inconclusive because the scan has weak/no text extraction; the page span was verified from the printed table layout."
Jammu & Kashmir,Jammu & Kashmir,Rajauri,1971\Jammu & Kashmir\1971 Rajauri.pdf,tehsil_appendix,Tehsil Appendix,Trimmed,"70,71,72",output\pdf\1971_trimmed\Jammu & Kashmir\tehsil appendix\Rajauri_tehsil_1971.pdf,3,True,"Complete source-page span extracted; page order, geometry, rotation, margins, and scan content preserved."
Jammu & Kashmir,Jammu & Kashmir,Srinagar,1971\Jammu & Kashmir\1971 Srinagar.pdf,civic_amenities,Civic Amenities,Trimmed,33,output\pdf\1971_trimmed\Jammu & Kashmir\civic amenities\Srinagar_civic_1971.pdf,1,True,"Complete source-page span extracted; page order, geometry, rotation, margins, and scan content preserved. Automated text check was inconclusive because the scan has weak/no text extraction; the page span was verified from the printed table layout."
Jammu & Kashmir,Jammu & Kashmir,Srinagar,1971\Jammu & Kashmir\1971 Srinagar.pdf,medical_educational_amenities,Medical and Educational Amenities,Trimmed,34,output\pdf\1971_trimmed\Jammu & Kashmir\mededu\Srinagar_mededu_1971.pdf,1,True,"Complete source-page span extracted; page order, geometry, rotation, margins, and scan content preserved. Automated text check was inconclusive because the scan has weak/no text extraction; the page span was verified from the printed table layout."
Jammu & Kashmir,Jammu & Kashmir,Srinagar,1971\Jammu & Kashmir\1971 Srinagar.pdf,tehsil_appendix,Tehsil Appendix,Trimmed,"40,41,42",output\pdf\1971_trimmed\Jammu & Kashmir\tehsil appendix\Srinagar_tehsil_1971.pdf,3,True,"Complete source-page span extracted; page order, geometry, rotation, margins, and scan content preserved."
Jammu & Kashmir,Jammu & Kashmir,Udhampur,1971\Jammu & Kashmir\1971 Udhampur.pdf,civic_amenities,Civic Amenities,Trimmed,37,output\pdf\1971_trimmed\Jammu & Kashmir\civic amenities\Udhampur_civic_1971.pdf,1,True,"Complete source-page span extracted; page order, geometry, rotation, margins, and scan content preserved. Automated text check was inconclusive because the scan has weak/no text extraction; the page span was verified from the printed table layout."
Jammu & Kashmir,Jammu & Kashmir,Udhampur,1971\Jammu & Kashmir\1971 Udhampur.pdf,medical_educational_amenities,Medical and Educational Amenities,Trimmed,38,output\pdf\1971_trimmed\Jammu & Kashmir\mededu\Udhampur_mededu_1971.pdf,1,True,"Complete source-page span extracted; page order, geometry, rotation, margins, and scan content preserved. Automated text check was inconclusive because the scan has weak/no text extraction; the page span was verified from the printed table layout."
Jammu & Kashmir,Jammu & Kashmir,Udhampur,1971\Jammu & Kashmir\1971 Udhampur.pdf,tehsil_appendix,Tehsil Appendix,Trimmed,"92,93",output\pdf\1971_trimmed\Jammu & Kashmir\tehsil appendix\Udhampur_tehsil_1971.pdf,2,True,"Complete source-page span extracted; page order, geometry, rotation, margins, and scan content preserved."
Karnataka,Karnataka,Bangalore,1971\Karnataka\1971 Bangalore.pdf,civic_amenities,Civic Amenities,Trimmed,"31,32",output\pdf\1971_trimmed\Karnataka\civic amenities\Bangalore_civic_1971.pdf,2,True,"Complete source-page span extracted; page order, geometry, rotation, margins, and scan content preserved."
Karnataka,Karnataka,Bangalore,1971\Karnataka\1971 Bangalore.pdf,medical_educational_amenities,Medical and Educational Amenities,Trimmed,"33,34,35,36",output\pdf\1971_trimmed\Karnataka\mededu\Bangalore_mededu_1971.pdf,4,True,"Complete source-page span extracted; page order, geometry, rotation, margins, and scan content preserved."
Karnataka,Karnataka,Bangalore,1971\Karnataka\1971 Bangalore.pdf,tehsil_appendix,Tehsil Appendix,Trimmed,"277,278",output\pdf\1971_trimmed\Karnataka\tehsil appendix\Bangalore_tehsil_1971.pdf,2,True,"Complete source-page span extracted; page order, geometry, rotation, margins, and scan content preserved."
Karnataka,Karnataka,Belgaum,1971\Karnataka\1971 Belgaum.pdf,civic_amenities,Civic Amenities,Trimmed,"25,26",output\pdf\1971_trimmed\Karnataka\civic amenities\Belgaum_civic_1971.pdf,2,True,"Complete source-page span extracted; page order, geometry, rotation, margins, and scan content preserved."
Karnataka,Karnataka,Belgaum,1971\Karnataka\1971 Belgaum.pdf,medical_educational_amenities,Medical and Educational Amenities,Trimmed,"27,28",output\pdf\1971_trimmed\Karnataka\mededu\Belgaum_mededu_1971.pdf,2,True,"Complete source-page span extracted; page order, geometry, rotation, margins, and scan content preserved."
Karnataka,Karnataka,Belgaum,1971\Karnataka\1971 Belgaum.pdf,tehsil_appendix,Tehsil Appendix,Trimmed,"141,142",output\pdf\1971_trimmed\Karnataka\tehsil appendix\Belgaum_tehsil_1971.pdf,2,True,"Complete source-page span extracted; page order, geometry, rotation, margins, and scan content preserved."
Karnataka,Karnataka,Bellary,1971\Karnataka\1971 Bellary.pdf,civic_amenities,Civic Amenities,Trimmed,"25,26",output\pdf\1971_trimmed\Karnataka\civic amenities\Bellary_civic_1971.pdf,2,True,"Complete source-page span extracted; page order, geometry, rotation, margins, and scan content preserved."
Karnataka,Karnataka,Bellary,1971\Karnataka\1971 Bellary.pdf,medical_educational_amenities,Medical and Educational Amenities,Trimmed,"27,28",output\pdf\1971_trimmed\Karnataka\mededu\Bellary_mededu_1971.pdf,2,True,"Complete source-page span extracted; page order, geometry, rotation, margins, and scan content preserved."
Karnataka,Karnataka,Bellary,1971\Karnataka\1971 Bellary.pdf,tehsil_appendix,Tehsil Appendix,Trimmed,"104,105",output\pdf\1971_trimmed\Karnataka\tehsil appendix\Bellary_tehsil_1971.pdf,2,True,"Complete source-page span extracted; page order, geometry, rotation, margins, and scan content preserved."
Karnataka,Karnataka,Bijapur,1971\Karnataka\1971 Bijapur.pdf,civic_amenities,Civic Amenities,Trimmed,"25,26",output\pdf\1971_trimmed\Karnataka\civic amenities\Bijapur_civic_1971.pdf,2,True,"Complete source-page span extracted; page order, geometry, rotation, margins, and scan content preserved."
Karnataka,Karnataka,Bijapur,1971\Karnataka\1971 Bijapur.pdf,medical_educational_amenities,Medical and Educational Amenities,Trimmed,"27,28",output\pdf\1971_trimmed\Karnataka\mededu\Bijapur_mededu_1971.pdf,2,True,"Complete source-page span extracted; page order, geometry, rotation, margins, and scan content preserved."
Karnataka,Karnataka,Bijapur,1971\Karnataka\1971 Bijapur.pdf,tehsil_appendix,Tehsil Appendix,Trimmed,"155,156",output\pdf\1971_trimmed\Karnataka\tehsil appendix\Bijapur_tehsil_1971.pdf,2,True,"Complete source-page span extracted; page order, geometry, rotation, margins, and scan content preserved."
Karnataka,Karnataka,Chikmagalur,1971\Karnataka\1971 Chikmagalur.pdf,civic_amenities,Civic Amenities,Trimmed,"23,24",output\pdf\1971_trimmed\Karnataka\civic amenities\Chikmagalur_civic_1971.pdf,2,True,"Complete source-page span extracted; page order, geometry, rotation, margins, and scan content preserved."
Karnataka,Karnataka,Chikmagalur,1971\Karnataka\1971 Chikmagalur.pdf,medical_educational_amenities,Medical and Educational Amenities,Trimmed,"25,26",output\pdf\1971_trimmed\Karnataka\mededu\Chikmagalur_mededu_1971.pdf,2,True,"Complete source-page span extracted; page order, geometry, rotation, margins, and scan content preserved."
Karnataka,Karnataka,Chikmagalur,1971\Karnataka\1971 Chikmagalur.pdf,tehsil_appendix,Tehsil Appendix,Trimmed,"131,132",output\pdf\1971_trimmed\Karnataka\tehsil appendix\Chikmagalur_tehsil_1971.pdf,2,True,"Complete source-page span extracted; page order, geometry, rotation, margins, and scan content preserved."
Karnataka,Karnataka,Chitradurga,1971\Karnataka\1971 Chitradurga.pdf,civic_amenities,Civic Amenities,Trimmed,"22,23",output\pdf\1971_trimmed\Karnataka\civic amenities\Chitradurga_civic_1971.pdf,2,True,"Complete source-page span extracted; page order, geometry, rotation, margins, and scan content preserved. Automated text check was inconclusive because the scan has weak/no text extraction; the page span was verified from the printed table layout."
Karnataka,Karnataka,Chitradurga,1971\Karnataka\1971 Chitradurga.pdf,medical_educational_amenities,Medical and Educational Amenities,Trimmed,"24,25",output\pdf\1971_trimmed\Karnataka\mededu\Chitradurga_mededu_1971.pdf,2,True,"Complete source-page span extracted; page order, geometry, rotation, margins, and scan content preserved."
Karnataka,Karnataka,Chitradurga,1971\Karnataka\1971 Chitradurga.pdf,tehsil_appendix,Tehsil Appendix,Trimmed,"146,147",output\pdf\1971_trimmed\Karnataka\tehsil appendix\Chitradurga_tehsil_1971.pdf,2,True,"Complete source-page span extracted; page order, geometry, rotation, margins, and scan content preserved."
Karnataka,Karnataka,Coorg,1971\Karnataka\1971 Coorg.pdf,civic_amenities,Civic Amenities,Trimmed,"22,23",output\pdf\1971_trimmed\Karnataka\civic amenities\Coorg_civic_1971.pdf,2,True,"Complete source-page span extracted; page order, geometry, rotation, margins, and scan content preserved."
Karnataka,Karnataka,Coorg,1971\Karnataka\1971 Coorg.pdf,medical_educational_amenities,Medical and Educational Amenities,Trimmed,"24,25",output\pdf\1971_trimmed\Karnataka\mededu\Coorg_mededu_1971.pdf,2,True,"Complete source-page span extracted; page order, geometry, rotation, margins, and scan content preserved."
Karnataka,Karnataka,Coorg,1971\Karnataka\1971 Coorg.pdf,tehsil_appendix,Tehsil Appendix,Trimmed,"60,61",output\pdf\1971_trimmed\Karnataka\tehsil appendix\Coorg_tehsil_1971.pdf,2,True,"Complete source-page span extracted; page order, geometry, rotation, margins, and scan content preserved."
Karnataka,Karnataka,Gulbarga,1971\Karnataka\1971 Gulbarga.pdf,civic_amenities,Civic Amenities,Trimmed,"24,25",output\pdf\1971_trimmed\Karnataka\civic amenities\Gulbarga_civic_1971.pdf,2,True,"Complete source-page span extracted; page order, geometry, rotation, margins, and scan content preserved."
Karnataka,Karnataka,Gulbarga,1971\Karnataka\1971 Gulbarga.pdf,medical_educational_amenities,Medical and Educational Amenities,Trimmed,"26,27,28",output\pdf\1971_trimmed\Karnataka\mededu\Gulbarga_mededu_1971.pdf,3,True,"Complete source-page span extracted; page order, geometry, rotation, margins, and scan content preserved."
Karnataka,Karnataka,Gulbarga,1971\Karnataka\1971 Gulbarga.pdf,tehsil_appendix,Tehsil Appendix,Trimmed,"156,157",output\pdf\1971_trimmed\Karnataka\tehsil appendix\Gulbarga_tehsil_1971.pdf,2,True,"Complete source-page span extracted; page order, geometry, rotation, margins, and scan content preserved."
Karnataka,Karnataka,Hassan,1971\Karnataka\1971 Hassan.pdf,civic_amenities,Civic Amenities,Trimmed,"25,26",output\pdf\1971_trimmed\Karnataka\civic amenities\Hassan_civic_1971.pdf,2,True,"Complete source-page span extracted; page order, geometry, rotation, margins, and scan content preserved."
Karnataka,Karnataka,Hassan,1971\Karnataka\1971 Hassan.pdf,medical_educational_amenities,Medical and Educational Amenities,Trimmed,"27,28",output\pdf\1971_trimmed\Karnataka\mededu\Hassan_mededu_1971.pdf,2,True,"Complete source-page span extracted; page order, geometry, rotation, margins, and scan content preserved."
Karnataka,Karnataka,Hassan,1971\Karnataka\1971 Hassan.pdf,tehsil_appendix,Tehsil Appendix,Trimmed,"207,208",output\pdf\1971_trimmed\Karnataka\tehsil appendix\Hassan_tehsil_1971.pdf,2,True,"Complete source-page span extracted; page order, geometry, rotation, margins, and scan content preserved."
Karnataka,Karnataka,Kolar,1971\Karnataka\1971 Kolar.pdf,civic_amenities,Civic Amenities,Trimmed,"25,26",output\pdf\1971_trimmed\Karnataka\civic amenities\Kolar_civic_1971.pdf,2,True,"Complete source-page span extracted; page order, geometry, rotation, margins, and scan content preserved."
Karnataka,Karnataka,Kolar,1971\Karnataka\1971 Kolar.pdf,medical_educational_amenities,Medical and Educational Amenities,Trimmed,"27,28,29,30",output\pdf\1971_trimmed\Karnataka\mededu\Kolar_mededu_1971.pdf,4,True,"Complete source-page span extracted; page order, geometry, rotation, margins, and scan content preserved."
Karnataka,Karnataka,Kolar,1971\Karnataka\1971 Kolar.pdf,tehsil_appendix,Tehsil Appendix,Trimmed,"285,286",output\pdf\1971_trimmed\Karnataka\tehsil appendix\Kolar_tehsil_1971.pdf,2,True,"Complete source-page span extracted; page order, geometry, rotation, margins, and scan content preserved."
Karnataka,Karnataka,Mandya,1971\Karnataka\1971 Mandya.pdf,civic_amenities,Civic Amenities,Trimmed,"23,24",output\pdf\1971_trimmed\Karnataka\civic amenities\Mandya_civic_1971.pdf,2,True,"Complete source-page span extracted; page order, geometry, rotation, margins, and scan content preserved. Automated text check was inconclusive because the scan has weak/no text extraction; the page span was verified from the printed table layout."
Karnataka,Karnataka,Mandya,1971\Karnataka\1971 Mandya.pdf,medical_educational_amenities,Medical and Educational Amenities,Trimmed,"25,26",output\pdf\1971_trimmed\Karnataka\mededu\Mandya_mededu_1971.pdf,2,True,"Complete source-page span extracted; page order, geometry, rotation, margins, and scan content preserved."
Karnataka,Karnataka,Mandya,1971\Karnataka\1971 Mandya.pdf,tehsil_appendix,Tehsil Appendix,Trimmed,"147,148",output\pdf\1971_trimmed\Karnataka\tehsil appendix\Mandya_tehsil_1971.pdf,2,True,"Complete source-page span extracted; page order, geometry, rotation, margins, and scan content preserved."
Karnataka,Karnataka,Mysore,1971\Karnataka\1971 Mysore.pdf,civic_amenities,Civic Amenities,Trimmed,"25,26",output\pdf\1971_trimmed\Karnataka\civic amenities\Mysore_civic_1971.pdf,2,True,"Complete source-page span extracted; page order, geometry, rotation, margins, and scan content preserved."
Karnataka,Karnataka,Mysore,1971\Karnataka\1971 Mysore.pdf,medical_educational_amenities,Medical and Educational Amenities,Trimmed,"27,28",output\pdf\1971_trimmed\Karnataka\mededu\Mysore_mededu_1971.pdf,2,True,"Complete source-page span extracted; page order, geometry, rotation, margins, and scan content preserved."
Karnataka,Karnataka,Mysore,1971\Karnataka\1971 Mysore.pdf,tehsil_appendix,Tehsil Appendix,Trimmed,"195,196,197,198",output\pdf\1971_trimmed\Karnataka\tehsil appendix\Mysore_tehsil_1971.pdf,4,True,"Complete source-page span extracted; page order, geometry, rotation, margins, and scan content preserved."
Karnataka,Karnataka,North Kanara,1971\Karnataka\1971 North Kanara.pdf,civic_amenities,Civic Amenities,Trimmed,"25,26",output\pdf\1971_trimmed\Karnataka\civic amenities\North Kanara_civic_1971.pdf,2,True,"Complete source-page span extracted; page order, geometry, rotation, margins, and scan content preserved."
Karnataka,Karnataka,North Kanara,1971\Karnataka\1971 North Kanara.pdf,medical_educational_amenities,Medical and Educational Amenities,Trimmed,"27,28,29",output\pdf\1971_trimmed\Karnataka\mededu\North Kanara_mededu_1971.pdf,3,True,"Complete source-page span extracted; page order, geometry, rotation, margins, and scan content preserved."
Karnataka,Karnataka,North Kanara,1971\Karnataka\1971 North Kanara.pdf,tehsil_appendix,Tehsil Appendix,Trimmed,"145,146",output\pdf\1971_trimmed\Karnataka\tehsil appendix\North Kanara_tehsil_1971.pdf,2,True,"Complete source-page span extracted; page order, geometry, rotation, margins, and scan content preserved."
Karnataka,Karnataka,Raichur,1971\Karnataka\1971 Raichur.pdf,civic_amenities,Civic Amenities,Trimmed,"24,25",output\pdf\1971_trimmed\Karnataka\civic amenities\Raichur_civic_1971.pdf,2,True,"Complete source-page span extracted; page order, geometry, rotation, margins, and scan content preserved."
Karnataka,Karnataka,Raichur,1971\Karnataka\1971 Raichur.pdf,medical_educational_amenities,Medical and Educational Amenities,Trimmed,"26,27",output\pdf\1971_trimmed\Karnataka\mededu\Raichur_mededu_1971.pdf,2,True,"Complete source-page span extracted; page order, geometry, rotation, margins, and scan content preserved."
Karnataka,Karnataka,Raichur,1971\Karnataka\1971 Raichur.pdf,tehsil_appendix,Tehsil Appendix,Trimmed,"168,169",output\pdf\1971_trimmed\Karnataka\tehsil appendix\Raichur_tehsil_1971.pdf,2,True,"Complete source-page span extracted; page order, geometry, rotation, margins, and scan content preserved."
Karnataka,Karnataka,Shimoga,1971\Karnataka\1971 Shimoga.pdf,civic_amenities,Civic Amenities,Trimmed,"24,25",output\pdf\1971_trimmed\Karnataka\civic amenities\Shimoga_civic_1971.pdf,2,True,"Complete source-page span extracted; page order, geometry, rotation, margins, and scan content preserved."
Karnataka,Karnataka,Shimoga,1971\Karnataka\1971 Shimoga.pdf,medical_educational_amenities,Medical and Educational Amenities,Trimmed,"26,27",output\pdf\1971_trimmed\Karnataka\mededu\Shimoga_mededu_1971.pdf,2,True,"Complete source-page span extracted; page order, geometry, rotation, margins, and scan content preserved."
Karnataka,Karnataka,Shimoga,1971\Karnataka\1971 Shimoga.pdf,tehsil_appendix,Tehsil Appendix,Trimmed,"196,197",output\pdf\1971_trimmed\Karnataka\tehsil appendix\Shimoga_tehsil_1971.pdf,2,True,"Complete source-page span extracted; page order, geometry, rotation, margins, and scan content preserved."
Karnataka,Karnataka,South Kanara,1971\Karnataka\1971 South Kanara.pdf,civic_amenities,Civic Amenities,Trimmed,"25,26",output\pdf\1971_trimmed\Karnataka\civic amenities\South Kanara_civic_1971.pdf,2,True,"Complete source-page span extracted; page order, geometry, rotation, margins, and scan content preserved."
Karnataka,Karnataka,South Kanara,1971\Karnataka\1971 South Kanara.pdf,medical_educational_amenities,Medical and Educational Amenities,Trimmed,"27,28,29,30",output\pdf\1971_trimmed\Karnataka\mededu\South Kanara_mededu_1971.pdf,4,True,"Complete source-page span extracted; page order, geometry, rotation, margins, and scan content preserved."
Karnataka,Karnataka,South Kanara,1971\Karnataka\1971 South Kanara.pdf,tehsil_appendix,Tehsil Appendix,Trimmed,"97,98",output\pdf\1971_trimmed\Karnataka\tehsil appendix\South Kanara_tehsil_1971.pdf,2,True,"Complete source-page span extracted; page order, geometry, rotation, margins, and scan content preserved."
Karnataka,Karnataka,Tumkur,1971\Karnataka\1971 Tumkur.pdf,civic_amenities,Civic Amenities,Trimmed,"23,24",output\pdf\1971_trimmed\Karnataka\civic amenities\Tumkur_civic_1971.pdf,2,True,"Complete source-page span extracted; page order, geometry, rotation, margins, and scan content preserved."
Karnataka,Karnataka,Tumkur,1971\Karnataka\1971 Tumkur.pdf,medical_educational_amenities,Medical and Educational Amenities,Trimmed,"25,26",output\pdf\1971_trimmed\Karnataka\mededu\Tumkur_mededu_1971.pdf,2,True,"Complete source-page span extracted; page order, geometry, rotation, margins, and scan content preserved."
Karnataka,Karnataka,Tumkur,1971\Karnataka\1971 Tumkur.pdf,tehsil_appendix,Tehsil Appendix,Trimmed,"247,248",output\pdf\1971_trimmed\Karnataka\tehsil appendix\Tumkur_tehsil_1971.pdf,2,True,"Complete source-page span extracted; page order, geometry, rotation, margins, and scan content preserved."
Kerala,Kerala,Alleppey,1971\Kerala\1971 Alleppey.pdf,civic_amenities,Civic Amenities,Trimmed,"24,25",output\pdf\1971_trimmed\Kerala\civic amenities\Alleppey_civic_1971.pdf,2,True,"Complete source-page span extracted; page order, geometry, rotation, margins, and scan content preserved. Automated text check was inconclusive because the scan has weak/no text extraction; the page span was verified from the printed table layout."
Kerala,Kerala,Alleppey,1971\Kerala\1971 Alleppey.pdf,medical_educational_amenities,Medical and Educational Amenities,Trimmed,"26,27",output\pdf\1971_trimmed\Kerala\mededu\Alleppey_mededu_1971.pdf,2,True,"Complete source-page span extracted; page order, geometry, rotation, margins, and scan content preserved."
Kerala,Kerala,Alleppey,1971\Kerala\1971 Alleppey.pdf,tehsil_appendix,Tehsil Appendix,Trimmed,"50,51,52",output\pdf\1971_trimmed\Kerala\tehsil appendix\Alleppey_tehsil_1971.pdf,3,True,"Complete source-page span extracted; page order, geometry, rotation, margins, and scan content preserved."
Kerala,Kerala,Cannanore,1971\Kerala\1971 Cannanore.pdf,civic_amenities,Civic Amenities,Trimmed,"24,25",output\pdf\1971_trimmed\Kerala\civic amenities\Cannanore_civic_1971.pdf,2,True,"Complete source-page span extracted; page order, geometry, rotation, margins, and scan content preserved. Automated text check was inconclusive because the scan has weak/no text extraction; the page span was verified from the printed table layout."
Kerala,Kerala,Cannanore,1971\Kerala\1971 Cannanore.pdf,medical_educational_amenities,Medical and Educational Amenities,Trimmed,"26,27",output\pdf\1971_trimmed\Kerala\mededu\Cannanore_mededu_1971.pdf,2,True,"Complete source-page span extracted; page order, geometry, rotation, margins, and scan content preserved."
Kerala,Kerala,Cannanore,1971\Kerala\1971 Cannanore.pdf,tehsil_appendix,Tehsil Appendix,Trimmed,"56,57,58",output\pdf\1971_trimmed\Kerala\tehsil appendix\Cannanore_tehsil_1971.pdf,3,True,"Complete source-page span extracted; page order, geometry, rotation, margins, and scan content preserved."
Kerala,Kerala,Ernakulam,1971\Kerala\1971 Ernakulam.pdf,civic_amenities,Civic Amenities,Not trimmed,,,0,False,Part X-C Census Tables volume; no Town and Village Directory Statement IV/V or Taluk-wise amenities abstract found.
Kerala,Kerala,Ernakulam,1971\Kerala\1971 Ernakulam.pdf,medical_educational_amenities,Medical and Educational Amenities,Not trimmed,,,0,False,Part X-C Census Tables volume; no Town and Village Directory Statement IV/V or Taluk-wise amenities abstract found.
Kerala,Kerala,Ernakulam,1971\Kerala\1971 Ernakulam.pdf,tehsil_appendix,Tehsil Appendix,Not trimmed,,,0,False,Part X-C Census Tables volume; no Town and Village Directory Statement IV/V or Taluk-wise amenities abstract found.
Kerala,Kerala,Idikki,1971\Kerala\1971 Idikki.pdf,civic_amenities,Civic Amenities,Trimmed,22,output\pdf\1971_trimmed\Kerala\civic amenities\Idikki_civic_1971.pdf,1,True,"Complete source-page span extracted; page order, geometry, rotation, margins, and scan content preserved."
Kerala,Kerala,Idikki,1971\Kerala\1971 Idikki.pdf,medical_educational_amenities,Medical and Educational Amenities,Trimmed,"23,24",output\pdf\1971_trimmed\Kerala\mededu\Idikki_mededu_1971.pdf,2,True,"Complete source-page span extracted; page order, geometry, rotation, margins, and scan content preserved."
Kerala,Kerala,Idikki,1971\Kerala\1971 Idikki.pdf,tehsil_appendix,Tehsil Appendix,Not trimmed,,,0,False,"The Idikki handbook contains Statement IV on source p. 22 and Statement V on source p. 23, but no separate taluk-wise aggregate amenities appendix; the Village Directory pages are per-village tables."
Kerala,Kerala,Kottayam,1971\Kerala\1971 Kottayam.pdf,civic_amenities,Civic Amenities,Trimmed,24,output\pdf\1971_trimmed\Kerala\civic amenities\Kottayam_civic_1971.pdf,1,True,"Complete source-page span extracted; page order, geometry, rotation, margins, and scan content preserved."
Kerala,Kerala,Kottayam,1971\Kerala\1971 Kottayam.pdf,medical_educational_amenities,Medical and Educational Amenities,Trimmed,"24,25",output\pdf\1971_trimmed\Kerala\mededu\Kottayam_mededu_1971.pdf,2,True,"Complete source-page span extracted; page order, geometry, rotation, margins, and scan content preserved."
Kerala,Kerala,Kottayam,1971\Kerala\1971 Kottayam.pdf,tehsil_appendix,Tehsil Appendix,Trimmed,"50,51,52",output\pdf\1971_trimmed\Kerala\tehsil appendix\Kottayam_tehsil_1971.pdf,3,True,"Complete source-page span extracted; page order, geometry, rotation, margins, and scan content preserved."
Kerala,Kerala,Kozhikode,1971\Kerala\1971 Kozhikode.pdf,civic_amenities,Civic Amenities,Trimmed,"22,23",output\pdf\1971_trimmed\Kerala\civic amenities\Kozhikode_civic_1971.pdf,2,True,"Complete source-page span extracted; page order, geometry, rotation, margins, and scan content preserved."
Kerala,Kerala,Kozhikode,1971\Kerala\1971 Kozhikode.pdf,medical_educational_amenities,Medical and Educational Amenities,Trimmed,"24,25",output\pdf\1971_trimmed\Kerala\mededu\Kozhikode_mededu_1971.pdf,2,True,"Complete source-page span extracted; page order, geometry, rotation, margins, and scan content preserved."
Kerala,Kerala,Kozhikode,1971\Kerala\1971 Kozhikode.pdf,tehsil_appendix,Tehsil Appendix,Trimmed,"46,47,48",output\pdf\1971_trimmed\Kerala\tehsil appendix\Kozhikode_tehsil_1971.pdf,3,True,"Complete source-page span extracted; page order, geometry, rotation, margins, and scan content preserved."
Kerala,Kerala,Malappuram,1971\Kerala\1971 Malappuram.pdf,civic_amenities,Civic Amenities,Trimmed,"23,24",output\pdf\1971_trimmed\Kerala\civic amenities\Malappuram_civic_1971.pdf,2,True,"Complete source-page span extracted; page order, geometry, rotation, margins, and scan content preserved. Automated text check was inconclusive because the scan has weak/no text extraction; the page span was verified from the printed table layout."
Kerala,Kerala,Malappuram,1971\Kerala\1971 Malappuram.pdf,medical_educational_amenities,Medical and Educational Amenities,Trimmed,"23,24",output\pdf\1971_trimmed\Kerala\mededu\Malappuram_mededu_1971.pdf,2,True,"Complete source-page span extracted; page order, geometry, rotation, margins, and scan content preserved."
Kerala,Kerala,Malappuram,1971\Kerala\1971 Malappuram.pdf,tehsil_appendix,Tehsil Appendix,Trimmed,"43,44",output\pdf\1971_trimmed\Kerala\tehsil appendix\Malappuram_tehsil_1971.pdf,2,True,"Complete source-page span extracted; page order, geometry, rotation, margins, and scan content preserved."
Kerala,Kerala,Palghat,1971\Kerala\1971 Palghat.pdf,civic_amenities,Civic Amenities,Trimmed,"22,23",output\pdf\1971_trimmed\Kerala\civic amenities\Palghat_civic_1971.pdf,2,True,"Complete source-page span extracted; page order, geometry, rotation, margins, and scan content preserved."
Kerala,Kerala,Palghat,1971\Kerala\1971 Palghat.pdf,medical_educational_amenities,Medical and Educational Amenities,Trimmed,"22,23",output\pdf\1971_trimmed\Kerala\mededu\Palghat_mededu_1971.pdf,2,True,"Complete source-page span extracted; page order, geometry, rotation, margins, and scan content preserved."
Kerala,Kerala,Palghat,1971\Kerala\1971 Palghat.pdf,tehsil_appendix,Tehsil Appendix,Trimmed,"48,49",output\pdf\1971_trimmed\Kerala\tehsil appendix\Palghat_tehsil_1971.pdf,2,True,"Complete source-page span extracted; page order, geometry, rotation, margins, and scan content preserved."
Kerala,Kerala,Quilon,1971\Kerala\1971 Quilon.pdf,civic_amenities,Civic Amenities,Trimmed,"22,23",output\pdf\1971_trimmed\Kerala\civic amenities\Quilon_civic_1971.pdf,2,True,"Complete source-page span extracted; page order, geometry, rotation, margins, and scan content preserved."
Kerala,Kerala,Quilon,1971\Kerala\1971 Quilon.pdf,medical_educational_amenities,Medical and Educational Amenities,Trimmed,"22,23",output\pdf\1971_trimmed\Kerala\mededu\Quilon_mededu_1971.pdf,2,True,"Complete source-page span extracted; page order, geometry, rotation, margins, and scan content preserved."
Kerala,Kerala,Quilon,1971\Kerala\1971 Quilon.pdf,tehsil_appendix,Tehsil Appendix,Trimmed,"44,45,46",output\pdf\1971_trimmed\Kerala\tehsil appendix\Quilon_tehsil_1971.pdf,3,True,"Complete source-page span extracted; page order, geometry, rotation, margins, and scan content preserved."
Kerala,Kerala,Trichur,1971\Kerala\1971 Trichur.pdf,civic_amenities,Civic Amenities,Trimmed,"22,23",output\pdf\1971_trimmed\Kerala\civic amenities\Trichur_civic_1971.pdf,2,True,"Complete source-page span extracted; page order, geometry, rotation, margins, and scan content preserved."
Kerala,Kerala,Trichur,1971\Kerala\1971 Trichur.pdf,medical_educational_amenities,Medical and Educational Amenities,Trimmed,"24,25",output\pdf\1971_trimmed\Kerala\mededu\Trichur_mededu_1971.pdf,2,True,"Complete source-page span extracted; page order, geometry, rotation, margins, and scan content preserved."
Kerala,Kerala,Trichur,1971\Kerala\1971 Trichur.pdf,tehsil_appendix,Tehsil Appendix,Trimmed,"62,63",output\pdf\1971_trimmed\Kerala\tehsil appendix\Trichur_tehsil_1971.pdf,2,True,"Complete source-page span extracted; page order, geometry, rotation, margins, and scan content preserved."
Kerala,Kerala,Trivandrum,1971\Kerala\1971 Trivandrum.pdf,civic_amenities,Civic Amenities,Trimmed,"25,26",output\pdf\1971_trimmed\Kerala\civic amenities\Trivandrum_civic_1971.pdf,2,True,"Complete source-page span extracted; page order, geometry, rotation, margins, and scan content preserved."
Kerala,Kerala,Trivandrum,1971\Kerala\1971 Trivandrum.pdf,medical_educational_amenities,Medical and Educational Amenities,Trimmed,"27,28",output\pdf\1971_trimmed\Kerala\mededu\Trivandrum_mededu_1971.pdf,2,True,"Complete source-page span extracted; page order, geometry, rotation, margins, and scan content preserved."
Kerala,Kerala,Trivandrum,1971\Kerala\1971 Trivandrum.pdf,tehsil_appendix,Tehsil Appendix,Trimmed,"47,48",output\pdf\1971_trimmed\Kerala\tehsil appendix\Trivandrum_tehsil_1971.pdf,2,True,"Complete source-page span extracted; page order, geometry, rotation, margins, and scan content preserved."
Madhya Pradesh,Madhya Pradesh,Balaghat,1971\Madhya Pradesh\1971 Balaghat.pdf,civic_amenities,Civic Amenities,Trimmed,109,output\pdf\1971_trimmed\Madhya Pradesh\civic amenities\Balaghat_civic_1971.pdf,1,True,"Complete source-page span extracted; page order, geometry, rotation, margins, and scan content preserved. Automated text check was inconclusive because the scan has weak/no text extraction; the page span was verified from the printed table layout."
Madhya Pradesh,Madhya Pradesh,Balaghat,1971\Madhya Pradesh\1971 Balaghat.pdf,medical_educational_amenities,Medical and Educational Amenities,Trimmed,110,output\pdf\1971_trimmed\Madhya Pradesh\mededu\Balaghat_mededu_1971.pdf,1,True,"Complete source-page span extracted; page order, geometry, rotation, margins, and scan content preserved. Automated text check was inconclusive because the scan has weak/no text extraction; the page span was verified from the printed table layout."
Madhya Pradesh,Madhya Pradesh,Balaghat,1971\Madhya Pradesh\1971 Balaghat.pdf,tehsil_appendix,Tehsil Appendix,Trimmed,"105,106",output\pdf\1971_trimmed\Madhya Pradesh\tehsil appendix\Balaghat_tehsil_1971.pdf,2,True,"Complete source-page span extracted; page order, geometry, rotation, margins, and scan content preserved."
Madhya Pradesh,Madhya Pradesh,Bastar,1971\Madhya Pradesh\1971 Bastar.pdf,civic_amenities,Civic Amenities,Trimmed,238,output\pdf\1971_trimmed\Madhya Pradesh\civic amenities\Bastar_civic_1971.pdf,1,True,"Complete source-page span extracted; page order, geometry, rotation, margins, and scan content preserved. Automated text check was inconclusive because the scan has weak/no text extraction; the page span was verified from the printed table layout."
Madhya Pradesh,Madhya Pradesh,Bastar,1971\Madhya Pradesh\1971 Bastar.pdf,medical_educational_amenities,Medical and Educational Amenities,Trimmed,239,output\pdf\1971_trimmed\Madhya Pradesh\mededu\Bastar_mededu_1971.pdf,1,True,"Complete source-page span extracted; page order, geometry, rotation, margins, and scan content preserved. Automated text check was inconclusive because the scan has weak/no text extraction; the page span was verified from the printed table layout."
Madhya Pradesh,Madhya Pradesh,Bastar,1971\Madhya Pradesh\1971 Bastar.pdf,tehsil_appendix,Tehsil Appendix,Trimmed,"234,235",output\pdf\1971_trimmed\Madhya Pradesh\tehsil appendix\Bastar_tehsil_1971.pdf,2,True,"Complete source-page span extracted; page order, geometry, rotation, margins, and scan content preserved."
Madhya Pradesh,Madhya Pradesh,Betul,1971\Madhya Pradesh\1971 Betul.pdf,civic_amenities,Civic Amenities,Needs review,,,0,False,No output or review record was found for this source table.
Madhya Pradesh,Madhya Pradesh,Betul,1971\Madhya Pradesh\1971 Betul.pdf,medical_educational_amenities,Medical and Educational Amenities,Trimmed,120,output\pdf\1971_trimmed\Madhya Pradesh\mededu\Betul_mededu_1971.pdf,1,True,"Complete source-page span extracted; page order, geometry, rotation, margins, and scan content preserved. Automated text check was inconclusive because the scan has weak/no text extraction; the page span was verified from the printed table layout."
Madhya Pradesh,Madhya Pradesh,Betul,1971\Madhya Pradesh\1971 Betul.pdf,tehsil_appendix,Tehsil Appendix,Trimmed,"116,117",output\pdf\1971_trimmed\Madhya Pradesh\tehsil appendix\Betul_tehsil_1971.pdf,2,True,"Complete source-page span extracted; page order, geometry, rotation, margins, and scan content preserved."
Madhya Pradesh,Madhya Pradesh,Bhind,1971\Madhya Pradesh\1971 Bhind.pdf,civic_amenities,Civic Amenities,Needs review,,,0,False,No output or review record was found for this source table.
Madhya Pradesh,Madhya Pradesh,Bhind,1971\Madhya Pradesh\1971 Bhind.pdf,medical_educational_amenities,Medical and Educational Amenities,Trimmed,103,output\pdf\1971_trimmed\Madhya Pradesh\mededu\Bhind_mededu_1971.pdf,1,True,"Complete source-page span extracted; page order, geometry, rotation, margins, and scan content preserved. Automated text check was inconclusive because the scan has weak/no text extraction; the page span was verified from the printed table layout."
Madhya Pradesh,Madhya Pradesh,Bhind,1971\Madhya Pradesh\1971 Bhind.pdf,tehsil_appendix,Tehsil Appendix,Trimmed,"97,98",output\pdf\1971_trimmed\Madhya Pradesh\tehsil appendix\Bhind_tehsil_1971.pdf,2,True,"Complete source-page span extracted; page order, geometry, rotation, margins, and scan content preserved."
Madhya Pradesh,Madhya Pradesh,Bilaspur,1971\Madhya Pradesh\1971 Bilaspur.pdf,civic_amenities,Civic Amenities,Needs review,,,0,False,No output or review record was found for this source table.
Madhya Pradesh,Madhya Pradesh,Bilaspur,1971\Madhya Pradesh\1971 Bilaspur.pdf,medical_educational_amenities,Medical and Educational Amenities,Trimmed,270,output\pdf\1971_trimmed\Madhya Pradesh\mededu\Bilaspur_mededu_1971.pdf,1,True,"Complete source-page span extracted; page order, geometry, rotation, margins, and scan content preserved. Automated text check was inconclusive because the scan has weak/no text extraction; the page span was verified from the printed table layout."
Madhya Pradesh,Madhya Pradesh,Bilaspur,1971\Madhya Pradesh\1971 Bilaspur.pdf,tehsil_appendix,Tehsil Appendix,Trimmed,"263,264",output\pdf\1971_trimmed\Madhya Pradesh\tehsil appendix\Bilaspur_tehsil_1971.pdf,2,True,"Complete source-page span extracted; page order, geometry, rotation, margins, and scan content preserved."
Madhya Pradesh,Madhya Pradesh,Chhatarpur,1971\Madhya Pradesh\1971 Chhatarpur.pdf,civic_amenities,Civic Amenities,Trimmed,101,output\pdf\1971_trimmed\Madhya Pradesh\civic amenities\Chhatarpur_civic_1971.pdf,1,True,"Complete source-page span extracted; page order, geometry, rotation, margins, and scan content preserved. Automated text check was inconclusive because the scan has weak/no text extraction; the page span was verified from the printed table layout."
Madhya Pradesh,Madhya Pradesh,Chhatarpur,1971\Madhya Pradesh\1971 Chhatarpur.pdf,medical_educational_amenities,Medical and Educational Amenities,Trimmed,102,output\pdf\1971_trimmed\Madhya Pradesh\mededu\Chhatarpur_mededu_1971.pdf,1,True,"Complete source-page span extracted; page order, geometry, rotation, margins, and scan content preserved. Automated text check was inconclusive because the scan has weak/no text extraction; the page span was verified from the printed table layout."
Madhya Pradesh,Madhya Pradesh,Chhatarpur,1971\Madhya Pradesh\1971 Chhatarpur.pdf,tehsil_appendix,Tehsil Appendix,Trimmed,"96,97",output\pdf\1971_trimmed\Madhya Pradesh\tehsil appendix\Chhatarpur_tehsil_1971.pdf,2,True,"Complete source-page span extracted; page order, geometry, rotation, margins, and scan content preserved."
Madhya Pradesh,Madhya Pradesh,Chhindwara,1971\Madhya Pradesh\1971 Chhindwara.pdf,civic_amenities,Civic Amenities,Trimmed,141,output\pdf\1971_trimmed\Madhya Pradesh\civic amenities\Chhindwara_civic_1971.pdf,1,True,"Complete source-page span extracted; page order, geometry, rotation, margins, and scan content preserved. Automated text check was inconclusive because the scan has weak/no text extraction; the page span was verified from the printed table layout."
Madhya Pradesh,Madhya Pradesh,Chhindwara,1971\Madhya Pradesh\1971 Chhindwara.pdf,medical_educational_amenities,Medical and Educational Amenities,Trimmed,142,output\pdf\1971_trimmed\Madhya Pradesh\mededu\Chhindwara_mededu_1971.pdf,1,True,"Complete source-page span extracted; page order, geometry, rotation, margins, and scan content preserved. Automated text check was inconclusive because the scan has weak/no text extraction; the page span was verified from the printed table layout."
Madhya Pradesh,Madhya Pradesh,Chhindwara,1971\Madhya Pradesh\1971 Chhindwara.pdf,tehsil_appendix,Tehsil Appendix,Trimmed,"135,136",output\pdf\1971_trimmed\Madhya Pradesh\tehsil appendix\Chhindwara_tehsil_1971.pdf,2,True,"Complete source-page span extracted; page order, geometry, rotation, margins, and scan content preserved."
Madhya Pradesh,Madhya Pradesh,Damoh,1971\Madhya Pradesh\1971 Damoh.pdf,civic_amenities,Civic Amenities,Trimmed,98,output\pdf\1971_trimmed\Madhya Pradesh\civic amenities\Damoh_civic_1971.pdf,1,True,"Complete source-page span extracted; page order, geometry, rotation, margins, and scan content preserved. Automated text check was inconclusive because the scan has weak/no text extraction; the page span was verified from the printed table layout."
Madhya Pradesh,Madhya Pradesh,Damoh,1971\Madhya Pradesh\1971 Damoh.pdf,medical_educational_amenities,Medical and Educational Amenities,Trimmed,99,output\pdf\1971_trimmed\Madhya Pradesh\mededu\Damoh_mededu_1971.pdf,1,True,"Complete source-page span extracted; page order, geometry, rotation, margins, and scan content preserved. Automated text check was inconclusive because the scan has weak/no text extraction; the page span was verified from the printed table layout."
Madhya Pradesh,Madhya Pradesh,Damoh,1971\Madhya Pradesh\1971 Damoh.pdf,tehsil_appendix,Tehsil Appendix,Trimmed,"95,96",output\pdf\1971_trimmed\Madhya Pradesh\tehsil appendix\Damoh_tehsil_1971.pdf,2,True,"Complete source-page span extracted; page order, geometry, rotation, margins, and scan content preserved."
Madhya Pradesh,Madhya Pradesh,Datia,1971\Madhya Pradesh\1971 Datia.pdf,civic_amenities,Civic Amenities,Trimmed,53,output\pdf\1971_trimmed\Madhya Pradesh\civic amenities\Datia_civic_1971.pdf,1,True,"Complete source-page span extracted; page order, geometry, rotation, margins, and scan content preserved. Automated text check was inconclusive because the scan has weak/no text extraction; the page span was verified from the printed table layout."
Madhya Pradesh,Madhya Pradesh,Datia,1971\Madhya Pradesh\1971 Datia.pdf,medical_educational_amenities,Medical and Educational Amenities,Trimmed,54,output\pdf\1971_trimmed\Madhya Pradesh\mededu\Datia_mededu_1971.pdf,1,True,"Complete source-page span extracted; page order, geometry, rotation, margins, and scan content preserved. Automated text check was inconclusive because the scan has weak/no text extraction; the page span was verified from the printed table layout."
Madhya Pradesh,Madhya Pradesh,Datia,1971\Madhya Pradesh\1971 Datia.pdf,tehsil_appendix,Tehsil Appendix,Trimmed,"50,51",output\pdf\1971_trimmed\Madhya Pradesh\tehsil appendix\Datia_tehsil_1971.pdf,2,True,"Complete source-page span extracted; page order, geometry, rotation, margins, and scan content preserved."
Madhya Pradesh,Madhya Pradesh,Dewas,1971\Madhya Pradesh\1971 Dewas.pdf,civic_amenities,Civic Amenities,Needs review,,,0,False,No output or review record was found for this source table.
Madhya Pradesh,Madhya Pradesh,Dewas,1971\Madhya Pradesh\1971 Dewas.pdf,medical_educational_amenities,Medical and Educational Amenities,Trimmed,121,output\pdf\1971_trimmed\Madhya Pradesh\mededu\Dewas_mededu_1971.pdf,1,True,"Complete source-page span extracted; page order, geometry, rotation, margins, and scan content preserved. Automated text check was inconclusive because the scan has weak/no text extraction; the page span was verified from the printed table layout."
Madhya Pradesh,Madhya Pradesh,Dewas,1971\Madhya Pradesh\1971 Dewas.pdf,tehsil_appendix,Tehsil Appendix,Trimmed,"115,116",output\pdf\1971_trimmed\Madhya Pradesh\tehsil appendix\Dewas_tehsil_1971.pdf,2,True,"Complete source-page span extracted; page order, geometry, rotation, margins, and scan content preserved."
Madhya Pradesh,Madhya Pradesh,Dhar,1971\Madhya Pradesh\1971 Dhar.pdf,civic_amenities,Civic Amenities,Needs review,,,0,False,No output or review record was found for this source table.
Madhya Pradesh,Madhya Pradesh,Dhar,1971\Madhya Pradesh\1971 Dhar.pdf,medical_educational_amenities,Medical and Educational Amenities,Trimmed,139,output\pdf\1971_trimmed\Madhya Pradesh\mededu\Dhar_mededu_1971.pdf,1,True,"Complete source-page span extracted; page order, geometry, rotation, margins, and scan content preserved. Automated text check was inconclusive because the scan has weak/no text extraction; the page span was verified from the printed table layout."
Madhya Pradesh,Madhya Pradesh,Dhar,1971\Madhya Pradesh\1971 Dhar.pdf,tehsil_appendix,Tehsil Appendix,Trimmed,"133,134",output\pdf\1971_trimmed\Madhya Pradesh\tehsil appendix\Dhar_tehsil_1971.pdf,2,True,"Complete source-page span extracted; page order, geometry, rotation, margins, and scan content preserved."
Madhya Pradesh,Madhya Pradesh,Durg,1971\Madhya Pradesh\1971 Durg.pdf,civic_amenities,Civic Amenities,Needs review,,,0,False,No output or review record was found for this source table.
Madhya Pradesh,Madhya Pradesh,Durg,1971\Madhya Pradesh\1971 Durg.pdf,medical_educational_amenities,Medical and Educational Amenities,Trimmed,308,output\pdf\1971_trimmed\Madhya Pradesh\mededu\Durg_mededu_1971.pdf,1,True,"Complete source-page span extracted; page order, geometry, rotation, margins, and scan content preserved. Automated text check was inconclusive because the scan has weak/no text extraction; the page span was verified from the printed table layout."
Madhya Pradesh,Madhya Pradesh,Durg,1971\Madhya Pradesh\1971 Durg.pdf,tehsil_appendix,Tehsil Appendix,Trimmed,"301,302",output\pdf\1971_trimmed\Madhya Pradesh\tehsil appendix\Durg_tehsil_1971.pdf,2,True,"Complete source-page span extracted; page order, geometry, rotation, margins, and scan content preserved."
Madhya Pradesh,Madhya Pradesh,Guna,1971\Madhya Pradesh\1971 Guna.pdf,civic_amenities,Civic Amenities,Needs review,,,0,False,No output or review record was found for this source table.
Madhya Pradesh,Madhya Pradesh,Guna,1971\Madhya Pradesh\1971 Guna.pdf,medical_educational_amenities,Medical and Educational Amenities,Trimmed,185,output\pdf\1971_trimmed\Madhya Pradesh\mededu\Guna_mededu_1971.pdf,1,True,"Complete source-page span extracted; page order, geometry, rotation, margins, and scan content preserved. Automated text check was inconclusive because the scan has weak/no text extraction; the page span was verified from the printed table layout."
Madhya Pradesh,Madhya Pradesh,Guna,1971\Madhya Pradesh\1971 Guna.pdf,tehsil_appendix,Tehsil Appendix,Trimmed,"169,170",output\pdf\1971_trimmed\Madhya Pradesh\tehsil appendix\Guna_tehsil_1971.pdf,2,True,"Complete source-page span extracted; page order, geometry, rotation, margins, and scan content preserved."
Madhya Pradesh,Madhya Pradesh,Gwalior,1971\Madhya Pradesh\1971 Gwalior.pdf,civic_amenities,Civic Amenities,Needs review,,,0,False,No output or review record was found for this source table.
Madhya Pradesh,Madhya Pradesh,Gwalior,1971\Madhya Pradesh\1971 Gwalior.pdf,medical_educational_amenities,Medical and Educational Amenities,Trimmed,88,output\pdf\1971_trimmed\Madhya Pradesh\mededu\Gwalior_mededu_1971.pdf,1,True,"Complete source-page span extracted; page order, geometry, rotation, margins, and scan content preserved. Automated text check was inconclusive because the scan has weak/no text extraction; the page span was verified from the printed table layout."
Madhya Pradesh,Madhya Pradesh,Gwalior,1971\Madhya Pradesh\1971 Gwalior.pdf,tehsil_appendix,Tehsil Appendix,Trimmed,"84,85",output\pdf\1971_trimmed\Madhya Pradesh\tehsil appendix\Gwalior_tehsil_1971.pdf,2,True,"Complete source-page span extracted; page order, geometry, rotation, margins, and scan content preserved."
Madhya Pradesh,Madhya Pradesh,Hoshangabad,1971\Madhya Pradesh\1971 Hoshangabad.pdf,civic_amenities,Civic Amenities,Needs review,,,0,False,No output or review record was found for this source table.
Madhya Pradesh,Madhya Pradesh,Hoshangabad,1971\Madhya Pradesh\1971 Hoshangabad.pdf,medical_educational_amenities,Medical and Educational Amenities,Trimmed,137,output\pdf\1971_trimmed\Madhya Pradesh\mededu\Hoshangabad_mededu_1971.pdf,1,True,"Complete source-page span extracted; page order, geometry, rotation, margins, and scan content preserved. Automated text check was inconclusive because the scan has weak/no text extraction; the page span was verified from the printed table layout."
Madhya Pradesh,Madhya Pradesh,Hoshangabad,1971\Madhya Pradesh\1971 Hoshangabad.pdf,tehsil_appendix,Tehsil Appendix,Trimmed,"130,131",output\pdf\1971_trimmed\Madhya Pradesh\tehsil appendix\Hoshangabad_tehsil_1971.pdf,2,True,"Complete source-page span extracted; page order, geometry, rotation, margins, and scan content preserved."
Madhya Pradesh,Madhya Pradesh,Indore,1971\Madhya Pradesh\1971 Indore.pdf,civic_amenities,Civic Amenities,Needs review,,,0,False,No output or review record was found for this source table.
Madhya Pradesh,Madhya Pradesh,Indore,1971\Madhya Pradesh\1971 Indore.pdf,medical_educational_amenities,Medical and Educational Amenities,Trimmed,84,output\pdf\1971_trimmed\Madhya Pradesh\mededu\Indore_mededu_1971.pdf,1,True,"Complete source-page span extracted; page order, geometry, rotation, margins, and scan content preserved. Automated text check was inconclusive because the scan has weak/no text extraction; the page span was verified from the printed table layout."
Madhya Pradesh,Madhya Pradesh,Indore,1971\Madhya Pradesh\1971 Indore.pdf,tehsil_appendix,Tehsil Appendix,Trimmed,"78,79",output\pdf\1971_trimmed\Madhya Pradesh\tehsil appendix\Indore_tehsil_1971.pdf,2,True,"Complete source-page span extracted; page order, geometry, rotation, margins, and scan content preserved."
Madhya Pradesh,Madhya Pradesh,Jabalpur,1971\Madhya Pradesh\1971 Jabalpur.pdf,civic_amenities,Civic Amenities,Needs review,,,0,False,No output or review record was found for this source table.
Madhya Pradesh,Madhya Pradesh,Jabalpur,1971\Madhya Pradesh\1971 Jabalpur.pdf,medical_educational_amenities,Medical and Educational Amenities,Trimmed,"197,198",output\pdf\1971_trimmed\Madhya Pradesh\mededu\Jabalpur_mededu_1971.pdf,2,True,"Complete source-page span extracted; page order, geometry, rotation, margins, and scan content preserved. Automated text check was inconclusive because the scan has weak/no text extraction; the page span was verified from the printed table layout."
Madhya Pradesh,Madhya Pradesh,Jabalpur,1971\Madhya Pradesh\1971 Jabalpur.pdf,tehsil_appendix,Tehsil Appendix,Trimmed,"189,190",output\pdf\1971_trimmed\Madhya Pradesh\tehsil appendix\Jabalpur_tehsil_1971.pdf,2,True,"Complete source-page span extracted; page order, geometry, rotation, margins, and scan content preserved."
Madhya Pradesh,Madhya Pradesh,Jhabua,1971\Madhya Pradesh\1971 Jhabua.pdf,civic_amenities,Civic Amenities,Needs review,,,0,False,No output or review record was found for this source table.
Madhya Pradesh,Madhya Pradesh,Jhabua,1971\Madhya Pradesh\1971 Jhabua.pdf,medical_educational_amenities,Medical and Educational Amenities,Trimmed,121,output\pdf\1971_trimmed\Madhya Pradesh\mededu\Jhabua_mededu_1971.pdf,1,True,"Complete source-page span extracted; page order, geometry, rotation, margins, and scan content preserved. Automated text check was inconclusive because the scan has weak/no text extraction; the page span was verified from the printed table layout."
Madhya Pradesh,Madhya Pradesh,Jhabua,1971\Madhya Pradesh\1971 Jhabua.pdf,tehsil_appendix,Tehsil Appendix,Trimmed,"115,116",output\pdf\1971_trimmed\Madhya Pradesh\tehsil appendix\Jhabua_tehsil_1971.pdf,2,True,"Complete source-page span extracted; page order, geometry, rotation, margins, and scan content preserved."
Madhya Pradesh,Madhya Pradesh,Khandwa,1971\Madhya Pradesh\1971 Khandwa.pdf,civic_amenities,Civic Amenities,Needs review,,,0,False,No output or review record was found for this source table.
Madhya Pradesh,Madhya Pradesh,Khandwa,1971\Madhya Pradesh\1971 Khandwa.pdf,medical_educational_amenities,Medical and Educational Amenities,Trimmed,108,output\pdf\1971_trimmed\Madhya Pradesh\mededu\Khandwa_mededu_1971.pdf,1,True,"Complete source-page span extracted; page order, geometry, rotation, margins, and scan content preserved. Automated text check was inconclusive because the scan has weak/no text extraction; the page span was verified from the printed table layout."
Madhya Pradesh,Madhya Pradesh,Khandwa,1971\Madhya Pradesh\1971 Khandwa.pdf,tehsil_appendix,Tehsil Appendix,Trimmed,"104,105",output\pdf\1971_trimmed\Madhya Pradesh\tehsil appendix\Khandwa_tehsil_1971.pdf,2,True,"Complete source-page span extracted; page order, geometry, rotation, margins, and scan content preserved."
Madhya Pradesh,Madhya Pradesh,Khargone,1971\Madhya Pradesh\1971 Khargone.pdf,civic_amenities,Civic Amenities,Needs review,,,0,False,No output or review record was found for this source table.
Madhya Pradesh,Madhya Pradesh,Khargone,1971\Madhya Pradesh\1971 Khargone.pdf,medical_educational_amenities,Medical and Educational Amenities,Trimmed,186,output\pdf\1971_trimmed\Madhya Pradesh\mededu\Khargone_mededu_1971.pdf,1,True,"Complete source-page span extracted; page order, geometry, rotation, margins, and scan content preserved. Automated text check was inconclusive because the scan has weak/no text extraction; the page span was verified from the printed table layout."
Madhya Pradesh,Madhya Pradesh,Khargone,1971\Madhya Pradesh\1971 Khargone.pdf,tehsil_appendix,Tehsil Appendix,Trimmed,"179,180",output\pdf\1971_trimmed\Madhya Pradesh\tehsil appendix\Khargone_tehsil_1971.pdf,2,True,"Complete source-page span extracted; page order, geometry, rotation, margins, and scan content preserved."
Madhya Pradesh,Madhya Pradesh,Mandla,1971\Madhya Pradesh\1971 Mandla.pdf,civic_amenities,Civic Amenities,Needs review,,,0,False,No output or review record was found for this source table.
Madhya Pradesh,Madhya Pradesh,Mandla,1971\Madhya Pradesh\1971 Mandla.pdf,medical_educational_amenities,Medical and Educational Amenities,Trimmed,168,output\pdf\1971_trimmed\Madhya Pradesh\mededu\Mandla_mededu_1971.pdf,1,True,"Complete source-page span extracted; page order, geometry, rotation, margins, and scan content preserved. Automated text check was inconclusive because the scan has weak/no text extraction; the page span was verified from the printed table layout."
Madhya Pradesh,Madhya Pradesh,Mandla,1971\Madhya Pradesh\1971 Mandla.pdf,tehsil_appendix,Tehsil Appendix,Trimmed,"164,165",output\pdf\1971_trimmed\Madhya Pradesh\tehsil appendix\Mandla_tehsil_1971.pdf,2,True,"Complete source-page span extracted; page order, geometry, rotation, margins, and scan content preserved."
Madhya Pradesh,Madhya Pradesh,Mandsaur,1971\Madhya Pradesh\1971 Mandsaur.pdf,civic_amenities,Civic Amenities,Needs review,,,0,False,No output or review record was found for this source table.
Madhya Pradesh,Madhya Pradesh,Mandsaur,1971\Madhya Pradesh\1971 Mandsaur.pdf,medical_educational_amenities,Medical and Educational Amenities,Trimmed,165,output\pdf\1971_trimmed\Madhya Pradesh\mededu\Mandsaur_mededu_1971.pdf,1,True,"Complete source-page span extracted; page order, geometry, rotation, margins, and scan content preserved. Automated text check was inconclusive because the scan has weak/no text extraction; the page span was verified from the printed table layout."
Madhya Pradesh,Madhya Pradesh,Mandsaur,1971\Madhya Pradesh\1971 Mandsaur.pdf,tehsil_appendix,Tehsil Appendix,Trimmed,"158,159",output\pdf\1971_trimmed\Madhya Pradesh\tehsil appendix\Mandsaur_tehsil_1971.pdf,2,True,"Complete source-page span extracted; page order, geometry, rotation, margins, and scan content preserved."
Madhya Pradesh,Madhya Pradesh,Morena,1971\Madhya Pradesh\1971 Morena.pdf,civic_amenities,Civic Amenities,Trimmed,118,output\pdf\1971_trimmed\Madhya Pradesh\civic amenities\Morena_civic_1971.pdf,1,True,"Complete source-page span extracted; page order, geometry, rotation, margins, and scan content preserved. Automated text check was inconclusive because the scan has weak/no text extraction; the page span was verified from the printed table layout."
Madhya Pradesh,Madhya Pradesh,Morena,1971\Madhya Pradesh\1971 Morena.pdf,medical_educational_amenities,Medical and Educational Amenities,Trimmed,119,output\pdf\1971_trimmed\Madhya Pradesh\mededu\Morena_mededu_1971.pdf,1,True,"Complete source-page span extracted; page order, geometry, rotation, margins, and scan content preserved. Automated text check was inconclusive because the scan has weak/no text extraction; the page span was verified from the printed table layout."
Madhya Pradesh,Madhya Pradesh,Morena,1971\Madhya Pradesh\1971 Morena.pdf,tehsil_appendix,Tehsil Appendix,Trimmed,"113,114",output\pdf\1971_trimmed\Madhya Pradesh\tehsil appendix\Morena_tehsil_1971.pdf,2,True,"Complete source-page span extracted; page order, geometry, rotation, margins, and scan content preserved."
Madhya Pradesh,Madhya Pradesh,Narsimhapur,1971\Madhya Pradesh\1971 Narsimhapur.pdf,civic_amenities,Civic Amenities,Trimmed,89,output\pdf\1971_trimmed\Madhya Pradesh\civic amenities\Narsimhapur_civic_1971.pdf,1,True,"Complete source-page span extracted; page order, geometry, rotation, margins, and scan content preserved. Automated text check was inconclusive because the scan has weak/no text extraction; the page span was verified from the printed table layout."
Madhya Pradesh,Madhya Pradesh,Narsimhapur,1971\Madhya Pradesh\1971 Narsimhapur.pdf,medical_educational_amenities,Medical and Educational Amenities,Trimmed,89,output\pdf\1971_trimmed\Madhya Pradesh\mededu\Narsimhapur_mededu_1971.pdf,1,True,"Complete source-page span extracted; page order, geometry, rotation, margins, and scan content preserved. Automated text check was inconclusive because the scan has weak/no text extraction; the page span was verified from the printed table layout."
Madhya Pradesh,Madhya Pradesh,Narsimhapur,1971\Madhya Pradesh\1971 Narsimhapur.pdf,tehsil_appendix,Tehsil Appendix,Trimmed,"84,85",output\pdf\1971_trimmed\Madhya Pradesh\tehsil appendix\Narsimhapur_tehsil_1971.pdf,2,True,"Complete source-page span extracted; page order, geometry, rotation, margins, and scan content preserved."
Madhya Pradesh,Madhya Pradesh,Panna,1971\Madhya Pradesh\1971 Panna.pdf,civic_amenities,Civic Amenities,Trimmed,92,output\pdf\1971_trimmed\Madhya Pradesh\civic amenities\Panna_civic_1971.pdf,1,True,"Complete source-page span extracted; page order, geometry, rotation, margins, and scan content preserved. Automated text check was inconclusive because the scan has weak/no text extraction; the page span was verified from the printed table layout."
Madhya Pradesh,Madhya Pradesh,Panna,1971\Madhya Pradesh\1971 Panna.pdf,medical_educational_amenities,Medical and Educational Amenities,Trimmed,93,output\pdf\1971_trimmed\Madhya Pradesh\mededu\Panna_mededu_1971.pdf,1,True,"Complete source-page span extracted; page order, geometry, rotation, margins, and scan content preserved. Automated text check was inconclusive because the scan has weak/no text extraction; the page span was verified from the printed table layout."
Madhya Pradesh,Madhya Pradesh,Panna,1971\Madhya Pradesh\1971 Panna.pdf,tehsil_appendix,Tehsil Appendix,Trimmed,"89,90",output\pdf\1971_trimmed\Madhya Pradesh\tehsil appendix\Panna_tehsil_1971.pdf,2,True,"Complete source-page span extracted; page order, geometry, rotation, margins, and scan content preserved."
Madhya Pradesh,Madhya Pradesh,Raigarh,1971\Madhya Pradesh\1971 Raigarh.pdf,civic_amenities,Civic Amenities,Trimmed,164,output\pdf\1971_trimmed\Madhya Pradesh\civic amenities\Raigarh_civic_1971.pdf,1,True,"Complete source-page span extracted; page order, geometry, rotation, margins, and scan content preserved. Automated text check was inconclusive because the scan has weak/no text extraction; the page span was verified from the printed table layout."
Madhya Pradesh,Madhya Pradesh,Raigarh,1971\Madhya Pradesh\1971 Raigarh.pdf,medical_educational_amenities,Medical and Educational Amenities,Trimmed,165,output\pdf\1971_trimmed\Madhya Pradesh\mededu\Raigarh_mededu_1971.pdf,1,True,"Complete source-page span extracted; page order, geometry, rotation, margins, and scan content preserved. Automated text check was inconclusive because the scan has weak/no text extraction; the page span was verified from the printed table layout."
Madhya Pradesh,Madhya Pradesh,Raigarh,1971\Madhya Pradesh\1971 Raigarh.pdf,tehsil_appendix,Tehsil Appendix,Trimmed,"159,160",output\pdf\1971_trimmed\Madhya Pradesh\tehsil appendix\Raigarh_tehsil_1971.pdf,2,True,"Complete source-page span extracted; page order, geometry, rotation, margins, and scan content preserved."
Madhya Pradesh,Madhya Pradesh,Raipur,1971\Madhya Pradesh\1971 Raipur.pdf,civic_amenities,Civic Amenities,Trimmed,255,output\pdf\1971_trimmed\Madhya Pradesh\civic amenities\Raipur_civic_1971.pdf,1,True,"Complete source-page span extracted; page order, geometry, rotation, margins, and scan content preserved. Automated text check was inconclusive because the scan has weak/no text extraction; the page span was verified from the printed table layout."
Madhya Pradesh,Madhya Pradesh,Raipur,1971\Madhya Pradesh\1971 Raipur.pdf,medical_educational_amenities,Medical and Educational Amenities,Trimmed,256,output\pdf\1971_trimmed\Madhya Pradesh\mededu\Raipur_mededu_1971.pdf,1,True,"Complete source-page span extracted; page order, geometry, rotation, margins, and scan content preserved. Automated text check was inconclusive because the scan has weak/no text extraction; the page span was verified from the printed table layout."
Madhya Pradesh,Madhya Pradesh,Raipur,1971\Madhya Pradesh\1971 Raipur.pdf,tehsil_appendix,Tehsil Appendix,Trimmed,"249,250",output\pdf\1971_trimmed\Madhya Pradesh\tehsil appendix\Raipur_tehsil_1971.pdf,2,True,"Complete source-page span extracted; page order, geometry, rotation, margins, and scan content preserved."
Madhya Pradesh,Madhya Pradesh,Raisen,1971\Madhya Pradesh\1971 Raisen.pdf,civic_amenities,Civic Amenities,Trimmed,119,output\pdf\1971_trimmed\Madhya Pradesh\civic amenities\Raisen_civic_1971.pdf,1,True,"Complete source-page span extracted; page order, geometry, rotation, margins, and scan content preserved. Automated text check was inconclusive because the scan has weak/no text extraction; the page span was verified from the printed table layout."
Madhya Pradesh,Madhya Pradesh,Raisen,1971\Madhya Pradesh\1971 Raisen.pdf,medical_educational_amenities,Medical and Educational Amenities,Trimmed,120,output\pdf\1971_trimmed\Madhya Pradesh\mededu\Raisen_mededu_1971.pdf,1,True,"Complete source-page span extracted; page order, geometry, rotation, margins, and scan content preserved. Automated text check was inconclusive because the scan has weak/no text extraction; the page span was verified from the printed table layout."
Madhya Pradesh,Madhya Pradesh,Raisen,1971\Madhya Pradesh\1971 Raisen.pdf,tehsil_appendix,Tehsil Appendix,Trimmed,"116,117",output\pdf\1971_trimmed\Madhya Pradesh\tehsil appendix\Raisen_tehsil_1971.pdf,2,True,"Complete source-page span extracted; page order, geometry, rotation, margins, and scan content preserved."
Madhya Pradesh,Madhya Pradesh,Rajgarh,1971\Madhya Pradesh\1971 Rajgarh.pdf,civic_amenities,Civic Amenities,Trimmed,132,output\pdf\1971_trimmed\Madhya Pradesh\civic amenities\Rajgarh_civic_1971.pdf,1,True,"Complete source-page span extracted; page order, geometry, rotation, margins, and scan content preserved. Automated text check was inconclusive because the scan has weak/no text extraction; the page span was verified from the printed table layout."
Madhya Pradesh,Madhya Pradesh,Rajgarh,1971\Madhya Pradesh\1971 Rajgarh.pdf,medical_educational_amenities,Medical and Educational Amenities,Trimmed,133,output\pdf\1971_trimmed\Madhya Pradesh\mededu\Rajgarh_mededu_1971.pdf,1,True,"Complete source-page span extracted; page order, geometry, rotation, margins, and scan content preserved. Automated text check was inconclusive because the scan has weak/no text extraction; the page span was verified from the printed table layout."
Madhya Pradesh,Madhya Pradesh,Rajgarh,1971\Madhya Pradesh\1971 Rajgarh.pdf,tehsil_appendix,Tehsil Appendix,Trimmed,"127,128",output\pdf\1971_trimmed\Madhya Pradesh\tehsil appendix\Rajgarh_tehsil_1971.pdf,2,True,"Complete source-page span extracted; page order, geometry, rotation, margins, and scan content preserved."
Madhya Pradesh,Madhya Pradesh,Ratlam,1971\Madhya Pradesh\1971 Ratlam.pdf,civic_amenities,Civic Amenities,Trimmed,89,output\pdf\1971_trimmed\Madhya Pradesh\civic amenities\Ratlam_civic_1971.pdf,1,True,"Complete source-page span extracted; page order, geometry, rotation, margins, and scan content preserved. Automated text check was inconclusive because the scan has weak/no text extraction; the page span was verified from the printed table layout."
Madhya Pradesh,Madhya Pradesh,Ratlam,1971\Madhya Pradesh\1971 Ratlam.pdf,medical_educational_amenities,Medical and Educational Amenities,Trimmed,90,output\pdf\1971_trimmed\Madhya Pradesh\mededu\Ratlam_mededu_1971.pdf,1,True,"Complete source-page span extracted; page order, geometry, rotation, margins, and scan content preserved. Automated text check was inconclusive because the scan has weak/no text extraction; the page span was verified from the printed table layout."
Madhya Pradesh,Madhya Pradesh,Ratlam,1971\Madhya Pradesh\1971 Ratlam.pdf,tehsil_appendix,Tehsil Appendix,Trimmed,"86,87",output\pdf\1971_trimmed\Madhya Pradesh\tehsil appendix\Ratlam_tehsil_1971.pdf,2,True,"Complete source-page span extracted; page order, geometry, rotation, margins, and scan content preserved."
Madhya Pradesh,Madhya Pradesh,Rewa,1971\Madhya Pradesh\1971 Rewa.pdf,civic_amenities,Civic Amenities,Trimmed,179,output\pdf\1971_trimmed\Madhya Pradesh\civic amenities\Rewa_civic_1971.pdf,1,True,"Complete source-page span extracted; page order, geometry, rotation, margins, and scan content preserved. Automated text check was inconclusive because the scan has weak/no text extraction; the page span was verified from the printed table layout."
Madhya Pradesh,Madhya Pradesh,Rewa,1971\Madhya Pradesh\1971 Rewa.pdf,medical_educational_amenities,Medical and Educational Amenities,Trimmed,180,output\pdf\1971_trimmed\Madhya Pradesh\mededu\Rewa_mededu_1971.pdf,1,True,"Complete source-page span extracted; page order, geometry, rotation, margins, and scan content preserved. Automated text check was inconclusive because the scan has weak/no text extraction; the page span was verified from the printed table layout."
Madhya Pradesh,Madhya Pradesh,Rewa,1971\Madhya Pradesh\1971 Rewa.pdf,tehsil_appendix,Tehsil Appendix,Trimmed,"176,177",output\pdf\1971_trimmed\Madhya Pradesh\tehsil appendix\Rewa_tehsil_1971.pdf,2,True,"Complete source-page span extracted; page order, geometry, rotation, margins, and scan content preserved."
Madhya Pradesh,Madhya Pradesh,Sagar,1971\Madhya Pradesh\1971 Sagar.pdf,civic_amenities,Civic Amenities,Trimmed,145,output\pdf\1971_trimmed\Madhya Pradesh\civic amenities\Sagar_civic_1971.pdf,1,True,"Complete source-page span extracted; page order, geometry, rotation, margins, and scan content preserved. Automated text check was inconclusive because the scan has weak/no text extraction; the page span was verified from the printed table layout."
Madhya Pradesh,Madhya Pradesh,Sagar,1971\Madhya Pradesh\1971 Sagar.pdf,medical_educational_amenities,Medical and Educational Amenities,Trimmed,146,output\pdf\1971_trimmed\Madhya Pradesh\mededu\Sagar_mededu_1971.pdf,1,True,"Complete source-page span extracted; page order, geometry, rotation, margins, and scan content preserved. Automated text check was inconclusive because the scan has weak/no text extraction; the page span was verified from the printed table layout."
Madhya Pradesh,Madhya Pradesh,Sagar,1971\Madhya Pradesh\1971 Sagar.pdf,tehsil_appendix,Tehsil Appendix,Trimmed,"140,141",output\pdf\1971_trimmed\Madhya Pradesh\tehsil appendix\Sagar_tehsil_1971.pdf,2,True,"Complete source-page span extracted; page order, geometry, rotation, margins, and scan content preserved."
Madhya Pradesh,Madhya Pradesh,Satna,1971\Madhya Pradesh\1971 Satna.pdf,civic_amenities,Civic Amenities,Needs review,,,0,False,No output or review record was found for this source table.
Madhya Pradesh,Madhya Pradesh,Satna,1971\Madhya Pradesh\1971 Satna.pdf,medical_educational_amenities,Medical and Educational Amenities,Trimmed,171,output\pdf\1971_trimmed\Madhya Pradesh\mededu\Satna_mededu_1971.pdf,1,True,"Complete source-page span extracted; page order, geometry, rotation, margins, and scan content preserved. Automated text check was inconclusive because the scan has weak/no text extraction; the page span was verified from the printed table layout."
Madhya Pradesh,Madhya Pradesh,Satna,1971\Madhya Pradesh\1971 Satna.pdf,tehsil_appendix,Tehsil Appendix,Trimmed,"166,167",output\pdf\1971_trimmed\Madhya Pradesh\tehsil appendix\Satna_tehsil_1971.pdf,2,True,"Complete source-page span extracted; page order, geometry, rotation, margins, and scan content preserved."
Madhya Pradesh,Madhya Pradesh,Sehore,1971\Madhya Pradesh\1971 Sehore.pdf,civic_amenities,Civic Amenities,Trimmed,130,output\pdf\1971_trimmed\Madhya Pradesh\civic amenities\Sehore_civic_1971.pdf,1,True,"Complete source-page span extracted; page order, geometry, rotation, margins, and scan content preserved. Automated text check was inconclusive because the scan has weak/no text extraction; the page span was verified from the printed table layout."
Madhya Pradesh,Madhya Pradesh,Sehore,1971\Madhya Pradesh\1971 Sehore.pdf,medical_educational_amenities,Medical and Educational Amenities,Trimmed,131,output\pdf\1971_trimmed\Madhya Pradesh\mededu\Sehore_mededu_1971.pdf,1,True,"Complete source-page span extracted; page order, geometry, rotation, margins, and scan content preserved. Automated text check was inconclusive because the scan has weak/no text extraction; the page span was verified from the printed table layout."
Madhya Pradesh,Madhya Pradesh,Sehore,1971\Madhya Pradesh\1971 Sehore.pdf,tehsil_appendix,Tehsil Appendix,Trimmed,"125,126",output\pdf\1971_trimmed\Madhya Pradesh\tehsil appendix\Sehore_tehsil_1971.pdf,2,True,"Complete source-page span extracted; page order, geometry, rotation, margins, and scan content preserved."
Madhya Pradesh,Madhya Pradesh,Seoni,1971\Madhya Pradesh\1971 Seoni.pdf,civic_amenities,Civic Amenities,Needs review,,,0,False,No output or review record was found for this source table.
Madhya Pradesh,Madhya Pradesh,Seoni,1971\Madhya Pradesh\1971 Seoni.pdf,medical_educational_amenities,Medical and Educational Amenities,Trimmed,130,output\pdf\1971_trimmed\Madhya Pradesh\mededu\Seoni_mededu_1971.pdf,1,True,"Complete source-page span extracted; page order, geometry, rotation, margins, and scan content preserved. Automated text check was inconclusive because the scan has weak/no text extraction; the page span was verified from the printed table layout."
Madhya Pradesh,Madhya Pradesh,Seoni,1971\Madhya Pradesh\1971 Seoni.pdf,tehsil_appendix,Tehsil Appendix,Trimmed,"126,127",output\pdf\1971_trimmed\Madhya Pradesh\tehsil appendix\Seoni_tehsil_1971.pdf,2,True,"Complete source-page span extracted; page order, geometry, rotation, margins, and scan content preserved."
Madhya Pradesh,Madhya Pradesh,Shahapur,1971\Madhya Pradesh\1971 Shahapur.pdf,civic_amenities,Civic Amenities,Needs review,,,0,False,No output or review record was found for this source table.
Madhya Pradesh,Madhya Pradesh,Shahapur,1971\Madhya Pradesh\1971 Shahapur.pdf,medical_educational_amenities,Medical and Educational Amenities,Trimmed,110,output\pdf\1971_trimmed\Madhya Pradesh\mededu\Shahapur_mededu_1971.pdf,1,True,"Complete source-page span extracted; page order, geometry, rotation, margins, and scan content preserved. Automated text check was inconclusive because the scan has weak/no text extraction; the page span was verified from the printed table layout."
Madhya Pradesh,Madhya Pradesh,Shahapur,1971\Madhya Pradesh\1971 Shahapur.pdf,tehsil_appendix,Tehsil Appendix,Trimmed,"104,105",output\pdf\1971_trimmed\Madhya Pradesh\tehsil appendix\Shahapur_tehsil_1971.pdf,2,True,"Complete source-page span extracted; page order, geometry, rotation, margins, and scan content preserved."
Madhya Pradesh,Madhya Pradesh,Shahdol,1971\Madhya Pradesh\1971 Shahdol.pdf,civic_amenities,Civic Amenities,Trimmed,148,output\pdf\1971_trimmed\Madhya Pradesh\civic amenities\Shahdol_civic_1971.pdf,1,True,"Complete source-page span extracted; page order, geometry, rotation, margins, and scan content preserved. Automated text check was inconclusive because the scan has weak/no text extraction; the page span was verified from the printed table layout."
Madhya Pradesh,Madhya Pradesh,Shahdol,1971\Madhya Pradesh\1971 Shahdol.pdf,medical_educational_amenities,Medical and Educational Amenities,Trimmed,149,output\pdf\1971_trimmed\Madhya Pradesh\mededu\Shahdol_mededu_1971.pdf,1,True,"Complete source-page span extracted; page order, geometry, rotation, margins, and scan content preserved. Automated text check was inconclusive because the scan has weak/no text extraction; the page span was verified from the printed table layout."
Madhya Pradesh,Madhya Pradesh,Shahdol,1971\Madhya Pradesh\1971 Shahdol.pdf,tehsil_appendix,Tehsil Appendix,Trimmed,"142,143",output\pdf\1971_trimmed\Madhya Pradesh\tehsil appendix\Shahdol_tehsil_1971.pdf,2,True,"Complete source-page span extracted; page order, geometry, rotation, margins, and scan content preserved."
Madhya Pradesh,Madhya Pradesh,Shajapur,1971\Madhya Pradesh\1971 Shajapur.pdf,civic_amenities,Civic Amenities,Trimmed,96,output\pdf\1971_trimmed\Madhya Pradesh\civic amenities\Shajapur_civic_1971.pdf,1,True,"Complete source-page span extracted; page order, geometry, rotation, margins, and scan content preserved. Automated text check was inconclusive because the scan has weak/no text extraction; the page span was verified from the printed table layout."
Madhya Pradesh,Madhya Pradesh,Shajapur,1971\Madhya Pradesh\1971 Shajapur.pdf,medical_educational_amenities,Medical and Educational Amenities,Trimmed,97,output\pdf\1971_trimmed\Madhya Pradesh\mededu\Shajapur_mededu_1971.pdf,1,True,"Complete source-page span extracted; page order, geometry, rotation, margins, and scan content preserved. Automated text check was inconclusive because the scan has weak/no text extraction; the page span was verified from the printed table layout."
Madhya Pradesh,Madhya Pradesh,Shajapur,1971\Madhya Pradesh\1971 Shajapur.pdf,tehsil_appendix,Tehsil Appendix,Trimmed,"91,92",output\pdf\1971_trimmed\Madhya Pradesh\tehsil appendix\Shajapur_tehsil_1971.pdf,2,True,"Complete source-page span extracted; page order, geometry, rotation, margins, and scan content preserved."
Madhya Pradesh,Madhya Pradesh,Sidhi,1971\Madhya Pradesh\1971 Sidhi.pdf,civic_amenities,Civic Amenities,Trimmed,128,output\pdf\1971_trimmed\Madhya Pradesh\civic amenities\Sidhi_civic_1971.pdf,1,True,"Complete source-page span extracted; page order, geometry, rotation, margins, and scan content preserved. Automated text check was inconclusive because the scan has weak/no text extraction; the page span was verified from the printed table layout."
Madhya Pradesh,Madhya Pradesh,Sidhi,1971\Madhya Pradesh\1971 Sidhi.pdf,medical_educational_amenities,Medical and Educational Amenities,Trimmed,129,output\pdf\1971_trimmed\Madhya Pradesh\mededu\Sidhi_mededu_1971.pdf,1,True,"Complete source-page span extracted; page order, geometry, rotation, margins, and scan content preserved. Automated text check was inconclusive because the scan has weak/no text extraction; the page span was verified from the printed table layout."
Madhya Pradesh,Madhya Pradesh,Sidhi,1971\Madhya Pradesh\1971 Sidhi.pdf,tehsil_appendix,Tehsil Appendix,Trimmed,"125,126",output\pdf\1971_trimmed\Madhya Pradesh\tehsil appendix\Sidhi_tehsil_1971.pdf,2,True,"Complete source-page span extracted; page order, geometry, rotation, margins, and scan content preserved."
Madhya Pradesh,Madhya Pradesh,Surguja,1971\Madhya Pradesh\1971 Surguja.pdf,civic_amenities,Civic Amenities,Needs review,,,0,False,No output or review record was found for this source table.
Madhya Pradesh,Madhya Pradesh,Surguja,1971\Madhya Pradesh\1971 Surguja.pdf,medical_educational_amenities,Medical and Educational Amenities,Trimmed,199,output\pdf\1971_trimmed\Madhya Pradesh\mededu\Surguja_mededu_1971.pdf,1,True,"Complete source-page span extracted; page order, geometry, rotation, margins, and scan content preserved. Automated text check was inconclusive because the scan has weak/no text extraction; the page span was verified from the printed table layout."
Madhya Pradesh,Madhya Pradesh,Surguja,1971\Madhya Pradesh\1971 Surguja.pdf,tehsil_appendix,Tehsil Appendix,Trimmed,"192,193",output\pdf\1971_trimmed\Madhya Pradesh\tehsil appendix\Surguja_tehsil_1971.pdf,2,True,"Complete source-page span extracted; page order, geometry, rotation, margins, and scan content preserved."
Madhya Pradesh,Madhya Pradesh,Tikamgarh,1971\Madhya Pradesh\1971 Tikamgarh.pdf,civic_amenities,Civic Amenities,Trimmed,82,output\pdf\1971_trimmed\Madhya Pradesh\civic amenities\Tikamgarh_civic_1971.pdf,1,True,"Complete source-page span extracted; page order, geometry, rotation, margins, and scan content preserved. Automated text check was inconclusive because the scan has weak/no text extraction; the page span was verified from the printed table layout."
Madhya Pradesh,Madhya Pradesh,Tikamgarh,1971\Madhya Pradesh\1971 Tikamgarh.pdf,medical_educational_amenities,Medical and Educational Amenities,Trimmed,83,output\pdf\1971_trimmed\Madhya Pradesh\mededu\Tikamgarh_mededu_1971.pdf,1,True,"Complete source-page span extracted; page order, geometry, rotation, margins, and scan content preserved. Automated text check was inconclusive because the scan has weak/no text extraction; the page span was verified from the printed table layout."
Madhya Pradesh,Madhya Pradesh,Tikamgarh,1971\Madhya Pradesh\1971 Tikamgarh.pdf,tehsil_appendix,Tehsil Appendix,Trimmed,"79,80",output\pdf\1971_trimmed\Madhya Pradesh\tehsil appendix\Tikamgarh_tehsil_1971.pdf,2,True,"Complete source-page span extracted; page order, geometry, rotation, margins, and scan content preserved."
Madhya Pradesh,Madhya Pradesh,Ujjain,1971\Madhya Pradesh\1971 Ujjain.pdf,civic_amenities,Civic Amenities,Trimmed,98,output\pdf\1971_trimmed\Madhya Pradesh\civic amenities\Ujjain_civic_1971.pdf,1,True,"Complete source-page span extracted; page order, geometry, rotation, margins, and scan content preserved. Automated text check was inconclusive because the scan has weak/no text extraction; the page span was verified from the printed table layout."
Madhya Pradesh,Madhya Pradesh,Ujjain,1971\Madhya Pradesh\1971 Ujjain.pdf,medical_educational_amenities,Medical and Educational Amenities,Trimmed,99,output\pdf\1971_trimmed\Madhya Pradesh\mededu\Ujjain_mededu_1971.pdf,1,True,"Complete source-page span extracted; page order, geometry, rotation, margins, and scan content preserved. Automated text check was inconclusive because the scan has weak/no text extraction; the page span was verified from the printed table layout."
Madhya Pradesh,Madhya Pradesh,Ujjain,1971\Madhya Pradesh\1971 Ujjain.pdf,tehsil_appendix,Tehsil Appendix,Trimmed,"93,94",output\pdf\1971_trimmed\Madhya Pradesh\tehsil appendix\Ujjain_tehsil_1971.pdf,2,True,"Complete source-page span extracted; page order, geometry, rotation, margins, and scan content preserved."
Madhya Pradesh,Madhya Pradesh,Vidisha,1971\Madhya Pradesh\1971 Vidisha.pdf,civic_amenities,Civic Amenities,Trimmed,115,output\pdf\1971_trimmed\Madhya Pradesh\civic amenities\Vidisha_civic_1971.pdf,1,True,"Complete source-page span extracted; page order, geometry, rotation, margins, and scan content preserved. Automated text check was inconclusive because the scan has weak/no text extraction; the page span was verified from the printed table layout."
Madhya Pradesh,Madhya Pradesh,Vidisha,1971\Madhya Pradesh\1971 Vidisha.pdf,medical_educational_amenities,Medical and Educational Amenities,Trimmed,116,output\pdf\1971_trimmed\Madhya Pradesh\mededu\Vidisha_mededu_1971.pdf,1,True,"Complete source-page span extracted; page order, geometry, rotation, margins, and scan content preserved. Automated text check was inconclusive because the scan has weak/no text extraction; the page span was verified from the printed table layout."
Madhya Pradesh,Madhya Pradesh,Vidisha,1971\Madhya Pradesh\1971 Vidisha.pdf,tehsil_appendix,Tehsil Appendix,Trimmed,"112,113",output\pdf\1971_trimmed\Madhya Pradesh\tehsil appendix\Vidisha_tehsil_1971.pdf,2,True,"Complete source-page span extracted; page order, geometry, rotation, margins, and scan content preserved."
Maharashtra,Maharashtra,Ahmadnagar,1971\Maharashtra\1971 Ahmadnagar.pdf,civic_amenities,Civic Amenities,Trimmed,39,output\pdf\1971_trimmed\Maharashtra\civic amenities\Ahmadnagar_civic_1971.pdf,1,True,"Complete source-page span extracted; page order, geometry, rotation, margins, and scan content preserved. Automated text check was inconclusive because the scan has weak/no text extraction; the page span was verified from the printed table layout."
Maharashtra,Maharashtra,Ahmadnagar,1971\Maharashtra\1971 Ahmadnagar.pdf,medical_educational_amenities,Medical and Educational Amenities,Trimmed,40,output\pdf\1971_trimmed\Maharashtra\mededu\Ahmadnagar_mededu_1971.pdf,1,True,"Complete source-page span extracted; page order, geometry, rotation, margins, and scan content preserved. Automated text check was inconclusive because the scan has weak/no text extraction; the page span was verified from the printed table layout."
Maharashtra,Maharashtra,Ahmadnagar,1971\Maharashtra\1971 Ahmadnagar.pdf,tehsil_appendix,Tehsil Appendix,Not trimmed,,,0,False,The previously generated Maharashtra tehsil-appendix output was removed after audit because its page span was incorrect; no replacement appendix is retained.
Maharashtra,Maharashtra,Akola,1971\Maharashtra\1971 Akola.pdf,civic_amenities,Civic Amenities,Trimmed,34,output\pdf\1971_trimmed\Maharashtra\civic amenities\Akola_civic_1971.pdf,1,True,"Complete source-page span extracted; page order, geometry, rotation, margins, and scan content preserved. Automated text check was inconclusive because the scan has weak/no text extraction; the page span was verified from the printed table layout."
Maharashtra,Maharashtra,Akola,1971\Maharashtra\1971 Akola.pdf,medical_educational_amenities,Medical and Educational Amenities,Trimmed,35,output\pdf\1971_trimmed\Maharashtra\mededu\Akola_mededu_1971.pdf,1,True,"Complete source-page span extracted; page order, geometry, rotation, margins, and scan content preserved."
Maharashtra,Maharashtra,Akola,1971\Maharashtra\1971 Akola.pdf,tehsil_appendix,Tehsil Appendix,Not trimmed,,,0,False,The previously generated Maharashtra tehsil-appendix output was removed after audit because its page span was incorrect; no replacement appendix is retained.
Maharashtra,Maharashtra,Amravati,1971\Maharashtra\1971 Amravati.pdf,civic_amenities,Civic Amenities,Trimmed,35,output\pdf\1971_trimmed\Maharashtra\civic amenities\Amravati_civic_1971.pdf,1,True,"Complete source-page span extracted; page order, geometry, rotation, margins, and scan content preserved. Automated text check was inconclusive because the scan has weak/no text extraction; the page span was verified from the printed table layout."
Maharashtra,Maharashtra,Amravati,1971\Maharashtra\1971 Amravati.pdf,medical_educational_amenities,Medical and Educational Amenities,Trimmed,36,output\pdf\1971_trimmed\Maharashtra\mededu\Amravati_mededu_1971.pdf,1,True,"Complete source-page span extracted; page order, geometry, rotation, margins, and scan content preserved. Automated text check was inconclusive because the scan has weak/no text extraction; the page span was verified from the printed table layout."
Maharashtra,Maharashtra,Amravati,1971\Maharashtra\1971 Amravati.pdf,tehsil_appendix,Tehsil Appendix,Not trimmed,,,0,False,The previously generated Maharashtra tehsil-appendix output was removed after audit because its page span was incorrect; no replacement appendix is retained.
Maharashtra,Maharashtra,Bhandara,1971\Maharashtra\1971 Bhandara.pdf,civic_amenities,Civic Amenities,Trimmed,26,output\pdf\1971_trimmed\Maharashtra\civic amenities\Bhandara_civic_1971.pdf,1,True,"Complete source-page span extracted; page order, geometry, rotation, margins, and scan content preserved. Automated text check was inconclusive because the scan has weak/no text extraction; the page span was verified from the printed table layout."
Maharashtra,Maharashtra,Bhandara,1971\Maharashtra\1971 Bhandara.pdf,medical_educational_amenities,Medical and Educational Amenities,Trimmed,27,output\pdf\1971_trimmed\Maharashtra\mededu\Bhandara_mededu_1971.pdf,1,True,"Complete source-page span extracted; page order, geometry, rotation, margins, and scan content preserved. Automated text check was inconclusive because the scan has weak/no text extraction; the page span was verified from the printed table layout."
Maharashtra,Maharashtra,Bhandara,1971\Maharashtra\1971 Bhandara.pdf,tehsil_appendix,Tehsil Appendix,Not trimmed,,,0,False,The previously generated Maharashtra tehsil-appendix output was removed after audit because its page span was incorrect; no replacement appendix is retained.
Maharashtra,Maharashtra,Bhir,1971\Maharashtra\1971 Bhir.pdf,civic_amenities,Civic Amenities,Trimmed,29,output\pdf\1971_trimmed\Maharashtra\civic amenities\Bhir_civic_1971.pdf,1,True,"Complete source-page span extracted; page order, geometry, rotation, margins, and scan content preserved. Automated text check was inconclusive because the scan has weak/no text extraction; the page span was verified from the printed table layout."
Maharashtra,Maharashtra,Bhir,1971\Maharashtra\1971 Bhir.pdf,medical_educational_amenities,Medical and Educational Amenities,Trimmed,30,output\pdf\1971_trimmed\Maharashtra\mededu\Bhir_mededu_1971.pdf,1,True,"Complete source-page span extracted; page order, geometry, rotation, margins, and scan content preserved. Automated text check was inconclusive because the scan has weak/no text extraction; the page span was verified from the printed table layout."
Maharashtra,Maharashtra,Bhir,1971\Maharashtra\1971 Bhir.pdf,tehsil_appendix,Tehsil Appendix,Not trimmed,,,0,False,The previously generated Maharashtra tehsil-appendix output was removed after audit because its page span was incorrect; no replacement appendix is retained.
Maharashtra,Maharashtra,Buldana,1971\Maharashtra\1971 Buldana.pdf,civic_amenities,Civic Amenities,Trimmed,27,output\pdf\1971_trimmed\Maharashtra\civic amenities\Buldana_civic_1971.pdf,1,True,"Complete source-page span extracted; page order, geometry, rotation, margins, and scan content preserved. Automated text check was inconclusive because the scan has weak/no text extraction; the page span was verified from the printed table layout."
Maharashtra,Maharashtra,Buldana,1971\Maharashtra\1971 Buldana.pdf,medical_educational_amenities,Medical and Educational Amenities,Trimmed,28,output\pdf\1971_trimmed\Maharashtra\mededu\Buldana_mededu_1971.pdf,1,True,"Complete source-page span extracted; page order, geometry, rotation, margins, and scan content preserved."
Maharashtra,Maharashtra,Buldana,1971\Maharashtra\1971 Buldana.pdf,tehsil_appendix,Tehsil Appendix,Not trimmed,,,0,False,The previously generated Maharashtra tehsil-appendix output was removed after audit because its page span was incorrect; no replacement appendix is retained.
Maharashtra,Maharashtra,Chandrapur,1971\Maharashtra\1971 Chandrapur.pdf,civic_amenities,Civic Amenities,Trimmed,38,output\pdf\1971_trimmed\Maharashtra\civic amenities\Chandrapur_civic_1971.pdf,1,True,"Complete source-page span extracted; page order, geometry, rotation, margins, and scan content preserved. Automated text check was inconclusive because the scan has weak/no text extraction; the page span was verified from the printed table layout."
Maharashtra,Maharashtra,Chandrapur,1971\Maharashtra\1971 Chandrapur.pdf,medical_educational_amenities,Medical and Educational Amenities,Trimmed,39,output\pdf\1971_trimmed\Maharashtra\mededu\Chandrapur_mededu_1971.pdf,1,True,"Complete source-page span extracted; page order, geometry, rotation, margins, and scan content preserved. Automated text check was inconclusive because the scan has weak/no text extraction; the page span was verified from the printed table layout."
Maharashtra,Maharashtra,Chandrapur,1971\Maharashtra\1971 Chandrapur.pdf,tehsil_appendix,Tehsil Appendix,Not trimmed,,,0,False,The previously generated Maharashtra tehsil-appendix output was removed after audit because its page span was incorrect; no replacement appendix is retained.
Maharashtra,Maharashtra,Dhulia,1971\Maharashtra\1971 Dhulia.pdf,civic_amenities,Civic Amenities,Trimmed,35,output\pdf\1971_trimmed\Maharashtra\civic amenities\Dhulia_civic_1971.pdf,1,True,"Complete source-page span extracted; page order, geometry, rotation, margins, and scan content preserved. Automated text check was inconclusive because the scan has weak/no text extraction; the page span was verified from the printed table layout."
Maharashtra,Maharashtra,Dhulia,1971\Maharashtra\1971 Dhulia.pdf,medical_educational_amenities,Medical and Educational Amenities,Trimmed,36,output\pdf\1971_trimmed\Maharashtra\mededu\Dhulia_mededu_1971.pdf,1,True,"Complete source-page span extracted; page order, geometry, rotation, margins, and scan content preserved. Automated text check was inconclusive because the scan has weak/no text extraction; the page span was verified from the printed table layout."
Maharashtra,Maharashtra,Dhulia,1971\Maharashtra\1971 Dhulia.pdf,tehsil_appendix,Tehsil Appendix,Not trimmed,,,0,False,The previously generated Maharashtra tehsil-appendix output was removed after audit because its page span was incorrect; no replacement appendix is retained.
Maharashtra,Maharashtra,Greater Maharashtra,1971\Maharashtra\1971 Greater Maharashtra.pdf,civic_amenities,Civic Amenities,Not trimmed,,,0,False,"Greater Bombay primary census abstract volume, not a district Part X-A Town/Village Directory volume; the requested tables are absent."
Maharashtra,Maharashtra,Greater Maharashtra,1971\Maharashtra\1971 Greater Maharashtra.pdf,medical_educational_amenities,Medical and Educational Amenities,Not trimmed,,,0,False,"Greater Bombay primary census abstract volume, not a district Part X-A Town/Village Directory volume; the requested tables are absent."
Maharashtra,Maharashtra,Greater Maharashtra,1971\Maharashtra\1971 Greater Maharashtra.pdf,tehsil_appendix,Tehsil Appendix,Not trimmed,,,0,False,"Greater Bombay primary census abstract volume, not a district Part X-A Town/Village Directory volume; the requested tables are absent."
Maharashtra,Maharashtra,Jalgaon,1971\Maharashtra\1971 Jalgaon.pdf,civic_amenities,Civic Amenities,Trimmed,41,output\pdf\1971_trimmed\Maharashtra\civic amenities\Jalgaon_civic_1971.pdf,1,True,"Complete source-page span extracted; page order, geometry, rotation, margins, and scan content preserved. Automated text check was inconclusive because the scan has weak/no text extraction; the page span was verified from the printed table layout."
Maharashtra,Maharashtra,Jalgaon,1971\Maharashtra\1971 Jalgaon.pdf,medical_educational_amenities,Medical and Educational Amenities,Trimmed,42,output\pdf\1971_trimmed\Maharashtra\mededu\Jalgaon_mededu_1971.pdf,1,True,"Complete source-page span extracted; page order, geometry, rotation, margins, and scan content preserved. Automated text check was inconclusive because the scan has weak/no text extraction; the page span was verified from the printed table layout."
Maharashtra,Maharashtra,Jalgaon,1971\Maharashtra\1971 Jalgaon.pdf,tehsil_appendix,Tehsil Appendix,Not trimmed,,,0,False,The previously generated Maharashtra tehsil-appendix output was removed after audit because its page span was incorrect; no replacement appendix is retained.
Maharashtra,Maharashtra,Kolaba,1971\Maharashtra\1971 Kolaba.pdf,civic_amenities,Civic Amenities,Trimmed,43,output\pdf\1971_trimmed\Maharashtra\civic amenities\Kolaba_civic_1971.pdf,1,True,"Complete source-page span extracted; page order, geometry, rotation, margins, and scan content preserved. Automated text check was inconclusive because the scan has weak/no text extraction; the page span was verified from the printed table layout."
Maharashtra,Maharashtra,Kolaba,1971\Maharashtra\1971 Kolaba.pdf,medical_educational_amenities,Medical and Educational Amenities,Trimmed,44,output\pdf\1971_trimmed\Maharashtra\mededu\Kolaba_mededu_1971.pdf,1,True,"Complete source-page span extracted; page order, geometry, rotation, margins, and scan content preserved. Automated text check was inconclusive because the scan has weak/no text extraction; the page span was verified from the printed table layout."
Maharashtra,Maharashtra,Kolaba,1971\Maharashtra\1971 Kolaba.pdf,tehsil_appendix,Tehsil Appendix,Not trimmed,,,0,False,The previously generated Maharashtra tehsil-appendix output was removed after audit because its page span was incorrect; no replacement appendix is retained.
Maharashtra,Maharashtra,Kolhapur,1971\Maharashtra\1971 Kolhapur.pdf,civic_amenities,Civic Amenities,Trimmed,39,output\pdf\1971_trimmed\Maharashtra\civic amenities\Kolhapur_civic_1971.pdf,1,True,"Complete source-page span extracted; page order, geometry, rotation, margins, and scan content preserved. Automated text check was inconclusive because the scan has weak/no text extraction; the page span was verified from the printed table layout."
Maharashtra,Maharashtra,Kolhapur,1971\Maharashtra\1971 Kolhapur.pdf,medical_educational_amenities,Medical and Educational Amenities,Trimmed,40,output\pdf\1971_trimmed\Maharashtra\mededu\Kolhapur_mededu_1971.pdf,1,True,"Complete source-page span extracted; page order, geometry, rotation, margins, and scan content preserved. Automated text check was inconclusive because the scan has weak/no text extraction; the page span was verified from the printed table layout."
Maharashtra,Maharashtra,Kolhapur,1971\Maharashtra\1971 Kolhapur.pdf,tehsil_appendix,Tehsil Appendix,Not trimmed,,,0,False,The previously generated Maharashtra tehsil-appendix output was removed after audit because its page span was incorrect; no replacement appendix is retained.
Maharashtra,Maharashtra,Nagpur,1971\Maharashtra\1971 Nagpur.pdf,civic_amenities,Civic Amenities,Trimmed,33,output\pdf\1971_trimmed\Maharashtra\civic amenities\Nagpur_civic_1971.pdf,1,True,"Complete source-page span extracted; page order, geometry, rotation, margins, and scan content preserved. Automated text check was inconclusive because the scan has weak/no text extraction; the page span was verified from the printed table layout."
Maharashtra,Maharashtra,Nagpur,1971\Maharashtra\1971 Nagpur.pdf,medical_educational_amenities,Medical and Educational Amenities,Trimmed,34,output\pdf\1971_trimmed\Maharashtra\mededu\Nagpur_mededu_1971.pdf,1,True,"Complete source-page span extracted; page order, geometry, rotation, margins, and scan content preserved. Automated text check was inconclusive because the scan has weak/no text extraction; the page span was verified from the printed table layout."
Maharashtra,Maharashtra,Nagpur,1971\Maharashtra\1971 Nagpur.pdf,tehsil_appendix,Tehsil Appendix,Not trimmed,,,0,False,The previously generated Maharashtra tehsil-appendix output was removed after audit because its page span was incorrect; no replacement appendix is retained.
Maharashtra,Maharashtra,Nanded,1971\Maharashtra\1971 Nanded.pdf,civic_amenities,Civic Amenities,Trimmed,31,output\pdf\1971_trimmed\Maharashtra\civic amenities\Nanded_civic_1971.pdf,1,True,"Complete source-page span extracted; page order, geometry, rotation, margins, and scan content preserved. Automated text check was inconclusive because the scan has weak/no text extraction; the page span was verified from the printed table layout."
Maharashtra,Maharashtra,Nanded,1971\Maharashtra\1971 Nanded.pdf,medical_educational_amenities,Medical and Educational Amenities,Trimmed,32,output\pdf\1971_trimmed\Maharashtra\mededu\Nanded_mededu_1971.pdf,1,True,"Complete source-page span extracted; page order, geometry, rotation, margins, and scan content preserved. Automated text check was inconclusive because the scan has weak/no text extraction; the page span was verified from the printed table layout."
Maharashtra,Maharashtra,Nanded,1971\Maharashtra\1971 Nanded.pdf,tehsil_appendix,Tehsil Appendix,Not trimmed,,,0,False,The previously generated Maharashtra tehsil-appendix output was removed after audit because its page span was incorrect; no replacement appendix is retained.
Maharashtra,Maharashtra,Nasik,1971\Maharashtra\1971 Nasik.pdf,civic_amenities,Civic Amenities,Trimmed,41,output\pdf\1971_trimmed\Maharashtra\civic amenities\Nasik_civic_1971.pdf,1,True,"Complete source-page span extracted; page order, geometry, rotation, margins, and scan content preserved. Automated text check was inconclusive because the scan has weak/no text extraction; the page span was verified from the printed table layout."
Maharashtra,Maharashtra,Nasik,1971\Maharashtra\1971 Nasik.pdf,medical_educational_amenities,Medical and Educational Amenities,Trimmed,"42,43",output\pdf\1971_trimmed\Maharashtra\mededu\Nasik_mededu_1971.pdf,2,True,"Complete source-page span extracted; page order, geometry, rotation, margins, and scan content preserved. Automated text check was inconclusive because the scan has weak/no text extraction; the page span was verified from the printed table layout."
Maharashtra,Maharashtra,Nasik,1971\Maharashtra\1971 Nasik.pdf,tehsil_appendix,Tehsil Appendix,Not trimmed,,,0,False,The previously generated Maharashtra tehsil-appendix output was removed after audit because its page span was incorrect; no replacement appendix is retained.
Maharashtra,Maharashtra,Osmanabad,1971\Maharashtra\1971 Osmanabad.pdf,civic_amenities,Civic Amenities,Trimmed,37,output\pdf\1971_trimmed\Maharashtra\civic amenities\Osmanabad_civic_1971.pdf,1,True,"Complete source-page span extracted; page order, geometry, rotation, margins, and scan content preserved. Automated text check was inconclusive because the scan has weak/no text extraction; the page span was verified from the printed table layout."
Maharashtra,Maharashtra,Osmanabad,1971\Maharashtra\1971 Osmanabad.pdf,medical_educational_amenities,Medical and Educational Amenities,Trimmed,38,output\pdf\1971_trimmed\Maharashtra\mededu\Osmanabad_mededu_1971.pdf,1,True,"Complete source-page span extracted; page order, geometry, rotation, margins, and scan content preserved. Automated text check was inconclusive because the scan has weak/no text extraction; the page span was verified from the printed table layout."
Maharashtra,Maharashtra,Osmanabad,1971\Maharashtra\1971 Osmanabad.pdf,tehsil_appendix,Tehsil Appendix,Not trimmed,,,0,False,The previously generated Maharashtra tehsil-appendix output was removed after audit because its page span was incorrect; no replacement appendix is retained.
Maharashtra,Maharashtra,Parbhani,1971\Maharashtra\1971 Parbhani.pdf,civic_amenities,Civic Amenities,Trimmed,31,output\pdf\1971_trimmed\Maharashtra\civic amenities\Parbhani_civic_1971.pdf,1,True,"Complete source-page span extracted; page order, geometry, rotation, margins, and scan content preserved. Automated text check was inconclusive because the scan has weak/no text extraction; the page span was verified from the printed table layout."
Maharashtra,Maharashtra,Parbhani,1971\Maharashtra\1971 Parbhani.pdf,medical_educational_amenities,Medical and Educational Amenities,Trimmed,32,output\pdf\1971_trimmed\Maharashtra\mededu\Parbhani_mededu_1971.pdf,1,True,"Complete source-page span extracted; page order, geometry, rotation, margins, and scan content preserved. Automated text check was inconclusive because the scan has weak/no text extraction; the page span was verified from the printed table layout."
Maharashtra,Maharashtra,Parbhani,1971\Maharashtra\1971 Parbhani.pdf,tehsil_appendix,Tehsil Appendix,Not trimmed,,,0,False,The previously generated Maharashtra tehsil-appendix output was removed after audit because its page span was incorrect; no replacement appendix is retained.
Maharashtra,Maharashtra,Pune,1971\Maharashtra\1971 Pune.pdf,civic_amenities,Civic Amenities,Trimmed,43,output\pdf\1971_trimmed\Maharashtra\civic amenities\Pune_civic_1971.pdf,1,True,"Complete source-page span extracted; page order, geometry, rotation, margins, and scan content preserved. Automated text check was inconclusive because the scan has weak/no text extraction; the page span was verified from the printed table layout."
Maharashtra,Maharashtra,Pune,1971\Maharashtra\1971 Pune.pdf,medical_educational_amenities,Medical and Educational Amenities,Trimmed,"44,45",output\pdf\1971_trimmed\Maharashtra\mededu\Pune_mededu_1971.pdf,2,True,"Complete source-page span extracted; page order, geometry, rotation, margins, and scan content preserved. Automated text check was inconclusive because the scan has weak/no text extraction; the page span was verified from the printed table layout."
Maharashtra,Maharashtra,Pune,1971\Maharashtra\1971 Pune.pdf,tehsil_appendix,Tehsil Appendix,Not trimmed,,,0,False,The previously generated Maharashtra tehsil-appendix output was removed after audit because its page span was incorrect; no replacement appendix is retained.
Maharashtra,Maharashtra,Ratnagiri,1971\Maharashtra\1971 Ratnagiri.pdf,civic_amenities,Civic Amenities,Trimmed,45,output\pdf\1971_trimmed\Maharashtra\civic amenities\Ratnagiri_civic_1971.pdf,1,True,"Complete source-page span extracted; page order, geometry, rotation, margins, and scan content preserved. Automated text check was inconclusive because the scan has weak/no text extraction; the page span was verified from the printed table layout."
Maharashtra,Maharashtra,Ratnagiri,1971\Maharashtra\1971 Ratnagiri.pdf,medical_educational_amenities,Medical and Educational Amenities,Trimmed,46,output\pdf\1971_trimmed\Maharashtra\mededu\Ratnagiri_mededu_1971.pdf,1,True,"Complete source-page span extracted; page order, geometry, rotation, margins, and scan content preserved. Automated text check was inconclusive because the scan has weak/no text extraction; the page span was verified from the printed table layout."
Maharashtra,Maharashtra,Ratnagiri,1971\Maharashtra\1971 Ratnagiri.pdf,tehsil_appendix,Tehsil Appendix,Not trimmed,,,0,False,The previously generated Maharashtra tehsil-appendix output was removed after audit because its page span was incorrect; no replacement appendix is retained.
Maharashtra,Maharashtra,Sangli,1971\Maharashtra\1971 Sangli.pdf,civic_amenities,Civic Amenities,Trimmed,12,output\pdf\1971_trimmed\Maharashtra\civic amenities\Sangli_civic_1971.pdf,1,True,"Complete source-page span extracted; page order, geometry, rotation, margins, and scan content preserved. Automated text check was inconclusive because the scan has weak/no text extraction; the page span was verified from the printed table layout."
Maharashtra,Maharashtra,Sangli,1971\Maharashtra\1971 Sangli.pdf,medical_educational_amenities,Medical and Educational Amenities,Trimmed,13,output\pdf\1971_trimmed\Maharashtra\mededu\Sangli_mededu_1971.pdf,1,True,"Complete source-page span extracted; page order, geometry, rotation, margins, and scan content preserved. Automated text check was inconclusive because the scan has weak/no text extraction; the page span was verified from the printed table layout."
Maharashtra,Maharashtra,Sangli,1971\Maharashtra\1971 Sangli.pdf,tehsil_appendix,Tehsil Appendix,Not trimmed,,,0,False,The previously generated Maharashtra tehsil-appendix output was removed after audit because its page span was incorrect; no replacement appendix is retained.
Maharashtra,Maharashtra,Satara,1971\Maharashtra\1971 Satara.pdf,civic_amenities,Civic Amenities,Trimmed,37,output\pdf\1971_trimmed\Maharashtra\civic amenities\Satara_civic_1971.pdf,1,True,"Complete source-page span extracted; page order, geometry, rotation, margins, and scan content preserved. Automated text check was inconclusive because the scan has weak/no text extraction; the page span was verified from the printed table layout."
Maharashtra,Maharashtra,Satara,1971\Maharashtra\1971 Satara.pdf,medical_educational_amenities,Medical and Educational Amenities,Trimmed,38,output\pdf\1971_trimmed\Maharashtra\mededu\Satara_mededu_1971.pdf,1,True,"Complete source-page span extracted; page order, geometry, rotation, margins, and scan content preserved. Automated text check was inconclusive because the scan has weak/no text extraction; the page span was verified from the printed table layout."
Maharashtra,Maharashtra,Satara,1971\Maharashtra\1971 Satara.pdf,tehsil_appendix,Tehsil Appendix,Not trimmed,,,0,False,The previously generated Maharashtra tehsil-appendix output was removed after audit because its page span was incorrect; no replacement appendix is retained.
Maharashtra,Maharashtra,Sholapur,1971\Maharashtra\1971 Sholapur.pdf,civic_amenities,Civic Amenities,Trimmed,38,output\pdf\1971_trimmed\Maharashtra\civic amenities\Sholapur_civic_1971.pdf,1,True,"Complete source-page span extracted; page order, geometry, rotation, margins, and scan content preserved. Automated text check was inconclusive because the scan has weak/no text extraction; the page span was verified from the printed table layout."
Maharashtra,Maharashtra,Sholapur,1971\Maharashtra\1971 Sholapur.pdf,medical_educational_amenities,Medical and Educational Amenities,Trimmed,39,output\pdf\1971_trimmed\Maharashtra\mededu\Sholapur_mededu_1971.pdf,1,True,"Complete source-page span extracted; page order, geometry, rotation, margins, and scan content preserved. Automated text check was inconclusive because the scan has weak/no text extraction; the page span was verified from the printed table layout."
Maharashtra,Maharashtra,Sholapur,1971\Maharashtra\1971 Sholapur.pdf,tehsil_appendix,Tehsil Appendix,Not trimmed,,,0,False,The previously generated Maharashtra tehsil-appendix output was removed after audit because its page span was incorrect; no replacement appendix is retained.
Maharashtra,Maharashtra,Thane,1971\Maharashtra\1971 Thane.pdf,civic_amenities,Civic Amenities,Trimmed,41,output\pdf\1971_trimmed\Maharashtra\civic amenities\Thane_civic_1971.pdf,1,True,"Complete source-page span extracted; page order, geometry, rotation, margins, and scan content preserved. Automated text check was inconclusive because the scan has weak/no text extraction; the page span was verified from the printed table layout."
Maharashtra,Maharashtra,Thane,1971\Maharashtra\1971 Thane.pdf,medical_educational_amenities,Medical and Educational Amenities,Trimmed,"42,43",output\pdf\1971_trimmed\Maharashtra\mededu\Thane_mededu_1971.pdf,2,True,"Complete source-page span extracted; page order, geometry, rotation, margins, and scan content preserved. Automated text check was inconclusive because the scan has weak/no text extraction; the page span was verified from the printed table layout."
Maharashtra,Maharashtra,Thane,1971\Maharashtra\1971 Thane.pdf,tehsil_appendix,Tehsil Appendix,Not trimmed,,,0,False,The previously generated Maharashtra tehsil-appendix output was removed after audit because its page span was incorrect; no replacement appendix is retained.
Maharashtra,Maharashtra,Wardha,1971\Maharashtra\1971 Wardha.pdf,civic_amenities,Civic Amenities,Trimmed,25,output\pdf\1971_trimmed\Maharashtra\civic amenities\Wardha_civic_1971.pdf,1,True,"Complete source-page span extracted; page order, geometry, rotation, margins, and scan content preserved. Automated text check was inconclusive because the scan has weak/no text extraction; the page span was verified from the printed table layout."
Maharashtra,Maharashtra,Wardha,1971\Maharashtra\1971 Wardha.pdf,medical_educational_amenities,Medical and Educational Amenities,Trimmed,26,output\pdf\1971_trimmed\Maharashtra\mededu\Wardha_mededu_1971.pdf,1,True,"Complete source-page span extracted; page order, geometry, rotation, margins, and scan content preserved. Automated text check was inconclusive because the scan has weak/no text extraction; the page span was verified from the printed table layout."
Maharashtra,Maharashtra,Wardha,1971\Maharashtra\1971 Wardha.pdf,tehsil_appendix,Tehsil Appendix,Not trimmed,,,0,False,The previously generated Maharashtra tehsil-appendix output was removed after audit because its page span was incorrect; no replacement appendix is retained.
Maharashtra,Maharashtra,Yavatmal,1971\Maharashtra\1971 Yavatmal.pdf,civic_amenities,Civic Amenities,Trimmed,35,output\pdf\1971_trimmed\Maharashtra\civic amenities\Yavatmal_civic_1971.pdf,1,True,"Complete source-page span extracted; page order, geometry, rotation, margins, and scan content preserved. Automated text check was inconclusive because the scan has weak/no text extraction; the page span was verified from the printed table layout."
Maharashtra,Maharashtra,Yavatmal,1971\Maharashtra\1971 Yavatmal.pdf,medical_educational_amenities,Medical and Educational Amenities,Trimmed,36,output\pdf\1971_trimmed\Maharashtra\mededu\Yavatmal_mededu_1971.pdf,1,True,"Complete source-page span extracted; page order, geometry, rotation, margins, and scan content preserved. Automated text check was inconclusive because the scan has weak/no text extraction; the page span was verified from the printed table layout."
Maharashtra,Maharashtra,Yavatmal,1971\Maharashtra\1971 Yavatmal.pdf,tehsil_appendix,Tehsil Appendix,Not trimmed,,,0,False,The previously generated Maharashtra tehsil-appendix output was removed after audit because its page span was incorrect; no replacement appendix is retained.
Maharashtra,Maharashtra,Aurangabad,1971\Maharashtra\44875_1971_AUR.pdf,civic_amenities,Civic Amenities,Trimmed,39,output\pdf\1971_trimmed\Maharashtra\civic amenities\Aurangabad_civic_1971.pdf,1,True,"Complete source-page span extracted; page order, geometry, rotation, margins, and scan content preserved. Automated text check was inconclusive because the scan has weak/no text extraction; the page span was verified from the printed table layout."
Maharashtra,Maharashtra,Aurangabad,1971\Maharashtra\44875_1971_AUR.pdf,medical_educational_amenities,Medical and Educational Amenities,Trimmed,40,output\pdf\1971_trimmed\Maharashtra\mededu\Aurangabad_mededu_1971.pdf,1,True,"Complete source-page span extracted; page order, geometry, rotation, margins, and scan content preserved. Automated text check was inconclusive because the scan has weak/no text extraction; the page span was verified from the printed table layout."
Maharashtra,Maharashtra,Aurangabad,1971\Maharashtra\44875_1971_AUR.pdf,tehsil_appendix,Tehsil Appendix,Not trimmed,,,0,False,The previously generated Maharashtra tehsil-appendix output was removed after audit because its page span was incorrect; no replacement appendix is retained.
Manipur,Manipur,Manipur Central,1971\Manipur\1971 Manipur Central.pdf,civic_amenities,Civic Amenities,Trimmed,36,output\pdf\1971_trimmed\Manipur\civic amenities\Manipur Central_civic_1971.pdf,1,True,"Complete source-page span extracted; page order, geometry, rotation, margins, and scan content preserved. Automated text check was inconclusive because the scan has weak/no text extraction; the page span was verified from the printed table layout."
Manipur,Manipur,Manipur Central,1971\Manipur\1971 Manipur Central.pdf,medical_educational_amenities,Medical and Educational Amenities,Trimmed,"37,38",output\pdf\1971_trimmed\Manipur\mededu\Manipur Central_mededu_1971.pdf,2,True,"Complete source-page span extracted; page order, geometry, rotation, margins, and scan content preserved."
Manipur,Manipur,Manipur Central,1971\Manipur\1971 Manipur Central.pdf,tehsil_appendix,Tehsil Appendix,Trimmed,"97,98",output\pdf\1971_trimmed\Manipur\tehsil appendix\Manipur Central_tehsil_1971.pdf,2,True,"Complete source-page span extracted; page order, geometry, rotation, margins, and scan content preserved."
Manipur,Manipur,Manipur North,1971\Manipur\1971 Manipur North.pdf,civic_amenities,Civic Amenities,Not trimmed,,,0,False,No actual Town Directory Statement IV table is present in this volume; the Town Directory section contains only the abbreviation/key material before the Village Directory begins.
Manipur,Manipur,Manipur North,1971\Manipur\1971 Manipur North.pdf,medical_educational_amenities,Medical and Educational Amenities,Not trimmed,,,0,False,No actual Town Directory Statement V table is present in this volume; the Town Directory section contains only the abbreviation/key material before the Village Directory begins.
Manipur,Manipur,Manipur North,1971\Manipur\1971 Manipur North.pdf,tehsil_appendix,Tehsil Appendix,Trimmed,"51,52",output\pdf\1971_trimmed\Manipur\tehsil appendix\Manipur North_tehsil_1971.pdf,2,True,"Complete source-page span extracted; page order, geometry, rotation, margins, and scan content preserved."
Manipur,Manipur,Manipur South,1971\Manipur\1971 Manipur South.pdf,civic_amenities,Civic Amenities,Trimmed,34,output\pdf\1971_trimmed\Manipur\civic amenities\Manipur South_civic_1971.pdf,1,True,"Complete source-page span extracted; page order, geometry, rotation, margins, and scan content preserved. Automated text check was inconclusive because the scan has weak/no text extraction; the page span was verified from the printed table layout."
Manipur,Manipur,Manipur South,1971\Manipur\1971 Manipur South.pdf,medical_educational_amenities,Medical and Educational Amenities,Trimmed,"35,36",output\pdf\1971_trimmed\Manipur\mededu\Manipur South_mededu_1971.pdf,2,True,"Complete source-page span extracted; page order, geometry, rotation, margins, and scan content preserved."
Manipur,Manipur,Manipur South,1971\Manipur\1971 Manipur South.pdf,tehsil_appendix,Tehsil Appendix,Trimmed,"67,68",output\pdf\1971_trimmed\Manipur\tehsil appendix\Manipur South_tehsil_1971.pdf,2,True,"Complete source-page span extracted; page order, geometry, rotation, margins, and scan content preserved."
Manipur,Manipur,Manipur West,1971\Manipur\1971 Manipur West.pdf,civic_amenities,Civic Amenities,Not trimmed,,,0,False,No actual Town Directory Statement IV table is present in this volume; the Town Directory section contains only the abbreviation/key material before the Village Directory begins.
Manipur,Manipur,Manipur West,1971\Manipur\1971 Manipur West.pdf,medical_educational_amenities,Medical and Educational Amenities,Not trimmed,,,0,False,No actual Town Directory Statement V table is present in this volume; the Town Directory section contains only the abbreviation/key material before the Village Directory begins.
Manipur,Manipur,Manipur West,1971\Manipur\1971 Manipur West.pdf,tehsil_appendix,Tehsil Appendix,Trimmed,"43,44",output\pdf\1971_trimmed\Manipur\tehsil appendix\Manipur West_tehsil_1971.pdf,2,True,"Complete source-page span extracted; page order, geometry, rotation, margins, and scan content preserved."
Meghalaya,Meghalaya,Garo Hills,1971\Meghalaya\1971 Garo Hills.pdf,civic_amenities,Civic Amenities,Not trimmed,,,0,False,"This is a Part X-C full-count census-tables volume, not the Part X-A Village and Town Directory volume; no relevant Statement IV, Statement V, or tehsil/taluk amenities abstract is present."
Meghalaya,Meghalaya,Garo Hills,1971\Meghalaya\1971 Garo Hills.pdf,medical_educational_amenities,Medical and Educational Amenities,Not trimmed,,,0,False,"This is a Part X-C full-count census-tables volume, not the Part X-A Village and Town Directory volume; no relevant Statement IV, Statement V, or tehsil/taluk amenities abstract is present."
Meghalaya,Meghalaya,Garo Hills,1971\Meghalaya\1971 Garo Hills.pdf,tehsil_appendix,Tehsil Appendix,Not trimmed,,,0,False,"This is a Part X-C full-count census-tables volume, not the Part X-A Village and Town Directory volume; no relevant Statement IV, Statement V, or tehsil/taluk amenities abstract is present."
Meghalaya,Meghalaya,U.K. & J. Hills,1971\Meghalaya\1971 U.K. & J. Hills.pdf,civic_amenities,Civic Amenities,Trimmed,212,output\pdf\1971_trimmed\Meghalaya\civic amenities\U.K. & J. Hills_civic_1971.pdf,1,True,"Complete source-page span extracted; page order, geometry, rotation, margins, and scan content preserved. Automated text check was inconclusive because the scan has weak/no text extraction; the page span was verified from the printed table layout."
Meghalaya,Meghalaya,U.K. & J. Hills,1971\Meghalaya\1971 U.K. & J. Hills.pdf,medical_educational_amenities,Medical and Educational Amenities,Trimmed,213,output\pdf\1971_trimmed\Meghalaya\mededu\U.K. & J. Hills_mededu_1971.pdf,1,True,"Complete source-page span extracted; page order, geometry, rotation, margins, and scan content preserved. Automated text check was inconclusive because the scan has weak/no text extraction; the page span was verified from the printed table layout."
Meghalaya,Meghalaya,U.K. & J. Hills,1971\Meghalaya\1971 U.K. & J. Hills.pdf,tehsil_appendix,Tehsil Appendix,Trimmed,"196,197",output\pdf\1971_trimmed\Meghalaya\tehsil appendix\U.K. & J. Hills_tehsil_1971.pdf,2,True,"Complete source-page span extracted; page order, geometry, rotation, margins, and scan content preserved."
Nagaland,Nagaland,Kohima,1971\Nagaland\1971 Kohima.pdf,civic_amenities,Civic Amenities,Not trimmed,,,0,False,The Kohima volume is a Part X-B Village and Town Primary Census Abstract volume; its contents and directory pages contain no Town Directory Statement IV / Civic and Other Amenities table.
Nagaland,Nagaland,Kohima,1971\Nagaland\1971 Kohima.pdf,medical_educational_amenities,Medical and Educational Amenities,Not trimmed,,,0,False,"The Kohima volume is a Part X-B Village and Town Primary Census Abstract volume; its contents and directory pages contain no Town Directory Statement V / Medical, Educational, Recreational and Cultural Facilities table."
Nagaland,Nagaland,Kohima,1971\Nagaland\1971 Kohima.pdf,tehsil_appendix,Tehsil Appendix,Not trimmed,,,0,False,The Kohima volume has no circle-wise/sub-division amenities abstract in the Village Directory section; its contents proceed from circle village abstracts to town primary census abstracts.
Nagaland,Nagaland,Mokokchung,1971\Nagaland\1971 Mokokchung.pdf,civic_amenities,Civic Amenities,Trimmed,52,output\pdf\1971_trimmed\Nagaland\civic amenities\Mokokchung_civic_1971.pdf,1,True,"Complete source-page span extracted; page order, geometry, rotation, margins, and scan content preserved. Automated text check was inconclusive because the scan has weak/no text extraction; the page span was verified from the printed table layout."
Nagaland,Nagaland,Mokokchung,1971\Nagaland\1971 Mokokchung.pdf,medical_educational_amenities,Medical and Educational Amenities,Trimmed,52,output\pdf\1971_trimmed\Nagaland\mededu\Mokokchung_mededu_1971.pdf,1,True,"Complete source-page span extracted; page order, geometry, rotation, margins, and scan content preserved. Automated text check was inconclusive because the scan has weak/no text extraction; the page span was verified from the printed table layout."
Nagaland,Nagaland,Mokokchung,1971\Nagaland\1971 Mokokchung.pdf,tehsil_appendix,Tehsil Appendix,Trimmed,"44,45",output\pdf\1971_trimmed\Nagaland\tehsil appendix\Mokokchung_tehsil_1971.pdf,2,True,"Complete source-page span extracted; page order, geometry, rotation, margins, and scan content preserved."
Nagaland,Nagaland,Tuensang,1971\Nagaland\1971 Tuensang.pdf,civic_amenities,Civic Amenities,Not trimmed,,,0,False,No Town Directory Statement IV table is present in this Part X-B volume; the relevant town-directory statements are absent.
Nagaland,Nagaland,Tuensang,1971\Nagaland\1971 Tuensang.pdf,medical_educational_amenities,Medical and Educational Amenities,Not trimmed,,,0,False,No Town Directory Statement V table is present in this Part X-B volume; the relevant town-directory statements are absent.
Nagaland,Nagaland,Tuensang,1971\Nagaland\1971 Tuensang.pdf,tehsil_appendix,Tehsil Appendix,Trimmed,"34,35",output\pdf\1971_trimmed\Nagaland\tehsil appendix\Tuensang_tehsil_1971.pdf,2,True,"Complete source-page span extracted; page order, geometry, rotation, margins, and scan content preserved."
Orissa,Orissa,Puri,1971\Orissa\1971 Puri.pdf,civic_amenities,Civic Amenities,Trimmed,26,output\pdf\1971_trimmed\Orissa\civic amenities\Puri_civic_1971.pdf,1,True,"Complete source-page span extracted; page order, geometry, rotation, margins, and scan content preserved. Automated text check was inconclusive because the scan has weak/no text extraction; the page span was verified from the printed table layout."
Orissa,Orissa,Puri,1971\Orissa\1971 Puri.pdf,medical_educational_amenities,Medical and Educational Amenities,Trimmed,27,output\pdf\1971_trimmed\Orissa\mededu\Puri_mededu_1971.pdf,1,True,"Complete source-page span extracted; page order, geometry, rotation, margins, and scan content preserved. Automated text check was inconclusive because the scan has weak/no text extraction; the page span was verified from the printed table layout."
Orissa,Orissa,Puri,1971\Orissa\1971 Puri.pdf,tehsil_appendix,Tehsil Appendix,Trimmed,"547,548",output\pdf\1971_trimmed\Orissa\tehsil appendix\Puri_tehsil_1971.pdf,2,True,"Complete source-page span extracted; page order, geometry, rotation, margins, and scan content preserved."
Punjab,Punjab,Firozpur,1971\Punjab\1971 Firozpur.pdf,civic_amenities,Civic Amenities,Trimmed,121,output\pdf\1971_trimmed\Punjab\civic amenities\Firozpur_civic_1971.pdf,1,True,"Complete source-page span extracted; page order, geometry, rotation, margins, and scan content preserved. Automated text check was inconclusive because the scan has weak/no text extraction; the page span was verified from the printed table layout."
Punjab,Punjab,Firozpur,1971\Punjab\1971 Firozpur.pdf,medical_educational_amenities,Medical and Educational Amenities,Trimmed,122,output\pdf\1971_trimmed\Punjab\mededu\Firozpur_mededu_1971.pdf,1,True,"Complete source-page span extracted; page order, geometry, rotation, margins, and scan content preserved. Automated text check was inconclusive because the scan has weak/no text extraction; the page span was verified from the printed table layout."
Punjab,Punjab,Firozpur,1971\Punjab\1971 Firozpur.pdf,tehsil_appendix,Tehsil Appendix,Trimmed,"114,115",output\pdf\1971_trimmed\Punjab\tehsil appendix\Firozpur_tehsil_1971.pdf,2,True,"Complete source-page span extracted; page order, geometry, rotation, margins, and scan content preserved."
Punjab,Punjab,Hoshiarpur,1971\Punjab\1971 Hoshiarpur.pdf,civic_amenities,Civic Amenities,Trimmed,123,output\pdf\1971_trimmed\Punjab\civic amenities\Hoshiarpur_civic_1971.pdf,1,True,"Complete source-page span extracted; page order, geometry, rotation, margins, and scan content preserved. Automated text check was inconclusive because the scan has weak/no text extraction; the page span was verified from the printed table layout."
Punjab,Punjab,Hoshiarpur,1971\Punjab\1971 Hoshiarpur.pdf,medical_educational_amenities,Medical and Educational Amenities,Trimmed,124,output\pdf\1971_trimmed\Punjab\mededu\Hoshiarpur_mededu_1971.pdf,1,True,"Complete source-page span extracted; page order, geometry, rotation, margins, and scan content preserved. Automated text check was inconclusive because the scan has weak/no text extraction; the page span was verified from the printed table layout."
Punjab,Punjab,Hoshiarpur,1971\Punjab\1971 Hoshiarpur.pdf,tehsil_appendix,Tehsil Appendix,Trimmed,"116,117",output\pdf\1971_trimmed\Punjab\tehsil appendix\Hoshiarpur_tehsil_1971.pdf,2,True,"Complete source-page span extracted; page order, geometry, rotation, margins, and scan content preserved."
Punjab,Punjab,Jullundur,1971\Punjab\1971 Jullundur.pdf,civic_amenities,Civic Amenities,Trimmed,109,output\pdf\1971_trimmed\Punjab\civic amenities\Jullundur_civic_1971.pdf,1,True,"Complete source-page span extracted; page order, geometry, rotation, margins, and scan content preserved. Automated text check was inconclusive because the scan has weak/no text extraction; the page span was verified from the printed table layout."
Punjab,Punjab,Jullundur,1971\Punjab\1971 Jullundur.pdf,medical_educational_amenities,Medical and Educational Amenities,Trimmed,110,output\pdf\1971_trimmed\Punjab\mededu\Jullundur_mededu_1971.pdf,1,True,"Complete source-page span extracted; page order, geometry, rotation, margins, and scan content preserved. Automated text check was inconclusive because the scan has weak/no text extraction; the page span was verified from the printed table layout."
Punjab,Punjab,Jullundur,1971\Punjab\1971 Jullundur.pdf,tehsil_appendix,Tehsil Appendix,Trimmed,"102,103",output\pdf\1971_trimmed\Punjab\tehsil appendix\Jullundur_tehsil_1971.pdf,2,True,"Complete source-page span extracted; page order, geometry, rotation, margins, and scan content preserved."
Punjab,Punjab,Kapurthala,1971\Punjab\1971 Kapurthala.pdf,civic_amenities,Civic Amenities,Not trimmed,,,0,False,"The Kapurthala volume is Part X-C, District Census Tables, Administrative and Statistics. It does not contain the Part X-A Village and Town Directory pages with Town Directory Statement IV, Statement V, or a tehsil-wise amenities abstract."
Punjab,Punjab,Kapurthala,1971\Punjab\1971 Kapurthala.pdf,medical_educational_amenities,Medical and Educational Amenities,Not trimmed,,,0,False,"The Kapurthala volume is Part X-C, District Census Tables, Administrative and Statistics. It does not contain the Part X-A Village and Town Directory pages with Town Directory Statement IV, Statement V, or a tehsil-wise amenities abstract."
Punjab,Punjab,Kapurthala,1971\Punjab\1971 Kapurthala.pdf,tehsil_appendix,Tehsil Appendix,Not trimmed,,,0,False,"The Kapurthala volume is Part X-C, District Census Tables, Administrative and Statistics. It does not contain the Part X-A Village and Town Directory pages with Town Directory Statement IV, Statement V, or a tehsil-wise amenities abstract."
Punjab,Punjab,Ludhiana,1971\Punjab\1971 Ludhiana.pdf,civic_amenities,Civic Amenities,Trimmed,91,output\pdf\1971_trimmed\Punjab\civic amenities\Ludhiana_civic_1971.pdf,1,True,"Complete source-page span extracted; page order, geometry, rotation, margins, and scan content preserved. Automated text check was inconclusive because the scan has weak/no text extraction; the page span was verified from the printed table layout."
Punjab,Punjab,Ludhiana,1971\Punjab\1971 Ludhiana.pdf,medical_educational_amenities,Medical and Educational Amenities,Trimmed,92,output\pdf\1971_trimmed\Punjab\mededu\Ludhiana_mededu_1971.pdf,1,True,"Complete source-page span extracted; page order, geometry, rotation, margins, and scan content preserved. Automated text check was inconclusive because the scan has weak/no text extraction; the page span was verified from the printed table layout."
Punjab,Punjab,Ludhiana,1971\Punjab\1971 Ludhiana.pdf,tehsil_appendix,Tehsil Appendix,Trimmed,"85,86",output\pdf\1971_trimmed\Punjab\tehsil appendix\Ludhiana_tehsil_1971.pdf,2,True,"Complete source-page span extracted; page order, geometry, rotation, margins, and scan content preserved."
Punjab,Punjab,Patiala,1971\Punjab\1971 Patiala.pdf,civic_amenities,Civic Amenities,Trimmed,118,output\pdf\1971_trimmed\Punjab\civic amenities\Patiala_civic_1971.pdf,1,True,"Complete source-page span extracted; page order, geometry, rotation, margins, and scan content preserved. Automated text check was inconclusive because the scan has weak/no text extraction; the page span was verified from the printed table layout."
Punjab,Punjab,Patiala,1971\Punjab\1971 Patiala.pdf,medical_educational_amenities,Medical and Educational Amenities,Trimmed,119,output\pdf\1971_trimmed\Punjab\mededu\Patiala_mededu_1971.pdf,1,True,"Complete source-page span extracted; page order, geometry, rotation, margins, and scan content preserved. Automated text check was inconclusive because the scan has weak/no text extraction; the page span was verified from the printed table layout."
Punjab,Punjab,Patiala,1971\Punjab\1971 Patiala.pdf,tehsil_appendix,Tehsil Appendix,Trimmed,"111,112",output\pdf\1971_trimmed\Punjab\tehsil appendix\Patiala_tehsil_1971.pdf,2,True,"Complete source-page span extracted; page order, geometry, rotation, margins, and scan content preserved."
Punjab,Punjab,Rupnagar,1971\Punjab\1971 Rupnagar.pdf,civic_amenities,Civic Amenities,Trimmed,90,output\pdf\1971_trimmed\Punjab\civic amenities\Rupnagar_civic_1971.pdf,1,True,"Complete source-page span extracted; page order, geometry, rotation, margins, and scan content preserved. Automated text check was inconclusive because the scan has weak/no text extraction; the page span was verified from the printed table layout."
Punjab,Punjab,Rupnagar,1971\Punjab\1971 Rupnagar.pdf,medical_educational_amenities,Medical and Educational Amenities,Trimmed,91,output\pdf\1971_trimmed\Punjab\mededu\Rupnagar_mededu_1971.pdf,1,True,"Complete source-page span extracted; page order, geometry, rotation, margins, and scan content preserved. Automated text check was inconclusive because the scan has weak/no text extraction; the page span was verified from the printed table layout."
Punjab,Punjab,Rupnagar,1971\Punjab\1971 Rupnagar.pdf,tehsil_appendix,Tehsil Appendix,Trimmed,"82,83,84",output\pdf\1971_trimmed\Punjab\tehsil appendix\Rupnagar_tehsil_1971.pdf,3,True,"Complete source-page span extracted; page order, geometry, rotation, margins, and scan content preserved."
Punjab,Punjab,Sangrur,1971\Punjab\1971 Sangrur.pdf,civic_amenities,Civic Amenities,Trimmed,92,output\pdf\1971_trimmed\Punjab\civic amenities\Sangrur_civic_1971.pdf,1,True,"Complete source-page span extracted; page order, geometry, rotation, margins, and scan content preserved. Automated text check was inconclusive because the scan has weak/no text extraction; the page span was verified from the printed table layout."
Punjab,Punjab,Sangrur,1971\Punjab\1971 Sangrur.pdf,medical_educational_amenities,Medical and Educational Amenities,Trimmed,93,output\pdf\1971_trimmed\Punjab\mededu\Sangrur_mededu_1971.pdf,1,True,"Complete source-page span extracted; page order, geometry, rotation, margins, and scan content preserved. Automated text check was inconclusive because the scan has weak/no text extraction; the page span was verified from the printed table layout."
Punjab,Punjab,Sangrur,1971\Punjab\1971 Sangrur.pdf,tehsil_appendix,Tehsil Appendix,Trimmed,"85,86",output\pdf\1971_trimmed\Punjab\tehsil appendix\Sangrur_tehsil_1971.pdf,2,True,"Complete source-page span extracted; page order, geometry, rotation, margins, and scan content preserved."
Rajasthan,Rajasthan,Ajmer,1971\Rajasthan\1971 Ajmer.pdf,civic_amenities,Civic Amenities,Trimmed,40,output\pdf\1971_trimmed\Rajasthan\civic amenities\Ajmer_civic_1971.pdf,1,True,"Complete source-page span extracted; page order, geometry, rotation, margins, and scan content preserved."
Rajasthan,Rajasthan,Ajmer,1971\Rajasthan\1971 Ajmer.pdf,medical_educational_amenities,Medical and Educational Amenities,Trimmed,41,output\pdf\1971_trimmed\Rajasthan\mededu\Ajmer_mededu_1971.pdf,1,True,"Complete source-page span extracted; page order, geometry, rotation, margins, and scan content preserved."
Rajasthan,Rajasthan,Ajmer,1971\Rajasthan\1971 Ajmer.pdf,tehsil_appendix,Tehsil Appendix,Trimmed,"92,93",output\pdf\1971_trimmed\Rajasthan\tehsil appendix\Ajmer_tehsil_1971.pdf,2,True,"Complete source-page span extracted; page order, geometry, rotation, margins, and scan content preserved."
Rajasthan,Rajasthan,Alwar,1971\Rajasthan\1971 Alwar.pdf,civic_amenities,Civic Amenities,Trimmed,42,output\pdf\1971_trimmed\Rajasthan\civic amenities\Alwar_civic_1971.pdf,1,True,"Complete source-page span extracted; page order, geometry, rotation, margins, and scan content preserved."
Rajasthan,Rajasthan,Alwar,1971\Rajasthan\1971 Alwar.pdf,medical_educational_amenities,Medical and Educational Amenities,Trimmed,43,output\pdf\1971_trimmed\Rajasthan\mededu\Alwar_mededu_1971.pdf,1,True,"Complete source-page span extracted; page order, geometry, rotation, margins, and scan content preserved."
Rajasthan,Rajasthan,Alwar,1971\Rajasthan\1971 Alwar.pdf,tehsil_appendix,Tehsil Appendix,Trimmed,"138,139",output\pdf\1971_trimmed\Rajasthan\tehsil appendix\Alwar_tehsil_1971.pdf,2,True,"Complete source-page span extracted; page order, geometry, rotation, margins, and scan content preserved."
Rajasthan,Rajasthan,Banswara,1971\Rajasthan\1971 Banswara.pdf,civic_amenities,Civic Amenities,Trimmed,39,output\pdf\1971_trimmed\Rajasthan\civic amenities\Banswara_civic_1971.pdf,1,True,"Complete source-page span extracted; page order, geometry, rotation, margins, and scan content preserved."
Rajasthan,Rajasthan,Banswara,1971\Rajasthan\1971 Banswara.pdf,medical_educational_amenities,Medical and Educational Amenities,Trimmed,40,output\pdf\1971_trimmed\Rajasthan\mededu\Banswara_mededu_1971.pdf,1,True,"Complete source-page span extracted; page order, geometry, rotation, margins, and scan content preserved."
Rajasthan,Rajasthan,Banswara,1971\Rajasthan\1971 Banswara.pdf,tehsil_appendix,Tehsil Appendix,Trimmed,"110,111",output\pdf\1971_trimmed\Rajasthan\tehsil appendix\Banswara_tehsil_1971.pdf,2,True,"Complete source-page span extracted; page order, geometry, rotation, margins, and scan content preserved."
Rajasthan,Rajasthan,Barmer,1971\Rajasthan\1971 Barmer.pdf,civic_amenities,Civic Amenities,Trimmed,38,output\pdf\1971_trimmed\Rajasthan\civic amenities\Barmer_civic_1971.pdf,1,True,"Complete source-page span extracted; page order, geometry, rotation, margins, and scan content preserved."
Rajasthan,Rajasthan,Barmer,1971\Rajasthan\1971 Barmer.pdf,medical_educational_amenities,Medical and Educational Amenities,Trimmed,39,output\pdf\1971_trimmed\Rajasthan\mededu\Barmer_mededu_1971.pdf,1,True,"Complete source-page span extracted; page order, geometry, rotation, margins, and scan content preserved."
Rajasthan,Rajasthan,Barmer,1971\Rajasthan\1971 Barmer.pdf,tehsil_appendix,Tehsil Appendix,Trimmed,"85,86",output\pdf\1971_trimmed\Rajasthan\tehsil appendix\Barmer_tehsil_1971.pdf,2,True,"Complete source-page span extracted; page order, geometry, rotation, margins, and scan content preserved."
Rajasthan,Rajasthan,Bharatpur,1971\Rajasthan\1971 Bharatpur.pdf,civic_amenities,Civic Amenities,Trimmed,42,output\pdf\1971_trimmed\Rajasthan\civic amenities\Bharatpur_civic_1971.pdf,1,True,"Complete source-page span extracted; page order, geometry, rotation, margins, and scan content preserved."
Rajasthan,Rajasthan,Bharatpur,1971\Rajasthan\1971 Bharatpur.pdf,medical_educational_amenities,Medical and Educational Amenities,Trimmed,43,output\pdf\1971_trimmed\Rajasthan\mededu\Bharatpur_mededu_1971.pdf,1,True,"Complete source-page span extracted; page order, geometry, rotation, margins, and scan content preserved."
Rajasthan,Rajasthan,Bharatpur,1971\Rajasthan\1971 Bharatpur.pdf,tehsil_appendix,Tehsil Appendix,Trimmed,"140,141",output\pdf\1971_trimmed\Rajasthan\tehsil appendix\Bharatpur_tehsil_1971.pdf,2,True,"Complete source-page span extracted; page order, geometry, rotation, margins, and scan content preserved."
Rajasthan,Rajasthan,Bhilwara,1971\Rajasthan\1971 Bhilwara.pdf,civic_amenities,Civic Amenities,Trimmed,43,output\pdf\1971_trimmed\Rajasthan\civic amenities\Bhilwara_civic_1971.pdf,1,True,"Complete source-page span extracted; page order, geometry, rotation, margins, and scan content preserved."
Rajasthan,Rajasthan,Bhilwara,1971\Rajasthan\1971 Bhilwara.pdf,medical_educational_amenities,Medical and Educational Amenities,Trimmed,44,output\pdf\1971_trimmed\Rajasthan\mededu\Bhilwara_mededu_1971.pdf,1,True,"Complete source-page span extracted; page order, geometry, rotation, margins, and scan content preserved."
Rajasthan,Rajasthan,Bhilwara,1971\Rajasthan\1971 Bhilwara.pdf,tehsil_appendix,Tehsil Appendix,Trimmed,"122,123,124,125",output\pdf\1971_trimmed\Rajasthan\tehsil appendix\Bhilwara_tehsil_1971.pdf,4,True,"Complete source-page span extracted; page order, geometry, rotation, margins, and scan content preserved."
Rajasthan,Rajasthan,Bikaner,1971\Rajasthan\1971 Bikaner.pdf,civic_amenities,Civic Amenities,Trimmed,36,output\pdf\1971_trimmed\Rajasthan\civic amenities\Bikaner_civic_1971.pdf,1,True,"Complete source-page span extracted; page order, geometry, rotation, margins, and scan content preserved."
Rajasthan,Rajasthan,Bikaner,1971\Rajasthan\1971 Bikaner.pdf,medical_educational_amenities,Medical and Educational Amenities,Trimmed,37,output\pdf\1971_trimmed\Rajasthan\mededu\Bikaner_mededu_1971.pdf,1,True,"Complete source-page span extracted; page order, geometry, rotation, margins, and scan content preserved."
Rajasthan,Rajasthan,Bikaner,1971\Rajasthan\1971 Bikaner.pdf,tehsil_appendix,Tehsil Appendix,Trimmed,"76,77",output\pdf\1971_trimmed\Rajasthan\tehsil appendix\Bikaner_tehsil_1971.pdf,2,True,"Complete source-page span extracted; page order, geometry, rotation, margins, and scan content preserved."
Rajasthan,Rajasthan,Bundi,1971\Rajasthan\1971 Bundi.pdf,civic_amenities,Civic Amenities,Trimmed,33,output\pdf\1971_trimmed\Rajasthan\civic amenities\Bundi_civic_1971.pdf,1,True,"Complete source-page span extracted; page order, geometry, rotation, margins, and scan content preserved."
Rajasthan,Rajasthan,Bundi,1971\Rajasthan\1971 Bundi.pdf,medical_educational_amenities,Medical and Educational Amenities,Trimmed,34,output\pdf\1971_trimmed\Rajasthan\mededu\Bundi_mededu_1971.pdf,1,True,"Complete source-page span extracted; page order, geometry, rotation, margins, and scan content preserved."
Rajasthan,Rajasthan,Bundi,1971\Rajasthan\1971 Bundi.pdf,tehsil_appendix,Tehsil Appendix,Trimmed,"74,75",output\pdf\1971_trimmed\Rajasthan\tehsil appendix\Bundi_tehsil_1971.pdf,2,True,"Complete source-page span extracted; page order, geometry, rotation, margins, and scan content preserved."
Rajasthan,Rajasthan,Chittaurgarh,1971\Rajasthan\1971 Chittaurgarh.pdf,civic_amenities,Civic Amenities,Trimmed,43,output\pdf\1971_trimmed\Rajasthan\civic amenities\Chittaurgarh_civic_1971.pdf,1,True,"Complete source-page span extracted; page order, geometry, rotation, margins, and scan content preserved."
Rajasthan,Rajasthan,Chittaurgarh,1971\Rajasthan\1971 Chittaurgarh.pdf,medical_educational_amenities,Medical and Educational Amenities,Trimmed,44,output\pdf\1971_trimmed\Rajasthan\mededu\Chittaurgarh_mededu_1971.pdf,1,True,"Complete source-page span extracted; page order, geometry, rotation, margins, and scan content preserved."
Rajasthan,Rajasthan,Chittaurgarh,1971\Rajasthan\1971 Chittaurgarh.pdf,tehsil_appendix,Tehsil Appendix,Trimmed,"157,158,159,160",output\pdf\1971_trimmed\Rajasthan\tehsil appendix\Chittaurgarh_tehsil_1971.pdf,4,True,"Complete source-page span extracted; page order, geometry, rotation, margins, and scan content preserved."
Rajasthan,Rajasthan,Churu,1971\Rajasthan\1971 Churu.pdf,civic_amenities,Civic Amenities,Trimmed,36,output\pdf\1971_trimmed\Rajasthan\civic amenities\Churu_civic_1971.pdf,1,True,"Complete source-page span extracted; page order, geometry, rotation, margins, and scan content preserved."
Rajasthan,Rajasthan,Churu,1971\Rajasthan\1971 Churu.pdf,medical_educational_amenities,Medical and Educational Amenities,Trimmed,37,output\pdf\1971_trimmed\Rajasthan\mededu\Churu_mededu_1971.pdf,1,True,"Complete source-page span extracted; page order, geometry, rotation, margins, and scan content preserved."
Rajasthan,Rajasthan,Churu,1971\Rajasthan\1971 Churu.pdf,tehsil_appendix,Tehsil Appendix,Trimmed,"85,86",output\pdf\1971_trimmed\Rajasthan\tehsil appendix\Churu_tehsil_1971.pdf,2,True,"Complete source-page span extracted; page order, geometry, rotation, margins, and scan content preserved."
Rajasthan,Rajasthan,Dungarpur,1971\Rajasthan\1971 Dungarpur.pdf,civic_amenities,Civic Amenities,Trimmed,34,output\pdf\1971_trimmed\Rajasthan\civic amenities\Dungarpur_civic_1971.pdf,1,True,"Complete source-page span extracted; page order, geometry, rotation, margins, and scan content preserved."
Rajasthan,Rajasthan,Dungarpur,1971\Rajasthan\1971 Dungarpur.pdf,medical_educational_amenities,Medical and Educational Amenities,Trimmed,35,output\pdf\1971_trimmed\Rajasthan\mededu\Dungarpur_mededu_1971.pdf,1,True,"Complete source-page span extracted; page order, geometry, rotation, margins, and scan content preserved."
Rajasthan,Rajasthan,Dungarpur,1971\Rajasthan\1971 Dungarpur.pdf,tehsil_appendix,Tehsil Appendix,Trimmed,"77,78",output\pdf\1971_trimmed\Rajasthan\tehsil appendix\Dungarpur_tehsil_1971.pdf,2,True,"Complete source-page span extracted; page order, geometry, rotation, margins, and scan content preserved."
Rajasthan,Rajasthan,Ganganagar,1971\Rajasthan\1971 Ganganagar.pdf,civic_amenities,Civic Amenities,Trimmed,44,output\pdf\1971_trimmed\Rajasthan\civic amenities\Ganganagar_civic_1971.pdf,1,True,"Complete source-page span extracted; page order, geometry, rotation, margins, and scan content preserved."
Rajasthan,Rajasthan,Ganganagar,1971\Rajasthan\1971 Ganganagar.pdf,medical_educational_amenities,Medical and Educational Amenities,Trimmed,"45,46",output\pdf\1971_trimmed\Rajasthan\mededu\Ganganagar_mededu_1971.pdf,2,True,"Complete source-page span extracted; page order, geometry, rotation, margins, and scan content preserved."
Rajasthan,Rajasthan,Ganganagar,1971\Rajasthan\1971 Ganganagar.pdf,tehsil_appendix,Tehsil Appendix,Trimmed,"193,194,195,196",output\pdf\1971_trimmed\Rajasthan\tehsil appendix\Ganganagar_tehsil_1971.pdf,4,True,"Complete source-page span extracted; page order, geometry, rotation, margins, and scan content preserved."
Rajasthan,Rajasthan,Jaipur,1971\Rajasthan\1971 Jaipur.pdf,civic_amenities,Civic Amenities,Trimmed,49,output\pdf\1971_trimmed\Rajasthan\civic amenities\Jaipur_civic_1971.pdf,1,True,"Complete source-page span extracted; page order, geometry, rotation, margins, and scan content preserved."
Rajasthan,Rajasthan,Jaipur,1971\Rajasthan\1971 Jaipur.pdf,medical_educational_amenities,Medical and Educational Amenities,Trimmed,"50,51",output\pdf\1971_trimmed\Rajasthan\mededu\Jaipur_mededu_1971.pdf,2,True,"Complete source-page span extracted; page order, geometry, rotation, margins, and scan content preserved."
Rajasthan,Rajasthan,Jaipur,1971\Rajasthan\1971 Jaipur.pdf,tehsil_appendix,Tehsil Appendix,Trimmed,"186,187,188,189",output\pdf\1971_trimmed\Rajasthan\tehsil appendix\Jaipur_tehsil_1971.pdf,4,True,"Complete source-page span extracted; page order, geometry, rotation, margins, and scan content preserved."
Rajasthan,Rajasthan,Jaisalmer,1971\Rajasthan\1971 Jaisalmer.pdf,civic_amenities,Civic Amenities,Trimmed,40,output\pdf\1971_trimmed\Rajasthan\civic amenities\Jaisalmer_civic_1971.pdf,1,True,"Complete source-page span extracted; page order, geometry, rotation, margins, and scan content preserved."
Rajasthan,Rajasthan,Jaisalmer,1971\Rajasthan\1971 Jaisalmer.pdf,medical_educational_amenities,Medical and Educational Amenities,Trimmed,41,output\pdf\1971_trimmed\Rajasthan\mededu\Jaisalmer_mededu_1971.pdf,1,True,"Complete source-page span extracted; page order, geometry, rotation, margins, and scan content preserved."
Rajasthan,Rajasthan,Jaisalmer,1971\Rajasthan\1971 Jaisalmer.pdf,tehsil_appendix,Tehsil Appendix,Trimmed,"69,70",output\pdf\1971_trimmed\Rajasthan\tehsil appendix\Jaisalmer_tehsil_1971.pdf,2,True,"Complete source-page span extracted; page order, geometry, rotation, margins, and scan content preserved."
Rajasthan,Rajasthan,Jhalawar,1971\Rajasthan\1971 Jhalawar.pdf,civic_amenities,Civic Amenities,Trimmed,43,output\pdf\1971_trimmed\Rajasthan\civic amenities\Jhalawar_civic_1971.pdf,1,True,"Complete source-page span extracted; page order, geometry, rotation, margins, and scan content preserved."
Rajasthan,Rajasthan,Jhalawar,1971\Rajasthan\1971 Jhalawar.pdf,medical_educational_amenities,Medical and Educational Amenities,Trimmed,44,output\pdf\1971_trimmed\Rajasthan\mededu\Jhalawar_mededu_1971.pdf,1,True,"Complete source-page span extracted; page order, geometry, rotation, margins, and scan content preserved."
Rajasthan,Rajasthan,Jhalawar,1971\Rajasthan\1971 Jhalawar.pdf,tehsil_appendix,Tehsil Appendix,Trimmed,"121,122",output\pdf\1971_trimmed\Rajasthan\tehsil appendix\Jhalawar_tehsil_1971.pdf,2,True,"Complete source-page span extracted; page order, geometry, rotation, margins, and scan content preserved."
Rajasthan,Rajasthan,Jhunjhunun,1971\Rajasthan\1971 Jhunjhunun.pdf,civic_amenities,Civic Amenities,Trimmed,46,output\pdf\1971_trimmed\Rajasthan\civic amenities\Jhunjhunun_civic_1971.pdf,1,True,"Complete source-page span extracted; page order, geometry, rotation, margins, and scan content preserved."
Rajasthan,Rajasthan,Jhunjhunun,1971\Rajasthan\1971 Jhunjhunun.pdf,medical_educational_amenities,Medical and Educational Amenities,Trimmed,"47,48",output\pdf\1971_trimmed\Rajasthan\mededu\Jhunjhunun_mededu_1971.pdf,2,True,"Complete source-page span extracted; page order, geometry, rotation, margins, and scan content preserved."
Rajasthan,Rajasthan,Jhunjhunun,1971\Rajasthan\1971 Jhunjhunun.pdf,tehsil_appendix,Tehsil Appendix,Trimmed,"87,88",output\pdf\1971_trimmed\Rajasthan\tehsil appendix\Jhunjhunun_tehsil_1971.pdf,2,True,"Complete source-page span extracted; page order, geometry, rotation, margins, and scan content preserved."
Rajasthan,Rajasthan,Jodhpur,1971\Rajasthan\1971 Jodhpur.pdf,civic_amenities,Civic Amenities,Trimmed,42,output\pdf\1971_trimmed\Rajasthan\civic amenities\Jodhpur_civic_1971.pdf,1,True,"Complete source-page span extracted; page order, geometry, rotation, margins, and scan content preserved."
Rajasthan,Rajasthan,Jodhpur,1971\Rajasthan\1971 Jodhpur.pdf,medical_educational_amenities,Medical and Educational Amenities,Trimmed,43,output\pdf\1971_trimmed\Rajasthan\mededu\Jodhpur_mededu_1971.pdf,1,True,"Complete source-page span extracted; page order, geometry, rotation, margins, and scan content preserved."
Rajasthan,Rajasthan,Jodhpur,1971\Rajasthan\1971 Jodhpur.pdf,tehsil_appendix,Tehsil Appendix,Trimmed,"80,81",output\pdf\1971_trimmed\Rajasthan\tehsil appendix\Jodhpur_tehsil_1971.pdf,2,True,"Complete source-page span extracted; page order, geometry, rotation, margins, and scan content preserved."
Rajasthan,Rajasthan,Kota,1971\Rajasthan\1971 Kota.pdf,civic_amenities,Civic Amenities,Trimmed,46,output\pdf\1971_trimmed\Rajasthan\civic amenities\Kota_civic_1971.pdf,1,True,"Complete source-page span extracted; page order, geometry, rotation, margins, and scan content preserved."
Rajasthan,Rajasthan,Kota,1971\Rajasthan\1971 Kota.pdf,medical_educational_amenities,Medical and Educational Amenities,Trimmed,47,output\pdf\1971_trimmed\Rajasthan\mededu\Kota_mededu_1971.pdf,1,True,"Complete source-page span extracted; page order, geometry, rotation, margins, and scan content preserved."
Rajasthan,Rajasthan,Kota,1971\Rajasthan\1971 Kota.pdf,tehsil_appendix,Tehsil Appendix,Trimmed,"152,153",output\pdf\1971_trimmed\Rajasthan\tehsil appendix\Kota_tehsil_1971.pdf,2,True,"Complete source-page span extracted; page order, geometry, rotation, margins, and scan content preserved."
Rajasthan,Rajasthan,Nagaur,1971\Rajasthan\1971 Nagaur.pdf,civic_amenities,Civic Amenities,Trimmed,45,output\pdf\1971_trimmed\Rajasthan\civic amenities\Nagaur_civic_1971.pdf,1,True,"Complete source-page span extracted; page order, geometry, rotation, margins, and scan content preserved."
Rajasthan,Rajasthan,Nagaur,1971\Rajasthan\1971 Nagaur.pdf,medical_educational_amenities,Medical and Educational Amenities,Trimmed,46,output\pdf\1971_trimmed\Rajasthan\mededu\Nagaur_mededu_1971.pdf,1,True,"Complete source-page span extracted; page order, geometry, rotation, margins, and scan content preserved."
Rajasthan,Rajasthan,Nagaur,1971\Rajasthan\1971 Nagaur.pdf,tehsil_appendix,Tehsil Appendix,Trimmed,"111,112",output\pdf\1971_trimmed\Rajasthan\tehsil appendix\Nagaur_tehsil_1971.pdf,2,True,"Complete source-page span extracted; page order, geometry, rotation, margins, and scan content preserved."
Rajasthan,Rajasthan,Pali,1971\Rajasthan\1971 Pali.pdf,civic_amenities,Civic Amenities,Trimmed,43,output\pdf\1971_trimmed\Rajasthan\civic amenities\Pali_civic_1971.pdf,1,True,"Complete source-page span extracted; page order, geometry, rotation, margins, and scan content preserved."
Rajasthan,Rajasthan,Pali,1971\Rajasthan\1971 Pali.pdf,medical_educational_amenities,Medical and Educational Amenities,Trimmed,44,output\pdf\1971_trimmed\Rajasthan\mededu\Pali_mededu_1971.pdf,1,True,"Complete source-page span extracted; page order, geometry, rotation, margins, and scan content preserved."
Rajasthan,Rajasthan,Pali,1971\Rajasthan\1971 Pali.pdf,tehsil_appendix,Tehsil Appendix,Trimmed,"89,90",output\pdf\1971_trimmed\Rajasthan\tehsil appendix\Pali_tehsil_1971.pdf,2,True,"Complete source-page span extracted; page order, geometry, rotation, margins, and scan content preserved."
Rajasthan,Rajasthan,Sawai Madhopur,1971\Rajasthan\1971 Sawai Madhopur.pdf,civic_amenities,Civic Amenities,Trimmed,44,output\pdf\1971_trimmed\Rajasthan\civic amenities\Sawai Madhopur_civic_1971.pdf,1,True,"Complete source-page span extracted; page order, geometry, rotation, margins, and scan content preserved."
Rajasthan,Rajasthan,Sawai Madhopur,1971\Rajasthan\1971 Sawai Madhopur.pdf,medical_educational_amenities,Medical and Educational Amenities,Trimmed,45,output\pdf\1971_trimmed\Rajasthan\mededu\Sawai Madhopur_mededu_1971.pdf,1,True,"Complete source-page span extracted; page order, geometry, rotation, margins, and scan content preserved."
Rajasthan,Rajasthan,Sawai Madhopur,1971\Rajasthan\1971 Sawai Madhopur.pdf,tehsil_appendix,Tehsil Appendix,Trimmed,"128,129,130,131",output\pdf\1971_trimmed\Rajasthan\tehsil appendix\Sawai Madhopur_tehsil_1971.pdf,4,True,"Complete source-page span extracted; page order, geometry, rotation, margins, and scan content preserved."
Rajasthan,Rajasthan,Sikar,1971\Rajasthan\1971 Sikar.pdf,civic_amenities,Civic Amenities,Trimmed,44,output\pdf\1971_trimmed\Rajasthan\civic amenities\Sikar_civic_1971.pdf,1,True,"Complete source-page span extracted; page order, geometry, rotation, margins, and scan content preserved. Automated text check was inconclusive because the scan has weak/no text extraction; the page span was verified from the printed table layout."
Rajasthan,Rajasthan,Sikar,1971\Rajasthan\1971 Sikar.pdf,medical_educational_amenities,Medical and Educational Amenities,Trimmed,45,output\pdf\1971_trimmed\Rajasthan\mededu\Sikar_mededu_1971.pdf,1,True,"Complete source-page span extracted; page order, geometry, rotation, margins, and scan content preserved."
Rajasthan,Rajasthan,Sikar,1971\Rajasthan\1971 Sikar.pdf,tehsil_appendix,Tehsil Appendix,Trimmed,"90,91",output\pdf\1971_trimmed\Rajasthan\tehsil appendix\Sikar_tehsil_1971.pdf,2,True,"Complete source-page span extracted; page order, geometry, rotation, margins, and scan content preserved."
Rajasthan,Rajasthan,Sirohi,1971\Rajasthan\1971 Sirohi.pdf,civic_amenities,Civic Amenities,Trimmed,43,output\pdf\1971_trimmed\Rajasthan\civic amenities\Sirohi_civic_1971.pdf,1,True,"Complete source-page span extracted; page order, geometry, rotation, margins, and scan content preserved."
Rajasthan,Rajasthan,Sirohi,1971\Rajasthan\1971 Sirohi.pdf,medical_educational_amenities,Medical and Educational Amenities,Trimmed,44,output\pdf\1971_trimmed\Rajasthan\mededu\Sirohi_mededu_1971.pdf,1,True,"Complete source-page span extracted; page order, geometry, rotation, margins, and scan content preserved."
Rajasthan,Rajasthan,Sirohi,1971\Rajasthan\1971 Sirohi.pdf,tehsil_appendix,Tehsil Appendix,Trimmed,"73,74",output\pdf\1971_trimmed\Rajasthan\tehsil appendix\Sirohi_tehsil_1971.pdf,2,True,"Complete source-page span extracted; page order, geometry, rotation, margins, and scan content preserved."
Rajasthan,Rajasthan,Tonk,1971\Rajasthan\1971 Tonk.pdf,civic_amenities,Civic Amenities,Trimmed,42,output\pdf\1971_trimmed\Rajasthan\civic amenities\Tonk_civic_1971.pdf,1,True,"Complete source-page span extracted; page order, geometry, rotation, margins, and scan content preserved."
Rajasthan,Rajasthan,Tonk,1971\Rajasthan\1971 Tonk.pdf,medical_educational_amenities,Medical and Educational Amenities,Trimmed,43,output\pdf\1971_trimmed\Rajasthan\mededu\Tonk_mededu_1971.pdf,1,True,"Complete source-page span extracted; page order, geometry, rotation, margins, and scan content preserved."
Rajasthan,Rajasthan,Tonk,1971\Rajasthan\1971 Tonk.pdf,tehsil_appendix,Tehsil Appendix,Trimmed,"100,101",output\pdf\1971_trimmed\Rajasthan\tehsil appendix\Tonk_tehsil_1971.pdf,2,True,"Complete source-page span extracted; page order, geometry, rotation, margins, and scan content preserved."
Rajasthan,Rajasthan,Udaipur,1971\Rajasthan\1971 Udaipur.pdf,civic_amenities,Civic Amenities,Trimmed,41,output\pdf\1971_trimmed\Rajasthan\civic amenities\Udaipur_civic_1971.pdf,1,True,"Complete source-page span extracted; page order, geometry, rotation, margins, and scan content preserved."
Rajasthan,Rajasthan,Udaipur,1971\Rajasthan\1971 Udaipur.pdf,medical_educational_amenities,Medical and Educational Amenities,Trimmed,42,output\pdf\1971_trimmed\Rajasthan\mededu\Udaipur_mededu_1971.pdf,1,True,"Complete source-page span extracted; page order, geometry, rotation, margins, and scan content preserved."
Rajasthan,Rajasthan,Udaipur,1971\Rajasthan\1971 Udaipur.pdf,tehsil_appendix,Tehsil Appendix,Trimmed,"190,191,192,193",output\pdf\1971_trimmed\Rajasthan\tehsil appendix\Udaipur_tehsil_1971.pdf,4,True,"Complete source-page span extracted; page order, geometry, rotation, margins, and scan content preserved."
Sikkim,Sikkim,Sikkim,1971\Sikkim\1971 Sikkim.pdf,civic_amenities,Civic Amenities,Trimmed,13,output\pdf\1971_trimmed\Sikkim\civic amenities\Sikkim_civic_1971.pdf,1,True,"Complete source-page span extracted; page order, geometry, rotation, margins, and scan content preserved."
Sikkim,Sikkim,Sikkim,1971\Sikkim\1971 Sikkim.pdf,medical_educational_amenities,Medical and Educational Amenities,Trimmed,"14,15",output\pdf\1971_trimmed\Sikkim\mededu\Sikkim_mededu_1971.pdf,2,True,"Complete source-page span extracted; page order, geometry, rotation, margins, and scan content preserved."
Sikkim,Sikkim,Sikkim,1971\Sikkim\1971 Sikkim.pdf,tehsil_appendix,Tehsil Appendix,Not trimmed,,,0,False,The Sikkim Village Directory is presented at Block Panchayat level and contains no separate tehsil/taluk-wise amenities abstract equivalent to the requested appendix.
Tamil Nadu,Tamil Nadu,Chengalpattu,1971\Tamil Nadu\1971 Chengalpattu.pdf,civic_amenities,Civic Amenities,Trimmed,"377,378,379,380,381,382,383,384,385,386,387,388,389,390,391,392",output\pdf\1971_trimmed\Tamil Nadu\civic amenities\Chengalpattu_civic_1971.pdf,16,True,"Complete source-page span extracted; page order, geometry, rotation, margins, and scan content preserved. Automated text check was inconclusive because the scan has weak/no text extraction; the page span was verified from the printed table layout."
Tamil Nadu,Tamil Nadu,Chengalpattu,1971\Tamil Nadu\1971 Chengalpattu.pdf,medical_educational_amenities,Medical and Educational Amenities,Trimmed,"393,394,395,396,397,398,399,400,401,402,403,404,405,406,407,408,409,410,411,412",output\pdf\1971_trimmed\Tamil Nadu\mededu\Chengalpattu_mededu_1971.pdf,20,True,"Complete source-page span extracted; page order, geometry, rotation, margins, and scan content preserved."
Tamil Nadu,Tamil Nadu,Chengalpattu,1971\Tamil Nadu\1971 Chengalpattu.pdf,tehsil_appendix,Tehsil Appendix,Trimmed,"48,74,90,116,130,142,169,190,226,254,274,318",output\pdf\1971_trimmed\Tamil Nadu\tehsil appendix\Chengalpattu_tehsil_1971.pdf,12,True,"Complete source-page span extracted; page order, geometry, rotation, margins, and scan content preserved."
Tamil Nadu,Tamil Nadu,Coimbatore,1971\Tamil Nadu\1971 Coimbatore.pdf,civic_amenities,Civic Amenities,Trimmed,"209,210,211,212,213,214,215,216,217,218,219,220",output\pdf\1971_trimmed\Tamil Nadu\civic amenities\Coimbatore_civic_1971.pdf,12,True,"Complete source-page span extracted; page order, geometry, rotation, margins, and scan content preserved."
Tamil Nadu,Tamil Nadu,Coimbatore,1971\Tamil Nadu\1971 Coimbatore.pdf,medical_educational_amenities,Medical and Educational Amenities,Trimmed,"221,222,223,224,225,226,227,228,229,230,231,232",output\pdf\1971_trimmed\Tamil Nadu\mededu\Coimbatore_mededu_1971.pdf,12,True,"Complete source-page span extracted; page order, geometry, rotation, margins, and scan content preserved."
Tamil Nadu,Tamil Nadu,Coimbatore,1971\Tamil Nadu\1971 Coimbatore.pdf,tehsil_appendix,Tehsil Appendix,Trimmed,"34,52,78,94,110,122,134,150,168",output\pdf\1971_trimmed\Tamil Nadu\tehsil appendix\Coimbatore_tehsil_1971.pdf,9,True,"Complete source-page span extracted; page order, geometry, rotation, margins, and scan content preserved."
Tamil Nadu,Tamil Nadu,Dharmapuri,1971\Tamil Nadu\1971 Dharmapuri.pdf,civic_amenities,Civic Amenities,Trimmed,"217,218",output\pdf\1971_trimmed\Tamil Nadu\civic amenities\Dharmapuri_civic_1971.pdf,2,True,"Complete source-page span extracted; page order, geometry, rotation, margins, and scan content preserved."
Tamil Nadu,Tamil Nadu,Dharmapuri,1971\Tamil Nadu\1971 Dharmapuri.pdf,medical_educational_amenities,Medical and Educational Amenities,Trimmed,"219,220",output\pdf\1971_trimmed\Tamil Nadu\mededu\Dharmapuri_mededu_1971.pdf,2,True,"Complete source-page span extracted; page order, geometry, rotation, margins, and scan content preserved."
Tamil Nadu,Tamil Nadu,Dharmapuri,1971\Tamil Nadu\1971 Dharmapuri.pdf,tehsil_appendix,Tehsil Appendix,Trimmed,"48,64,90,124,170,186,206",output\pdf\1971_trimmed\Tamil Nadu\tehsil appendix\Dharmapuri_tehsil_1971.pdf,7,True,"Complete source-page span extracted; page order, geometry, rotation, margins, and scan content preserved."
Tamil Nadu,Tamil Nadu,Nilgiris,1971\Tamil Nadu\1971 Nilgiris.pdf,civic_amenities,Civic Amenities,Not trimmed,,,0,False,"This volume is Part X-C, District Census Tables. It does not contain the Part X-A Village and Town Directory pages for the requested statements or taluk amenities appendix."
Tamil Nadu,Tamil Nadu,Nilgiris,1971\Tamil Nadu\1971 Nilgiris.pdf,medical_educational_amenities,Medical and Educational Amenities,Not trimmed,,,0,False,"This volume is Part X-C, District Census Tables. It does not contain the Part X-A Village and Town Directory pages for the requested statements or taluk amenities appendix."
Tamil Nadu,Tamil Nadu,Nilgiris,1971\Tamil Nadu\1971 Nilgiris.pdf,tehsil_appendix,Tehsil Appendix,Not trimmed,,,0,False,"This volume is Part X-C, District Census Tables. It does not contain the Part X-A Village and Town Directory pages for the requested statements or taluk amenities appendix."
Tamil Nadu,Tamil Nadu,North Arcot,1971\Tamil Nadu\1971 North Arcot.pdf,civic_amenities,Civic Amenities,Trimmed,"346,347,348,349,350,351",output\pdf\1971_trimmed\Tamil Nadu\civic amenities\North Arcot_civic_1971.pdf,6,True,"Complete source-page span extracted; page order, geometry, rotation, margins, and scan content preserved."
Tamil Nadu,Tamil Nadu,North Arcot,1971\Tamil Nadu\1971 North Arcot.pdf,medical_educational_amenities,Medical and Educational Amenities,Trimmed,"352,353,354,355,356,357,358",output\pdf\1971_trimmed\Tamil Nadu\mededu\North Arcot_mededu_1971.pdf,7,True,"Complete source-page span extracted; page order, geometry, rotation, margins, and scan content preserved."
Tamil Nadu,Tamil Nadu,North Arcot,1971\Tamil Nadu\1971 North Arcot.pdf,tehsil_appendix,Tehsil Appendix,Trimmed,"37,57,79,97,115,137,149,175,203,235,267,301,321",output\pdf\1971_trimmed\Tamil Nadu\tehsil appendix\North Arcot_tehsil_1971.pdf,13,True,"Complete source-page span extracted; page order, geometry, rotation, margins, and scan content preserved."
Tamil Nadu,Tamil Nadu,Ramanathapuram,1971\Tamil Nadu\1971 Ramanathapuram.pdf,civic_amenities,Civic Amenities,Trimmed,"287,288,289,290,291,292",output\pdf\1971_trimmed\Tamil Nadu\civic amenities\Ramanathapuram_civic_1971.pdf,6,True,"Complete source-page span extracted; page order, geometry, rotation, margins, and scan content preserved."
Tamil Nadu,Tamil Nadu,Ramanathapuram,1971\Tamil Nadu\1971 Ramanathapuram.pdf,medical_educational_amenities,Medical and Educational Amenities,Trimmed,"293,294,295,296,297,298,299",output\pdf\1971_trimmed\Tamil Nadu\mededu\Ramanathapuram_mededu_1971.pdf,7,True,"Complete source-page span extracted; page order, geometry, rotation, margins, and scan content preserved."
Tamil Nadu,Tamil Nadu,Ramanathapuram,1971\Tamil Nadu\1971 Ramanathapuram.pdf,tehsil_appendix,Tehsil Appendix,Trimmed,"36,46,66,78,90,108,120,134,146,156,170,190,216,230,246,256,264",output\pdf\1971_trimmed\Tamil Nadu\tehsil appendix\Ramanathapuram_tehsil_1971.pdf,17,True,"Complete source-page span extracted; page order, geometry, rotation, margins, and scan content preserved."
Tamil Nadu,Tamil Nadu,Salem,1971\Tamil Nadu\1971 Salem.pdf,civic_amenities,Civic Amenities,Trimmed,"182,183,184,185,186,187,188,189",output\pdf\1971_trimmed\Tamil Nadu\civic amenities\Salem_civic_1971.pdf,8,True,"Complete source-page span extracted; page order, geometry, rotation, margins, and scan content preserved."
Tamil Nadu,Tamil Nadu,Salem,1971\Tamil Nadu\1971 Salem.pdf,medical_educational_amenities,Medical and Educational Amenities,Trimmed,"190,191,192,193,194,195",output\pdf\1971_trimmed\Tamil Nadu\mededu\Salem_mededu_1971.pdf,6,True,"Complete source-page span extracted; page order, geometry, rotation, margins, and scan content preserved."
Tamil Nadu,Tamil Nadu,Salem,1971\Tamil Nadu\1971 Salem.pdf,tehsil_appendix,Tehsil Appendix,Trimmed,"29,43,53,71,83,95,111,131,155",output\pdf\1971_trimmed\Tamil Nadu\tehsil appendix\Salem_tehsil_1971.pdf,9,True,"Complete source-page span extracted; page order, geometry, rotation, margins, and scan content preserved."
Tamil Nadu,Tamil Nadu,South Arcot,1971\Tamil Nadu\1971 South Arcot.pdf,civic_amenities,Civic Amenities,Not trimmed,,,0,False,"This volume is Part IX-B, Village and Townwise Primary Census Abstract. It does not contain the Part X-A Village and Town Directory pages for the requested statements or taluk amenities appendix."
Tamil Nadu,Tamil Nadu,South Arcot,1971\Tamil Nadu\1971 South Arcot.pdf,medical_educational_amenities,Medical and Educational Amenities,Not trimmed,,,0,False,"This volume is Part IX-B, Village and Townwise Primary Census Abstract. It does not contain the Part X-A Village and Town Directory pages for the requested statements or taluk amenities appendix."
Tamil Nadu,Tamil Nadu,South Arcot,1971\Tamil Nadu\1971 South Arcot.pdf,tehsil_appendix,Tehsil Appendix,Not trimmed,,,0,False,"This volume is Part IX-B, Village and Townwise Primary Census Abstract. It does not contain the Part X-A Village and Town Directory pages for the requested statements or taluk amenities appendix."
Tamil Nadu,Tamil Nadu,Thanjavur,1971\Tamil Nadu\1971 Thanjavur.pdf,civic_amenities,Civic Amenities,Trimmed,"329,330,331,332,333,334",output\pdf\1971_trimmed\Tamil Nadu\civic amenities\Thanjavur_civic_1971.pdf,6,True,"Complete source-page span extracted; page order, geometry, rotation, margins, and scan content preserved."
Tamil Nadu,Tamil Nadu,Thanjavur,1971\Tamil Nadu\1971 Thanjavur.pdf,medical_educational_amenities,Medical and Educational Amenities,Trimmed,"335,336,337,338,339,340",output\pdf\1971_trimmed\Tamil Nadu\mededu\Thanjavur_mededu_1971.pdf,6,True,"Complete source-page span extracted; page order, geometry, rotation, margins, and scan content preserved."
Tamil Nadu,Tamil Nadu,Thanjavur,1971\Tamil Nadu\1971 Thanjavur.pdf,tehsil_appendix,Tehsil Appendix,Trimmed,"32,52,72,100,126,152,170,190,208,228,252,270,298",output\pdf\1971_trimmed\Tamil Nadu\tehsil appendix\Thanjavur_tehsil_1971.pdf,13,True,"Complete source-page span extracted; page order, geometry, rotation, margins, and scan content preserved."
Tamil Nadu,Tamil Nadu,Tiruchchirappalli,1971\Tamil Nadu\1971 Tiruchchirappalli.pdf,civic_amenities,Civic Amenities,Trimmed,"310,311,312,313,314,315",output\pdf\1971_trimmed\Tamil Nadu\civic amenities\Tiruchchirappalli_civic_1971.pdf,6,True,"Complete source-page span extracted; page order, geometry, rotation, margins, and scan content preserved."
Tamil Nadu,Tamil Nadu,Tiruchchirappalli,1971\Tamil Nadu\1971 Tiruchchirappalli.pdf,medical_educational_amenities,Medical and Educational Amenities,Trimmed,"316,317,318,319,320,321",output\pdf\1971_trimmed\Tamil Nadu\mededu\Tiruchchirappalli_mededu_1971.pdf,6,True,"Complete source-page span extracted; page order, geometry, rotation, margins, and scan content preserved."
Tamil Nadu,Tamil Nadu,Tiruchchirappalli,1971\Tamil Nadu\1971 Tiruchchirappalli.pdf,tehsil_appendix,Tehsil Appendix,Trimmed,"41,61,81,105,119,135,151,167,183,195,225,253,281",output\pdf\1971_trimmed\Tamil Nadu\tehsil appendix\Tiruchchirappalli_tehsil_1971.pdf,13,True,"Complete source-page span extracted; page order, geometry, rotation, margins, and scan content preserved."
Tamil Nadu,Tamil Nadu,Tirunelveli,1971\Tamil Nadu\1971 Tirunelveli.pdf,civic_amenities,Civic Amenities,Trimmed,"253,254,255,256,257,258,259,260,261,262",output\pdf\1971_trimmed\Tamil Nadu\civic amenities\Tirunelveli_civic_1971.pdf,10,True,"Complete source-page span extracted; page order, geometry, rotation, margins, and scan content preserved."
Tamil Nadu,Tamil Nadu,Tirunelveli,1971\Tamil Nadu\1971 Tirunelveli.pdf,medical_educational_amenities,Medical and Educational Amenities,Trimmed,"263,264,265,266,267,268,269,270,271,272",output\pdf\1971_trimmed\Tamil Nadu\mededu\Tirunelveli_mededu_1971.pdf,10,True,"Complete source-page span extracted; page order, geometry, rotation, margins, and scan content preserved."
Tamil Nadu,Tamil Nadu,Tirunelveli,1971\Tamil Nadu\1971 Tirunelveli.pdf,tehsil_appendix,Tehsil Appendix,Trimmed,"34,52,66,74,88,110,128,134,152,176,192,210,220",output\pdf\1971_trimmed\Tamil Nadu\tehsil appendix\Tirunelveli_tehsil_1971.pdf,13,True,"Complete source-page span extracted; page order, geometry, rotation, margins, and scan content preserved."
Tripura,Tripura,Tripura,1971\Tripura\1971 Tripura.pdf,civic_amenities,Civic Amenities,Trimmed,"130,131",output\pdf\1971_trimmed\Tripura\civic amenities\Tripura_civic_1971.pdf,2,True,"Complete source-page span extracted; page order, geometry, rotation, margins, and scan content preserved."
Tripura,Tripura,Tripura,1971\Tripura\1971 Tripura.pdf,medical_educational_amenities,Medical and Educational Amenities,Trimmed,"132,133",output\pdf\1971_trimmed\Tripura\mededu\Tripura_mededu_1971.pdf,2,True,"Complete source-page span extracted; page order, geometry, rotation, margins, and scan content preserved."
Tripura,Tripura,Tripura,1971\Tripura\1971 Tripura.pdf,tehsil_appendix,Tehsil Appendix,Trimmed,"116,117",output\pdf\1971_trimmed\Tripura\tehsil appendix\Tripura_tehsil_1971.pdf,2,True,"Complete source-page span extracted; page order, geometry, rotation, margins, and scan content preserved."
West Bengal,West Bengal,Bankura,1971\West Bengal\1971 Bankura.pdf,civic_amenities,Civic Amenities,Not trimmed,,,0,False,This is a Part X-C District Census Tables volume and does not contain the Part X-A/B Town Directory Statement IV/V or an equivalent tehsil/taluk amenities appendix; no output was produced.
West Bengal,West Bengal,Bankura,1971\West Bengal\1971 Bankura.pdf,medical_educational_amenities,Medical and Educational Amenities,Not trimmed,,,0,False,This is a Part X-C District Census Tables volume and does not contain the Part X-A/B Town Directory Statement IV/V or an equivalent tehsil/taluk amenities appendix; no output was produced.
West Bengal,West Bengal,Bankura,1971\West Bengal\1971 Bankura.pdf,tehsil_appendix,Tehsil Appendix,Not trimmed,,,0,False,This is a Part X-C District Census Tables volume and does not contain the Part X-A/B Town Directory Statement IV/V or an equivalent tehsil/taluk amenities appendix; no output was produced.
West Bengal,West Bengal,Birbhum,1971\West Bengal\1971 Birbhum.pdf,civic_amenities,Civic Amenities,Trimmed,"47,48",output\pdf\1971_trimmed\West Bengal\civic amenities\Birbhum_civic_1971.pdf,2,True,"Complete source-page span extracted; page order, geometry, rotation, margins, and scan content preserved."
West Bengal,West Bengal,Birbhum,1971\West Bengal\1971 Birbhum.pdf,medical_educational_amenities,Medical and Educational Amenities,Trimmed,"49,50",output\pdf\1971_trimmed\West Bengal\mededu\Birbhum_mededu_1971.pdf,2,True,"Complete source-page span extracted; page order, geometry, rotation, margins, and scan content preserved."
West Bengal,West Bengal,Birbhum,1971\West Bengal\1971 Birbhum.pdf,tehsil_appendix,Tehsil Appendix,Not trimmed,,,0,False,"No separate tahsil/tehsil/taluk-wise amenities abstract was located in this Part X-A & B volume; the inspected village amenities pages are per-village tables, not the requested aggregate appendix."
West Bengal,West Bengal,Burdwan,1971\West Bengal\1971 Burdwan.pdf,civic_amenities,Civic Amenities,Trimmed,"59,60",output\pdf\1971_trimmed\West Bengal\civic amenities\Burdwan_civic_1971.pdf,2,True,"Complete source-page span extracted; page order, geometry, rotation, margins, and scan content preserved."
West Bengal,West Bengal,Burdwan,1971\West Bengal\1971 Burdwan.pdf,medical_educational_amenities,Medical and Educational Amenities,Trimmed,"61,62",output\pdf\1971_trimmed\West Bengal\mededu\Burdwan_mededu_1971.pdf,2,True,"Complete source-page span extracted; page order, geometry, rotation, margins, and scan content preserved."
West Bengal,West Bengal,Burdwan,1971\West Bengal\1971 Burdwan.pdf,tehsil_appendix,Tehsil Appendix,Not trimmed,,,0,False,"No separate tahsil/tehsil/taluk-wise amenities abstract was located in this Part X-A & B volume; the inspected village amenities pages are per-village tables, not the requested aggregate appendix."
West Bengal,West Bengal,Calcutta,1971\West Bengal\1971 Calcutta.pdf,civic_amenities,Civic Amenities,Trimmed,"13,14",output\pdf\1971_trimmed\West Bengal\civic amenities\Calcutta_civic_1971.pdf,2,True,"Complete source-page span extracted; page order, geometry, rotation, margins, and scan content preserved."
West Bengal,West Bengal,Calcutta,1971\West Bengal\1971 Calcutta.pdf,medical_educational_amenities,Medical and Educational Amenities,Trimmed,"15,16",output\pdf\1971_trimmed\West Bengal\mededu\Calcutta_mededu_1971.pdf,2,True,"Complete source-page span extracted; page order, geometry, rotation, margins, and scan content preserved."
West Bengal,West Bengal,Calcutta,1971\West Bengal\1971 Calcutta.pdf,tehsil_appendix,Tehsil Appendix,Not trimmed,,,0,False,"No separate tahsil/tehsil/taluk-wise amenities abstract was located in this Part X-A & B volume; the inspected village amenities pages are per-village tables, not the requested aggregate appendix."
West Bengal,West Bengal,Cooch Behar,1971\West Bengal\1971 Cooch Behar.pdf,civic_amenities,Civic Amenities,Not trimmed,,,0,False,This is a Part X-C District Census Tables volume and does not contain the Part X-A/B Town Directory Statement IV/V or an equivalent tehsil/taluk amenities appendix; no output was produced.
West Bengal,West Bengal,Cooch Behar,1971\West Bengal\1971 Cooch Behar.pdf,medical_educational_amenities,Medical and Educational Amenities,Not trimmed,,,0,False,This is a Part X-C District Census Tables volume and does not contain the Part X-A/B Town Directory Statement IV/V or an equivalent tehsil/taluk amenities appendix; no output was produced.
West Bengal,West Bengal,Cooch Behar,1971\West Bengal\1971 Cooch Behar.pdf,tehsil_appendix,Tehsil Appendix,Not trimmed,,,0,False,This is a Part X-C District Census Tables volume and does not contain the Part X-A/B Town Directory Statement IV/V or an equivalent tehsil/taluk amenities appendix; no output was produced.
West Bengal,West Bengal,Darjiling,1971\West Bengal\1971 Darjiling.pdf,civic_amenities,Civic Amenities,Not trimmed,,,0,False,This is a Part X-C District Census Tables volume and does not contain the Part X-A/B Town Directory Statement IV/V or an equivalent tehsil/taluk amenities appendix; no output was produced.
West Bengal,West Bengal,Darjiling,1971\West Bengal\1971 Darjiling.pdf,medical_educational_amenities,Medical and Educational Amenities,Not trimmed,,,0,False,This is a Part X-C District Census Tables volume and does not contain the Part X-A/B Town Directory Statement IV/V or an equivalent tehsil/taluk amenities appendix; no output was produced.
West Bengal,West Bengal,Darjiling,1971\West Bengal\1971 Darjiling.pdf,tehsil_appendix,Tehsil Appendix,Not trimmed,,,0,False,This is a Part X-C District Census Tables volume and does not contain the Part X-A/B Town Directory Statement IV/V or an equivalent tehsil/taluk amenities appendix; no output was produced.
West Bengal,West Bengal,Dinajpur,1971\West Bengal\1971 Dinajpur .pdf,civic_amenities,Civic Amenities,Trimmed,"60,61",output\pdf\1971_trimmed\West Bengal\civic amenities\Dinajpur_civic_1971.pdf,2,True,"Complete source-page span extracted; page order, geometry, rotation, margins, and scan content preserved."
West Bengal,West Bengal,Dinajpur,1971\West Bengal\1971 Dinajpur .pdf,medical_educational_amenities,Medical and Educational Amenities,Trimmed,"62,63",output\pdf\1971_trimmed\West Bengal\mededu\Dinajpur_mededu_1971.pdf,2,True,"Complete source-page span extracted; page order, geometry, rotation, margins, and scan content preserved."
West Bengal,West Bengal,Dinajpur,1971\West Bengal\1971 Dinajpur .pdf,tehsil_appendix,Tehsil Appendix,Not trimmed,,,0,False,"No separate tahsil/tehsil/taluk-wise amenities abstract was located in this Part X-A & B volume; the inspected village amenities pages are per-village tables, not the requested aggregate appendix."
West Bengal,West Bengal,Haora,1971\West Bengal\1971 Haora.pdf,civic_amenities,Civic Amenities,Trimmed,"41,42,43,44",output\pdf\1971_trimmed\West Bengal\civic amenities\Haora_civic_1971.pdf,4,True,"Complete source-page span extracted; page order, geometry, rotation, margins, and scan content preserved."
West Bengal,West Bengal,Haora,1971\West Bengal\1971 Haora.pdf,medical_educational_amenities,Medical and Educational Amenities,Trimmed,"45,46,47,48",output\pdf\1971_trimmed\West Bengal\mededu\Haora_mededu_1971.pdf,4,True,"Complete source-page span extracted; page order, geometry, rotation, margins, and scan content preserved."
West Bengal,West Bengal,Haora,1971\West Bengal\1971 Haora.pdf,tehsil_appendix,Tehsil Appendix,Not trimmed,,,0,False,"No separate tahsil/tehsil/taluk-wise amenities abstract was located in this Part X-A & B volume; the inspected village amenities pages are per-village tables, not the requested aggregate appendix."
West Bengal,West Bengal,Hugli,1971\West Bengal\1971 Hugli.pdf,civic_amenities,Civic Amenities,Trimmed,"53,54",output\pdf\1971_trimmed\West Bengal\civic amenities\Hugli_civic_1971.pdf,2,True,"Complete source-page span extracted; page order, geometry, rotation, margins, and scan content preserved."
West Bengal,West Bengal,Hugli,1971\West Bengal\1971 Hugli.pdf,medical_educational_amenities,Medical and Educational Amenities,Trimmed,"55,56",output\pdf\1971_trimmed\West Bengal\mededu\Hugli_mededu_1971.pdf,2,True,"Complete source-page span extracted; page order, geometry, rotation, margins, and scan content preserved."
West Bengal,West Bengal,Hugli,1971\West Bengal\1971 Hugli.pdf,tehsil_appendix,Tehsil Appendix,Not trimmed,,,0,False,"No separate tahsil/tehsil/taluk-wise amenities abstract was located in this Part X-A & B volume; the inspected village amenities pages are per-village tables, not the requested aggregate appendix."
West Bengal,West Bengal,Jalapiguri,1971\West Bengal\1971 Jalapiguri.pdf,civic_amenities,Civic Amenities,Trimmed,"33,34",output\pdf\1971_trimmed\West Bengal\civic amenities\Jalapiguri_civic_1971.pdf,2,True,"Complete source-page span extracted; page order, geometry, rotation, margins, and scan content preserved."
West Bengal,West Bengal,Jalapiguri,1971\West Bengal\1971 Jalapiguri.pdf,medical_educational_amenities,Medical and Educational Amenities,Trimmed,"35,36",output\pdf\1971_trimmed\West Bengal\mededu\Jalapiguri_mededu_1971.pdf,2,True,"Complete source-page span extracted; page order, geometry, rotation, margins, and scan content preserved."
West Bengal,West Bengal,Jalapiguri,1971\West Bengal\1971 Jalapiguri.pdf,tehsil_appendix,Tehsil Appendix,Not trimmed,,,0,False,"No separate tahsil/tehsil/taluk-wise amenities abstract was located in this Part X-A & B volume; the inspected village amenities pages are per-village tables, not the requested aggregate appendix."
West Bengal,West Bengal,Maldah,1971\West Bengal\1971 Maldah.pdf,civic_amenities,Civic Amenities,Not trimmed,,,0,False,This is a Part X-C District Census Tables volume and does not contain the Part X-A/B Town Directory Statement IV/V or an equivalent tehsil/taluk amenities appendix; no output was produced.
West Bengal,West Bengal,Maldah,1971\West Bengal\1971 Maldah.pdf,medical_educational_amenities,Medical and Educational Amenities,Not trimmed,,,0,False,This is a Part X-C District Census Tables volume and does not contain the Part X-A/B Town Directory Statement IV/V or an equivalent tehsil/taluk amenities appendix; no output was produced.
West Bengal,West Bengal,Maldah,1971\West Bengal\1971 Maldah.pdf,tehsil_appendix,Tehsil Appendix,Not trimmed,,,0,False,This is a Part X-C District Census Tables volume and does not contain the Part X-A/B Town Directory Statement IV/V or an equivalent tehsil/taluk amenities appendix; no output was produced.
West Bengal,West Bengal,Midnapore,1971\West Bengal\1971 Midnapore.pdf,civic_amenities,Civic Amenities,Not trimmed,,,0,False,This is a Part X-C District Census Tables volume and does not contain the Part X-A/B Town Directory Statement IV/V or an equivalent tehsil/taluk amenities appendix; no output was produced.
West Bengal,West Bengal,Midnapore,1971\West Bengal\1971 Midnapore.pdf,medical_educational_amenities,Medical and Educational Amenities,Not trimmed,,,0,False,This is a Part X-C District Census Tables volume and does not contain the Part X-A/B Town Directory Statement IV/V or an equivalent tehsil/taluk amenities appendix; no output was produced.
West Bengal,West Bengal,Midnapore,1971\West Bengal\1971 Midnapore.pdf,tehsil_appendix,Tehsil Appendix,Not trimmed,,,0,False,This is a Part X-C District Census Tables volume and does not contain the Part X-A/B Town Directory Statement IV/V or an equivalent tehsil/taluk amenities appendix; no output was produced.
West Bengal,West Bengal,Murshidabad,1971\West Bengal\1971 Murshidabad.pdf,civic_amenities,Civic Amenities,Trimmed,"51,52",output\pdf\1971_trimmed\West Bengal\civic amenities\Murshidabad_civic_1971.pdf,2,True,"Complete source-page span extracted; page order, geometry, rotation, margins, and scan content preserved."
West Bengal,West Bengal,Murshidabad,1971\West Bengal\1971 Murshidabad.pdf,medical_educational_amenities,Medical and Educational Amenities,Trimmed,"53,54",output\pdf\1971_trimmed\West Bengal\mededu\Murshidabad_mededu_1971.pdf,2,True,"Complete source-page span extracted; page order, geometry, rotation, margins, and scan content preserved."
West Bengal,West Bengal,Murshidabad,1971\West Bengal\1971 Murshidabad.pdf,tehsil_appendix,Tehsil Appendix,Not trimmed,,,0,False,"No separate tahsil/tehsil/taluk-wise amenities abstract was located in this Part X-A & B volume; the inspected village amenities pages are per-village tables, not the requested aggregate appendix."
West Bengal,West Bengal,Nadia,1971\West Bengal\1971 Nadia.pdf,civic_amenities,Civic Amenities,Not trimmed,,,0,False,This is a Part X-C District Census Tables volume and does not contain the Part X-A/B Town Directory Statement IV/V or an equivalent tehsil/taluk amenities appendix; no output was produced.
West Bengal,West Bengal,Nadia,1971\West Bengal\1971 Nadia.pdf,medical_educational_amenities,Medical and Educational Amenities,Not trimmed,,,0,False,This is a Part X-C District Census Tables volume and does not contain the Part X-A/B Town Directory Statement IV/V or an equivalent tehsil/taluk amenities appendix; no output was produced.
West Bengal,West Bengal,Nadia,1971\West Bengal\1971 Nadia.pdf,tehsil_appendix,Tehsil Appendix,Not trimmed,,,0,False,This is a Part X-C District Census Tables volume and does not contain the Part X-A/B Town Directory Statement IV/V or an equivalent tehsil/taluk amenities appendix; no output was produced.
West Bengal,West Bengal,Purullia,1971\West Bengal\1971 Purullia.pdf,civic_amenities,Civic Amenities,Trimmed,"57,58",output\pdf\1971_trimmed\West Bengal\civic amenities\Purullia_civic_1971.pdf,2,True,"Complete source-page span extracted; page order, geometry, rotation, margins, and scan content preserved."
West Bengal,West Bengal,Purullia,1971\West Bengal\1971 Purullia.pdf,medical_educational_amenities,Medical and Educational Amenities,Trimmed,"59,60",output\pdf\1971_trimmed\West Bengal\mededu\Purullia_mededu_1971.pdf,2,True,"Complete source-page span extracted; page order, geometry, rotation, margins, and scan content preserved."
West Bengal,West Bengal,Purullia,1971\West Bengal\1971 Purullia.pdf,tehsil_appendix,Tehsil Appendix,Not trimmed,,,0,False,"No separate tahsil/tehsil/taluk-wise amenities abstract was located in this Part X-A & B volume; the inspected village amenities pages are per-village tables, not the requested aggregate appendix."
West Bengal,West Bengal,Twentyfour Parganas,1971\West Bengal\1971 Twentyfour Parganas.pdf,civic_amenities,Civic Amenities,Trimmed,"106,107,108,109,110,111,112,113,114,115",output\pdf\1971_trimmed\West Bengal\civic amenities\Twentyfour_Parganas_civic_1971.pdf,10,True,"Complete source-page span extracted; page order, geometry, rotation, margins, and scan content preserved."
West Bengal,West Bengal,Twentyfour Parganas,1971\West Bengal\1971 Twentyfour Parganas.pdf,medical_educational_amenities,Medical and Educational Amenities,Trimmed,"116,117,118,119,120,121,122,123",output\pdf\1971_trimmed\West Bengal\mededu\Twentyfour_Parganas_mededu_1971.pdf,8,True,"Complete source-page span extracted; page order, geometry, rotation, margins, and scan content preserved."
West Bengal,West Bengal,Twentyfour Parganas,1971\West Bengal\1971 Twentyfour Parganas.pdf,tehsil_appendix,Tehsil Appendix,Not trimmed,,,0,False,"No separate tahsil/tehsil/taluk-wise amenities abstract was located in this Part X-A & B volume; the inspected village amenities pages are per-village tables, not the requested aggregate appendix."
