state,district,table,status,source,source_filename,volume_type,language_status,source_pages_selected,printed_page_labels,output,reason,flags
Andra Pradesh,Adilabad,civic_amenities,Trimmed,1981/Andra Pradesh/1981 Adilabad.pdf,1981 Adilabad.pdf,Village/Town Directory volume,English or bilingual,"[354, 355]","[""266"", ""267""]",output/pdf/1981_trimmed/Andra Pradesh/civic amenities/1981_Adilabad_civic_amenities.pdf,"Manually verified source span from printed headings, continuation pages, and table structure.",[]
Andra Pradesh,Adilabad,medical_educational_amenities,Trimmed,1981/Andra Pradesh/1981 Adilabad.pdf,1981 Adilabad.pdf,Village/Town Directory volume,English or bilingual,"[358, 359]","[""270"", ""271""]",output/pdf/1981_trimmed/Andra Pradesh/mededu/1981_Adilabad_medical_educational_amenities.pdf,"Manually verified source span from printed headings, continuation pages, and table structure.",[]
Andra Pradesh,Adilabad,tehsil_appendix,Trimmed,1981/Andra Pradesh/1981 Adilabad.pdf,1981 Adilabad.pdf,Village/Town Directory volume,English or bilingual,"[260, 261, 262, 263]","[""174"", ""175"", ""176"", ""177""]",output/pdf/1981_trimmed/Andra Pradesh/tehsil appendix/1981_Adilabad_tehsil_appendix.pdf,Located from directory headings and continuation boundaries; continuation start retained after final audit.,[]
Andra Pradesh,Anantapur,civic_amenities,Trimmed,1981/Andra Pradesh/1981 Anantapur.pdf,1981 Anantapur.pdf,Village/Town Directory volume,English or bilingual,"[376, 377]","[""264"", ""265""]",output/pdf/1981_trimmed/Andra Pradesh/civic amenities/1981_Anantapur_civic_amenities.pdf,Located from directory headings and continuation boundaries.,[]
Andra Pradesh,Anantapur,medical_educational_amenities,Trimmed,1981/Andra Pradesh/1981 Anantapur.pdf,1981 Anantapur.pdf,Village/Town Directory volume,English or bilingual,"[382, 383]","[""270"", ""271""]",output/pdf/1981_trimmed/Andra Pradesh/mededu/1981_Anantapur_medical_educational_amenities.pdf,Located from directory headings and continuation boundaries.,[]
Andra Pradesh,Anantapur,tehsil_appendix,Trimmed,1981/Andra Pradesh/1981 Anantapur.pdf,1981 Anantapur.pdf,Village/Town Directory volume,English or bilingual,"[278, 279, 280, 281]","[""168"", ""169"", ""170"", null]",output/pdf/1981_trimmed/Andra Pradesh/tehsil appendix/1981_Anantapur_tehsil_appendix.pdf,Appendix I printed pages 168-171; source page 282 begins Appendix II/III.,"[""manual_verified""]"
Andra Pradesh,Chittoor,civic_amenities,Trimmed,1981/Andra Pradesh/1981 Chittoor.pdf,1981 Chittoor.pdf,Village/Town Directory volume,English or bilingual,"[570, 571]","[""454"", ""455""]",output/pdf/1981_trimmed/Andra Pradesh/civic amenities/1981_Chittoor_civic_amenities.pdf,Located from directory headings and continuation boundaries.,[]
Andra Pradesh,Chittoor,medical_educational_amenities,Trimmed,1981/Andra Pradesh/1981 Chittoor.pdf,1981 Chittoor.pdf,Village/Town Directory volume,English or bilingual,"[574, 575]","[""458"", ""459""]",output/pdf/1981_trimmed/Andra Pradesh/mededu/1981_Chittoor_medical_educational_amenities.pdf,Located from directory headings and continuation boundaries.,[]
Andra Pradesh,Chittoor,tehsil_appendix,Trimmed,1981/Andra Pradesh/1981 Chittoor.pdf,1981 Chittoor.pdf,Village/Town Directory volume,English or bilingual,"[340, 341, 342, 343]","[""224"", ""225"", ""226"", ""227""]",output/pdf/1981_trimmed/Andra Pradesh/tehsil appendix/1981_Chittoor_tehsil_appendix.pdf,Appendix I printed pages 224-227; source page 344 begins Appendix II.,"[""manual_verified""]"
Andra Pradesh,Cuddapah,civic_amenities,Trimmed,1981/Andra Pradesh/1981 Cuddapah.pdf,1981 Cuddapah.pdf,Village/Town Directory volume,English or bilingual,"[366, 367]","[null, null]",output/pdf/1981_trimmed/Andra Pradesh/civic amenities/1981_Cuddapah_civic_amenities.pdf,"Statement IV spans source pages 366-367; source page 367 also begins Statement IV-A at the bottom, and source page 368 begins Statement V.","[""manual_verified""]"
Andra Pradesh,Cuddapah,medical_educational_amenities,Trimmed,1981/Andra Pradesh/1981 Cuddapah.pdf,1981 Cuddapah.pdf,Village/Town Directory volume,English or bilingual,"[368, 369]","[null, null]",output/pdf/1981_trimmed/Andra Pradesh/mededu/1981_Cuddapah_medical_educational_amenities.pdf,Located from directory headings and continuation boundaries.,[]
Andra Pradesh,Cuddapah,tehsil_appendix,Trimmed,1981/Andra Pradesh/1981 Cuddapah.pdf,1981 Cuddapah.pdf,Village/Town Directory volume,English or bilingual,"[246, 247, 248, 249]","[null, null, ""152"", ""153""]",output/pdf/1981_trimmed/Andra Pradesh/tehsil appendix/1981_Cuddapah_tehsil_appendix.pdf,Appendix I printed pages 150-153; source page 250 begins Appendix II.,"[""manual_verified""]"
Andra Pradesh,East Godavari,civic_amenities,Trimmed,1981/Andra Pradesh/1981 East Godavari.pdf,1981 East Godavari.pdf,Village/Town Directory volume,English or bilingual,"[390, 391]","[""268"", null]",output/pdf/1981_trimmed/Andra Pradesh/civic amenities/1981_East Godavari_civic_amenities.pdf,Located from directory headings and continuation boundaries.,[]
Andra Pradesh,East Godavari,medical_educational_amenities,Trimmed,1981/Andra Pradesh/1981 East Godavari.pdf,1981 East Godavari.pdf,Village/Town Directory volume,English or bilingual,"[394, 395, 396, 397]","[""272"", null, ""274"", null]",output/pdf/1981_trimmed/Andra Pradesh/mededu/1981_East Godavari_medical_educational_amenities.pdf,Located from directory headings and continuation boundaries.,[]
Andra Pradesh,East Godavari,tehsil_appendix,Trimmed,1981/Andra Pradesh/1981 East Godavari.pdf,1981 East Godavari.pdf,Village/Town Directory volume,English or bilingual,"[306, 307, 308, 309]","[null, null, null, null]",output/pdf/1981_trimmed/Andra Pradesh/tehsil appendix/1981_East Godavari_tehsil_appendix.pdf,Appendix I printed pages 186-189; source page 310 begins Appendix II.,"[""manual_verified""]"
Andra Pradesh,Guntur,civic_amenities,Trimmed,1981/Andra Pradesh/1981 Guntur.pdf,1981 Guntur.pdf,Village/Town Directory volume,English or bilingual,"[331, 332]","[""198"", ""199""]",output/pdf/1981_trimmed/Andra Pradesh/civic amenities/1981_Guntur_civic_amenities.pdf,Located from directory headings and continuation boundaries.,[]
Andra Pradesh,Guntur,medical_educational_amenities,Trimmed,1981/Andra Pradesh/1981 Guntur.pdf,1981 Guntur.pdf,Village/Town Directory volume,English or bilingual,"[335, 336, 337, 338]","[""202"", ""203"", ""204"", ""205""]",output/pdf/1981_trimmed/Andra Pradesh/mededu/1981_Guntur_medical_educational_amenities.pdf,Located from directory headings and continuation boundaries.,[]
Andra Pradesh,Guntur,tehsil_appendix,Trimmed,1981/Andra Pradesh/1981 Guntur.pdf,1981 Guntur.pdf,Village/Town Directory volume,English or bilingual,"[265, 266, 267, 268]","[null, null, null, null]",output/pdf/1981_trimmed/Andra Pradesh/tehsil appendix/1981_Guntur_tehsil_appendix.pdf,Appendix I printed pages 134-137; source page 269 begins Appendix II.,"[""manual_verified""]"
Andra Pradesh,Hyderabad,civic_amenities,Trimmed,1981/Andra Pradesh/1981 Hyderabad.pdf,1981 Hyderabad.pdf,Village/Town Directory volume,English or bilingual,"[85, 86, 87, 88]","[""32"", ""33"", ""34"", ""35""]",output/pdf/1981_trimmed/Andra Pradesh/civic amenities/1981_Hyderabad_civic_amenities.pdf,Located from directory headings and continuation boundaries.,[]
Andra Pradesh,Hyderabad,medical_educational_amenities,Trimmed,1981/Andra Pradesh/1981 Hyderabad.pdf,1981 Hyderabad.pdf,Village/Town Directory volume,English or bilingual,"[111, 112, 113, 114]","[""58"", null, ""60"", ""61""]",output/pdf/1981_trimmed/Andra Pradesh/mededu/1981_Hyderabad_medical_educational_amenities.pdf,Located from directory headings and continuation boundaries.,[]
Andra Pradesh,Hyderabad,tehsil_appendix,Not trimmed,1981/Andra Pradesh/1981 Hyderabad.pdf,1981 Hyderabad.pdf,Village/Town Directory volume,English or bilingual,[],[],,Visual contents and directory structure show no Tehsil/Taluk-wise amenities appendix in this volume.,"[""manual_absent_or_ineligible""]"
Andra Pradesh,Karimnagar,civic_amenities,Trimmed,1981/Andra Pradesh/1981 Karimnagar.pdf,1981 Karimnagar.pdf,Village/Town Directory volume,English or bilingual,"[366, 367]","[""276"", ""277""]",output/pdf/1981_trimmed/Andra Pradesh/civic amenities/1981_Karimnagar_civic_amenities.pdf,Located from directory headings and continuation boundaries.,[]
Andra Pradesh,Karimnagar,medical_educational_amenities,Trimmed,1981/Andra Pradesh/1981 Karimnagar.pdf,1981 Karimnagar.pdf,Village/Town Directory volume,English or bilingual,"[370, 371]","[""280"", ""281""]",output/pdf/1981_trimmed/Andra Pradesh/mededu/1981_Karimnagar_medical_educational_amenities.pdf,Located from directory headings and continuation boundaries.,[]
Andra Pradesh,Karimnagar,tehsil_appendix,Trimmed,1981/Andra Pradesh/1981 Karimnagar.pdf,1981 Karimnagar.pdf,Village/Town Directory volume,English or bilingual,"[286, 287, 288, 289]","[""196"", ""197"", ""198"", ""199""]",output/pdf/1981_trimmed/Andra Pradesh/tehsil appendix/1981_Karimnagar_tehsil_appendix.pdf,Appendix I printed pages 196-199; source page 290 begins Appendix II.,"[""manual_verified""]"
Andra Pradesh,Khammam,civic_amenities,Trimmed,1981/Andra Pradesh/1981 Khammam.pdf,1981 Khammam.pdf,Village/Town Directory volume,English or bilingual,"[340, 341]","[""246"", ""247""]",output/pdf/1981_trimmed/Andra Pradesh/civic amenities/1981_Khammam_civic_amenities.pdf,Statement IV printed pages 246-247; source page 342 begins Statement IV-A.,"[""manual_verified""]"
Andra Pradesh,Khammam,medical_educational_amenities,Trimmed,1981/Andra Pradesh/1981 Khammam.pdf,1981 Khammam.pdf,Village/Town Directory volume,English or bilingual,"[344, 345]","[""250"", ""251""]",output/pdf/1981_trimmed/Andra Pradesh/mededu/1981_Khammam_medical_educational_amenities.pdf,Located from directory headings and continuation boundaries.,[]
Andra Pradesh,Khammam,tehsil_appendix,Trimmed,1981/Andra Pradesh/1981 Khammam.pdf,1981 Khammam.pdf,Village/Town Directory volume,English or bilingual,"[253, 254, 255, 256]","[""160"", ""161"", ""162"", ""163""]",output/pdf/1981_trimmed/Andra Pradesh/tehsil appendix/1981_Khammam_tehsil_appendix.pdf,Appendix I printed pages 160-163; source page 257 begins Appendix II.,"[""manual_verified""]"
Andra Pradesh,Krishna,civic_amenities,Trimmed,1981/Andra Pradesh/1981 Krishna.pdf,1981 Krishna.pdf,Village/Town Directory volume,English or bilingual,"[309, 310]","[""212"", ""213""]",output/pdf/1981_trimmed/Andra Pradesh/civic amenities/1981_Krishna_civic_amenities.pdf,Located from directory headings and continuation boundaries.,[]
Andra Pradesh,Krishna,medical_educational_amenities,Trimmed,1981/Andra Pradesh/1981 Krishna.pdf,1981 Krishna.pdf,Village/Town Directory volume,English or bilingual,"[313, 314, 315, 316]","[""216"", ""217"", ""218"", ""219""]",output/pdf/1981_trimmed/Andra Pradesh/mededu/1981_Krishna_medical_educational_amenities.pdf,Located from directory headings and continuation boundaries.,[]
Andra Pradesh,Krishna,tehsil_appendix,Trimmed,1981/Andra Pradesh/1981 Krishna.pdf,1981 Krishna.pdf,Village/Town Directory volume,English or bilingual,"[243, 244, 245, 246]","[""148"", null, null, ""151""]",output/pdf/1981_trimmed/Andra Pradesh/tehsil appendix/1981_Krishna_tehsil_appendix.pdf,Appendix I printed pages 148-151; source page 247 begins Appendix II.,"[""manual_verified""]"
Andra Pradesh,Kurnool,civic_amenities,Trimmed,1981/Andra Pradesh/1981 Kurnool.pdf,1981 Kurnool.pdf,Village/Town Directory volume,English or bilingual,"[290, 291]","[""200"", ""201""]",output/pdf/1981_trimmed/Andra Pradesh/civic amenities/1981_Kurnool_civic_amenities.pdf,Located from directory headings and continuation boundaries.,[]
Andra Pradesh,Kurnool,medical_educational_amenities,Trimmed,1981/Andra Pradesh/1981 Kurnool.pdf,1981 Kurnool.pdf,Village/Town Directory volume,English or bilingual,"[296, 297]","[""206"", ""207""]",output/pdf/1981_trimmed/Andra Pradesh/mededu/1981_Kurnool_medical_educational_amenities.pdf,Statement V printed pages 206-207; source page 298 begins Statement VI.,"[""manual_verified""]"
Andra Pradesh,Kurnool,tehsil_appendix,Trimmed,1981/Andra Pradesh/1981 Kurnool.pdf,1981 Kurnool.pdf,Village/Town Directory volume,English or bilingual,"[232, 233, 234, 235]","[""142"", null, ""144"", ""145""]",output/pdf/1981_trimmed/Andra Pradesh/tehsil appendix/1981_Kurnool_tehsil_appendix.pdf,Appendix I printed pages 142-145; source page 236 begins Appendix II.,"[""manual_verified""]"
Andra Pradesh,Mahbubnagar,civic_amenities,Trimmed,1981/Andra Pradesh/1981 Mahbubnagar.pdf,1981 Mahbubnagar.pdf,Village/Town Directory volume,English or bilingual,"[382, 383]","[""302"", ""303""]",output/pdf/1981_trimmed/Andra Pradesh/civic amenities/1981_Mahbubnagar_civic_amenities.pdf,Statement IV printed pages 302-303; Statement IV-A begins at the bottom of source page 383.,"[""manual_verified""]"
Andra Pradesh,Mahbubnagar,medical_educational_amenities,Trimmed,1981/Andra Pradesh/1981 Mahbubnagar.pdf,1981 Mahbubnagar.pdf,Village/Town Directory volume,English or bilingual,"[384, 385]","[""304"", ""305""]",output/pdf/1981_trimmed/Andra Pradesh/mededu/1981_Mahbubnagar_medical_educational_amenities.pdf,Located from directory headings and continuation boundaries.,[]
Andra Pradesh,Mahbubnagar,tehsil_appendix,Trimmed,1981/Andra Pradesh/1981 Mahbubnagar.pdf,1981 Mahbubnagar.pdf,Village/Town Directory volume,English or bilingual,"[307, 308, 309, 310]","[""228"", ""229"", ""230"", null]",output/pdf/1981_trimmed/Andra Pradesh/tehsil appendix/1981_Mahbubnagar_tehsil_appendix.pdf,Appendix I printed pages 228-231; source page 311 begins Appendix II.,"[""manual_verified""]"
Andra Pradesh,Medak,civic_amenities,Trimmed,1981/Andra Pradesh/1981 Medak.pdf,1981 Medak.pdf,Village/Town Directory volume,English or bilingual,"[292, 293]","[""226"", ""227""]",output/pdf/1981_trimmed/Andra Pradesh/civic amenities/1981_Medak_civic_amenities.pdf,Statement IV printed pages 226-227; source page 294 begins Statement V.,"[""manual_verified""]"
Andra Pradesh,Medak,medical_educational_amenities,Trimmed,1981/Andra Pradesh/1981 Medak.pdf,1981 Medak.pdf,Village/Town Directory volume,English or bilingual,"[294, 295]","[""228"", ""229""]",output/pdf/1981_trimmed/Andra Pradesh/mededu/1981_Medak_medical_educational_amenities.pdf,Statement V printed pages 228-229; source page 296 begins Statement VI.,"[""manual_verified""]"
Andra Pradesh,Medak,tehsil_appendix,Trimmed,1981/Andra Pradesh/1981 Medak.pdf,1981 Medak.pdf,Village/Town Directory volume,English or bilingual,"[229, 230, 231, 232]","[""164"", ""165"", ""166"", ""167""]",output/pdf/1981_trimmed/Andra Pradesh/tehsil appendix/1981_Medak_tehsil_appendix.pdf,Appendix I printed pages 164-167; source page 233 begins Appendix II.,"[""manual_verified""]"
Andra Pradesh,Nalgonda,civic_amenities,Trimmed,1981/Andra Pradesh/1981 Nalgonda.pdf,1981 Nalgonda.pdf,Village/Town Directory volume,English or bilingual,"[356, 357]","[""280"", ""281""]",output/pdf/1981_trimmed/Andra Pradesh/civic amenities/1981_Nalgonda_civic_amenities.pdf,Located from directory headings and continuation boundaries.,[]
Andra Pradesh,Nalgonda,medical_educational_amenities,Trimmed,1981/Andra Pradesh/1981 Nalgonda.pdf,1981 Nalgonda.pdf,Village/Town Directory volume,English or bilingual,"[360, 361]","[""284"", ""285""]",output/pdf/1981_trimmed/Andra Pradesh/mededu/1981_Nalgonda_medical_educational_amenities.pdf,Statement V printed pages 284-285; source page 362 begins Statement VI.,"[""manual_verified""]"
Andra Pradesh,Nalgonda,tehsil_appendix,Trimmed,1981/Andra Pradesh/1981 Nalgonda.pdf,1981 Nalgonda.pdf,Village/Town Directory volume,English or bilingual,"[270, 271, 272, 273]","[""196"", ""197"", ""198"", ""199""]",output/pdf/1981_trimmed/Andra Pradesh/tehsil appendix/1981_Nalgonda_tehsil_appendix.pdf,Appendix I printed pages 196-199; source page 274 begins Appendix II.,"[""manual_verified""]"
Andra Pradesh,Nellore,civic_amenities,Trimmed,1981/Andra Pradesh/1981 Nellore.pdf,1981 Nellore.pdf,Village/Town Directory volume,English or bilingual,"[352, 353]","[""256"", ""257""]",output/pdf/1981_trimmed/Andra Pradesh/civic amenities/1981_Nellore_civic_amenities.pdf,Statement IV printed pages 256-257; source page 354 begins Statement IV-A.,"[""manual_verified""]"
Andra Pradesh,Nellore,medical_educational_amenities,Trimmed,1981/Andra Pradesh/1981 Nellore.pdf,1981 Nellore.pdf,Village/Town Directory volume,English or bilingual,"[356, 357]","[""260"", ""261""]",output/pdf/1981_trimmed/Andra Pradesh/mededu/1981_Nellore_medical_educational_amenities.pdf,Located from directory headings and continuation boundaries.,[]
Andra Pradesh,Nellore,tehsil_appendix,Trimmed,1981/Andra Pradesh/1981 Nellore.pdf,1981 Nellore.pdf,Village/Town Directory volume,English or bilingual,"[260, 261, 262, 263]","[""164"", ""165"", ""166"", null]",output/pdf/1981_trimmed/Andra Pradesh/tehsil appendix/1981_Nellore_tehsil_appendix.pdf,Appendix I printed pages 164-167; source page 264 begins Appendix II.,"[""manual_verified""]"
Andra Pradesh,Nizamabad,civic_amenities,Trimmed,1981/Andra Pradesh/1981 Nizamabad.pdf,1981 Nizamabad.pdf,Village/Town Directory volume,English or bilingual,"[262, 263]","[""194"", ""195""]",output/pdf/1981_trimmed/Andra Pradesh/civic amenities/1981_Nizamabad_civic_amenities.pdf,Located from directory headings and continuation boundaries.,[]
Andra Pradesh,Nizamabad,medical_educational_amenities,Trimmed,1981/Andra Pradesh/1981 Nizamabad.pdf,1981 Nizamabad.pdf,Village/Town Directory volume,English or bilingual,"[266, 267]","[""198"", ""199""]",output/pdf/1981_trimmed/Andra Pradesh/mededu/1981_Nizamabad_medical_educational_amenities.pdf,Located from directory headings and continuation boundaries.,[]
Andra Pradesh,Nizamabad,tehsil_appendix,Trimmed,1981/Andra Pradesh/1981 Nizamabad.pdf,1981 Nizamabad.pdf,Village/Town Directory volume,English or bilingual,"[210, 211, 212, 213]","[""142"", ""143"", ""144"", ""145""]",output/pdf/1981_trimmed/Andra Pradesh/tehsil appendix/1981_Nizamabad_tehsil_appendix.pdf,Appendix I printed pages 142-145; source page 214 begins Appendix II.,"[""manual_verified""]"
Andra Pradesh,Prakasam,civic_amenities,Trimmed,1981/Andra Pradesh/1981 Prakasam.pdf,1981 Prakasam.pdf,Village/Town Directory volume,English or bilingual,"[331, 332]","[""242"", ""243""]",output/pdf/1981_trimmed/Andra Pradesh/civic amenities/1981_Prakasam_civic_amenities.pdf,Located from directory headings and continuation boundaries.,[]
Andra Pradesh,Prakasam,medical_educational_amenities,Trimmed,1981/Andra Pradesh/1981 Prakasam.pdf,1981 Prakasam.pdf,Village/Town Directory volume,English or bilingual,"[335, 336]","[""246"", ""247""]",output/pdf/1981_trimmed/Andra Pradesh/mededu/1981_Prakasam_medical_educational_amenities.pdf,Located from directory headings and continuation boundaries.,[]
Andra Pradesh,Prakasam,tehsil_appendix,Trimmed,1981/Andra Pradesh/1981 Prakasam.pdf,1981 Prakasam.pdf,Village/Town Directory volume,English or bilingual,"[243, 244, 245, 246]","[""154"", null, null, ""167""]",output/pdf/1981_trimmed/Andra Pradesh/tehsil appendix/1981_Prakasam_tehsil_appendix.pdf,Appendix I printed pages 154-157; source page 247 begins Appendix II.,"[""manual_verified""]"
Andra Pradesh,Rangareddi,civic_amenities,Trimmed,1981/Andra Pradesh/1981 Rangareddi.pdf,1981 Rangareddi.pdf,Village/Town Directory volume,English or bilingual,"[274, 275]","[""196"", ""197""]",output/pdf/1981_trimmed/Andra Pradesh/civic amenities/1981_Rangareddi_civic_amenities.pdf,Located from directory headings and continuation boundaries.,[]
Andra Pradesh,Rangareddi,medical_educational_amenities,Trimmed,1981/Andra Pradesh/1981 Rangareddi.pdf,1981 Rangareddi.pdf,Village/Town Directory volume,English or bilingual,"[276, 277]","[""198"", ""199""]",output/pdf/1981_trimmed/Andra Pradesh/mededu/1981_Rangareddi_medical_educational_amenities.pdf,Located from directory headings and continuation boundaries.,[]
Andra Pradesh,Rangareddi,tehsil_appendix,Trimmed,1981/Andra Pradesh/1981 Rangareddi.pdf,1981 Rangareddi.pdf,Village/Town Directory volume,English or bilingual,"[217, 218, 219, 220]","[null, ""141"", ""142"", ""143""]",output/pdf/1981_trimmed/Andra Pradesh/tehsil appendix/1981_Rangareddi_tehsil_appendix.pdf,Appendix I printed pages 140-143; source page 221 begins Appendix II.,"[""manual_verified""]"
Andra Pradesh,Srikakulam,civic_amenities,Not trimmed,1981/Andra Pradesh/1981 Srikakulam.pdf,1981 Srikakulam.pdf,Village/Town Directory volume,English or bilingual,[],[],,Visual contents show the PCA section and Village Directory appendices but no Town Directory Statement IV or equivalent civic amenities table.,"[""manual_absent_or_ineligible""]"
Andra Pradesh,Srikakulam,medical_educational_amenities,Trimmed,1981/Andra Pradesh/1981 Srikakulam.pdf,1981 Srikakulam.pdf,Village/Town Directory volume,English or bilingual,"[441, 442]","[""346"", ""347""]",output/pdf/1981_trimmed/Andra Pradesh/mededu/1981_Srikakulam_medical_educational_amenities.pdf,Located from directory headings and continuation boundaries.,[]
Andra Pradesh,Srikakulam,tehsil_appendix,Trimmed,1981/Andra Pradesh/1981 Srikakulam.pdf,1981 Srikakulam.pdf,Village/Town Directory volume,English or bilingual,"[329, 330, 331, 332]","[""234"", ""235"", ""236"", ""237""]",output/pdf/1981_trimmed/Andra Pradesh/tehsil appendix/1981_Srikakulam_tehsil_appendix.pdf,Appendix I printed pages 234-237; source page 333 begins Appendix II.,"[""manual_verified""]"
Andra Pradesh,Visakhapatnam,civic_amenities,Not trimmed,1981/Andra Pradesh/1981 Visakhapatnam.pdf,1981 Visakhapatnam.pdf,PCA-only / non-directory volume,English or bilingual,[],[],,Visual contents show a PCA-only Part-B volume with no Village/Town Directory or requested Statement IV table.,"[""manual_absent_or_ineligible""]"
Andra Pradesh,Visakhapatnam,medical_educational_amenities,Not trimmed,1981/Andra Pradesh/1981 Visakhapatnam.pdf,1981 Visakhapatnam.pdf,PCA-only / non-directory volume,English or bilingual,[],[],,Visual contents show a PCA-only Part-B volume with no Village/Town Directory or requested Statement V table.,"[""manual_absent_or_ineligible""]"
Andra Pradesh,Visakhapatnam,tehsil_appendix,Not trimmed,1981/Andra Pradesh/1981 Visakhapatnam.pdf,1981 Visakhapatnam.pdf,PCA-only / non-directory volume,English or bilingual,[],[],,Visual contents show a PCA-only Part-B volume with no Village/Town Directory or tehsil-level amenities appendix.,"[""manual_absent_or_ineligible""]"
Andra Pradesh,Warangal,civic_amenities,Trimmed,1981/Andra Pradesh/1981 Warangal.pdf,1981 Warangal.pdf,Village/Town Directory volume,English or bilingual,"[354, 355]","[""238"", ""239""]",output/pdf/1981_trimmed/Andra Pradesh/civic amenities/1981_Warangal_civic_amenities.pdf,Located from directory headings and continuation boundaries.,[]
Andra Pradesh,Warangal,medical_educational_amenities,Trimmed,1981/Andra Pradesh/1981 Warangal.pdf,1981 Warangal.pdf,Village/Town Directory volume,English or bilingual,"[356, 357]","[""240"", ""241""]",output/pdf/1981_trimmed/Andra Pradesh/mededu/1981_Warangal_medical_educational_amenities.pdf,Located from directory headings and continuation boundaries.,[]
Andra Pradesh,Warangal,tehsil_appendix,Trimmed,1981/Andra Pradesh/1981 Warangal.pdf,1981 Warangal.pdf,Village/Town Directory volume,English or bilingual,"[274, 275, 276, 277]","[""160"", ""161"", ""162"", ""163""]",output/pdf/1981_trimmed/Andra Pradesh/tehsil appendix/1981_Warangal_tehsil_appendix.pdf,Appendix I printed pages 160-163; source page 278 begins Appendix II.,"[""manual_verified""]"
Andra Pradesh,West Godavari,civic_amenities,Trimmed,1981/Andra Pradesh/1981 West Godavar.pdf,1981 West Godavar.pdf,Village/Town Directory volume,English or bilingual,"[294, 295]","[""206"", ""207""]",output/pdf/1981_trimmed/Andra Pradesh/civic amenities/1981_West Godavari_civic_amenities.pdf,Located from directory headings and continuation boundaries.,[]
Andra Pradesh,West Godavari,medical_educational_amenities,Trimmed,1981/Andra Pradesh/1981 West Godavar.pdf,1981 West Godavar.pdf,Village/Town Directory volume,English or bilingual,"[298, 299]","[""210"", ""211""]",output/pdf/1981_trimmed/Andra Pradesh/mededu/1981_West Godavari_medical_educational_amenities.pdf,Located from directory headings and continuation boundaries.,[]
Andra Pradesh,West Godavari,tehsil_appendix,Trimmed,1981/Andra Pradesh/1981 West Godavar.pdf,1981 West Godavar.pdf,Village/Town Directory volume,English or bilingual,"[219, 220, 221, 222]","[""132"", null, ""134"", ""135""]",output/pdf/1981_trimmed/Andra Pradesh/tehsil appendix/1981_West Godavari_tehsil_appendix.pdf,Appendix I printed pages 132-135; source page 223 begins Appendix II.,"[""manual_verified""]"
Arunachal Pradesh,East Kameng,civic_amenities,Not trimmed,1981/Arunachal Pradesh/1981 East Kameng.pdf,1981 East Kameng.pdf,Village/Town Directory volume,English or bilingual,[],[],,Contents show circlewise village/PCA material but no Town Directory Statement IV or equivalent civic amenities table.,"[""manual_absent_or_ineligible""]"
Arunachal Pradesh,East Kameng,medical_educational_amenities,Not trimmed,1981/Arunachal Pradesh/1981 East Kameng.pdf,1981 East Kameng.pdf,Village/Town Directory volume,English or bilingual,[],[],,Contents show circlewise village/PCA material but no Town Directory Statement V or equivalent medical and educational amenities table.,"[""manual_absent_or_ineligible""]"
Arunachal Pradesh,East Kameng,tehsil_appendix,Not trimmed,1981/Arunachal Pradesh/1981 East Kameng.pdf,1981 East Kameng.pdf,Village/Town Directory volume,English or bilingual,[],[],,"Contents show no circlewise educational, medical and other amenities appendix; the later appendices are village lists and administrative material.","[""manual_absent_or_ineligible""]"
Arunachal Pradesh,Lohit,civic_amenities,Trimmed,1981/Arunachal Pradesh/1981 Lohit.pdf,1981 Lohit.pdf,Village/Town Directory volume,English or bilingual,[139],"[""1979""]",output/pdf/1981_trimmed/Arunachal Pradesh/civic amenities/1981_Lohit_civic_amenities.pdf,Statement IV printed page 119; source page 140 begins Statement V.,"[""manual_verified""]"
Arunachal Pradesh,Lohit,medical_educational_amenities,Trimmed,1981/Arunachal Pradesh/1981 Lohit.pdf,1981 Lohit.pdf,Village/Town Directory volume,English or bilingual,[140],"[""120""]",output/pdf/1981_trimmed/Arunachal Pradesh/mededu/1981_Lohit_medical_educational_amenities.pdf,Statement V printed page 120; source page 141 begins Statement VI.,"[""manual_verified""]"
Arunachal Pradesh,Lohit,tehsil_appendix,Trimmed,1981/Arunachal Pradesh/1981 Lohit.pdf,1981 Lohit.pdf,Village/Town Directory volume,English or bilingual,"[118, 119, 120, 121]","[""98"", null, null, ""101""]",output/pdf/1981_trimmed/Arunachal Pradesh/tehsil appendix/1981_Lohit_tehsil_appendix.pdf,Appendix I printed pages 98-101; source page 122 begins Appendix II.,"[""manual_verified""]"
Arunachal Pradesh,Lower Subansiri,civic_amenities,Trimmed,1981/Arunachal Pradesh/1981 Lower Subansiri.pdf,1981 Lower Subansiri.pdf,Village/Town Directory volume,English or bilingual,[186],[null],output/pdf/1981_trimmed/Arunachal Pradesh/civic amenities/1981_Lower Subansiri_civic_amenities.pdf,Statement IV printed page 164; source page 187 begins Statement IV-A.,"[""manual_verified""]"
Arunachal Pradesh,Lower Subansiri,medical_educational_amenities,Trimmed,1981/Arunachal Pradesh/1981 Lower Subansiri.pdf,1981 Lower Subansiri.pdf,Village/Town Directory volume,English or bilingual,[188],[null],output/pdf/1981_trimmed/Arunachal Pradesh/mededu/1981_Lower Subansiri_medical_educational_amenities.pdf,Statement V printed page 166; source page 189 begins Statement VI.,"[""manual_verified""]"
Arunachal Pradesh,Lower Subansiri,tehsil_appendix,Trimmed,1981/Arunachal Pradesh/1981 Lower Subansiri.pdf,1981 Lower Subansiri.pdf,Village/Town Directory volume,English or bilingual,"[162, 163, 164, 165]","[null, null, null, null]",output/pdf/1981_trimmed/Arunachal Pradesh/tehsil appendix/1981_Lower Subansiri_tehsil_appendix.pdf,Appendix I printed pages 140-143; source page 166 begins Appendix II.,"[""manual_verified""]"
Arunachal Pradesh,Tirap,civic_amenities,Not trimmed,1981/Arunachal Pradesh/1981 Tirap .pdf,1981 Tirap .pdf,Village/Town Directory volume,English or bilingual,[],[],,Contents show Village Directory appendices and PCA material but no Town Directory Statement IV or equivalent civic amenities table.,"[""manual_absent_or_ineligible""]"
Arunachal Pradesh,Tirap,medical_educational_amenities,Not trimmed,1981/Arunachal Pradesh/1981 Tirap .pdf,1981 Tirap .pdf,Village/Town Directory volume,English or bilingual,[],[],,Contents show Village Directory appendices and PCA material but no Town Directory Statement V or equivalent medical and educational amenities table.,"[""manual_absent_or_ineligible""]"
Arunachal Pradesh,Tirap,tehsil_appendix,Trimmed,1981/Arunachal Pradesh/1981 Tirap .pdf,1981 Tirap .pdf,Village/Town Directory volume,English or bilingual,"[146, 147, 148, 149]","[""132"", ""133"", ""134"", ""135""]",output/pdf/1981_trimmed/Arunachal Pradesh/tehsil appendix/1981_Tirap_tehsil_appendix.pdf,Appendix I printed pages 132-135; source page 150 begins Appendix II.,"[""manual_verified""]"
Arunachal Pradesh,West Kameng,civic_amenities,Trimmed,1981/Arunachal Pradesh/1981 West Kameng.pdf,1981 West Kameng.pdf,Village/Town Directory volume,English or bilingual,[119],[null],output/pdf/1981_trimmed/Arunachal Pradesh/civic amenities/1981_West Kameng_civic_amenities.pdf,Statement IV printed page 105; source page 120 begins Statement IV-A/V.,"[""manual_verified""]"
Arunachal Pradesh,West Kameng,medical_educational_amenities,Trimmed,1981/Arunachal Pradesh/1981 West Kameng.pdf,1981 West Kameng.pdf,Village/Town Directory volume,English or bilingual,[120],[null],output/pdf/1981_trimmed/Arunachal Pradesh/mededu/1981_West Kameng_medical_educational_amenities.pdf,Statement V printed page 106; source page 121 begins Statement VI.,"[""manual_verified""]"
Arunachal Pradesh,West Kameng,tehsil_appendix,Trimmed,1981/Arunachal Pradesh/1981 West Kameng.pdf,1981 West Kameng.pdf,Village/Town Directory volume,English or bilingual,"[104, 105, 106, 107]","[""90"", ""91"", ""92"", ""93""]",output/pdf/1981_trimmed/Arunachal Pradesh/tehsil appendix/1981_West Kameng_tehsil_appendix.pdf,Appendix I printed pages 90-93; source page 108 begins Appendix II.,"[""manual_verified""]"
Arunachal Pradesh,West Siang,civic_amenities,Trimmed,1981/Arunachal Pradesh/1981 West Siang.pdf,1981 West Siang.pdf,Village/Town Directory volume,English or bilingual,[184],"[""168""]",output/pdf/1981_trimmed/Arunachal Pradesh/civic amenities/1981_West Siang_civic_amenities.pdf,Statement IV printed page 168; source page 185 begins Statement V.,"[""manual_verified""]"
Arunachal Pradesh,West Siang,medical_educational_amenities,Trimmed,1981/Arunachal Pradesh/1981 West Siang.pdf,1981 West Siang.pdf,Village/Town Directory volume,English or bilingual,[185],"[""169""]",output/pdf/1981_trimmed/Arunachal Pradesh/mededu/1981_West Siang_medical_educational_amenities.pdf,Statement V printed page 169; source page 186 begins Statement VI.,"[""manual_verified""]"
Arunachal Pradesh,West Siang,tehsil_appendix,Trimmed,1981/Arunachal Pradesh/1981 West Siang.pdf,1981 West Siang.pdf,Village/Town Directory volume,English or bilingual,"[166, 167, 168, 169]","[""150"", ""151"", ""152"", ""153""]",output/pdf/1981_trimmed/Arunachal Pradesh/tehsil appendix/1981_West Siang_tehsil_appendix.pdf,Appendix I printed pages 150-153; source page 170 begins Appendix II.,"[""manual_verified""]"
Bihar,Aurangabad,civic_amenities,Trimmed,1981/Bihar/42425_1981_AUR.pdf,42425_1981_AUR.pdf,Village/Town Directory volume,English or bilingual,"[256, 257]","[""244"", ""245""]",output/pdf/1981_trimmed/Bihar/civic amenities/1981_Aurangabad_civic_amenities.pdf,Town Directory Statement IV printed pages 244-245; source page 258 begins Statement VI.,"[""manual_verified""]"
Bihar,Aurangabad,medical_educational_amenities,Trimmed,1981/Bihar/42425_1981_AUR.pdf,42425_1981_AUR.pdf,Village/Town Directory volume,English or bilingual,"[256, 257]","[""244"", ""245""]",output/pdf/1981_trimmed/Bihar/mededu/1981_Aurangabad_medical_educational_amenities.pdf,"Town Directory Statement V printed pages 244-245, sharing full source pages with Statement IV; source page 258 begins Statement VI.","[""manual_verified""]"
Bihar,Aurangabad,tehsil_appendix,Trimmed,1981/Bihar/42425_1981_AUR.pdf,42425_1981_AUR.pdf,Village/Town Directory volume,English or bilingual,"[228, 229]","[""216"", ""217""]",output/pdf/1981_trimmed/Bihar/tehsil appendix/1981_Aurangabad_tehsil_appendix.pdf,"Appendix I to Village Directory, Development Blockwise Abstract of Educational, Medical and Other Amenities, printed pages 216-217; source page 230 begins Appendix II.","[""manual_verified""]"
Bihar,Begusarai,civic_amenities,Trimmed,1981/Bihar/41697_1981_BEG.pdf,41697_1981_BEG.pdf,Village/Town Directory volume,English or bilingual,"[176, 177]","[""166"", ""167""]",output/pdf/1981_trimmed/Bihar/civic amenities/1981_Begusarai_civic_amenities.pdf,Town Directory Statement IV printed pages 166-167; source page 178 begins Statement V.,"[""manual_verified""]"
Bihar,Begusarai,medical_educational_amenities,Trimmed,1981/Bihar/41697_1981_BEG.pdf,41697_1981_BEG.pdf,Village/Town Directory volume,English or bilingual,"[178, 179]","[""168"", ""169""]",output/pdf/1981_trimmed/Bihar/mededu/1981_Begusarai_medical_educational_amenities.pdf,Town Directory Statement V printed pages 168-169; source page 180 begins the Appendix to Town Directory after Statement VI.,"[""manual_verified""]"
Bihar,Begusarai,tehsil_appendix,Trimmed,1981/Bihar/41697_1981_BEG.pdf,41697_1981_BEG.pdf,Village/Town Directory volume,English or bilingual,"[158, 159]","[""148"", ""149""]",output/pdf/1981_trimmed/Bihar/tehsil appendix/1981_Begusarai_tehsil_appendix.pdf,"Appendix I to Village Directory, Development Blockwise Abstract of Educational, Medical and Other Amenities, printed pages 148-149; source page 160 begins Appendix II.","[""manual_verified""]"
Bihar,Bhagalpur,civic_amenities,Trimmed,1981/Bihar/1981 Bhagal Pur.pdf,1981 Bhagal Pur.pdf,Village/Town Directory volume,English or bilingual,"[444, 445]","[""430"", ""431""]",output/pdf/1981_trimmed/Bihar/civic amenities/1981_Bhagalpur_civic_amenities.pdf,Town Directory Statement IV spans source pages 444-445 (printed pages 430-431); source page 446 begins the separate notified-slum civic table.,"[""manual_verified""]"
Bihar,Bhagalpur,medical_educational_amenities,Trimmed,1981/Bihar/1981 Bhagal Pur.pdf,1981 Bhagal Pur.pdf,Village/Town Directory volume,English or bilingual,"[448, 449]","[""434"", ""435""]",output/pdf/1981_trimmed/Bihar/mededu/1981_Bhagalpur_medical_educational_amenities.pdf,Town Directory Statement V printed pages 434-435; Statement VI begins on source page 449 after the Statement V table.,"[""manual_verified""]"
Bihar,Bhagalpur,tehsil_appendix,Trimmed,1981/Bihar/1981 Bhagal Pur.pdf,1981 Bhagal Pur.pdf,Village/Town Directory volume,English or bilingual,"[404, 405]","[""390"", ""391""]",output/pdf/1981_trimmed/Bihar/tehsil appendix/1981_Bhagalpur_tehsil_appendix.pdf,"Appendix I to Village Directory, Development Blockwise Abstract of Educational, Medical and Other Amenities, printed pages 390-391; source page 406 begins Appendix II.","[""manual_verified""]"
Bihar,Bhojpur,civic_amenities,Trimmed,1981/Bihar/27180_1981_BHO.pdf,27180_1981_BHO.pdf,Village/Town Directory volume,English or bilingual,"[298, 299]","[""284"", null]",output/pdf/1981_trimmed/Bihar/civic amenities/1981_Bhojpur_civic_amenities.pdf,Town Directory Statement IV printed pages 284-285; source page 300 begins Statement IV-A.,"[""manual_verified""]"
Bihar,Bhojpur,medical_educational_amenities,Trimmed,1981/Bihar/27180_1981_BHO.pdf,27180_1981_BHO.pdf,Village/Town Directory volume,English or bilingual,"[302, 303]","[""288"", null]",output/pdf/1981_trimmed/Bihar/mededu/1981_Bhojpur_medical_educational_amenities.pdf,Town Directory Statement V printed pages 288-289; Statement VI begins on source page 304.,"[""manual_verified""]"
Bihar,Bhojpur,tehsil_appendix,Trimmed,1981/Bihar/27180_1981_BHO.pdf,27180_1981_BHO.pdf,Village/Town Directory volume,English or bilingual,"[270, 271, 272, 273]","[""256"", ""257"", ""258"", ""259""]",output/pdf/1981_trimmed/Bihar/tehsil appendix/1981_Bhojpur_tehsil_appendix.pdf,"Appendix I to Village Directory, Development Blockwise Abstract of Educational, Medical and Other Amenities, printed pages 256-259; source page 274 begins Appendix II.","[""manual_verified""]"
Bihar,Darbhanga,civic_amenities,Trimmed,1981/Bihar/27843_1981_DAR.pdf,27843_1981_DAR.pdf,Village/Town Directory volume,English or bilingual,"[202, 203]","[null, null]",output/pdf/1981_trimmed/Bihar/civic amenities/1981_Darbhanga_civic_amenities.pdf,Town Directory Statement IV printed pages 190-191; Statement IV-A begins on source page 203 after the Statement IV table.,"[""manual_verified""]"
Bihar,Darbhanga,medical_educational_amenities,Trimmed,1981/Bihar/27843_1981_DAR.pdf,27843_1981_DAR.pdf,Village/Town Directory volume,English or bilingual,"[204, 205]","[null, null]",output/pdf/1981_trimmed/Bihar/mededu/1981_Darbhanga_medical_educational_amenities.pdf,Town Directory Statement V printed pages 192-193; Statement VI begins on source page 205 after the Statement V table.,"[""manual_verified""]"
Bihar,Darbhanga,tehsil_appendix,Trimmed,1981/Bihar/27843_1981_DAR.pdf,27843_1981_DAR.pdf,Village/Town Directory volume,English or bilingual,"[180, 181]","[""168"", ""169""]",output/pdf/1981_trimmed/Bihar/tehsil appendix/1981_Darbhanga_tehsil_appendix.pdf,"Appendix I to Village Directory, Development Blockwise Abstract of Educational, Medical and Other Amenities, printed pages 168-169; source page 182 begins Appendix II.","[""manual_verified""]"
Bihar,Dhanbad,civic_amenities,Trimmed,1981/Bihar/28468_1981_DHA.pdf,28468_1981_DHA.pdf,Village/Town Directory volume,English or bilingual,"[248, 249, 250, 251, 252, 253]","[""236"", ""237"", ""238"", null, ""240"", ""241""]",output/pdf/1981_trimmed/Bihar/civic amenities/1981_Dhanbad_civic_amenities.pdf,Town Directory Statement IV spans source pages 248-253 (printed pages 236-241); source page 254 begins Statement V. The multi-town table continues in paired column groups.,"[""manual_verified""]"
Bihar,Dhanbad,medical_educational_amenities,Trimmed,1981/Bihar/28468_1981_DHA.pdf,28468_1981_DHA.pdf,Village/Town Directory volume,English or bilingual,"[254, 255, 256, 257, 258, 259, 260]","[""142"", ""243"", ""244"", ""245"", ""246"", ""247"", ""248""]",output/pdf/1981_trimmed/Bihar/mededu/1981_Dhanbad_medical_educational_amenities.pdf,Town Directory Statement V printed pages 242-248; Statement VI begins on source page 260 after the Statement V table.,"[""manual_verified""]"
Bihar,Dhanbad,tehsil_appendix,Trimmed,1981/Bihar/28468_1981_DHA.pdf,28468_1981_DHA.pdf,Village/Town Directory volume,English or bilingual,"[208, 209]","[""196"", ""197""]",output/pdf/1981_trimmed/Bihar/tehsil appendix/1981_Dhanbad_tehsil_appendix.pdf,"Appendix I to Village Directory, Development Blockwise Abstract of Educational, Medical and Other Amenities, printed pages 196-197; source page 210 begins Appendix II.","[""manual_verified""]"
Bihar,Gaya,civic_amenities,Trimmed,1981/Bihar/28557_1981_DIS.pdf,28557_1981_DIS.pdf,Village/Town Directory volume,English or bilingual,"[476, 477]","[""462"", ""463""]",output/pdf/1981_trimmed/Bihar/civic amenities/1981_Gaya_civic_amenities.pdf,Town Directory Statement IV printed pages 462-463; source page 478 begins Statement IV-A.,"[""manual_verified""]"
Bihar,Gaya,medical_educational_amenities,Trimmed,1981/Bihar/28557_1981_DIS.pdf,28557_1981_DIS.pdf,Village/Town Directory volume,English or bilingual,"[482, 483]","[""468"", ""469""]",output/pdf/1981_trimmed/Bihar/mededu/1981_Gaya_medical_educational_amenities.pdf,Town Directory Statement V printed pages 468-469; source page 484 begins the Appendix to Town Directory after Statement VI.,"[""manual_verified""]"
Bihar,Gaya,tehsil_appendix,Trimmed,1981/Bihar/28557_1981_DIS.pdf,28557_1981_DIS.pdf,Village/Town Directory volume,English or bilingual,"[430, 431, 432, 433]","[""416"", ""417"", ""418"", ""419""]",output/pdf/1981_trimmed/Bihar/tehsil appendix/1981_Gaya_tehsil_appendix.pdf,"Appendix I to Village Directory, Development Blockwise Abstract of Educational, Medical and Other Amenities, printed pages 416-419; source page 434 begins Appendix II.","[""manual_verified""]"
Bihar,Giridih,civic_amenities,Trimmed,1981/Bihar/28446_1981_GIR.pdf,28446_1981_GIR.pdf,Village/Town Directory volume,English or bilingual,"[444, 445]","[""432"", ""433""]",output/pdf/1981_trimmed/Bihar/civic amenities/1981_Giridih_civic_amenities.pdf,Town Directory Statement IV printed pages 432-433; source page 446 begins Statement V.,"[""manual_verified""]"
Bihar,Giridih,medical_educational_amenities,Trimmed,1981/Bihar/28446_1981_GIR.pdf,28446_1981_GIR.pdf,Village/Town Directory volume,English or bilingual,"[446, 447, 448, 449]","[""434"", null, null, null]",output/pdf/1981_trimmed/Bihar/mededu/1981_Giridih_medical_educational_amenities.pdf,Town Directory Statement V printed pages 434-437; source page 450 begins Statement VI. The rows and column groups continue across four pages.,"[""manual_verified""]"
Bihar,Giridih,tehsil_appendix,Trimmed,1981/Bihar/28446_1981_GIR.pdf,28446_1981_GIR.pdf,Village/Town Directory volume,English or bilingual,"[384, 385, 386, 387]","[null, ""373"", ""374"", null]",output/pdf/1981_trimmed/Bihar/tehsil appendix/1981_Giridih_tehsil_appendix.pdf,"Appendix I to Village Directory, Development Blockwise Abstract of Educational, Medical and Other Amenities, printed pages 372-375; source page 388 begins Appendix II.","[""manual_verified""]"
Bihar,Gopalganj,civic_amenities,Trimmed,1981/Bihar/41680_1981_GOP.pdf,41680_1981_GOP.pdf,Village/Town Directory volume,English or bilingual,"[208, 209]","[""100"", ""197""]",output/pdf/1981_trimmed/Bihar/civic amenities/1981_Gopalganj_civic_amenities.pdf,Town Directory Statement IV printed pages 196-197; source page 210 begins the Appendix to Town Directory.,"[""manual_verified""]"
Bihar,Gopalganj,medical_educational_amenities,Trimmed,1981/Bihar/41680_1981_GOP.pdf,41680_1981_GOP.pdf,Village/Town Directory volume,English or bilingual,"[208, 209]","[""100"", ""197""]",output/pdf/1981_trimmed/Bihar/mededu/1981_Gopalganj_medical_educational_amenities.pdf,"Town Directory Statement V printed pages 196-197, sharing full source pages with Statement IV; source page 210 begins the Appendix to Town Directory.","[""manual_verified""]"
Bihar,Gopalganj,tehsil_appendix,Trimmed,1981/Bihar/41680_1981_GOP.pdf,41680_1981_GOP.pdf,Village/Town Directory volume,English or bilingual,"[184, 185]","[""172"", ""173""]",output/pdf/1981_trimmed/Bihar/tehsil appendix/1981_Gopalganj_tehsil_appendix.pdf,"Appendix I to Village Directory, Development Blockwise Abstract of Educational, Medical and Other Amenities, printed pages 172-173; source page 186 begins Appendix II.","[""manual_verified""]"
Bihar,Hazaribagh,civic_amenities,Trimmed,1981/Bihar/27847_1981_HAZ.pdf,27847_1981_HAZ.pdf,Village/Town Directory volume,English or bilingual,"[482, 483]","[null, null]",output/pdf/1981_trimmed/Bihar/civic amenities/1981_Hazaribagh_civic_amenities.pdf,Town Directory Statement IV printed pages 468-469; source page 484 begins Statement IV-A.,"[""manual_verified""]"
Bihar,Hazaribagh,medical_educational_amenities,Trimmed,1981/Bihar/27847_1981_HAZ.pdf,27847_1981_HAZ.pdf,Village/Town Directory volume,English or bilingual,"[486, 487]","[null, ""473""]",output/pdf/1981_trimmed/Bihar/mededu/1981_Hazaribagh_medical_educational_amenities.pdf,Town Directory Statement V printed pages 472-473; Statement VI begins on source page 488.,"[""manual_verified""]"
Bihar,Hazaribagh,tehsil_appendix,Trimmed,1981/Bihar/27847_1981_HAZ.pdf,27847_1981_HAZ.pdf,Village/Town Directory volume,English or bilingual,"[424, 425, 426, 427]","[null, null, null, null]",output/pdf/1981_trimmed/Bihar/tehsil appendix/1981_Hazaribagh_tehsil_appendix.pdf,"Appendix I to Village Directory, Development Blockwise Abstract of Educational, Medical and Other Amenities, printed pages 410-413; source page 428 begins Appendix II.","[""manual_verified""]"
Bihar,Madhubani,civic_amenities,Trimmed,1981/Bihar/26922_1981_MAD.pdf,26922_1981_MAD.pdf,directory candidate,English or bilingual,"[219, 220]","[null, null]",output/pdf/1981_trimmed/Bihar/civic amenities/1981_Madhubani_civic_amenities.pdf,Town Directory Statement IV spans source pages 219-220 (printed pages 206-207); source page 221 begins Statement V.,"[""manual_verified""]"
Bihar,Madhubani,medical_educational_amenities,Trimmed,1981/Bihar/26922_1981_MAD.pdf,26922_1981_MAD.pdf,directory candidate,English or bilingual,"[221, 222]","[null, ""209""]",output/pdf/1981_trimmed/Bihar/mededu/1981_Madhubani_medical_educational_amenities.pdf,Town Directory Statement V printed pages 208-209; Statement VI begins on source page 222 after the Statement V table.,"[""manual_verified""]"
Bihar,Madhubani,tehsil_appendix,Trimmed,1981/Bihar/26922_1981_MAD.pdf,26922_1981_MAD.pdf,directory candidate,English or bilingual,"[191, 192, 193, 194]","[""178"", ""179"", ""180"", ""181""]",output/pdf/1981_trimmed/Bihar/tehsil appendix/1981_Madhubani_tehsil_appendix.pdf,"Appendix I to Village Directory, Development Blockwise Abstract of Educational, Medical and Other Amenities, printed pages 178-181; source page 195 begins Appendix II.","[""manual_verified""]"
Bihar,Munger,civic_amenities,Trimmed,1981/Bihar/27845_1981_MUN.pdf,27845_1981_MUN.pdf,Village/Town Directory volume,English or bilingual,"[426, 427]","[""412"", null]",output/pdf/1981_trimmed/Bihar/civic amenities/1981_Munger_civic_amenities.pdf,Town Directory Statement IV spans source pages 426-427 (printed pages 412-413); source page 428 begins the separate notified-slum civic table.,"[""manual_verified""]"
Bihar,Munger,medical_educational_amenities,Trimmed,1981/Bihar/27845_1981_MUN.pdf,27845_1981_MUN.pdf,Village/Town Directory volume,English or bilingual,"[430, 431]","[""416"", ""417""]",output/pdf/1981_trimmed/Bihar/mededu/1981_Munger_medical_educational_amenities.pdf,Town Directory Statement V printed pages 416-417; Statement VI begins on source page 432.,"[""manual_verified""]"
Bihar,Munger,tehsil_appendix,Trimmed,1981/Bihar/27845_1981_MUN.pdf,27845_1981_MUN.pdf,Village/Town Directory volume,English or bilingual,"[390, 391, 392, 393]","[""376"", null, ""378"", ""379""]",output/pdf/1981_trimmed/Bihar/tehsil appendix/1981_Munger_tehsil_appendix.pdf,"Appendix I to Village Directory, Development Blockwise Abstract of Educational, Medical and Other Amenities, printed pages 376-379; source page 394 begins Appendix II.","[""manual_verified""]"
Bihar,Nawada,civic_amenities,Trimmed,1981/Bihar/43804_1981_NAW.pdf,43804_1981_NAW.pdf,Village/Town Directory volume,English or bilingual,"[174, 175]","[""164"", ""105""]",output/pdf/1981_trimmed/Bihar/civic amenities/1981_Nawada_civic_amenities.pdf,Town Directory Statement IV printed pages 164-165; source page 176 begins the Appendix to Town Directory.,"[""manual_verified""]"
Bihar,Nawada,medical_educational_amenities,Trimmed,1981/Bihar/43804_1981_NAW.pdf,43804_1981_NAW.pdf,Village/Town Directory volume,English or bilingual,"[174, 175]","[""164"", ""105""]",output/pdf/1981_trimmed/Bihar/mededu/1981_Nawada_medical_educational_amenities.pdf,"Town Directory Statement V printed pages 164-165, sharing full source pages with Statement IV; source page 176 begins the Appendix to Town Directory.","[""manual_verified""]"
Bihar,Nawada,tehsil_appendix,Trimmed,1981/Bihar/43804_1981_NAW.pdf,43804_1981_NAW.pdf,Village/Town Directory volume,English or bilingual,"[154, 155]","[""144"", null]",output/pdf/1981_trimmed/Bihar/tehsil appendix/1981_Nawada_tehsil_appendix.pdf,"Appendix I to Village Directory, Development Blockwise Abstract of Educational, Medical and Other Amenities, printed pages 144-145; source page 156 begins Appendix II.","[""manual_verified""]"
Bihar,Palamu,civic_amenities,Trimmed,1981/Bihar/42469_1981_PAL.pdf,42469_1981_PAL.pdf,Village/Town Directory volume,English or bilingual,"[461, 462]","[""448"", ""449""]",output/pdf/1981_trimmed/Bihar/civic amenities/1981_Palamu_civic_amenities.pdf,Town Directory Statement IV printed pages 448-449; source page 463 begins Statement V.,"[""manual_verified""]"
Bihar,Palamu,medical_educational_amenities,Trimmed,1981/Bihar/42469_1981_PAL.pdf,42469_1981_PAL.pdf,Village/Town Directory volume,English or bilingual,"[463, 464]","[""450"", ""451""]",output/pdf/1981_trimmed/Bihar/mededu/1981_Palamu_medical_educational_amenities.pdf,Town Directory Statement V printed pages 450-451; source page 465 begins the Appendix to Town Directory after Statement VI.,"[""manual_verified""]"
Bihar,Palamu,tehsil_appendix,Trimmed,1981/Bihar/42469_1981_PAL.pdf,42469_1981_PAL.pdf,Village/Town Directory volume,English or bilingual,"[401, 402]","[""388"", ""389""]",output/pdf/1981_trimmed/Bihar/tehsil appendix/1981_Palamu_tehsil_appendix.pdf,"Appendix I to Village Directory, Development Blockwise Abstract of Educational, Medical and Other Amenities, printed pages 388-389; source page 403 begins Appendix II.","[""manual_verified""]"
Bihar,Pashchim Champaran,civic_amenities,Trimmed,1981/Bihar/27173_1981_PAS.pdf,27173_1981_PAS.pdf,Village/Town Directory volume,English or bilingual,"[222, 223]","[null, ""211""]",output/pdf/1981_trimmed/Bihar/civic amenities/1981_Pashchim Champaran_civic_amenities.pdf,Town Directory Statement IV spans source pages 222-223 (printed pages 210-211); source page 224 begins Statement V.,"[""manual_verified""]"
Bihar,Pashchim Champaran,medical_educational_amenities,Trimmed,1981/Bihar/27173_1981_PAS.pdf,27173_1981_PAS.pdf,Village/Town Directory volume,English or bilingual,"[224, 225]","[""212"", ""213""]",output/pdf/1981_trimmed/Bihar/mededu/1981_Pashchim Champaran_medical_educational_amenities.pdf,Town Directory Statement V printed pages 212-213; Statement VI begins on source page 225 after the Statement V table.,"[""manual_verified""]"
Bihar,Pashchim Champaran,tehsil_appendix,Trimmed,1981/Bihar/27173_1981_PAS.pdf,27173_1981_PAS.pdf,Village/Town Directory volume,English or bilingual,"[194, 195, 196, 197]","[null, null, null, null]",output/pdf/1981_trimmed/Bihar/tehsil appendix/1981_Pashchim Champaran_tehsil_appendix.pdf,"Appendix I to Village Directory, Development Blockwise Abstract of Educational, Medical and Other Amenities, printed pages 182-185; source page 198 begins Appendix II.","[""manual_verified""]"
Bihar,Purnia,civic_amenities,Trimmed,1981/Bihar/27179_1981_DCH.pdf,27179_1981_DCH.pdf,Village/Town Directory volume,English or bilingual,"[378, 379]","[""364"", ""365""]",output/pdf/1981_trimmed/Bihar/civic amenities/1981_Purnia_civic_amenities.pdf,Town Directory Statement IV printed pages 364-365; source page 380 begins Statement IV-A.,"[""manual_verified""]"
Bihar,Purnia,medical_educational_amenities,Trimmed,1981/Bihar/27179_1981_DCH.pdf,27179_1981_DCH.pdf,Village/Town Directory volume,English or bilingual,"[382, 383]","[""368"", ""369""]",output/pdf/1981_trimmed/Bihar/mededu/1981_Purnia_medical_educational_amenities.pdf,Town Directory Statement V printed pages 368-369; Statement VI begins on source page 383 after the Statement V table.,"[""manual_verified""]"
Bihar,Purnia,tehsil_appendix,Trimmed,1981/Bihar/27179_1981_DCH.pdf,27179_1981_DCH.pdf,Village/Town Directory volume,English or bilingual,"[336, 337, 338, 339]","[null, null, null, null]",output/pdf/1981_trimmed/Bihar/tehsil appendix/1981_Purnia_tehsil_appendix.pdf,"Appendix I to Village Directory, Development Blockwise Abstract of Educational, Medical and Other Amenities, printed pages 322-325; source page 340 begins Appendix II.","[""manual_verified""]"
Bihar,Rohtas,civic_amenities,Trimmed,1981/Bihar/27176_1981_ROH.pdf,27176_1981_ROH.pdf,Village/Town Directory volume,English or bilingual,"[458, 459]","[null, ""445""]",output/pdf/1981_trimmed/Bihar/civic amenities/1981_Rohtas_civic_amenities.pdf,Town Directory Statement IV printed pages 444-445; source page 460 begins Statement V. The table continues horizontally across the two pages.,"[""manual_verified""]"
Bihar,Rohtas,medical_educational_amenities,Trimmed,1981/Bihar/27176_1981_ROH.pdf,27176_1981_ROH.pdf,Village/Town Directory volume,English or bilingual,"[460, 461]","[""446"", ""447""]",output/pdf/1981_trimmed/Bihar/mededu/1981_Rohtas_medical_educational_amenities.pdf,Town Directory Statement V printed pages 446-447; Statement VI begins on source page 461 after the Statement V table.,"[""manual_verified""]"
Bihar,Rohtas,tehsil_appendix,Trimmed,1981/Bihar/27176_1981_ROH.pdf,27176_1981_ROH.pdf,Village/Town Directory volume,English or bilingual,"[414, 415]","[""400"", ""401""]",output/pdf/1981_trimmed/Bihar/tehsil appendix/1981_Rohtas_tehsil_appendix.pdf,"Appendix I to Village Directory, Development Blockwise Abstract of Educational, Medical and Other Amenities, printed pages 400-401; source page 416 begins Appendix II.","[""manual_verified""]"
Bihar,Saharsa,civic_amenities,Trimmed,1981/Bihar/41319_1981_SAH.pdf,41319_1981_SAH.pdf,Village/Town Directory volume,English or bilingual,"[232, 233]","[""218"", ""219""]",output/pdf/1981_trimmed/Bihar/civic amenities/1981_Saharsa_civic_amenities.pdf,Town Directory Statement IV printed pages 218-219; the statement occupies the lower portions of source pages 232-233.,"[""manual_verified""]"
Bihar,Saharsa,medical_educational_amenities,Trimmed,1981/Bihar/41319_1981_SAH.pdf,41319_1981_SAH.pdf,Village/Town Directory volume,English or bilingual,"[234, 235]","[""220"", null]",output/pdf/1981_trimmed/Bihar/mededu/1981_Saharsa_medical_educational_amenities.pdf,Town Directory Statement V printed pages 220-221; source page 236 begins the Appendix to Town Directory after Statement VI.,"[""manual_verified""]"
Bihar,Saharsa,tehsil_appendix,Trimmed,1981/Bihar/41319_1981_SAH.pdf,41319_1981_SAH.pdf,Village/Town Directory volume,English or bilingual,"[206, 207, 208, 209]","[""192"", ""193"", ""194"", ""195""]",output/pdf/1981_trimmed/Bihar/tehsil appendix/1981_Saharsa_tehsil_appendix.pdf,"Appendix I to Village Directory, Development Blockwise Abstract of Educational, Medical and Other Amenities, printed pages 192-195; source page 210 begins Appendix II.","[""manual_verified""]"
Bihar,Samastipur,civic_amenities,Trimmed,1981/Bihar/28553_1981_SAM.pdf,28553_1981_SAM.pdf,Village/Town Directory volume,English or bilingual,"[216, 217]","[null, null]",output/pdf/1981_trimmed/Bihar/civic amenities/1981_Samastipur_civic_amenities.pdf,Town Directory Statement IV printed pages 204-205; source page 217 also carries the beginning of Statement V below the Civic continuation.,"[""manual_verified""]"
Bihar,Samastipur,medical_educational_amenities,Trimmed,1981/Bihar/28553_1981_SAM.pdf,28553_1981_SAM.pdf,Village/Town Directory volume,English or bilingual,"[216, 217]","[null, null]",output/pdf/1981_trimmed/Bihar/mededu/1981_Samastipur_medical_educational_amenities.pdf,"Town Directory Statement V printed pages 204-205, split between the lower portions of source pages 216-217; Statement VI begins on source page 218.","[""manual_verified""]"
Bihar,Samastipur,tehsil_appendix,Trimmed,1981/Bihar/28553_1981_SAM.pdf,28553_1981_SAM.pdf,Village/Town Directory volume,English or bilingual,"[192, 193]","[""180"", ""181""]",output/pdf/1981_trimmed/Bihar/tehsil appendix/1981_Samastipur_tehsil_appendix.pdf,"Appendix I to Village Directory, Development Blockwise Abstract of Educational, Medical and Other Amenities, printed pages 180-181; source page 194 begins Appendix II.","[""manual_verified""]"
Bihar,Santhal Pargana,civic_amenities,Not trimmed,1981/Bihar/42459_1981_SAN.pdf,42459_1981_SAN.pdf,Part XIII-B primary census abstract,English or bilingual,[],[],,PCA-only volume; the requested town statements and amenities appendix are absent.,[]
Bihar,Santhal Pargana,medical_educational_amenities,Not trimmed,1981/Bihar/42459_1981_SAN.pdf,42459_1981_SAN.pdf,Part XIII-B primary census abstract,English or bilingual,[],[],,PCA-only volume; the requested town statements and amenities appendix are absent.,[]
Bihar,Santhal Pargana,tehsil_appendix,Not trimmed,1981/Bihar/42459_1981_SAN.pdf,42459_1981_SAN.pdf,Part XIII-B primary census abstract,English or bilingual,[],[],,PCA-only volume; the requested town statements and amenities appendix are absent.,[]
Bihar,Saran,civic_amenities,Trimmed,1981/Bihar/47755_1981_SIN.pdf,47755_1981_SIN.pdf,Village/Town Directory volume,English or bilingual,"[569, 570]","[""556"", ""557""]",output/pdf/1981_trimmed/Bihar/civic amenities/1981_Saran_civic_amenities.pdf,Town Directory Statement IV printed pages 556-557; source pages 571-572 are the separate Statement IV-A slum table and are excluded.,"[""manual_verified""]"
Bihar,Saran,medical_educational_amenities,Trimmed,1981/Bihar/47755_1981_SIN.pdf,47755_1981_SIN.pdf,Village/Town Directory volume,English or bilingual,"[573, 574, 575, 576]","[""569"", ""561"", null, null]",output/pdf/1981_trimmed/Bihar/mededu/1981_Saran_medical_educational_amenities.pdf,"Town Directory Statement V printed pages 560-563, spanning paired medical/educational and recreational/cultural continuation pages; source page 577 begins Statement VI.","[""manual_verified""]"
Bihar,Saran,tehsil_appendix,Trimmed,1981/Bihar/47755_1981_SIN.pdf,47755_1981_SIN.pdf,Village/Town Directory volume,English or bilingual,"[501, 502, 503, 504]","[null, null, ""490"", null]",output/pdf/1981_trimmed/Bihar/tehsil appendix/1981_Saran_tehsil_appendix.pdf,"Appendix I to Village Directory, Development Blockwise Abstract of Educational, Medical and Other Amenities, printed pages 488-491; source page 505 begins Appendix II.","[""manual_verified""]"
Bihar,Sitamarhi,civic_amenities,Trimmed,1981/Bihar/42470_1981_SIT.pdf,42470_1981_SIT.pdf,Village/Town Directory volume,English or bilingual,"[180, 181]","[""170"", null]",output/pdf/1981_trimmed/Bihar/civic amenities/1981_Sitamarhi_civic_amenities.pdf,Town Directory Statement IV printed pages 170-171; source page 182 begins Statement V.,"[""manual_verified""]"
Bihar,Sitamarhi,medical_educational_amenities,Trimmed,1981/Bihar/42470_1981_SIT.pdf,42470_1981_SIT.pdf,Village/Town Directory volume,English or bilingual,"[182, 183]","[""172"", null]",output/pdf/1981_trimmed/Bihar/mededu/1981_Sitamarhi_medical_educational_amenities.pdf,Town Directory Statement V printed pages 172-173; source page 184 begins the Appendix to Town Directory after Statement VI.,"[""manual_verified""]"
Bihar,Sitamarhi,tehsil_appendix,Trimmed,1981/Bihar/42470_1981_SIT.pdf,42470_1981_SIT.pdf,Village/Town Directory volume,English or bilingual,"[160, 161]","[""150"", ""151""]",output/pdf/1981_trimmed/Bihar/tehsil appendix/1981_Sitamarhi_tehsil_appendix.pdf,"Appendix I to Village Directory, Development Blockwise Abstract of Educational, Medical and Other Amenities, printed pages 150-151; source page 162 begins Appendix II.","[""manual_verified""]"
Bihar,Siwan,civic_amenities,Trimmed,1981/Bihar/41700_1981_SIW.pdf,41700_1981_SIW.pdf,Village/Town Directory volume,English or bilingual,"[208, 209]","[null, null]",output/pdf/1981_trimmed/Bihar/civic amenities/1981_Siwan_civic_amenities.pdf,Town Directory Statement IV printed pages 194-195; source page 210 begins the Appendix to Town Directory.,"[""manual_verified""]"
Bihar,Siwan,medical_educational_amenities,Trimmed,1981/Bihar/41700_1981_SIW.pdf,41700_1981_SIW.pdf,Village/Town Directory volume,English or bilingual,"[208, 209]","[null, null]",output/pdf/1981_trimmed/Bihar/mededu/1981_Siwan_medical_educational_amenities.pdf,"Town Directory Statement V printed pages 194-195, sharing full source pages with Statement IV; source page 210 begins the Appendix to Town Directory.","[""manual_verified""]"
Bihar,Siwan,tehsil_appendix,Trimmed,1981/Bihar/41700_1981_SIW.pdf,41700_1981_SIW.pdf,Village/Town Directory volume,English or bilingual,"[184, 185]","[""170"", ""171""]",output/pdf/1981_trimmed/Bihar/tehsil appendix/1981_Siwan_tehsil_appendix.pdf,"Appendix I to Village Directory, Development Blockwise Abstract of Educational, Medical and Other Amenities, printed pages 170-171; source page 186 begins Appendix II.","[""manual_verified""]"
Bihar,Vaishali,civic_amenities,Trimmed,1981/Bihar/43198_1981_VAI.pdf,43198_1981_VAI.pdf,Village/Town Directory volume,English or bilingual,"[229, 230]","[""218"", ""219""]",output/pdf/1981_trimmed/Bihar/civic amenities/1981_Vaishali_civic_amenities.pdf,Town Directory Statement IV printed pages 218-219; source page 231 begins the Appendix to Town Directory.,"[""manual_verified""]"
Bihar,Vaishali,medical_educational_amenities,Trimmed,1981/Bihar/43198_1981_VAI.pdf,43198_1981_VAI.pdf,Village/Town Directory volume,English or bilingual,"[229, 230]","[""218"", ""219""]",output/pdf/1981_trimmed/Bihar/mededu/1981_Vaishali_medical_educational_amenities.pdf,"Town Directory Statement V printed pages 218-219, sharing full source pages with Statement IV; source page 231 begins the Appendix to Town Directory.","[""manual_verified""]"
Bihar,Vaishali,tehsil_appendix,Trimmed,1981/Bihar/43198_1981_VAI.pdf,43198_1981_VAI.pdf,Village/Town Directory volume,English or bilingual,"[205, 206]","[""194"", ""195""]",output/pdf/1981_trimmed/Bihar/tehsil appendix/1981_Vaishali_tehsil_appendix.pdf,"Appendix I to Village Directory, Development Blockwise Abstract of Educational, Medical and Other Amenities, printed pages 194-195; source page 207 begins Appendix II.","[""manual_verified""]"
Dadra & Nagar Haveli,Dadra & Nagar Haveli,civic_amenities,Trimmed,1981/Dadra & Nagar Haveli/1981 Dadra & Nagar Haveli.pdf,1981 Dadra & Nagar Haveli.pdf,Village/Town Directory volume,English or bilingual,"[58, 59]","[null, null]",output/pdf/1981_trimmed/Dadra & Nagar Haveli/civic amenities/1981_Dadra & Nagar Haveli_civic_amenities.pdf,Town Directory Statement IV printed pages 44-45; source page 60 begins Part B Primary Census Abstract.,"[""manual_verified""]"
Dadra & Nagar Haveli,Dadra & Nagar Haveli,medical_educational_amenities,Trimmed,1981/Dadra & Nagar Haveli/1981 Dadra & Nagar Haveli.pdf,1981 Dadra & Nagar Haveli.pdf,Village/Town Directory volume,English or bilingual,"[58, 59]","[null, null]",output/pdf/1981_trimmed/Dadra & Nagar Haveli/mededu/1981_Dadra & Nagar Haveli_medical_educational_amenities.pdf,"Town Directory Statement V printed pages 44-45, sharing full source pages with Statement IV; source page 60 begins Part B Primary Census Abstract.","[""manual_verified""]"
Dadra & Nagar Haveli,Dadra & Nagar Haveli,tehsil_appendix,Trimmed,1981/Dadra & Nagar Haveli/1981 Dadra & Nagar Haveli.pdf,1981 Dadra & Nagar Haveli.pdf,Village/Town Directory volume,English or bilingual,"[48, 49]","[null, null]",output/pdf/1981_trimmed/Dadra & Nagar Haveli/tehsil appendix/1981_Dadra & Nagar Haveli_tehsil_appendix.pdf,"Appendix I to Village Directory, administrative-unit abstract of educational, medical and other amenities, printed pages 34-35; source page 50 begins Appendix II.","[""manual_verified""]"
Daman & Diu,Daman & Diu,civic_amenities,Trimmed,1981/Darman & Diu/1981 Daman & Diu.pdf,1981 Daman & Diu.pdf,Village/Town Directory volume,English or bilingual,"[184, 185]","[null, null]",output/pdf/1981_trimmed/Daman & Diu/civic amenities/1981_Daman & Diu_civic_amenities.pdf,Town Directory Statement IV printed pages 148-149; source pages 186-187 are the separate Statement IV-A slum table and are excluded.,"[""manual_verified""]"
Daman & Diu,Daman & Diu,medical_educational_amenities,Trimmed,1981/Darman & Diu/1981 Daman & Diu.pdf,1981 Daman & Diu.pdf,Village/Town Directory volume,English or bilingual,"[188, 189]","[null, null]",output/pdf/1981_trimmed/Daman & Diu/mededu/1981_Daman & Diu_medical_educational_amenities.pdf,Town Directory Statement V printed pages 152-153; source page 190 begins Statement VI.,"[""manual_verified""]"
Daman & Diu,Daman & Diu,tehsil_appendix,Trimmed,1981/Darman & Diu/1981 Daman & Diu.pdf,1981 Daman & Diu.pdf,Village/Town Directory volume,English or bilingual,"[163, 164, 165, 166]","[null, null, null, null]",output/pdf/1981_trimmed/Daman & Diu/tehsil appendix/1981_Daman & Diu_tehsil_appendix.pdf,"Appendix I, Talukawise Abstract of Educational, Medical and Other Amenities, printed pages 128-131; source page 167 begins Appendix II.","[""manual_verified""]"
Gujarat,Ahmadabad,civic_amenities,Trimmed,1981/Gujarat/1981 Ahmadabad.pdf,1981 Ahmadabad.pdf,Village/Town Directory volume,English or bilingual,"[208, 209, 210, 211]","[null, null, null, null]",output/pdf/1981_trimmed/Gujarat/civic amenities/1981_Ahmadabad_civic_amenities.pdf,"Manually verified source span from printed headings, continuation pages, and table structure.",[]
Gujarat,Ahmadabad,medical_educational_amenities,Trimmed,1981/Gujarat/1981 Ahmadabad.pdf,1981 Ahmadabad.pdf,Village/Town Directory volume,English or bilingual,"[216, 217, 218, 219, 220, 221]","[null, null, null, null, null, null]",output/pdf/1981_trimmed/Gujarat/mededu/1981_Ahmadabad_medical_educational_amenities.pdf,"Manually verified source span from printed headings, continuation pages, and table structure.",[]
Gujarat,Ahmadabad,tehsil_appendix,Trimmed,1981/Gujarat/1981 Ahmadabad.pdf,1981 Ahmadabad.pdf,Village/Town Directory volume,English or bilingual,"[176, 177, 178, 179]","[null, null, null, null]",output/pdf/1981_trimmed/Gujarat/tehsil appendix/1981_Ahmadabad_tehsil_appendix.pdf,"Manually verified source span from printed headings, continuation pages, and table structure.",[]
Gujarat,Amreli,civic_amenities,Trimmed,1981/Gujarat/1981 Amreli.pdf,1981 Amreli.pdf,Village/Town Directory volume,English or bilingual,"[197, 198]","[null, null]",output/pdf/1981_trimmed/Gujarat/civic amenities/1981_Amreli_civic_amenities.pdf,Town Directory Statement IV printed pages 148-149; source pages 199-200 are the separate Statement IV-A slum table and are excluded.,"[""manual_verified""]"
Gujarat,Amreli,medical_educational_amenities,Trimmed,1981/Gujarat/1981 Amreli.pdf,1981 Amreli.pdf,Village/Town Directory volume,English or bilingual,"[201, 202]","[null, null]",output/pdf/1981_trimmed/Gujarat/mededu/1981_Amreli_medical_educational_amenities.pdf,Town Directory Statement V printed pages 150-153; source page 203 begins Statement VI.,"[""manual_verified""]"
Gujarat,Amreli,tehsil_appendix,Trimmed,1981/Gujarat/1981 Amreli.pdf,1981 Amreli.pdf,Village/Town Directory volume,English or bilingual,"[173, 174, 175, 176]","[null, null, null, null]",output/pdf/1981_trimmed/Gujarat/tehsil appendix/1981_Amreli_tehsil_appendix.pdf,"Appendix I, Talukawise Abstract of Educational, Medical and Other Amenities, printed pages 126-129; source page 177 begins Appendix II/III material.","[""manual_verified""]"
Gujarat,Banas Kantha,civic_amenities,Trimmed,1981/Gujarat/1981 Banas Kantha.pdf,1981 Banas Kantha.pdf,Village/Town Directory volume,English or bilingual,"[296, 297]","[null, null]",output/pdf/1981_trimmed/Gujarat/civic amenities/1981_Banas Kantha_civic_amenities.pdf,Located from directory headings and continuation boundaries.,[]
Gujarat,Banas Kantha,medical_educational_amenities,Trimmed,1981/Gujarat/1981 Banas Kantha.pdf,1981 Banas Kantha.pdf,Village/Town Directory volume,English or bilingual,"[300, 301]","[null, null]",output/pdf/1981_trimmed/Gujarat/mededu/1981_Banas Kantha_medical_educational_amenities.pdf,Located from directory headings and continuation boundaries.,[]
Gujarat,Banas Kantha,tehsil_appendix,Trimmed,1981/Gujarat/1981 Banas Kantha.pdf,1981 Banas Kantha.pdf,Village/Town Directory volume,English or bilingual,"[256, 257, 258, 259]","[null, null, null, null]",output/pdf/1981_trimmed/Gujarat/tehsil appendix/1981_Banas Kantha_tehsil_appendix.pdf,"Village Directory Appendix I, Talukawise Abstract of Educational, Medical and Other Amenities, spanning educational, medical, drinking-water, post/telegraph, communications and power-supply pages; source page 260 begins Appendix II.","[""manual_verified""]"
Gujarat,Bharuch,civic_amenities,Trimmed,1981/Gujarat/1981 Bharuch.pdf,1981 Bharuch.pdf,Village/Town Directory volume,English or bilingual,"[278, 279]","[null, ""1979""]",output/pdf/1981_trimmed/Gujarat/civic amenities/1981_Bharuch_civic_amenities.pdf,Town Directory Statement IV printed pages 198-199; source pages 280-281 are the separate Statement IV-A slum table and are excluded.,"[""manual_verified""]"
Gujarat,Bharuch,medical_educational_amenities,Trimmed,1981/Gujarat/1981 Bharuch.pdf,1981 Bharuch.pdf,Village/Town Directory volume,English or bilingual,"[282, 283]","[null, null]",output/pdf/1981_trimmed/Gujarat/mededu/1981_Bharuch_medical_educational_amenities.pdf,Town Directory Statement V printed pages 202-203; source page 284 begins Statement VI.,"[""manual_verified""]"
Gujarat,Bharuch,tehsil_appendix,Trimmed,1981/Gujarat/1981 Bharuch.pdf,1981 Bharuch.pdf,Village/Town Directory volume,English or bilingual,"[238, 239, 240, 241]","[null, null, null, null]",output/pdf/1981_trimmed/Gujarat/tehsil appendix/1981_Bharuch_tehsil_appendix.pdf,"Appendix I, Talukawise Abstract of Educational, Medical and Other Amenities, spanning educational, medical, drinking-water, communications and power-supply pages; source page 242 begins Appendix II.","[""manual_verified""]"
Gujarat,Bhavnagar,civic_amenities,Trimmed,1981/Gujarat/1981 Bhavnagar.pdf,1981 Bhavnagar.pdf,Village/Town Directory volume,English or bilingual,"[228, 229]","[null, null]",output/pdf/1981_trimmed/Gujarat/civic amenities/1981_Bhavnagar_civic_amenities.pdf,Town Directory Statement IV printed pages 182-183; source pages 230-231 are the separate Statement IV-A slum table and are excluded.,"[""manual_verified""]"
Gujarat,Bhavnagar,medical_educational_amenities,Trimmed,1981/Gujarat/1981 Bhavnagar.pdf,1981 Bhavnagar.pdf,Village/Town Directory volume,English or bilingual,"[232, 233]","[null, ""1979""]",output/pdf/1981_trimmed/Gujarat/mededu/1981_Bhavnagar_medical_educational_amenities.pdf,Town Directory Statement V printed pages 186-187; source page 234 begins Statement VI.,"[""manual_verified""]"
Gujarat,Bhavnagar,tehsil_appendix,Trimmed,1981/Gujarat/1981 Bhavnagar.pdf,1981 Bhavnagar.pdf,Village/Town Directory volume,English or bilingual,"[204, 205, 206, 207]","[null, null, null, null]",output/pdf/1981_trimmed/Gujarat/tehsil appendix/1981_Bhavnagar_tehsil_appendix.pdf,"Appendix I, Talukawise Abstract of Educational, Medical and Other Amenities, spanning educational, medical, drinking-water, communications and power-supply pages; source page 208 begins Appendix II.","[""manual_verified""]"
Gujarat,Gandhinagar,civic_amenities,Trimmed,1981/Gujarat/1981 Gandhinagar.pdf,1981 Gandhinagar.pdf,Village/Town Directory volume,English or bilingual,[61],[null],output/pdf/1981_trimmed/Gujarat/civic amenities/1981_Gandhinagar_civic_amenities.pdf,"Town Directory Statement IV Civic and Other Amenities, printed page 24; source page 62 is the separate Statement IV-A slum table.","[""manual_verified""]"
Gujarat,Gandhinagar,medical_educational_amenities,Trimmed,1981/Gujarat/1981 Gandhinagar.pdf,1981 Gandhinagar.pdf,Village/Town Directory volume,English or bilingual,[63],[null],output/pdf/1981_trimmed/Gujarat/mededu/1981_Gandhinagar_medical_educational_amenities.pdf,"Town Directory Statement V Medical, Educational, Recreational and Cultural Facilities, printed page 26; source page 64 begins Statement VI.","[""manual_verified""]"
Gujarat,Gandhinagar,tehsil_appendix,Trimmed,1981/Gujarat/1981 Gandhinagar.pdf,1981 Gandhinagar.pdf,Village/Town Directory volume,English or bilingual,"[55, 56]","[null, null]",output/pdf/1981_trimmed/Gujarat/tehsil appendix/1981_Gandhinagar_tehsil_appendix.pdf,"Appendix I, Talukawise Abstract of Educational, Medical and Other Amenities, spanning the educational, medical, drinking-water, post/telegraph, communications and power-supply pages; source page 56 also begins Appendix II after the continuation.","[""manual_verified""]"
Gujarat,Junagadh,civic_amenities,Trimmed,1981/Gujarat/1981 Junagadh.pdf,1981 Junagadh.pdf,Village/Town Directory volume,English or bilingual,"[304, 305, 306, 307]","[null, null, null, null]",output/pdf/1981_trimmed/Gujarat/civic amenities/1981_Junagadh_civic_amenities.pdf,"Town Directory Statement IV Civic and Other Amenities, printed pages 242-243; source pages 308-309 are the separate Statement IV-A slum table.","[""manual_verified""]"
Gujarat,Junagadh,medical_educational_amenities,Trimmed,1981/Gujarat/1981 Junagadh.pdf,1981 Junagadh.pdf,Village/Town Directory volume,English or bilingual,"[310, 311, 312, 313, 314, 315]","[null, null, null, null, null, null]",output/pdf/1981_trimmed/Gujarat/mededu/1981_Junagadh_medical_educational_amenities.pdf,"Town Directory Statement V Medical, Educational, Recreational and Cultural Facilities, including all paired continuation columns; source page 316 begins Statement VI.","[""manual_verified""]"
Gujarat,Junagadh,tehsil_appendix,Trimmed,1981/Gujarat/1981 Junagadh.pdf,1981 Junagadh.pdf,Village/Town Directory volume,English or bilingual,"[268, 269, 270, 271]","[null, null, null, null]",output/pdf/1981_trimmed/Gujarat/tehsil appendix/1981_Junagadh_tehsil_appendix.pdf,"Village Directory Appendix I, Talukawise Abstract of Educational, Medical and Other Amenities, spanning educational, medical, drinking-water, post/telegraph, communications and power-supply pages; source page 272 begins Appendix II.","[""manual_verified""]"
Gujarat,Kachchh,civic_amenities,Trimmed,1981/Gujarat/1981 Kachchh.pdf,1981 Kachchh.pdf,Village/Town Directory volume,English or bilingual,"[241, 242]","[null, null]",output/pdf/1981_trimmed/Gujarat/civic amenities/1981_Kachchh_civic_amenities.pdf,"Town Directory Statement IV Civic and Other Amenities, printed pages 188-189; source page 243 begins the separate Statement IV-A slum table.","[""manual_verified""]"
Gujarat,Kachchh,medical_educational_amenities,Trimmed,1981/Gujarat/1981 Kachchh.pdf,1981 Kachchh.pdf,Village/Town Directory volume,English or bilingual,"[245, 246]","[null, null]",output/pdf/1981_trimmed/Gujarat/mededu/1981_Kachchh_medical_educational_amenities.pdf,"Town Directory Statement V Medical, Educational, Recreational and Cultural Facilities, printed pages 192-193; source page 247 begins Statement VI.","[""manual_verified""]"
Gujarat,Kachchh,tehsil_appendix,Trimmed,1981/Gujarat/1981 Kachchh.pdf,1981 Kachchh.pdf,Village/Town Directory volume,English or bilingual,"[211, 212, 213, 214]","[null, null, null, null]",output/pdf/1981_trimmed/Gujarat/tehsil appendix/1981_Kachchh_tehsil_appendix.pdf,"Village Directory Appendix I, Talukawise Abstract of Educational, Medical and Other Amenities, spanning educational, medical, drinking-water, post/telegraph, communications and power-supply pages; source page 215 begins Appendix IV.","[""manual_verified""]"
Gujarat,Kheda,civic_amenities,Trimmed,1981/Gujarat/1981 Kheda.pdf,1981 Kheda.pdf,Village/Town Directory volume,English or bilingual,"[264, 265]","[null, null]",output/pdf/1981_trimmed/Gujarat/civic amenities/1981_Kheda_civic_amenities.pdf,"Town Directory Statement IV Civic and Other Amenities, printed pages 204-205; source page 266 begins the separate Statement IV-A slum table.","[""manual_verified""]"
Gujarat,Kheda,medical_educational_amenities,Trimmed,1981/Gujarat/1981 Kheda.pdf,1981 Kheda.pdf,Village/Town Directory volume,English or bilingual,"[270, 271, 272, 273]","[null, null, null, null]",output/pdf/1981_trimmed/Gujarat/mededu/1981_Kheda_medical_educational_amenities.pdf,"Town Directory Statement V Medical, Educational, Recreational and Cultural Facilities, including all paired continuation columns; source page 274 begins Statement VI.","[""manual_verified""]"
Gujarat,Kheda,tehsil_appendix,Trimmed,1981/Gujarat/1981 Kheda.pdf,1981 Kheda.pdf,Village/Town Directory volume,English or bilingual,"[230, 231, 232, 233]","[null, null, null, null]",output/pdf/1981_trimmed/Gujarat/tehsil appendix/1981_Kheda_tehsil_appendix.pdf,"Village Directory Appendix I, Talukawise Abstract of Educational, Medical and Other Amenities, spanning educational, medical, drinking-water, post/telegraph, communications and power-supply pages; source page 234 begins Appendix II.","[""manual_verified""]"
Gujarat,Mahesana,civic_amenities,Trimmed,1981/Gujarat/1981 Mahesana.pdf,1981 Mahesana.pdf,Village/Town Directory volume,English or bilingual,"[289, 290]","[null, null]",output/pdf/1981_trimmed/Gujarat/civic amenities/1981_Mahesana_civic_amenities.pdf,"Town Directory Statement IV Civic and Other Amenities, printed pages 222-223; source page 291 begins the separate Statement IV-A slum table.","[""manual_verified""]"
Gujarat,Mahesana,medical_educational_amenities,Trimmed,1981/Gujarat/1981 Mahesana.pdf,1981 Mahesana.pdf,Village/Town Directory volume,English or bilingual,"[295, 296, 297, 298]","[null, null, null, null]",output/pdf/1981_trimmed/Gujarat/mededu/1981_Mahesana_medical_educational_amenities.pdf,"Town Directory Statement V Medical, Educational, Recreational and Cultural Facilities, including all paired continuation columns; source page 299 begins Statement VI.","[""manual_verified""]"
Gujarat,Mahesana,tehsil_appendix,Trimmed,1981/Gujarat/1981 Mahesana.pdf,1981 Mahesana.pdf,Village/Town Directory volume,English or bilingual,"[259, 260, 261, 262]","[null, null, null, null]",output/pdf/1981_trimmed/Gujarat/tehsil appendix/1981_Mahesana_tehsil_appendix.pdf,"Village Directory Appendix I, Talukawise Abstract of Educational, Medical and Other Amenities, spanning educational, medical, drinking-water, post/telegraph, communications and power-supply pages; source page 263 begins Appendix II.","[""manual_verified""]"
Gujarat,Panch Mahals,civic_amenities,Trimmed,1981/Gujarat/1981 Panch Mahals.pdf,1981 Panch Mahals.pdf,Village/Town Directory volume,English or bilingual,"[363, 364]","[""1911"", null]",output/pdf/1981_trimmed/Gujarat/civic amenities/1981_Panch Mahals_civic_amenities.pdf,"Town Directory Statement IV Civic and Other Amenities, printed pages 306-307; source pages 365-368 are the separate Statement IV-A slum continuation.","[""manual_verified""]"
Gujarat,Panch Mahals,medical_educational_amenities,Trimmed,1981/Gujarat/1981 Panch Mahals.pdf,1981 Panch Mahals.pdf,Village/Town Directory volume,English or bilingual,"[369, 370]","[null, null]",output/pdf/1981_trimmed/Gujarat/mededu/1981_Panch Mahals_medical_educational_amenities.pdf,"Town Directory Statement V Medical, Educational, Recreational and Cultural Facilities; source page 371 begins Statement VI.","[""manual_verified""]"
Gujarat,Panch Mahals,tehsil_appendix,Trimmed,1981/Gujarat/1981 Panch Mahals.pdf,1981 Panch Mahals.pdf,Village/Town Directory volume,English or bilingual,"[313, 314, 315, 316]","[null, null, null, null]",output/pdf/1981_trimmed/Gujarat/tehsil appendix/1981_Panch Mahals_tehsil_appendix.pdf,"Village Directory Appendix I, Talukawise Abstract of Educational, Medical and Other Amenities, spanning educational, medical, drinking-water, post/telegraph, communications and power-supply pages; source page 317 begins Appendix II.","[""manual_verified""]"
Gujarat,Rajkot,civic_amenities,Trimmed,1981/Gujarat/1981 Rajkot.pdf,1981 Rajkot.pdf,Village/Town Directory volume,English or bilingual,"[269, 270]","[null, null]",output/pdf/1981_trimmed/Gujarat/civic amenities/1981_Rajkot_civic_amenities.pdf,"Town Directory Statement IV Civic and Other Amenities, printed pages 190-191; source pages 271-272 are the separate Statement IV-A slum table.","[""manual_verified""]"
Gujarat,Rajkot,medical_educational_amenities,Trimmed,1981/Gujarat/1981 Rajkot.pdf,1981 Rajkot.pdf,Village/Town Directory volume,English or bilingual,"[273, 274]","[null, null]",output/pdf/1981_trimmed/Gujarat/mededu/1981_Rajkot_medical_educational_amenities.pdf,"Town Directory Statement V Medical, Educational, Recreational and Cultural Facilities, printed pages 194-195; source page 275 begins Statement VI.","[""manual_verified""]"
Gujarat,Rajkot,tehsil_appendix,Trimmed,1981/Gujarat/1981 Rajkot.pdf,1981 Rajkot.pdf,Village/Town Directory volume,English or bilingual,"[245, 246, 247, 248]","[null, null, null, null]",output/pdf/1981_trimmed/Gujarat/tehsil appendix/1981_Rajkot_tehsil_appendix.pdf,"Village Directory Appendix I, Talukawise Abstract of Educational, Medical and Other Amenities, spanning educational, medical, drinking-water, post/telegraph, communications and power-supply pages; source page 249 begins Appendix II.","[""manual_verified""]"
Gujarat,Sabar Kantha,civic_amenities,Trimmed,1981/Gujarat/1981 Sabar Kantha.pdf,1981 Sabar Kantha.pdf,Village/Town Directory volume,English or bilingual,"[322, 323]","[null, null]",output/pdf/1981_trimmed/Gujarat/civic amenities/1981_Sabar Kantha_civic_amenities.pdf,"Town Directory Statement IV Civic and Other Amenities, printed pages 242-243; the volume proceeds directly to Statement V on source page 324 and contains no separate IV-A table.","[""manual_verified""]"
Gujarat,Sabar Kantha,medical_educational_amenities,Trimmed,1981/Gujarat/1981 Sabar Kantha.pdf,1981 Sabar Kantha.pdf,Village/Town Directory volume,English or bilingual,"[324, 325]","[null, null]",output/pdf/1981_trimmed/Gujarat/mededu/1981_Sabar Kantha_medical_educational_amenities.pdf,"Town Directory Statement V Medical, Educational, Recreational and Cultural Facilities, printed pages 244-245; source page 326 begins Statement VI.","[""manual_verified""]"
Gujarat,Sabar Kantha,tehsil_appendix,Trimmed,1981/Gujarat/1981 Sabar Kantha.pdf,1981 Sabar Kantha.pdf,Village/Town Directory volume,English or bilingual,"[288, 289, 290, 291]","[null, null, null, null]",output/pdf/1981_trimmed/Gujarat/tehsil appendix/1981_Sabar Kantha_tehsil_appendix.pdf,"Village Directory Appendix I, Talukawise Abstract of Educational, Medical and Other Amenities, spanning educational, medical, drinking-water, post/telegraph, communications and power-supply pages; source page 292 begins Appendix II.","[""manual_verified""]"
Gujarat,Surat,civic_amenities,Trimmed,1981/Gujarat/1981 Surat.pdf,1981 Surat.pdf,Village/Town Directory volume,English or bilingual,"[299, 300, 301, 302]","[null, null, ""1911"", null]",output/pdf/1981_trimmed/Gujarat/civic amenities/1981_Surat_civic_amenities.pdf,"Town Directory Statement IV Civic and Other Amenities, printed pages 240-241, including paired columns for the Surat urban agglomeration; source pages 303-304 are the separate Statement IV-A slum table.","[""manual_verified""]"
Gujarat,Surat,medical_educational_amenities,Trimmed,1981/Gujarat/1981 Surat.pdf,1981 Surat.pdf,Village/Town Directory volume,English or bilingual,"[305, 306, 307, 308]","[""1911"", null, null, null]",output/pdf/1981_trimmed/Gujarat/mededu/1981_Surat_medical_educational_amenities.pdf,"Town Directory Statement V Medical, Educational, Recreational and Cultural Facilities, including all paired continuation columns; source page 309 begins Statement VI.","[""manual_verified""]"
Gujarat,Surat,tehsil_appendix,Trimmed,1981/Gujarat/1981 Surat.pdf,1981 Surat.pdf,Village/Town Directory volume,English or bilingual,"[257, 258, 259, 260]","[null, null, null, null]",output/pdf/1981_trimmed/Gujarat/tehsil appendix/1981_Surat_tehsil_appendix.pdf,"Village Directory Appendix I, Talukawise Abstract of Educational, Medical and Other Amenities, spanning educational, medical, drinking-water, post/telegraph, communications and power-supply pages; source page 261 begins Appendix II.","[""manual_verified""]"
Gujarat,Surendranagar,civic_amenities,Trimmed,1981/Gujarat/1981 Surendranagar.pdf,1981 Surendranagar.pdf,Village/Town Directory volume,English or bilingual,"[200, 201]","[null, null]",output/pdf/1981_trimmed/Gujarat/civic amenities/1981_Surendranagar_civic_amenities.pdf,"Town Directory Statement IV Civic and Other Amenities, printed pages 140-141; source page 200 also contains the beginning of the separate IV-A slum table at the bottom because extraction is full-page and uncropped.","[""manual_verified""]"
Gujarat,Surendranagar,medical_educational_amenities,Trimmed,1981/Gujarat/1981 Surendranagar.pdf,1981 Surendranagar.pdf,Village/Town Directory volume,English or bilingual,"[202, 203]","[null, null]",output/pdf/1981_trimmed/Gujarat/mededu/1981_Surendranagar_medical_educational_amenities.pdf,"Town Directory Statement V Medical, Educational, Recreational and Cultural Facilities, printed pages 142-143; source page 204 begins Statement VI.","[""manual_verified""]"
Gujarat,Surendranagar,tehsil_appendix,Trimmed,1981/Gujarat/1981 Surendranagar.pdf,1981 Surendranagar.pdf,Village/Town Directory volume,English or bilingual,"[178, 179, 180, 181]","[null, null, null, null]",output/pdf/1981_trimmed/Gujarat/tehsil appendix/1981_Surendranagar_tehsil_appendix.pdf,"Village Directory Appendix I, Talukawise Abstract of Educational, Medical and Other Amenities, spanning educational, medical, drinking-water and communications/power-supply pages; source page 182 begins Appendix II.","[""manual_verified""]"
Gujarat,The Dangs,civic_amenities,Not trimmed,1981/Gujarat/1981 The Dangs.pdf,1981 The Dangs.pdf,Village/Town Directory volume,English or bilingual,[],[],,The volume explicitly states that the district has no town and no Town Directory information; Statement IV is absent.,"[""manual_absent_or_ineligible""]"
Gujarat,The Dangs,medical_educational_amenities,Not trimmed,1981/Gujarat/1981 The Dangs.pdf,1981 The Dangs.pdf,Village/Town Directory volume,English or bilingual,[],[],,The volume explicitly states that the district has no town and no Town Directory information; Statement V is absent.,"[""manual_absent_or_ineligible""]"
Gujarat,The Dangs,tehsil_appendix,Not trimmed,1981/Gujarat/1981 The Dangs.pdf,1981 The Dangs.pdf,Village/Town Directory volume,English or bilingual,[],[],,"The volume has no town directory, and no equivalent Talukawise educational, medical and other amenities appendix is present in the reviewed contents.","[""manual_absent_or_ineligible""]"
Gujarat,Vadodara,civic_amenities,Trimmed,1981/Gujarat/1981 Vadodara.pdf,1981 Vadodara.pdf,Village/Town Directory volume,English or bilingual,"[383, 384, 385, 386]","[""1911"", ""1979"", ""1911"", ""1979""]",output/pdf/1981_trimmed/Gujarat/civic amenities/1981_Vadodara_civic_amenities.pdf,"Town Directory Statement IV Civic and Other Amenities, printed pages 290-293, including all paired continuation columns; source pages 387-390 are the separate Statement IV-A slum table.","[""manual_verified""]"
Gujarat,Vadodara,medical_educational_amenities,Trimmed,1981/Gujarat/1981 Vadodara.pdf,1981 Vadodara.pdf,Village/Town Directory volume,English or bilingual,"[391, 392, 393, 394]","[null, ""1919"", null, null]",output/pdf/1981_trimmed/Gujarat/mededu/1981_Vadodara_medical_educational_amenities.pdf,"Town Directory Statement V Medical, Educational, Recreational and Cultural Facilities, including all paired continuation columns; source page 395 begins Statement VI.","[""manual_verified""]"
Gujarat,Vadodara,tehsil_appendix,Trimmed,1981/Gujarat/1981 Vadodara.pdf,1981 Vadodara.pdf,Village/Town Directory volume,English or bilingual,"[327, 328, 329, 330]","[null, null, null, null]",output/pdf/1981_trimmed/Gujarat/tehsil appendix/1981_Vadodara_tehsil_appendix.pdf,"Village Directory Appendix I, Talukawise Abstract of Educational, Medical and Other Amenities, spanning educational, medical, drinking-water, post/telegraph, communications and power-supply pages; source page 331 begins Appendix II.","[""manual_verified""]"
Gujarat,Valsad,civic_amenities,Trimmed,1981/Gujarat/1981 Valsad.pdf,1981 Valsad.pdf,Village/Town Directory volume,English or bilingual,"[247, 248]","[null, null]",output/pdf/1981_trimmed/Gujarat/civic amenities/1981_Valsad_civic_amenities.pdf,"Town Directory Statement IV Civic and Other Amenities, printed pages 180-181; source pages 249-250 are the separate Statement IV-A slum table.","[""manual_verified""]"
Gujarat,Valsad,medical_educational_amenities,Trimmed,1981/Gujarat/1981 Valsad.pdf,1981 Valsad.pdf,Village/Town Directory volume,English or bilingual,"[251, 252, 253, 254]","[null, null, null, null]",output/pdf/1981_trimmed/Gujarat/mededu/1981_Valsad_medical_educational_amenities.pdf,"Town Directory Statement V Medical, Educational, Recreational and Cultural Facilities, including all paired continuation columns; source page 255 begins Statement VI.","[""manual_verified""]"
Gujarat,Valsad,tehsil_appendix,Trimmed,1981/Gujarat/1981 Valsad.pdf,1981 Valsad.pdf,Village/Town Directory volume,English or bilingual,"[211, 212, 213, 214]","[null, null, null, null]",output/pdf/1981_trimmed/Gujarat/tehsil appendix/1981_Valsad_tehsil_appendix.pdf,"Village Directory Appendix I, Talukawise Abstract of Educational, Medical and Other Amenities, spanning educational, medical, drinking-water, post/telegraph, communications and power-supply pages; source page 215 begins Appendix II.","[""manual_verified""]"
Jammu & Kashmir,Anantnag,civic_amenities,Trimmed,1981/Jammu & Kashmir/1981 Anantnag.pdf,1981 Anantnag.pdf,Village/Town Directory volume,English or bilingual,[128],[null],output/pdf/1981_trimmed/Jammu & Kashmir/civic amenities/1981_Anantnag_civic_amenities.pdf,"Town Directory Statement IV Civic and Other Amenities, printed page 117; source page 129 begins Statement V.","[""manual_verified""]"
Jammu & Kashmir,Anantnag,medical_educational_amenities,Trimmed,1981/Jammu & Kashmir/1981 Anantnag.pdf,1981 Anantnag.pdf,Village/Town Directory volume,English or bilingual,[129],[null],output/pdf/1981_trimmed/Jammu & Kashmir/mededu/1981_Anantnag_medical_educational_amenities.pdf,"Town Directory Statement V Medical, Educational, Recreational and Cultural Facilities, printed page 118; source page 130 begins Statement VI.","[""manual_verified""]"
Jammu & Kashmir,Anantnag,tehsil_appendix,Trimmed,1981/Jammu & Kashmir/1981 Anantnag.pdf,1981 Anantnag.pdf,Village/Town Directory volume,English or bilingual,"[117, 118]","[""106"", ""107""]",output/pdf/1981_trimmed/Jammu & Kashmir/tehsil appendix/1981_Anantnag_tehsil_appendix.pdf,"Village Directory Appendix I, Tehsil-wise Abstract of Educational, Medical and Other Amenities; source page 119 begins Appendix II.","[""manual_verified""]"
Jammu & Kashmir,Badgam,civic_amenities,Trimmed,1981/Jammu & Kashmir/1981 Badgam.pdf,1981 Badgam.pdf,Village/Town Directory volume,English or bilingual,[106],"[""96""]",output/pdf/1981_trimmed/Jammu & Kashmir/civic amenities/1981_Badgam_civic_amenities.pdf,"Town Directory Statement IV Civic and Other Amenities, printed page 96; source page 107 begins Statement V.","[""manual_verified""]"
Jammu & Kashmir,Badgam,medical_educational_amenities,Trimmed,1981/Jammu & Kashmir/1981 Badgam.pdf,1981 Badgam.pdf,Village/Town Directory volume,English or bilingual,[107],"[""97""]",output/pdf/1981_trimmed/Jammu & Kashmir/mededu/1981_Badgam_medical_educational_amenities.pdf,"Town Directory Statement V Medical, Educational, Recreational and Cultural Facilities, printed page 97; source page 108 begins Statement VI.","[""manual_verified""]"
Jammu & Kashmir,Badgam,tehsil_appendix,Trimmed,1981/Jammu & Kashmir/1981 Badgam.pdf,1981 Badgam.pdf,Village/Town Directory volume,English or bilingual,"[96, 97]","[""86"", ""87""]",output/pdf/1981_trimmed/Jammu & Kashmir/tehsil appendix/1981_Badgam_tehsil_appendix.pdf,"Village Directory Appendix I, Tehsil-wise Abstract of Educational, Medical and Other Amenities; source page 98 begins Appendix II.","[""manual_verified""]"
Jammu & Kashmir,Baramula,civic_amenities,Trimmed,1981/Jammu & Kashmir/1981 Baramula.pdf,1981 Baramula.pdf,Village/Town Directory volume,English or bilingual,[126],"[""113""]",output/pdf/1981_trimmed/Jammu & Kashmir/civic amenities/1981_Baramula_civic_amenities.pdf,"Town Directory Statement IV Civic and Other Amenities, printed page 113; source page 127 begins Statement V.","[""manual_verified""]"
Jammu & Kashmir,Baramula,medical_educational_amenities,Trimmed,1981/Jammu & Kashmir/1981 Baramula.pdf,1981 Baramula.pdf,Village/Town Directory volume,English or bilingual,[127],"[""114""]",output/pdf/1981_trimmed/Jammu & Kashmir/mededu/1981_Baramula_medical_educational_amenities.pdf,"Town Directory Statement V Medical, Educational, Recreational and Cultural Facilities, printed page 114; source page 128 begins Statement VI.","[""manual_verified""]"
Jammu & Kashmir,Baramula,tehsil_appendix,Trimmed,1981/Jammu & Kashmir/1981 Baramula.pdf,1981 Baramula.pdf,Village/Town Directory volume,English or bilingual,"[115, 116]","[""102"", ""103""]",output/pdf/1981_trimmed/Jammu & Kashmir/tehsil appendix/1981_Baramula_tehsil_appendix.pdf,"Village Directory Appendix I, Tehsil-wise Abstract of Educational, Medical and Other Amenities; source page 117 begins Appendix II.","[""manual_verified""]"
Jammu & Kashmir,Doda,civic_amenities,Trimmed,1981/Jammu & Kashmir/1981 Doda.pdf,1981 Doda.pdf,Village/Town Directory volume,English or bilingual,"[142, 143]","[""182"", ""133""]",output/pdf/1981_trimmed/Jammu & Kashmir/civic amenities/1981_Doda_civic_amenities.pdf,"Town Directory Statement IV Civic and Other Amenities, printed pages 132-133; source page 144 begins Statement V.","[""manual_verified""]"
Jammu & Kashmir,Doda,medical_educational_amenities,Trimmed,1981/Jammu & Kashmir/1981 Doda.pdf,1981 Doda.pdf,Village/Town Directory volume,English or bilingual,"[144, 145]","[""134"", ""135""]",output/pdf/1981_trimmed/Jammu & Kashmir/mededu/1981_Doda_medical_educational_amenities.pdf,"Town Directory Statement V Medical, Educational, Recreational and Cultural Facilities, printed pages 134-135; source page 146 begins Statement VI.","[""manual_verified""]"
Jammu & Kashmir,Doda,tehsil_appendix,Trimmed,1981/Jammu & Kashmir/1981 Doda.pdf,1981 Doda.pdf,Village/Town Directory volume,English or bilingual,"[122, 123]","[""112"", ""113""]",output/pdf/1981_trimmed/Jammu & Kashmir/tehsil appendix/1981_Doda_tehsil_appendix.pdf,"Village Directory Appendix I, Tehsil-wise Abstract of Educational, Medical and Other Amenities; source page 124 begins Appendix II.","[""manual_verified""]"
Jammu & Kashmir,Jammu,civic_amenities,Trimmed,1981/Jammu & Kashmir/1981 Jammu.pdf,1981 Jammu.pdf,Village/Town Directory volume,English or bilingual,"[226, 227]","[""1181"", null]",output/pdf/1981_trimmed/Jammu & Kashmir/civic amenities/1981_Jammu_civic_amenities.pdf,"Town Directory Statement IV Civic and Other Amenities, printed pages 208-209; source pages 228-229 are the separate Statement IV-A slum table and are excluded.","[""manual_verified""]"
Jammu & Kashmir,Jammu,medical_educational_amenities,Trimmed,1981/Jammu & Kashmir/1981 Jammu.pdf,1981 Jammu.pdf,Village/Town Directory volume,English or bilingual,"[230, 231]","[""212"", ""213""]",output/pdf/1981_trimmed/Jammu & Kashmir/mededu/1981_Jammu_medical_educational_amenities.pdf,"Town Directory Statement V Medical, Educational, Recreational and Cultural Facilities, printed pages 212-213; source page 232 begins Statement VI.","[""manual_verified""]"
Jammu & Kashmir,Jammu,tehsil_appendix,Trimmed,1981/Jammu & Kashmir/1981 Jammu.pdf,1981 Jammu.pdf,Village/Town Directory volume,English or bilingual,"[196, 197]","[""178"", ""179""]",output/pdf/1981_trimmed/Jammu & Kashmir/tehsil appendix/1981_Jammu_tehsil_appendix.pdf,"Village Directory Appendix I, Tehsil-wise Abstract of Educational, Medical and Other Amenities, including the medical and drinking-water continuation; source page 198 begins Appendix II.","[""manual_verified""]"
Jammu & Kashmir,Kargil,civic_amenities,Trimmed,1981/Jammu & Kashmir/1981 Kargil.pdf,1981 Kargil.pdf,Village/Town Directory volume,English or bilingual,[59],[null],output/pdf/1981_trimmed/Jammu & Kashmir/civic amenities/1981_Kargil_civic_amenities.pdf,"Town Directory Statement IV Civic and Other Amenities, printed page 52; source page 60 begins Statement V.","[""manual_verified""]"
Jammu & Kashmir,Kargil,medical_educational_amenities,Trimmed,1981/Jammu & Kashmir/1981 Kargil.pdf,1981 Kargil.pdf,Village/Town Directory volume,English or bilingual,[60],[null],output/pdf/1981_trimmed/Jammu & Kashmir/mededu/1981_Kargil_medical_educational_amenities.pdf,"Town Directory Statement V Medical, Educational, Recreational and Cultural Facilities, printed page 53; source page 61 begins Statement VI.","[""manual_verified""]"
Jammu & Kashmir,Kargil,tehsil_appendix,Trimmed,1981/Jammu & Kashmir/1981 Kargil.pdf,1981 Kargil.pdf,Village/Town Directory volume,English or bilingual,"[49, 50]","[""42"", ""43""]",output/pdf/1981_trimmed/Jammu & Kashmir/tehsil appendix/1981_Kargil_tehsil_appendix.pdf,"Village Directory Appendix I, Tehsil-wise Abstract of Educational, Medical and Other Amenities; source page 51 begins Appendix II.","[""manual_verified""]"
Jammu & Kashmir,Kathua,civic_amenities,Trimmed,1981/Jammu & Kashmir/1981 Kathua.pdf,1981 Kathua.pdf,Village/Town Directory volume,English or bilingual,[127],[null],output/pdf/1981_trimmed/Jammu & Kashmir/civic amenities/1981_Kathua_civic_amenities.pdf,"Town Directory Statement IV Civic and Other Amenities, printed page 112; source page 128 begins Statement V.","[""manual_verified""]"
Jammu & Kashmir,Kathua,medical_educational_amenities,Trimmed,1981/Jammu & Kashmir/1981 Kathua.pdf,1981 Kathua.pdf,Village/Town Directory volume,English or bilingual,"[128, 129]","[""113"", ""114""]",output/pdf/1981_trimmed/Jammu & Kashmir/mededu/1981_Kathua_medical_educational_amenities.pdf,"Town Directory Statement V Medical, Educational, Recreational and Cultural Facilities, printed pages 113-114; source page 130 begins Statement VI.","[""manual_verified""]"
Jammu & Kashmir,Kathua,tehsil_appendix,Trimmed,1981/Jammu & Kashmir/1981 Kathua.pdf,1981 Kathua.pdf,Village/Town Directory volume,English or bilingual,"[111, 112]","[""96"", ""97""]",output/pdf/1981_trimmed/Jammu & Kashmir/tehsil appendix/1981_Kathua_tehsil_appendix.pdf,"Village Directory Appendix I, Tehsil-wise Abstract of Educational, Medical and Other Amenities; source page 113 begins Appendix II.","[""manual_verified""]"
Jammu & Kashmir,Kupwara,civic_amenities,Trimmed,1981/Jammu & Kashmir/1981 Kupwara.pdf,1981 Kupwara.pdf,Village/Town Directory volume,English or bilingual,[97],"[""80""]",output/pdf/1981_trimmed/Jammu & Kashmir/civic amenities/1981_Kupwara_civic_amenities.pdf,"Town Directory Statement IV Civic and Other Amenities, printed page 80; source page 98 begins Statement V.","[""manual_verified""]"
Jammu & Kashmir,Kupwara,medical_educational_amenities,Trimmed,1981/Jammu & Kashmir/1981 Kupwara.pdf,1981 Kupwara.pdf,Village/Town Directory volume,English or bilingual,[98],"[""81""]",output/pdf/1981_trimmed/Jammu & Kashmir/mededu/1981_Kupwara_medical_educational_amenities.pdf,"Town Directory Statement V Medical, Educational, Recreational and Cultural Facilities, printed page 81; source page 99 begins Statement VI.","[""manual_verified""]"
Jammu & Kashmir,Kupwara,tehsil_appendix,Trimmed,1981/Jammu & Kashmir/1981 Kupwara.pdf,1981 Kupwara.pdf,Village/Town Directory volume,English or bilingual,"[87, 88]","[""70"", ""71""]",output/pdf/1981_trimmed/Jammu & Kashmir/tehsil appendix/1981_Kupwara_tehsil_appendix.pdf,"Village Directory Appendix I, Tehsil-wise Abstract of Educational, Medical and Other Amenities; source page 89 begins Appendix II.","[""manual_verified""]"
Jammu & Kashmir,Ladakh,civic_amenities,Trimmed,1981/Jammu & Kashmir/1981 Ladakh.pdf,1981 Ladakh.pdf,Village/Town Directory volume,English or bilingual,[72],"[""56""]",output/pdf/1981_trimmed/Jammu & Kashmir/civic amenities/1981_Ladakh_civic_amenities.pdf,"Town Directory Statement IV Civic and Other Amenities, printed page 56; source page 73 begins Statement V.","[""manual_verified""]"
Jammu & Kashmir,Ladakh,medical_educational_amenities,Trimmed,1981/Jammu & Kashmir/1981 Ladakh.pdf,1981 Ladakh.pdf,Village/Town Directory volume,English or bilingual,[73],[null],output/pdf/1981_trimmed/Jammu & Kashmir/mededu/1981_Ladakh_medical_educational_amenities.pdf,"Town Directory Statement V Medical, Educational, Recreational and Cultural Facilities, printed page 57; source page 74 begins Statement VI.","[""manual_verified""]"
Jammu & Kashmir,Ladakh,tehsil_appendix,Trimmed,1981/Jammu & Kashmir/1981 Ladakh.pdf,1981 Ladakh.pdf,Village/Town Directory volume,English or bilingual,"[62, 63]","[""46"", ""47""]",output/pdf/1981_trimmed/Jammu & Kashmir/tehsil appendix/1981_Ladakh_tehsil_appendix.pdf,"Village Directory Appendix I, Tehsil-wise Abstract of Educational, Medical and Other Amenities; source page 64 begins Appendix II.","[""manual_verified""]"
Jammu & Kashmir,Pulwama,civic_amenities,Trimmed,1981/Jammu & Kashmir/1981 Pulwama.pdf,1981 Pulwama.pdf,Village/Town Directory volume,English or bilingual,[114],[null],output/pdf/1981_trimmed/Jammu & Kashmir/civic amenities/1981_Pulwama_civic_amenities.pdf,"Town Directory Statement IV Civic and Other Amenities, printed page 96; source page 115 begins Statement V.","[""manual_verified""]"
Jammu & Kashmir,Pulwama,medical_educational_amenities,Trimmed,1981/Jammu & Kashmir/1981 Pulwama.pdf,1981 Pulwama.pdf,Village/Town Directory volume,English or bilingual,[115],"[""97""]",output/pdf/1981_trimmed/Jammu & Kashmir/mededu/1981_Pulwama_medical_educational_amenities.pdf,"Town Directory Statement V Medical, Educational, Recreational and Cultural Facilities, printed page 97; source page 116 begins Statement VI.","[""manual_verified""]"
Jammu & Kashmir,Pulwama,tehsil_appendix,Trimmed,1981/Jammu & Kashmir/1981 Pulwama.pdf,1981 Pulwama.pdf,Village/Town Directory volume,English or bilingual,"[104, 105]","[""86"", ""87""]",output/pdf/1981_trimmed/Jammu & Kashmir/tehsil appendix/1981_Pulwama_tehsil_appendix.pdf,"Village Directory Appendix I, Tehsil-wise Abstract of Educational, Medical and Other Amenities; source page 106 begins Appendix II.","[""manual_verified""]"
Jammu & Kashmir,Punch,civic_amenities,Trimmed,1981/Jammu & Kashmir/1981 Punch.pdf,1981 Punch.pdf,Village/Town Directory volume,English or bilingual,[71],"[""57""]",output/pdf/1981_trimmed/Jammu & Kashmir/civic amenities/1981_Punch_civic_amenities.pdf,"Town Directory Statement IV Civic and Other Amenities, printed page 57; source page 72 begins Statement V.","[""manual_verified""]"
Jammu & Kashmir,Punch,medical_educational_amenities,Trimmed,1981/Jammu & Kashmir/1981 Punch.pdf,1981 Punch.pdf,Village/Town Directory volume,English or bilingual,[72],"[""58""]",output/pdf/1981_trimmed/Jammu & Kashmir/mededu/1981_Punch_medical_educational_amenities.pdf,"Town Directory Statement V Medical, Educational, Recreational and Cultural Facilities, printed page 58; source page 73 begins Statement VI.","[""manual_verified""]"
Jammu & Kashmir,Punch,tehsil_appendix,Trimmed,1981/Jammu & Kashmir/1981 Punch.pdf,1981 Punch.pdf,Village/Town Directory volume,English or bilingual,"[60, 61]","[""46"", ""47""]",output/pdf/1981_trimmed/Jammu & Kashmir/tehsil appendix/1981_Punch_tehsil_appendix.pdf,"Village Directory Appendix I, Tehsil-wise Abstract of Educational, Medical and Other Amenities; source page 62 begins Appendix II.","[""manual_verified""]"
Jammu & Kashmir,Rajauri,civic_amenities,Trimmed,1981/Jammu & Kashmir/1981 Rajauri.pdf,1981 Rajauri.pdf,Village/Town Directory volume,English or bilingual,[103],[null],output/pdf/1981_trimmed/Jammu & Kashmir/civic amenities/1981_Rajauri_civic_amenities.pdf,"Town Directory Statement IV Civic and Other Amenities, printed page 83; source page 104 begins Statement V.","[""manual_verified""]"
Jammu & Kashmir,Rajauri,medical_educational_amenities,Trimmed,1981/Jammu & Kashmir/1981 Rajauri.pdf,1981 Rajauri.pdf,Village/Town Directory volume,English or bilingual,[104],"[""84""]",output/pdf/1981_trimmed/Jammu & Kashmir/mededu/1981_Rajauri_medical_educational_amenities.pdf,"Town Directory Statement V Medical, Educational, Recreational and Cultural Facilities, printed page 84; source page 105 begins Statement VI.","[""manual_verified""]"
Jammu & Kashmir,Rajauri,tehsil_appendix,Trimmed,1981/Jammu & Kashmir/1981 Rajauri.pdf,1981 Rajauri.pdf,Village/Town Directory volume,English or bilingual,"[90, 91]","[""70"", ""71""]",output/pdf/1981_trimmed/Jammu & Kashmir/tehsil appendix/1981_Rajauri_tehsil_appendix.pdf,"Village Directory Appendix I, Tehsil-wise Abstract of Educational, Medical and Other Amenities; source page 92 begins Appendix II.","[""manual_verified""]"
Jammu & Kashmir,Srinagar,civic_amenities,Trimmed,1981/Jammu & Kashmir/1981 Srinagar.pdf,1981 Srinagar.pdf,Village/Town Directory volume,English or bilingual,"[85, 86]","[""65"", ""66""]",output/pdf/1981_trimmed/Jammu & Kashmir/civic amenities/1981_Srinagar_civic_amenities.pdf,"Town Directory Statement IV Civic and Other Amenities, printed pages 65-66; source page 87 begins Statement V.","[""manual_verified""]"
Jammu & Kashmir,Srinagar,medical_educational_amenities,Trimmed,1981/Jammu & Kashmir/1981 Srinagar.pdf,1981 Srinagar.pdf,Village/Town Directory volume,English or bilingual,[87],"[""67""]",output/pdf/1981_trimmed/Jammu & Kashmir/mededu/1981_Srinagar_medical_educational_amenities.pdf,"Town Directory Statement V Medical, Educational, Recreational and Cultural Facilities, printed page 67; source page 88 begins Statement VI.","[""manual_verified""]"
Jammu & Kashmir,Srinagar,tehsil_appendix,Trimmed,1981/Jammu & Kashmir/1981 Srinagar.pdf,1981 Srinagar.pdf,Village/Town Directory volume,English or bilingual,"[76, 77]","[""56"", ""57""]",output/pdf/1981_trimmed/Jammu & Kashmir/tehsil appendix/1981_Srinagar_tehsil_appendix.pdf,"Village Directory Appendix I, Tehsil-wise Abstract of Educational, Medical and Other Amenities; source page 78 begins Appendix II.","[""manual_verified""]"
Karnataka,Bangalore,civic_amenities,Trimmed,1981/Karnataka/1981 Bangalore.pdf,1981 Bangalore.pdf,Village/Town Directory volume,English or bilingual,"[604, 605, 606, 607, 608, 609]","[""518"", ""519"", null, null, ""522"", null]",output/pdf/1981_trimmed/Karnataka/civic amenities/1981_Bangalore_civic_amenities.pdf,"Town Directory Statement IV Civic and Other Amenities, including the paired civic and other-amenities continuation pages; source page 610 begins Statement IV-A.","[""manual_verified""]"
Karnataka,Bangalore,medical_educational_amenities,Trimmed,1981/Karnataka/1981 Bangalore.pdf,1981 Bangalore.pdf,Village/Town Directory volume,English or bilingual,"[620, 621, 622, 623, 624, 625, 626, 627, 628, 629]","[""534"", null, null, ""537"", ""538"", ""539"", ""540"", null, ""542"", null]",output/pdf/1981_trimmed/Karnataka/mededu/1981_Bangalore_medical_educational_amenities.pdf,"Town Directory Statement V Medical, Educational, Recreational and Cultural Facilities, including all continuation columns; source page 630 begins Statement VI.","[""manual_verified""]"
Karnataka,Bangalore,tehsil_appendix,Trimmed,1981/Karnataka/1981 Bangalore.pdf,1981 Bangalore.pdf,Village/Town Directory volume,English or bilingual,"[560, 561, 562, 563]","[""474"", ""475"", ""476"", ""477""]",output/pdf/1981_trimmed/Karnataka/tehsil appendix/1981_Bangalore_tehsil_appendix.pdf,"Village Directory Appendix I, Taluk-wise Abstract of Educational, Medical and Other Amenities; source pages 562-563 carry the end of the appendix with the next appendix material also entering the full source pages, and source page 564 begins Appendix III.","[""manual_verified""]"
Karnataka,Belgaum,civic_amenities,Trimmed,1981/Karnataka/1981 Belgaum.pdf,1981 Belgaum.pdf,Village/Town Directory volume,English or bilingual,"[223, 224, 225, 226]","[""210"", null, ""212"", null]",output/pdf/1981_trimmed/Karnataka/civic amenities/1981_Belgaum_civic_amenities.pdf,"Town Directory Statement IV Civic and Other Amenities, including both civic and other-amenities continuation pages; source page 227 begins Statement V.","[""manual_verified""]"
Karnataka,Belgaum,medical_educational_amenities,Trimmed,1981/Karnataka/1981 Belgaum.pdf,1981 Belgaum.pdf,Village/Town Directory volume,English or bilingual,"[227, 228, 229, 230]","[""214"", ""215"", ""216"", ""217""]",output/pdf/1981_trimmed/Karnataka/mededu/1981_Belgaum_medical_educational_amenities.pdf,"Town Directory Statement V Medical, Educational, Recreational and Cultural Facilities, including the continuation and conclusion pages; source page 231 begins Statement VI.","[""manual_verified""]"
Karnataka,Belgaum,tehsil_appendix,Trimmed,1981/Karnataka/1981 Belgaum.pdf,1981 Belgaum.pdf,Village/Town Directory volume,English or bilingual,"[201, 202, 203, 204]","[""188"", null, ""190"", ""191""]",output/pdf/1981_trimmed/Karnataka/tehsil appendix/1981_Belgaum_tehsil_appendix.pdf,"Village Directory Appendix I, Taluk-wise Abstract of Educational, Medical and Other Amenities; source pages 203-204 also carry the beginning of Appendix II material on the full source pages, and source page 205 begins Appendix III.","[""manual_verified""]"
Karnataka,Bellary,civic_amenities,Trimmed,1981/Karnataka/1981 Bellary.pdf,1981 Bellary.pdf,Village/Town Directory volume,English or bilingual,"[170, 171]","[""154"", null]",output/pdf/1981_trimmed/Karnataka/civic amenities/1981_Bellary_civic_amenities.pdf,Town Directory Statement IV Civic and Other Amenities; source page 172 begins the separate Statement IV-A slum table.,"[""manual_verified""]"
Karnataka,Bellary,medical_educational_amenities,Trimmed,1981/Karnataka/1981 Bellary.pdf,1981 Bellary.pdf,Village/Town Directory volume,English or bilingual,"[174, 175, 176, 177]","[""158"", ""1979"", null, ""161""]",output/pdf/1981_trimmed/Karnataka/mededu/1981_Bellary_medical_educational_amenities.pdf,"Town Directory Statement V Medical, Educational, Recreational and Cultural Facilities, including all continuation pages; source page 178 begins Statement VI.","[""manual_verified""]"
Karnataka,Bellary,tehsil_appendix,Trimmed,1981/Karnataka/1981 Bellary.pdf,1981 Bellary.pdf,Village/Town Directory volume,English or bilingual,"[148, 149, 150, 151]","[null, null, ""134"", null]",output/pdf/1981_trimmed/Karnataka/tehsil appendix/1981_Bellary_tehsil_appendix.pdf,"Village Directory Appendix I, Taluk-wise Abstract of Educational, Medical and Other Amenities; source page 150 also begins Appendix II at the page boundary, source page 151 completes the communications continuation, and source page 152 begins Appendix III.","[""manual_verified""]"
Karnataka,Bidar,civic_amenities,Not trimmed,1981/Karnataka/1981 Bidar.pdf,1981 Bidar.pdf,Village/Town Directory volume,English or bilingual,[],[],,"The 48-page volume is a Scheduled Castes and Scheduled Tribes supplement, not the main Village and Town Directory volume; it contains no Civic Statement IV.","[""manual_absent_or_ineligible""]"
Karnataka,Bidar,medical_educational_amenities,Not trimmed,1981/Karnataka/1981 Bidar.pdf,1981 Bidar.pdf,Village/Town Directory volume,English or bilingual,[],[],,"The 48-page volume is a Scheduled Castes and Scheduled Tribes supplement, not the main Village and Town Directory volume; it contains no Medical, Educational, Recreational and Cultural Statement V.","[""manual_absent_or_ineligible""]"
Karnataka,Bidar,tehsil_appendix,Not trimmed,1981/Karnataka/1981 Bidar.pdf,1981 Bidar.pdf,Village/Town Directory volume,English or bilingual,[],[],,"The 48-page volume is a Scheduled Castes and Scheduled Tribes supplement, not the main Village Directory volume; its contents contain no administrative-unit amenities appendix.","[""manual_absent_or_ineligible""]"
Karnataka,Bijapur,civic_amenities,Trimmed,1981/Karnataka/1981 Bijapur.pdf,1981 Bijapur.pdf,Village/Town Directory volume,English or bilingual,"[322, 323]","[null, null]",output/pdf/1981_trimmed/Karnataka/civic amenities/1981_Bijapur_civic_amenities.pdf,Town Directory Statement IV Civic and Other Amenities; source page 324 begins Statement IV-A.,"[""manual_verified""]"
Karnataka,Bijapur,medical_educational_amenities,Trimmed,1981/Karnataka/1981 Bijapur.pdf,1981 Bijapur.pdf,Village/Town Directory volume,English or bilingual,"[326, 327, 328, 329]","[null, null, null, ""1979""]",output/pdf/1981_trimmed/Karnataka/mededu/1981_Bijapur_medical_educational_amenities.pdf,"Town Directory Statement V Medical, Educational, Recreational and Cultural Facilities, including all continuation and conclusion pages; source page 330 begins Statement VI.","[""manual_verified""]"
Karnataka,Bijapur,tehsil_appendix,Trimmed,1981/Karnataka/1981 Bijapur.pdf,1981 Bijapur.pdf,Village/Town Directory volume,English or bilingual,"[298, 299, 300, 301]","[null, null, null, null]",output/pdf/1981_trimmed/Karnataka/tehsil appendix/1981_Bijapur_tehsil_appendix.pdf,"Village Directory Appendix I, Taluk-wise Abstract of Educational, Medical and Other Amenities; source page 302 begins Appendix III.","[""manual_verified""]"
Karnataka,Chikmagalur,civic_amenities,Trimmed,1981/Karnataka/1981 Chikmagalur.pdf,1981 Chikmagalur.pdf,Village/Town Directory volume,English or bilingual,"[198, 199]","[""1110"", null]",output/pdf/1981_trimmed/Karnataka/civic amenities/1981_Chikmagalur_civic_amenities.pdf,Town Directory Statement IV Civic and Other Amenities; source page 200 begins Statement IV-A.,"[""manual_verified""]"
Karnataka,Chikmagalur,medical_educational_amenities,Trimmed,1981/Karnataka/1981 Chikmagalur.pdf,1981 Chikmagalur.pdf,Village/Town Directory volume,English or bilingual,"[200, 201, 202, 203]","[""192"", ""183"", null, null]",output/pdf/1981_trimmed/Karnataka/mededu/1981_Chikmagalur_medical_educational_amenities.pdf,"Town Directory Statement V Medical, Educational, Recreational and Cultural Facilities begins at the foot of source page 200, continues on source pages 201-202, and concludes on source page 203; the same full pages also contain adjacent IV-A or Statement VI material.","[""manual_verified""]"
Karnataka,Chikmagalur,tehsil_appendix,Trimmed,1981/Karnataka/1981 Chikmagalur.pdf,1981 Chikmagalur.pdf,Village/Town Directory volume,English or bilingual,"[176, 177]","[""160"", ""161""]",output/pdf/1981_trimmed/Karnataka/tehsil appendix/1981_Chikmagalur_tehsil_appendix.pdf,"Village Directory Appendix I, Taluk-wise Abstract of Educational, Medical and Other Amenities; source page 178 begins Appendix III.","[""manual_verified""]"
Karnataka,Chitradurga,civic_amenities,Trimmed,1981/Karnataka/1981 Chitradurga.pdf,1981 Chitradurga.pdf,Village/Town Directory volume,English or bilingual,"[324, 325]","[""304"", null]",output/pdf/1981_trimmed/Karnataka/civic amenities/1981_Chitradurga_civic_amenities.pdf,"Town Directory Statement IV Civic and Other Amenities; source page 325 also carries the beginning of Statement IV-A on the full source page, and source page 326 begins Statement V.","[""manual_verified""]"
Karnataka,Chitradurga,medical_educational_amenities,Trimmed,1981/Karnataka/1981 Chitradurga.pdf,1981 Chitradurga.pdf,Village/Town Directory volume,English or bilingual,"[326, 327]","[""306"", null]",output/pdf/1981_trimmed/Karnataka/mededu/1981_Chitradurga_medical_educational_amenities.pdf,"Town Directory Statement V Medical, Educational, Recreational and Cultural Facilities; source page 328 begins Statement VI.","[""manual_verified""]"
Karnataka,Chitradurga,tehsil_appendix,Trimmed,1981/Karnataka/1981 Chitradurga.pdf,1981 Chitradurga.pdf,Village/Town Directory volume,English or bilingual,"[300, 301, 302, 303]","[""282"", ""283"", ""284"", ""285""]",output/pdf/1981_trimmed/Karnataka/tehsil appendix/1981_Chitradurga_tehsil_appendix.pdf,"Village Directory Appendix I, Taluk-wise Abstract of Educational, Medical and Other Amenities; source page 304 begins Appendix III.","[""manual_verified""]"
Karnataka,Dakshin Kannad,civic_amenities,Trimmed,1981/Karnataka/1981 Dakshin Kannad.pdf,1981 Dakshin Kannad.pdf,Village/Town Directory volume,English or bilingual,"[178, 179, 180, 181, 182, 183]","[null, ""1979"", ""164"", ""165"", ""166"", null]",output/pdf/1981_trimmed/Karnataka/civic amenities/1981_Dakshin Kannad_civic_amenities.pdf,"Town Directory Statement IV Civic and Other Amenities, including the two paired town groups; sources 182-183 also carry the beginning of Statement IV-A on the full pages, and source page 184 begins Statement V.","[""manual_verified""]"
Karnataka,Dakshin Kannad,medical_educational_amenities,Trimmed,1981/Karnataka/1981 Dakshin Kannad.pdf,1981 Dakshin Kannad.pdf,Village/Town Directory volume,English or bilingual,"[184, 185, 186, 187, 188, 189]","[null, null, ""170"", null, ""172"", null]",output/pdf/1981_trimmed/Karnataka/mededu/1981_Dakshin Kannad_medical_educational_amenities.pdf,"Town Directory Statement V Medical, Educational, Recreational and Cultural Facilities, including all continuation pages; source page 190 begins Statement VI.","[""manual_verified""]"
Karnataka,Dakshin Kannad,tehsil_appendix,Trimmed,1981/Karnataka/1981 Dakshin Kannad.pdf,1981 Dakshin Kannad.pdf,Village/Town Directory volume,English or bilingual,"[152, 153, 154, 155]","[null, ""137"", ""138"", ""139""]",output/pdf/1981_trimmed/Karnataka/tehsil appendix/1981_Dakshin Kannad_tehsil_appendix.pdf,"Village Directory Appendix I, Taluk-wise Abstract of Educational, Medical and Other Amenities; source page 156 begins Appendix III.","[""manual_verified""]"
Karnataka,Dharwad,civic_amenities,Trimmed,1981/Karnataka/1981 Dharwad.pdf,1981 Dharwad.pdf,Village/Town Directory volume,English or bilingual,"[276, 277, 278, 279]","[null, ""261"", ""262"", ""263""]",output/pdf/1981_trimmed/Karnataka/civic amenities/1981_Dharwad_civic_amenities.pdf,"Town Directory Statement IV Civic and Other Amenities, including paired civic and other-amenities pages; source page 280 begins Statement IV-A.","[""manual_verified""]"
Karnataka,Dharwad,medical_educational_amenities,Trimmed,1981/Karnataka/1981 Dharwad.pdf,1981 Dharwad.pdf,Village/Town Directory volume,English or bilingual,"[284, 285, 286, 287]","[""268"", null, null, ""211""]",output/pdf/1981_trimmed/Karnataka/mededu/1981_Dharwad_medical_educational_amenities.pdf,"Town Directory Statement V Medical, Educational, Recreational and Cultural Facilities, including all continuation pages; source page 288 begins Statement VI.","[""manual_verified""]"
Karnataka,Dharwad,tehsil_appendix,Trimmed,1981/Karnataka/1981 Dharwad.pdf,1981 Dharwad.pdf,Village/Town Directory volume,English or bilingual,"[254, 255, 256, 257]","[""238"", ""239"", ""240"", ""241""]",output/pdf/1981_trimmed/Karnataka/tehsil appendix/1981_Dharwad_tehsil_appendix.pdf,"Village Directory Appendix I, Taluk-wise Abstract of Educational, Medical and Other Amenities; source page 258 begins Appendix III.","[""manual_verified""]"
Karnataka,Gulbarga,civic_amenities,Trimmed,1981/Karnataka/1981 Gulbarga.pdf,1981 Gulbarga.pdf,Village/Town Directory volume,English or bilingual,"[244, 245]","[""228"", null]",output/pdf/1981_trimmed/Karnataka/civic amenities/1981_Gulbarga_civic_amenities.pdf,Town Directory Statement IV Civic and Other Amenities; source page 246 begins Statement IV-A.,"[""manual_verified""]"
Karnataka,Gulbarga,medical_educational_amenities,Trimmed,1981/Karnataka/1981 Gulbarga.pdf,1981 Gulbarga.pdf,Village/Town Directory volume,English or bilingual,"[248, 249]","[""232"", null]",output/pdf/1981_trimmed/Karnataka/mededu/1981_Gulbarga_medical_educational_amenities.pdf,"Town Directory Statement V Medical, Educational, Recreational and Cultural Facilities; source page 250 begins Statement VI.","[""manual_verified""]"
Karnataka,Gulbarga,tehsil_appendix,Trimmed,1981/Karnataka/1981 Gulbarga.pdf,1981 Gulbarga.pdf,Village/Town Directory volume,English or bilingual,"[222, 223, 224, 225]","[""206"", null, ""208"", ""209""]",output/pdf/1981_trimmed/Karnataka/tehsil appendix/1981_Gulbarga_tehsil_appendix.pdf,"Village Directory Appendix I, Taluk-wise Abstract of Educational, Medical and Other Amenities; source page 226 begins Appendix III.","[""manual_verified""]"
Karnataka,Hassan,civic_amenities,Trimmed,1981/Karnataka/1981 Hassan.pdf,1981 Hassan.pdf,Village/Town Directory volume,English or bilingual,"[382, 383]","[""366"", ""367""]",output/pdf/1981_trimmed/Karnataka/civic amenities/1981_Hassan_civic_amenities.pdf,Town Directory Statement IV Civic and Other Amenities; source page 384 begins Statement V.,"[""manual_verified""]"
Karnataka,Hassan,medical_educational_amenities,Trimmed,1981/Karnataka/1981 Hassan.pdf,1981 Hassan.pdf,Village/Town Directory volume,English or bilingual,"[384, 385, 386, 387]","[""368"", ""369"", ""370"", ""371""]",output/pdf/1981_trimmed/Karnataka/mededu/1981_Hassan_medical_educational_amenities.pdf,"Town Directory Statement V Medical, Educational, Recreational and Cultural Facilities, including all continuation pages; source page 388 begins Statement VI.","[""manual_verified""]"
Karnataka,Hassan,tehsil_appendix,Trimmed,1981/Karnataka/1981 Hassan.pdf,1981 Hassan.pdf,Village/Town Directory volume,English or bilingual,"[356, 357]","[""340"", ""341""]",output/pdf/1981_trimmed/Karnataka/tehsil appendix/1981_Hassan_tehsil_appendix.pdf,"Village Directory Appendix I, Taluk-wise Abstract of Educational, Medical and Other Amenities; source page 358 begins Appendix II.","[""manual_verified""]"
Karnataka,Kodagu,civic_amenities,Trimmed,1981/Karnataka/1981 Kodagu.pdf,1981 Kodagu.pdf,Village/Town Directory volume,English or bilingual,"[140, 141]","[""124"", ""125""]",output/pdf/1981_trimmed/Karnataka/civic amenities/1981_Kodagu_civic_amenities.pdf,"Town Directory Statement IV Civic and Other Amenities, including the paired civic and other-amenities pages; source page 142 begins Statement V.","[""manual_verified""]"
Karnataka,Kodagu,medical_educational_amenities,Trimmed,1981/Karnataka/1981 Kodagu.pdf,1981 Kodagu.pdf,Village/Town Directory volume,English or bilingual,"[142, 143]","[""126"", ""127""]",output/pdf/1981_trimmed/Karnataka/mededu/1981_Kodagu_medical_educational_amenities.pdf,"Town Directory Statement V Medical, Educational, Recreational and Cultural Facilities; source page 144 begins Statement VI.","[""manual_verified""]"
Karnataka,Kodagu,tehsil_appendix,Trimmed,1981/Karnataka/1981 Kodagu.pdf,1981 Kodagu.pdf,Village/Town Directory volume,English or bilingual,[122],"[""106""]",output/pdf/1981_trimmed/Karnataka/tehsil appendix/1981_Kodagu_tehsil_appendix.pdf,"Village Directory Appendix I, Taluk-wise Abstract of Educational, Medical and Other Amenities; source page 123 begins Appendix II.","[""manual_verified""]"
Karnataka,Kolar,civic_amenities,Trimmed,1981/Karnataka/1981 Kolar.pdf,1981 Kolar.pdf,Village/Town Directory volume,English or bilingual,"[634, 635]","[""618"", null]",output/pdf/1981_trimmed/Karnataka/civic amenities/1981_Kolar_civic_amenities.pdf,"Town Directory Statement IV Civic and Other Amenities; source pages 634-635 also carry adjacent Statement IV-A slum content on the full pages, and source page 636 begins Statement V.","[""manual_verified""]"
Karnataka,Kolar,medical_educational_amenities,Trimmed,1981/Karnataka/1981 Kolar.pdf,1981 Kolar.pdf,Village/Town Directory volume,English or bilingual,"[636, 637, 638, 639]","[null, null, ""622"", null]",output/pdf/1981_trimmed/Karnataka/mededu/1981_Kolar_medical_educational_amenities.pdf,"Town Directory Statement V Medical, Educational, Recreational and Cultural Facilities, including all continuation pages; source page 640 begins Statement VI.","[""manual_verified""]"
Karnataka,Kolar,tehsil_appendix,Trimmed,1981/Karnataka/1981 Kolar.pdf,1981 Kolar.pdf,Village/Town Directory volume,English or bilingual,"[610, 611]","[""594"", ""595""]",output/pdf/1981_trimmed/Karnataka/tehsil appendix/1981_Kolar_tehsil_appendix.pdf,"Village Directory Appendix I, Taluk-wise Abstract of Educational, Medical and Other Amenities; source page 611 also carries the beginning of Appendix II on the full page, and source page 612 begins Appendix III.","[""manual_verified""]"
Karnataka,Mandya,civic_amenities,Trimmed,1981/Karnataka/1981 Mandya.pdf,1981 Mandya.pdf,Village/Town Directory volume,English or bilingual,[183],"[""167""]",output/pdf/1981_trimmed/Karnataka/civic amenities/1981_Mandya_civic_amenities.pdf,Town Directory Statement IV Civic and Other Amenities is a single rotated landscape source page; source page 184 is Statement IV-A and source page 185 begins Statement V.,"[""manual_verified""]"
Karnataka,Mandya,medical_educational_amenities,Trimmed,1981/Karnataka/1981 Mandya.pdf,1981 Mandya.pdf,Village/Town Directory volume,English or bilingual,"[185, 186]","[""8"", null]",output/pdf/1981_trimmed/Karnataka/mededu/1981_Mandya_medical_educational_amenities.pdf,"Town Directory Statement V Medical, Educational, Recreational and Cultural Facilities on the rotated continuation pages; source page 187 begins Statement VI.","[""manual_verified""]"
Karnataka,Mandya,tehsil_appendix,Trimmed,1981/Karnataka/1981 Mandya.pdf,1981 Mandya.pdf,Village/Town Directory volume,English or bilingual,"[166, 167]","[null, ""1""]",output/pdf/1981_trimmed/Karnataka/tehsil appendix/1981_Mandya_tehsil_appendix.pdf,"Village Directory Appendix I, Taluk-wise Abstract of Educational, Medical and Other Amenities; source page 168 begins Appendix III.","[""manual_verified""]"
Karnataka,Raichur,civic_amenities,Trimmed,1981/Karnataka/1981 Raichur.pdf,1981 Raichur.pdf,Village/Town Directory volume,English or bilingual,"[240, 241]","[""224"", null]",output/pdf/1981_trimmed/Karnataka/civic amenities/1981_Raichur_civic_amenities.pdf,Town Directory Statement IV Civic and Other Amenities; source page 242 begins Statement IV-A.,"[""manual_verified""]"
Karnataka,Raichur,medical_educational_amenities,Trimmed,1981/Karnataka/1981 Raichur.pdf,1981 Raichur.pdf,Village/Town Directory volume,English or bilingual,"[244, 245]","[""228"", null]",output/pdf/1981_trimmed/Karnataka/mededu/1981_Raichur_medical_educational_amenities.pdf,"Town Directory Statement V Medical, Educational, Recreational and Cultural Facilities; source page 246 begins Statement VI.","[""manual_verified""]"
Karnataka,Raichur,tehsil_appendix,Trimmed,1981/Karnataka/1981 Raichur.pdf,1981 Raichur.pdf,Village/Town Directory volume,English or bilingual,"[216, 217, 218, 219]","[""200"", ""201"", ""202"", ""203""]",output/pdf/1981_trimmed/Karnataka/tehsil appendix/1981_Raichur_tehsil_appendix.pdf,"Village Directory Appendix I, Taluk-wise Abstract of Educational, Medical and Other Amenities; source page 219 also carries the beginning of Appendix II on the full page, and source page 220 begins Appendix III.","[""manual_verified""]"
Karnataka,Shimoga,civic_amenities,Trimmed,1981/Karnataka/1981 Shimoga.pdf,1981 Shimoga.pdf,Village/Town Directory volume,English or bilingual,"[356, 357]","[""338"", null]",output/pdf/1981_trimmed/Karnataka/civic amenities/1981_Shimoga_civic_amenities.pdf,"Town Directory Statement IV Civic and Other Amenities; source page 357 also carries the Nil Statement IV-A continuation, and source page 358 begins Statement V.","[""manual_verified""]"
Karnataka,Shimoga,medical_educational_amenities,Trimmed,1981/Karnataka/1981 Shimoga.pdf,1981 Shimoga.pdf,Village/Town Directory volume,English or bilingual,"[358, 359, 360, 361]","[""340"", null, ""342"", null]",output/pdf/1981_trimmed/Karnataka/mededu/1981_Shimoga_medical_educational_amenities.pdf,"Town Directory Statement V Medical, Educational, Recreational and Cultural Facilities, including all continuation pages; source page 362 begins Statement VI.","[""manual_verified""]"
Karnataka,Shimoga,tehsil_appendix,Trimmed,1981/Karnataka/1981 Shimoga.pdf,1981 Shimoga.pdf,Village/Town Directory volume,English or bilingual,"[330, 331, 332, 333]","[""312"", ""313"", ""314"", ""315""]",output/pdf/1981_trimmed/Karnataka/tehsil appendix/1981_Shimoga_tehsil_appendix.pdf,"Village Directory Appendix I, Taluk-wise Abstract of Educational, Medical and Other Amenities; sources 332-333 also carry the beginning of Appendix II on the full pages, and source page 334 begins Appendix III.","[""manual_verified""]"
Karnataka,Uttar Kannad,civic_amenities,Trimmed,1981/Karnataka/1981 Uttar Kannad.pdf,1981 Uttar Kannad.pdf,Village/Town Directory volume,English or bilingual,"[230, 231]","[""214"", ""215""]",output/pdf/1981_trimmed/Karnataka/civic amenities/1981_Uttar Kannad_civic_amenities.pdf,"Town Directory Statement IV Civic and Other Amenities; sources 230-231 also carry adjacent Statement IV-A slum content on the full pages, and source page 232 begins Statement V.","[""manual_verified""]"
Karnataka,Uttar Kannad,medical_educational_amenities,Trimmed,1981/Karnataka/1981 Uttar Kannad.pdf,1981 Uttar Kannad.pdf,Village/Town Directory volume,English or bilingual,"[232, 233]","[""216"", null]",output/pdf/1981_trimmed/Karnataka/mededu/1981_Uttar Kannad_medical_educational_amenities.pdf,"Town Directory Statement V Medical, Educational, Recreational and Cultural Facilities; source page 234 begins Statement VI.","[""manual_verified""]"
Karnataka,Uttar Kannad,tehsil_appendix,Trimmed,1981/Karnataka/1981 Uttar Kannad.pdf,1981 Uttar Kannad.pdf,Village/Town Directory volume,English or bilingual,"[206, 207, 208, 209]","[""190"", null, ""192"", ""193""]",output/pdf/1981_trimmed/Karnataka/tehsil appendix/1981_Uttar Kannad_tehsil_appendix.pdf,"Village Directory Appendix I, Taluk-wise Abstract of Educational, Medical and Other Amenities; source page 210 begins Appendix III.","[""manual_verified""]"
Kerala,Alleppey,civic_amenities,Trimmed,1981/Kerala/1981 Alleppey.pdf,1981 Alleppey.pdf,Village/Town Directory volume,English or bilingual,"[106, 107]","[null, null]",output/pdf/1981_trimmed/Kerala/civic amenities/1981_Alleppey_civic_amenities.pdf,Town Directory Statement IV Civic and Other Amenities; source page 108 begins Statement V.,"[""manual_verified""]"
Kerala,Alleppey,medical_educational_amenities,Trimmed,1981/Kerala/1981 Alleppey.pdf,1981 Alleppey.pdf,Village/Town Directory volume,English or bilingual,"[108, 109]","[null, null]",output/pdf/1981_trimmed/Kerala/mededu/1981_Alleppey_medical_educational_amenities.pdf,"Town Directory Statement V Medical, Educational, Recreational and Cultural Facilities; source page 110 begins the Town Directory outgrowth appendix.","[""manual_verified""]"
Kerala,Alleppey,tehsil_appendix,Trimmed,1981/Kerala/1981 Alleppey.pdf,1981 Alleppey.pdf,Village/Town Directory volume,English or bilingual,"[96, 97]","[null, null]",output/pdf/1981_trimmed/Kerala/tehsil appendix/1981_Alleppey_tehsil_appendix.pdf,"Village Directory Appendix I, Taluk-wise Abstract of Educational, Medical and Other Amenities; source page 98 begins Appendix II.","[""manual_verified""]"
Kerala,Cannanore,civic_amenities,Trimmed,1981/Kerala/1981 Cannanore.pdf,1981 Cannanore.pdf,Village/Town Directory volume,English or bilingual,"[115, 116]","[null, ""1979""]",output/pdf/1981_trimmed/Kerala/civic amenities/1981_Cannanore_civic_amenities.pdf,Town Directory Statement IV Civic and Other Amenities; source page 117 begins Statement V.,"[""manual_verified""]"
Kerala,Cannanore,medical_educational_amenities,Trimmed,1981/Kerala/1981 Cannanore.pdf,1981 Cannanore.pdf,Village/Town Directory volume,English or bilingual,"[117, 118, 119, 120]","[null, null, null, null]",output/pdf/1981_trimmed/Kerala/mededu/1981_Cannanore_medical_educational_amenities.pdf,"Town Directory Statement V Medical, Educational, Recreational and Cultural Facilities, including all continuation pages; source page 121 begins Statement VI.","[""manual_verified""]"
Kerala,Cannanore,tehsil_appendix,Trimmed,1981/Kerala/1981 Cannanore.pdf,1981 Cannanore.pdf,Village/Town Directory volume,English or bilingual,"[101, 102]","[null, null]",output/pdf/1981_trimmed/Kerala/tehsil appendix/1981_Cannanore_tehsil_appendix.pdf,"Village Directory Appendix I, Taluk-wise Abstract of Educational, Medical and Other Amenities; source page 103 begins Appendix II.","[""manual_verified""]"
Kerala,Ernakulam,civic_amenities,Trimmed,1981/Kerala/1981 Ernakulam.pdf,1981 Ernakulam.pdf,Village/Town Directory volume,English or bilingual,"[162, 163]","[null, ""1979""]",output/pdf/1981_trimmed/Kerala/civic amenities/1981_Ernakulam_civic_amenities.pdf,Town Directory Statement IV Civic and Other Amenities; source page 164 begins Statement V.,"[""manual_verified""]"
Kerala,Ernakulam,medical_educational_amenities,Trimmed,1981/Kerala/1981 Ernakulam.pdf,1981 Ernakulam.pdf,Village/Town Directory volume,English or bilingual,"[164, 165, 166, 167]","[null, ""1979"", null, null]",output/pdf/1981_trimmed/Kerala/mededu/1981_Ernakulam_medical_educational_amenities.pdf,"Town Directory Statement V Medical, Educational, Recreational and Cultural Facilities, including all continuation pages; source page 168 begins Statement VI.","[""manual_verified""]"
Kerala,Ernakulam,tehsil_appendix,Trimmed,1981/Kerala/1981 Ernakulam.pdf,1981 Ernakulam.pdf,Village/Town Directory volume,English or bilingual,"[148, 149]","[null, null]",output/pdf/1981_trimmed/Kerala/tehsil appendix/1981_Ernakulam_tehsil_appendix.pdf,"Village Directory Appendix I, Taluk-wise Abstract of Educational, Medical and Other Amenities; source page 150 begins Appendix II.","[""manual_verified""]"
Kerala,Idikki,civic_amenities,Trimmed,1981/Kerala/1981 Idikki.pdf,1981 Idikki.pdf,directory candidate,English or bilingual,"[78, 79]","[null, ""1979""]",output/pdf/1981_trimmed/Kerala/civic amenities/1981_Idikki_civic_amenities.pdf,Town Directory Statement IV Civic and Other Amenities; the civic table starts on source page 78 and continues on source page 79.,"[""manual_verified""]"
Kerala,Idikki,medical_educational_amenities,Trimmed,1981/Kerala/1981 Idikki.pdf,1981 Idikki.pdf,directory candidate,English or bilingual,"[78, 79]","[null, ""1979""]",output/pdf/1981_trimmed/Kerala/mededu/1981_Idikki_medical_educational_amenities.pdf,"Town Directory Statement V Medical, Educational, Recreational and Cultural Facilities shares source pages 78-79 with the end of Statement IV; source page 80 begins the outgrowth appendix.","[""manual_verified""]"
Kerala,Idikki,tehsil_appendix,Trimmed,1981/Kerala/1981 Idikki.pdf,1981 Idikki.pdf,directory candidate,English or bilingual,"[68, 69]","[null, null]",output/pdf/1981_trimmed/Kerala/tehsil appendix/1981_Idikki_tehsil_appendix.pdf,"Village Directory Appendix I, Taluk-wise Abstract of Educational, Medical and Other Amenities; source page 70 begins Appendix II.","[""manual_verified""]"
Kerala,Kasaragod,civic_amenities,Trimmed,1981/Kerala/1981 Kasaragod.pdf,1981 Kasaragod.pdf,directory candidate,English or bilingual,"[84, 85]","[null, ""1979""]",output/pdf/1981_trimmed/Kerala/civic amenities/1981_Kasaragod_civic_amenities.pdf,Town Directory Statement IV Civic and Other Amenities; source page 86 begins Statement V.,"[""manual_verified""]"
Kerala,Kasaragod,medical_educational_amenities,Trimmed,1981/Kerala/1981 Kasaragod.pdf,1981 Kasaragod.pdf,directory candidate,English or bilingual,"[84, 85]","[null, ""1979""]",output/pdf/1981_trimmed/Kerala/mededu/1981_Kasaragod_medical_educational_amenities.pdf,"Town Directory Statement V Medical, Educational, Recreational and Cultural Facilities on source pages 84-85; source page 86 begins the Town Directory outgrowth appendix.","[""manual_verified""]"
Kerala,Kasaragod,tehsil_appendix,Trimmed,1981/Kerala/1981 Kasaragod.pdf,1981 Kasaragod.pdf,directory candidate,English or bilingual,"[74, 75]","[null, null]",output/pdf/1981_trimmed/Kerala/tehsil appendix/1981_Kasaragod_tehsil_appendix.pdf,"Village Directory Appendix I, Taluk-wise Abstract of Educational, Medical and Other Amenities; source page 76 begins Appendix II.","[""manual_verified""]"
Kerala,Kottayam,civic_amenities,Trimmed,1981/Kerala/1981 Kottayam.pdf,1981 Kottayam.pdf,directory candidate,English or bilingual,"[119, 120]","[null, null]",output/pdf/1981_trimmed/Kerala/civic amenities/1981_Kottayam_civic_amenities.pdf,Town Directory Statement IV Civic and Other Amenities; source page 121 begins Statement V.,"[""manual_verified""]"
Kerala,Kottayam,medical_educational_amenities,Trimmed,1981/Kerala/1981 Kottayam.pdf,1981 Kottayam.pdf,directory candidate,English or bilingual,"[121, 122]","[null, ""1979""]",output/pdf/1981_trimmed/Kerala/mededu/1981_Kottayam_medical_educational_amenities.pdf,"Town Directory Statement V Medical, Educational, Recreational and Cultural Facilities; source page 123 begins Statement VI.","[""manual_verified""]"
Kerala,Kottayam,tehsil_appendix,Trimmed,1981/Kerala/1981 Kottayam.pdf,1981 Kottayam.pdf,directory candidate,English or bilingual,"[107, 108]","[null, null]",output/pdf/1981_trimmed/Kerala/tehsil appendix/1981_Kottayam_tehsil_appendix.pdf,"Village Directory Appendix I, Taluk-wise Abstract of Educational, Medical and Other Amenities; source page 109 begins Appendix II.","[""manual_verified""]"
Kerala,Kozhikode,civic_amenities,Not trimmed,1981/Kerala/1981 Kozhikode.pdf,1981 Kozhikode.pdf,Part XIII-B primary census abstract,English or bilingual,[],[],,Visual contents show a PCA-only Part XIII-B volume with no Village/Town Directory or Statement IV civic amenities table.,"[""manual_absent_or_ineligible""]"
Kerala,Kozhikode,medical_educational_amenities,Not trimmed,1981/Kerala/1981 Kozhikode.pdf,1981 Kozhikode.pdf,Part XIII-B primary census abstract,English or bilingual,[],[],,Visual contents show a PCA-only Part XIII-B volume with no Village/Town Directory or Statement V medical and educational amenities table.,"[""manual_absent_or_ineligible""]"
Kerala,Kozhikode,tehsil_appendix,Not trimmed,1981/Kerala/1981 Kozhikode.pdf,1981 Kozhikode.pdf,Part XIII-B primary census abstract,English or bilingual,[],[],,Visual contents show a PCA-only Part XIII-B volume with no village-directory amenities appendix.,"[""manual_absent_or_ineligible""]"
Kerala,Malappuram,civic_amenities,Trimmed,1981/Kerala/1981 Malappuram.pdf,1981 Malappuram.pdf,Village/Town Directory volume,English or bilingual,"[80, 81]","[null, ""1979""]",output/pdf/1981_trimmed/Kerala/civic amenities/1981_Malappuram_civic_amenities.pdf,Town Directory Statement IV Civic and Other Amenities; source page 82 begins the outgrowth appendix.,"[""manual_verified""]"
Kerala,Malappuram,medical_educational_amenities,Trimmed,1981/Kerala/1981 Malappuram.pdf,1981 Malappuram.pdf,Village/Town Directory volume,English or bilingual,"[80, 81]","[null, ""1979""]",output/pdf/1981_trimmed/Kerala/mededu/1981_Malappuram_medical_educational_amenities.pdf,"Town Directory Statement V Medical, Educational, Recreational and Cultural Facilities shares source pages 80-81 with Statement IV; source page 82 begins the outgrowth appendix.","[""manual_verified""]"
Kerala,Malappuram,tehsil_appendix,Trimmed,1981/Kerala/1981 Malappuram.pdf,1981 Malappuram.pdf,Village/Town Directory volume,English or bilingual,"[69, 70]","[null, null]",output/pdf/1981_trimmed/Kerala/tehsil appendix/1981_Malappuram_tehsil_appendix.pdf,"Village Directory Appendix I, Taluk-wise Abstract of Educational, Medical and Other Amenities; source page 71 begins Appendices II-III.","[""manual_verified""]"
Kerala,Quilon,civic_amenities,Trimmed,1981/Kerala/1981 Quilon.pdf,1981 Quilon.pdf,directory candidate,English or bilingual,"[110, 111]","[null, null]",output/pdf/1981_trimmed/Kerala/civic amenities/1981_Quilon_civic_amenities.pdf,Town Directory Statement IV Civic and Other Amenities begins on source page 110 and continues on source page 111; source page 111 also begins Statement V.,"[""manual_verified""]"
Kerala,Quilon,medical_educational_amenities,Trimmed,1981/Kerala/1981 Quilon.pdf,1981 Quilon.pdf,directory candidate,English or bilingual,"[111, 112]","[null, null]",output/pdf/1981_trimmed/Kerala/mededu/1981_Quilon_medical_educational_amenities.pdf,"Town Directory Statement V Medical, Educational, Recreational and Cultural Facilities; source page 113 begins the outgrowth appendix.","[""manual_verified""]"
Kerala,Quilon,tehsil_appendix,Trimmed,1981/Kerala/1981 Quilon.pdf,1981 Quilon.pdf,directory candidate,English or bilingual,"[99, 100]","[null, null]",output/pdf/1981_trimmed/Kerala/tehsil appendix/1981_Quilon_tehsil_appendix.pdf,"Village Directory Appendix I, Taluk-wise Abstract of Educational, Medical and Other Amenities; source page 101 begins Appendix II.","[""manual_verified""]"
Kerala,Trichur,civic_amenities,Trimmed,1981/Kerala/1981 Trichur.pdf,1981 Trichur.pdf,Village/Town Directory volume,English or bilingual,"[123, 124]","[null, ""1979""]",output/pdf/1981_trimmed/Kerala/civic amenities/1981_Trichur_civic_amenities.pdf,Town Directory Statement IV Civic and Other Amenities; source page 125 begins Statement V.,"[""manual_verified""]"
Kerala,Trichur,medical_educational_amenities,Trimmed,1981/Kerala/1981 Trichur.pdf,1981 Trichur.pdf,Village/Town Directory volume,English or bilingual,"[125, 126, 127, 128]","[null, null, null, null]",output/pdf/1981_trimmed/Kerala/mededu/1981_Trichur_medical_educational_amenities.pdf,"Town Directory Statement V Medical, Educational, Recreational and Cultural Facilities, including all continuation pages; source page 129 begins Statement VI.","[""manual_verified""]"
Kerala,Trichur,tehsil_appendix,Trimmed,1981/Kerala/1981 Trichur.pdf,1981 Trichur.pdf,Village/Town Directory volume,English or bilingual,"[107, 108]","[null, null]",output/pdf/1981_trimmed/Kerala/tehsil appendix/1981_Trichur_tehsil_appendix.pdf,"Village Directory Appendix I, Taluk-wise Abstract of Educational, Medical and Other Amenities; source page 109 begins Appendix II.","[""manual_verified""]"
Kerala,Trivandrum,civic_amenities,Trimmed,1981/Kerala/1981 Trivandrum.pdf,1981 Trivandrum.pdf,Village/Town Directory volume,English or bilingual,"[118, 119]","[null, null]",output/pdf/1981_trimmed/Kerala/civic amenities/1981_Trivandrum_civic_amenities.pdf,Town Directory Statement IV Civic and Other Amenities; source page 120 begins Statement V.,"[""manual_verified""]"
Kerala,Trivandrum,medical_educational_amenities,Trimmed,1981/Kerala/1981 Trivandrum.pdf,1981 Trivandrum.pdf,Village/Town Directory volume,English or bilingual,"[120, 121]","[null, null]",output/pdf/1981_trimmed/Kerala/mededu/1981_Trivandrum_medical_educational_amenities.pdf,"Town Directory Statement V Medical, Educational, Recreational and Cultural Facilities; source page 122 begins Statement VI.","[""manual_verified""]"
Kerala,Trivandrum,tehsil_appendix,Trimmed,1981/Kerala/1981 Trivandrum.pdf,1981 Trivandrum.pdf,Village/Town Directory volume,English or bilingual,"[108, 109]","[null, null]",output/pdf/1981_trimmed/Kerala/tehsil appendix/1981_Trivandrum_tehsil_appendix.pdf,"Village Directory Appendix I, Taluk-wise Abstract of Educational, Medical and Other Amenities; source page 110 begins Appendix II.","[""manual_verified""]"
Kerala,Wayanad,civic_amenities,Not trimmed,1981/Kerala/1981 Wayanad.pdf,1981 Wayanad.pdf,Village/Town Directory volume,English or bilingual,[],[],,"Visual contents show no Town Directory section in this volume, so Statement IV civic amenities is absent.","[""manual_absent_or_ineligible""]"
Kerala,Wayanad,medical_educational_amenities,Not trimmed,1981/Kerala/1981 Wayanad.pdf,1981 Wayanad.pdf,Village/Town Directory volume,English or bilingual,[],[],,"Visual contents show no Town Directory section in this volume, so Statement V medical and educational amenities is absent.","[""manual_absent_or_ineligible""]"
Kerala,Wayanad,tehsil_appendix,Trimmed,1981/Kerala/1981 Wayanad.pdf,1981 Wayanad.pdf,Village/Town Directory volume,English or bilingual,"[62, 63]","[null, null]",output/pdf/1981_trimmed/Kerala/tehsil appendix/1981_Wayanad_tehsil_appendix.pdf,"Village Directory Appendix I, Taluk-wise Abstract of Educational, Medical and Other Amenities; source page 64 begins Appendix II.","[""manual_verified""]"
Madhya Pradesh,Balaghat,civic_amenities,Trimmed,1981/Madhya Pradesh/1981 Balaghat.pdf,1981 Balaghat.pdf,directory candidate,English or bilingual,"[292, 293]","[""254"", ""255""]",output/pdf/1981_trimmed/Madhya Pradesh/civic amenities/1981_Balaghat_civic_amenities.pdf,"Town Directory Statement IV Civic and Other Amenities, printed pages 254-255; source page 294 begins Statement IV-A.","[""manual_verified""]"
Madhya Pradesh,Balaghat,medical_educational_amenities,Trimmed,1981/Madhya Pradesh/1981 Balaghat.pdf,1981 Balaghat.pdf,directory candidate,English or bilingual,"[296, 297]","[""258"", null]",output/pdf/1981_trimmed/Madhya Pradesh/mededu/1981_Balaghat_medical_educational_amenities.pdf,"Town Directory Statement V Medical, Educational, Recreational and Cultural Facilities, printed pages 258-259; source page 298 begins Statement VI.","[""manual_verified""]"
Madhya Pradesh,Balaghat,tehsil_appendix,Trimmed,1981/Madhya Pradesh/1981 Balaghat.pdf,1981 Balaghat.pdf,directory candidate,English or bilingual,"[234, 235, 236, 237]","[""196"", ""197"", ""198"", ""199""]",output/pdf/1981_trimmed/Madhya Pradesh/tehsil appendix/1981_Balaghat_tehsil_appendix.pdf,"Village Directory Appendix I Taluk-wise Abstract of Educational, Medical and Other Amenities, printed pages 196-199; source page 238 begins Appendix II.","[""manual_verified""]"
Madhya Pradesh,Bastar,civic_amenities,Trimmed,1981/Madhya Pradesh/1981 Bastar.pdf,1981 Bastar.pdf,directory candidate,English or bilingual,"[685, 686]","[null, null]",output/pdf/1981_trimmed/Madhya Pradesh/civic amenities/1981_Bastar_civic_amenities.pdf,Town Directory Statement IV Civic and Other Amenities; source page 687 begins Statement IV-A.,"[""manual_verified""]"
Madhya Pradesh,Bastar,medical_educational_amenities,Trimmed,1981/Madhya Pradesh/1981 Bastar.pdf,1981 Bastar.pdf,directory candidate,English or bilingual,"[689, 690]","[""642"", null]",output/pdf/1981_trimmed/Madhya Pradesh/mededu/1981_Bastar_medical_educational_amenities.pdf,"Town Directory Statement V Medical, Educational, Recreational and Cultural Facilities; source page 691 begins Statement VI.","[""manual_verified""]"
Madhya Pradesh,Bastar,tehsil_appendix,Trimmed,1981/Madhya Pradesh/1981 Bastar.pdf,1981 Bastar.pdf,directory candidate,English or bilingual,"[559, 560, 561, 562]","[null, null, null, ""511""]",output/pdf/1981_trimmed/Madhya Pradesh/tehsil appendix/1981_Bastar_tehsil_appendix.pdf,"Village Directory Appendix I Taluk-wise Abstract of Educational, Medical and Other Amenities, printed pages 508-511; source page 563 begins Appendix II.","[""manual_verified""]"
Madhya Pradesh,Betul,civic_amenities,Trimmed,1981/Madhya Pradesh/1981 Betul.pdf,1981 Betul.pdf,directory candidate,English or bilingual,"[302, 303]","[""258"", ""259""]",output/pdf/1981_trimmed/Madhya Pradesh/civic amenities/1981_Betul_civic_amenities.pdf,"Town Directory Statement IV Civic and Other Amenities, printed pages 258-259; source page 304 begins Statement V.","[""manual_verified""]"
Madhya Pradesh,Betul,medical_educational_amenities,Trimmed,1981/Madhya Pradesh/1981 Betul.pdf,1981 Betul.pdf,directory candidate,English or bilingual,"[304, 305]","[null, ""261""]",output/pdf/1981_trimmed/Madhya Pradesh/mededu/1981_Betul_medical_educational_amenities.pdf,"Town Directory Statement V Medical, Educational, Recreational and Cultural Facilities, printed pages 260-261; source page 306 begins Statement VI.","[""manual_verified""]"
Madhya Pradesh,Betul,tehsil_appendix,Trimmed,1981/Madhya Pradesh/1981 Betul.pdf,1981 Betul.pdf,directory candidate,English or bilingual,"[240, 241, 242, 243]","[null, ""197"", ""198"", ""199""]",output/pdf/1981_trimmed/Madhya Pradesh/tehsil appendix/1981_Betul_tehsil_appendix.pdf,"Village Directory Appendix I Taluk-wise Abstract of Educational, Medical and Other Amenities, printed pages 196-199; source page 244 begins Appendix II.","[""manual_verified""]"
Madhya Pradesh,Bhind,civic_amenities,Trimmed,1981/Madhya Pradesh/1981 Bhind.pdf,1981 Bhind.pdf,Village/Town Directory volume,English or bilingual,"[218, 219]","[""178"", null]",output/pdf/1981_trimmed/Madhya Pradesh/civic amenities/1981_Bhind_civic_amenities.pdf,"Town Directory Statement IV Civic and Other Amenities, printed pages 178-179; source page 220 begins Statement IV-A.","[""manual_verified""]"
Madhya Pradesh,Bhind,medical_educational_amenities,Trimmed,1981/Madhya Pradesh/1981 Bhind.pdf,1981 Bhind.pdf,Village/Town Directory volume,English or bilingual,"[222, 223]","[null, ""181""]",output/pdf/1981_trimmed/Madhya Pradesh/mededu/1981_Bhind_medical_educational_amenities.pdf,"Town Directory Statement V Medical, Educational, Recreational and Cultural Facilities, printed pages 182-183; source page 224 begins Statement VI.","[""manual_verified""]"
Madhya Pradesh,Bhind,tehsil_appendix,Trimmed,1981/Madhya Pradesh/1981 Bhind.pdf,1981 Bhind.pdf,Village/Town Directory volume,English or bilingual,"[183, 184, 185, 186]","[null, null, ""142"", ""143""]",output/pdf/1981_trimmed/Madhya Pradesh/tehsil appendix/1981_Bhind_tehsil_appendix.pdf,"Village Directory Appendix I Tahsil-wise Abstract of Educational, Medical and other amenities, printed pages 140-143; source page 187 begins Appendix II.","[""manual_verified""]"
Madhya Pradesh,Bhopal,civic_amenities,Trimmed,1981/Madhya Pradesh/1981 Bhopal.pdf,1981 Bhopal.pdf,directory candidate,English or bilingual,"[153, 154]","[null, ""113""]",output/pdf/1981_trimmed/Madhya Pradesh/civic amenities/1981_Bhopal_civic_amenities.pdf,"Town Directory Statement IV Civic and Other Amenities, printed pages 112-113; source page 155 begins Statement IV-A.","[""manual_verified""]"
Madhya Pradesh,Bhopal,medical_educational_amenities,Trimmed,1981/Madhya Pradesh/1981 Bhopal.pdf,1981 Bhopal.pdf,directory candidate,English or bilingual,"[159, 160]","[null, ""119""]",output/pdf/1981_trimmed/Madhya Pradesh/mededu/1981_Bhopal_medical_educational_amenities.pdf,"Town Directory Statement V Medical, Educational, Recreational and Cultural Facilities, printed pages 118-119; source page 161 begins Statement VI.","[""manual_verified""]"
Madhya Pradesh,Bhopal,tehsil_appendix,Trimmed,1981/Madhya Pradesh/1981 Bhopal.pdf,1981 Bhopal.pdf,directory candidate,English or bilingual,"[121, 122, 123]","[""80"", null, ""82""]",output/pdf/1981_trimmed/Madhya Pradesh/tehsil appendix/1981_Bhopal_tehsil_appendix.pdf,"Village Directory Appendix I Tahsil-wise Abstract of Educational, Medical and other amenities, printed pages 80-82; source page 124 begins Appendix II.","[""manual_verified""]"
Madhya Pradesh,Bilaspur,civic_amenities,Trimmed,1981/Madhya Pradesh/1981 Bilaspur.pdf,1981 Bilaspur.pdf,directory candidate,English or bilingual,"[659, 660, 661, 662]","[null, ""1979"", null, null]",output/pdf/1981_trimmed/Madhya Pradesh/civic amenities/1981_Bilaspur_civic_amenities.pdf,"Town Directory Statement IV Civic and Other Amenities, printed pages 614-617; source page 663 begins Statement IV-A.","[""manual_verified""]"
Madhya Pradesh,Bilaspur,medical_educational_amenities,Trimmed,1981/Madhya Pradesh/1981 Bilaspur.pdf,1981 Bilaspur.pdf,directory candidate,English or bilingual,"[667, 668, 669, 670, 671]","[null, ""623"", null, null, null]",output/pdf/1981_trimmed/Madhya Pradesh/mededu/1981_Bilaspur_medical_educational_amenities.pdf,"Town Directory Statement V Medical, Educational, Recreational and Cultural Facilities, printed pages 622-626; source page 672 begins Statement VI.","[""manual_verified""]"
Madhya Pradesh,Bilaspur,tehsil_appendix,Trimmed,1981/Madhya Pradesh/1981 Bilaspur.pdf,1981 Bilaspur.pdf,directory candidate,English or bilingual,"[521, 522, 523, 524]","[""478"", ""479"", ""480"", ""481""]",output/pdf/1981_trimmed/Madhya Pradesh/tehsil appendix/1981_Bilaspur_tehsil_appendix.pdf,"Village Directory Appendix I Tahsil-wise Abstract of Educational, Medical and other amenities, printed pages 478-481; source page 525 begins Appendix II.","[""manual_verified""]"
Madhya Pradesh,Chhatarpur,civic_amenities,Trimmed,1981/Madhya Pradesh/1981 Chhatarpur.pdf,1981 Chhatarpur.pdf,directory candidate,English or bilingual,[254],"[""1979""]",output/pdf/1981_trimmed/Madhya Pradesh/civic amenities/1981_Chhatarpur_civic_amenities.pdf,Town Directory Statement IV Civic and Other Amenities is present on source page 254 (printed page 214); source page 255 is blank and source page 256 begins Statement IV-A.,"[""manual_verified""]"
Madhya Pradesh,Chhatarpur,medical_educational_amenities,Trimmed,1981/Madhya Pradesh/1981 Chhatarpur.pdf,1981 Chhatarpur.pdf,directory candidate,English or bilingual,"[258, 259]","[null, null]",output/pdf/1981_trimmed/Madhya Pradesh/mededu/1981_Chhatarpur_medical_educational_amenities.pdf,"Town Directory Statement V Medical, Educational, Recreational and Cultural Facilities, printed pages 217-218; source page 260 begins Statement VI.","[""manual_verified""]"
Madhya Pradesh,Chhatarpur,tehsil_appendix,Trimmed,1981/Madhya Pradesh/1981 Chhatarpur.pdf,1981 Chhatarpur.pdf,directory candidate,English or bilingual,"[212, 213, 214, 215]","[""1"", ""169"", null, ""171""]",output/pdf/1981_trimmed/Madhya Pradesh/tehsil appendix/1981_Chhatarpur_tehsil_appendix.pdf,"Village Directory Appendix I Tahsil-wise Abstract of Educational, Medical and other amenities, printed pages 168-171; source page 216 begins Appendix II.","[""manual_verified""]"
Madhya Pradesh,Chhindwara,civic_amenities,Trimmed,1981/Madhya Pradesh/1981 Chhindwara.pdf,1981 Chhindwara.pdf,directory candidate,English or bilingual,"[396, 397]","[null, null]",output/pdf/1981_trimmed/Madhya Pradesh/civic amenities/1981_Chhindwara_civic_amenities.pdf,"Town Directory Statement IV Civic and Other Amenities, printed pages 354-355; source pages 398-401 are Statement IV-A.","[""manual_verified""]"
Madhya Pradesh,Chhindwara,medical_educational_amenities,Trimmed,1981/Madhya Pradesh/1981 Chhindwara.pdf,1981 Chhindwara.pdf,directory candidate,English or bilingual,"[402, 403, 404, 405, 406, 407]","[null, ""361"", ""362"", ""363"", ""364"", ""365""]",output/pdf/1981_trimmed/Madhya Pradesh/mededu/1981_Chhindwara_medical_educational_amenities.pdf,"Town Directory Statement V Medical, Educational, Recreational and Cultural Facilities, printed pages 360-365; source page 408 begins Statement VI.","[""manual_verified""]"
Madhya Pradesh,Chhindwara,tehsil_appendix,Trimmed,1981/Madhya Pradesh/1981 Chhindwara.pdf,1981 Chhindwara.pdf,directory candidate,English or bilingual,"[310, 311, 312, 313]","[""268"", ""269"", null, ""271""]",output/pdf/1981_trimmed/Madhya Pradesh/tehsil appendix/1981_Chhindwara_tehsil_appendix.pdf,"Village Directory Appendix I Tahsil-wise Abstract of Educational, Medical and other amenities, printed pages 268-271; source page 314 begins Appendix II.","[""manual_verified""]"
Madhya Pradesh,Damoh,civic_amenities,Not trimmed,1981/Madhya Pradesh/1981 Damoh.pdf,1981 Damoh.pdf,directory candidate,English or bilingual,[],[],,Contents show a PCA-only volume ending with primary census abstracts and development blockwise PCA; no Town Directory Statement IV is present.,"[""manual_absent_or_ineligible""]"
Madhya Pradesh,Damoh,medical_educational_amenities,Not trimmed,1981/Madhya Pradesh/1981 Damoh.pdf,1981 Damoh.pdf,directory candidate,English or bilingual,[],[],,Contents show a PCA-only volume ending with primary census abstracts and development blockwise PCA; no Town Directory Statement V is present.,"[""manual_absent_or_ineligible""]"
Madhya Pradesh,Damoh,tehsil_appendix,Not trimmed,1981/Madhya Pradesh/1981 Damoh.pdf,1981 Damoh.pdf,directory candidate,English or bilingual,[],[],,Contents show a PCA-only volume ending with primary census abstracts and development blockwise PCA; no village-directory amenities appendix is present.,"[""manual_absent_or_ineligible""]"
Madhya Pradesh,Datia,civic_amenities,Trimmed,1981/Madhya Pradesh/1981 Datia.pdf,1981 Datia.pdf,directory candidate,English or bilingual,"[136, 137]","[""122"", ""123""]",output/pdf/1981_trimmed/Madhya Pradesh/civic amenities/1981_Datia_civic_amenities.pdf,"Town Directory Statement IV Civic and Other Amenities, printed pages 122-123; source page 138 begins Statement V.","[""manual_verified""]"
Madhya Pradesh,Datia,medical_educational_amenities,Trimmed,1981/Madhya Pradesh/1981 Datia.pdf,1981 Datia.pdf,directory candidate,English or bilingual,"[138, 139]","[null, ""125""]",output/pdf/1981_trimmed/Madhya Pradesh/mededu/1981_Datia_medical_educational_amenities.pdf,"Town Directory Statement V Medical, Educational, Recreational and Cultural Facilities, printed pages 124-125; source page 140 begins Statement VI.","[""manual_verified""]"
Madhya Pradesh,Datia,tehsil_appendix,Trimmed,1981/Madhya Pradesh/1981 Datia.pdf,1981 Datia.pdf,directory candidate,English or bilingual,"[110, 111, 112, 113]","[""96"", null, ""98"", ""99""]",output/pdf/1981_trimmed/Madhya Pradesh/tehsil appendix/1981_Datia_tehsil_appendix.pdf,"Village Directory Appendix I Tahsil-wise Abstract of Educational, Medical and other amenities, printed pages 96-99; source page 114 begins Appendix II.","[""manual_verified""]"
Madhya Pradesh,Dewas,civic_amenities,Trimmed,1981/Madhya Pradesh/1981 Dewas.pdf,1981 Dewas.pdf,directory candidate,English or bilingual,"[256, 257]","[null, ""215""]",output/pdf/1981_trimmed/Madhya Pradesh/civic amenities/1981_Dewas_civic_amenities.pdf,"Town Directory Statement IV Civic and Other Amenities, printed pages 214-215; source page 258 begins Statement IV-A.","[""manual_verified""]"
Madhya Pradesh,Dewas,medical_educational_amenities,Trimmed,1981/Madhya Pradesh/1981 Dewas.pdf,1981 Dewas.pdf,directory candidate,English or bilingual,"[260, 261]","[null, ""219""]",output/pdf/1981_trimmed/Madhya Pradesh/mededu/1981_Dewas_medical_educational_amenities.pdf,"Town Directory Statement V Medical, Educational, Recreational and Cultural Facilities, printed pages 218-219; source page 262 begins Statement VI.","[""manual_verified""]"
Madhya Pradesh,Dewas,tehsil_appendix,Trimmed,1981/Madhya Pradesh/1981 Dewas.pdf,1981 Dewas.pdf,directory candidate,English or bilingual,"[208, 209, 210, 211]","[""166"", ""167"", ""1"", ""169""]",output/pdf/1981_trimmed/Madhya Pradesh/tehsil appendix/1981_Dewas_tehsil_appendix.pdf,"Village Directory Appendix I Tahsil-wise Abstract of Educational, Medical and other amenities, printed pages 166-169; source page 212 begins Appendix II.","[""manual_verified""]"
Madhya Pradesh,Dhar,civic_amenities,Trimmed,1981/Madhya Pradesh/1981 Dhar.pdf,1981 Dhar.pdf,directory candidate,English or bilingual,"[330, 331]","[null, ""283""]",output/pdf/1981_trimmed/Madhya Pradesh/civic amenities/1981_Dhar_civic_amenities.pdf,"Town Directory Statement IV Civic and Other Amenities, printed pages 282-283; source page 332 begins Statement V medical facilities.","[""manual_verified""]"
Madhya Pradesh,Dhar,medical_educational_amenities,Trimmed,1981/Madhya Pradesh/1981 Dhar.pdf,1981 Dhar.pdf,directory candidate,English or bilingual,"[332, 333]","[null, null]",output/pdf/1981_trimmed/Madhya Pradesh/mededu/1981_Dhar_medical_educational_amenities.pdf,"Town Directory Statement V Medical, Educational, Recreational and Cultural Facilities, printed pages 284-285; source page 334 begins Statement VI.","[""manual_verified""]"
Madhya Pradesh,Dhar,tehsil_appendix,Trimmed,1981/Madhya Pradesh/1981 Dhar.pdf,1981 Dhar.pdf,directory candidate,English or bilingual,"[266, 267, 268, 269]","[""218"", ""1"", ""220"", ""221""]",output/pdf/1981_trimmed/Madhya Pradesh/tehsil appendix/1981_Dhar_tehsil_appendix.pdf,"Village Directory Appendix I Tahsil-wise Abstract of Educational, Medical and other amenities, printed pages 218-221; source page 270 begins Appendix II.","[""manual_verified""]"
Madhya Pradesh,Durg,civic_amenities,Trimmed,1981/Madhya Pradesh/1981 Durg.pdf,1981 Durg.pdf,directory candidate,English or bilingual,"[390, 391, 392, 393]","[null, ""343"", null, ""345""]",output/pdf/1981_trimmed/Madhya Pradesh/civic amenities/1981_Durg_civic_amenities.pdf,"Town Directory Statement IV Civic and Other Amenities, printed pages 342-345; source pages 394-397 are Statement IV-A.","[""manual_verified""]"
Madhya Pradesh,Durg,medical_educational_amenities,Trimmed,1981/Madhya Pradesh/1981 Durg.pdf,1981 Durg.pdf,directory candidate,English or bilingual,"[398, 399, 400, 401]","[""350"", ""1979"", null, ""353""]",output/pdf/1981_trimmed/Madhya Pradesh/mededu/1981_Durg_medical_educational_amenities.pdf,"Town Directory Statement V Medical, Educational, Recreational and Cultural Facilities, printed pages 350-353; source page 402 begins Statement VI.","[""manual_verified""]"
Madhya Pradesh,Durg,tehsil_appendix,Trimmed,1981/Madhya Pradesh/1981 Durg.pdf,1981 Durg.pdf,directory candidate,English or bilingual,"[312, 313, 314, 315]","[""264"", ""265"", ""266"", null]",output/pdf/1981_trimmed/Madhya Pradesh/tehsil appendix/1981_Durg_tehsil_appendix.pdf,"Village Directory Appendix I Tahsil-wise Abstract of Educational, Medical and other amenities, printed pages 264-267; source page 316 begins Appendix II.","[""manual_verified""]"
Madhya Pradesh,East-Nimar,civic_amenities,Trimmed,1981/Madhya Pradesh/1981 East-Nimar.pdf,1981 East-Nimar.pdf,directory candidate,English or bilingual,"[264, 265]","[null, ""225""]",output/pdf/1981_trimmed/Madhya Pradesh/civic amenities/1981_East-Nimar_civic_amenities.pdf,"Town Directory Statement IV Civic and Other Amenities, printed pages 224-225; source pages 266-269 are Statement IV-A.","[""manual_verified""]"
Madhya Pradesh,East-Nimar,medical_educational_amenities,Trimmed,1981/Madhya Pradesh/1981 East-Nimar.pdf,1981 East-Nimar.pdf,directory candidate,English or bilingual,"[270, 271]","[""5"", ""231""]",output/pdf/1981_trimmed/Madhya Pradesh/mededu/1981_East-Nimar_medical_educational_amenities.pdf,"Town Directory Statement V Medical, Educational, Recreational and Cultural Facilities, printed pages 230-231; source page 272 begins Statement VI.","[""manual_verified""]"
Madhya Pradesh,East-Nimar,tehsil_appendix,Trimmed,1981/Madhya Pradesh/1981 East-Nimar.pdf,1981 East-Nimar.pdf,directory candidate,English or bilingual,"[210, 211, 212, 213]","[null, ""171"", null, ""173""]",output/pdf/1981_trimmed/Madhya Pradesh/tehsil appendix/1981_East-Nimar_tehsil_appendix.pdf,"Village Directory Appendix I Tahsil-wise Abstract of Educational, Medical and other amenities, printed pages 170-173; source page 214 begins Appendix II.","[""manual_verified""]"
Madhya Pradesh,Guna,civic_amenities,Trimmed,1981/Madhya Pradesh/1981 Guna.pdf,1981 Guna.pdf,directory candidate,English or bilingual,"[439, 440]","[null, ""399""]",output/pdf/1981_trimmed/Madhya Pradesh/civic amenities/1981_Guna_civic_amenities.pdf,"Town Directory Statement IV Civic and Other Amenities, printed pages 398-399; source pages 441-444 are Statement IV-A.","[""manual_verified""]"
Madhya Pradesh,Guna,medical_educational_amenities,Trimmed,1981/Madhya Pradesh/1981 Guna.pdf,1981 Guna.pdf,directory candidate,English or bilingual,"[445, 446, 447]","[""5"", ""405"", null]",output/pdf/1981_trimmed/Madhya Pradesh/mededu/1981_Guna_medical_educational_amenities.pdf,"Town Directory Statement V Medical, Educational, Recreational and Cultural Facilities, printed pages 404-406; source page 448 begins Statement VI.","[""manual_verified""]"
Madhya Pradesh,Guna,tehsil_appendix,Trimmed,1981/Madhya Pradesh/1981 Guna.pdf,1981 Guna.pdf,directory candidate,English or bilingual,"[353, 354, 355, 356]","[null, ""313"", ""314"", ""315""]",output/pdf/1981_trimmed/Madhya Pradesh/tehsil appendix/1981_Guna_tehsil_appendix.pdf,"Village Directory Appendix I Tahsil-wise Abstract of Educational, Medical and other amenities, printed pages 312-315; source page 357 begins Appendix II.","[""manual_verified""]"
Madhya Pradesh,Gwalior,civic_amenities,Trimmed,1981/Madhya Pradesh/1981 Gwalior.pdf,1981 Gwalior.pdf,Village/Town Directory volume,English or bilingual,"[188, 189, 190]","[""172"", ""3"", null]",output/pdf/1981_trimmed/Madhya Pradesh/civic amenities/1981_Gwalior_civic_amenities.pdf,"Town Directory Statement IV Civic and Other Amenities, printed pages 172-174; source page 191 begins Statement IV-A.","[""manual_verified""]"
Madhya Pradesh,Gwalior,medical_educational_amenities,Trimmed,1981/Madhya Pradesh/1981 Gwalior.pdf,1981 Gwalior.pdf,Village/Town Directory volume,English or bilingual,"[192, 193]","[null, null]",output/pdf/1981_trimmed/Madhya Pradesh/mededu/1981_Gwalior_medical_educational_amenities.pdf,"Town Directory Statement V Medical, Educational, Recreational and Cultural Facilities, printed pages 176-177; source page 194 begins Statement VI.","[""manual_verified""]"
Madhya Pradesh,Gwalior,tehsil_appendix,Trimmed,1981/Madhya Pradesh/1981 Gwalior.pdf,1981 Gwalior.pdf,Village/Town Directory volume,English or bilingual,"[154, 155, 156, 157]","[""138"", ""139"", ""140"", ""141""]",output/pdf/1981_trimmed/Madhya Pradesh/tehsil appendix/1981_Gwalior_tehsil_appendix.pdf,"Village Directory Appendix I Tahsil-wise Abstract of Educational, Medical and other amenities, printed pages 138-141; source page 158 begins Appendix II.","[""manual_verified""]"
Madhya Pradesh,Hoshangabad,civic_amenities,Trimmed,1981/Madhya Pradesh/1981 Hoshangabad.pdf,1981 Hoshangabad.pdf,directory candidate,English or bilingual,"[335, 336, 337, 338]","[null, null, ""290"", ""291""]",output/pdf/1981_trimmed/Madhya Pradesh/civic amenities/1981_Hoshangabad_civic_amenities.pdf,"Town Directory Statement IV Civic and Other Amenities, printed pages 288-291; source page 339 begins Statement IV-A.","[""manual_verified""]"
Madhya Pradesh,Hoshangabad,medical_educational_amenities,Trimmed,1981/Madhya Pradesh/1981 Hoshangabad.pdf,1981 Hoshangabad.pdf,directory candidate,English or bilingual,"[341, 342, 343, 344]","[null, ""295"", ""296"", null]",output/pdf/1981_trimmed/Madhya Pradesh/mededu/1981_Hoshangabad_medical_educational_amenities.pdf,"Town Directory Statement V Medical, Educational, Recreational and Cultural Facilities, printed pages 294-297; source page 345 begins Statement VI.","[""manual_verified""]"
Madhya Pradesh,Hoshangabad,tehsil_appendix,Trimmed,1981/Madhya Pradesh/1981 Hoshangabad.pdf,1981 Hoshangabad.pdf,directory candidate,English or bilingual,"[265, 266, 267, 268]","[""218"", ""219"", ""220"", ""221""]",output/pdf/1981_trimmed/Madhya Pradesh/tehsil appendix/1981_Hoshangabad_tehsil_appendix.pdf,"Village Directory Appendix I Tahsil-wise Abstract of Educational, Medical and other amenities, printed pages 218-221; source page 269 begins Appendix II.","[""manual_verified""]"
Madhya Pradesh,Indore,civic_amenities,Trimmed,1981/Madhya Pradesh/1981 Indore.pdf,1981 Indore.pdf,directory candidate,English or bilingual,"[179, 180]","[""4"", ""135""]",output/pdf/1981_trimmed/Madhya Pradesh/civic amenities/1981_Indore_civic_amenities.pdf,"Town Directory Statement IV Civic and Other Amenities, printed pages 134-135; source pages 181-188 are Statement IV-A.","[""manual_verified""]"
Madhya Pradesh,Indore,medical_educational_amenities,Trimmed,1981/Madhya Pradesh/1981 Indore.pdf,1981 Indore.pdf,directory candidate,English or bilingual,"[189, 190, 191]","[""144"", ""145"", ""146""]",output/pdf/1981_trimmed/Madhya Pradesh/mededu/1981_Indore_medical_educational_amenities.pdf,"Town Directory Statement V Medical, Educational, Recreational and Cultural Facilities, printed pages 144-146; source page 192 begins Statement VI.","[""manual_verified""]"
Madhya Pradesh,Indore,tehsil_appendix,Trimmed,1981/Madhya Pradesh/1981 Indore.pdf,1981 Indore.pdf,directory candidate,English or bilingual,"[143, 144, 145, 146]","[null, ""99"", null, ""101""]",output/pdf/1981_trimmed/Madhya Pradesh/tehsil appendix/1981_Indore_tehsil_appendix.pdf,"Village Directory Appendix I Tahsil-wise Abstract of Educational, Medical and other amenities, printed pages 98-101; source page 147 begins Appendix II.","[""manual_verified""]"
Madhya Pradesh,Jabalpur,civic_amenities,Trimmed,1981/Madhya Pradesh/1981 Jabalpur.pdf,1981 Jabalpur.pdf,directory candidate,English or bilingual,"[479, 480, 481, 482]","[""4"", ""433"", null, ""433""]",output/pdf/1981_trimmed/Madhya Pradesh/civic amenities/1981_Jabalpur_civic_amenities.pdf,"Town Directory Statement IV Civic and Other Amenities, printed pages 432-435; source pages 483-488 are Statement IV-A.","[""manual_verified""]"
Madhya Pradesh,Jabalpur,medical_educational_amenities,Trimmed,1981/Madhya Pradesh/1981 Jabalpur.pdf,1981 Jabalpur.pdf,directory candidate,English or bilingual,"[489, 490, 491, 492, 493, 494]","[""441"", ""443"", ""444"", null, ""446"", ""447""]",output/pdf/1981_trimmed/Madhya Pradesh/mededu/1981_Jabalpur_medical_educational_amenities.pdf,"Town Directory Statement V Medical, Educational, Recreational and Cultural Facilities, printed pages 442-447; source page 495 begins Statement VI.","[""manual_verified""]"
Madhya Pradesh,Jabalpur,tehsil_appendix,Trimmed,1981/Madhya Pradesh/1981 Jabalpur.pdf,1981 Jabalpur.pdf,directory candidate,English or bilingual,"[383, 384, 385, 386]","[""336"", ""337"", null, ""339""]",output/pdf/1981_trimmed/Madhya Pradesh/tehsil appendix/1981_Jabalpur_tehsil_appendix.pdf,"Village Directory Appendix I Tahsil-wise Abstract of Educational, Medical and other amenities, printed pages 336-339; source page 387 begins Appendix II.","[""manual_verified""]"
Madhya Pradesh,Jhabua,civic_amenities,Trimmed,1981/Madhya Pradesh/1981 Jhabua.pdf,1981 Jhabua.pdf,directory candidate,English or bilingual,"[287, 288]","[null, ""251""]",output/pdf/1981_trimmed/Madhya Pradesh/civic amenities/1981_Jhabua_civic_amenities.pdf,"Town Directory Statement IV Civic and Other Amenities, printed pages 250-251; source page 289 begins Statement V.","[""manual_verified""]"
Madhya Pradesh,Jhabua,medical_educational_amenities,Trimmed,1981/Madhya Pradesh/1981 Jhabua.pdf,1981 Jhabua.pdf,directory candidate,English or bilingual,"[289, 290]","[null, ""253""]",output/pdf/1981_trimmed/Madhya Pradesh/mededu/1981_Jhabua_medical_educational_amenities.pdf,"Town Directory Statement V Medical, Educational, Recreational and Cultural Facilities, printed pages 252-253; source page 291 begins Statement VI.","[""manual_verified""]"
Madhya Pradesh,Jhabua,tehsil_appendix,Trimmed,1981/Madhya Pradesh/1981 Jhabua.pdf,1981 Jhabua.pdf,directory candidate,English or bilingual,"[231, 232, 233, 234]","[null, null, ""196"", ""197""]",output/pdf/1981_trimmed/Madhya Pradesh/tehsil appendix/1981_Jhabua_tehsil_appendix.pdf,"Village Directory Appendix I Tahsil-wise Abstract of Educational, Medical and other amenities, printed pages 194-197; source page 235 begins Appendix II.","[""manual_verified""]"
Madhya Pradesh,Mandla,civic_amenities,Trimmed,1981/Madhya Pradesh/1981 Mandla.pdf,1981 Mandla.pdf,directory candidate,English or bilingual,"[414, 415]","[""368"", ""369""]",output/pdf/1981_trimmed/Madhya Pradesh/civic amenities/1981_Mandla_civic_amenities.pdf,"Town Directory Statement IV Civic and Other Amenities, printed pages 368-369; source page 416 begins Statement V.","[""manual_verified""]"
Madhya Pradesh,Mandla,medical_educational_amenities,Trimmed,1981/Madhya Pradesh/1981 Mandla.pdf,1981 Mandla.pdf,directory candidate,English or bilingual,"[416, 417]","[""310"", null]",output/pdf/1981_trimmed/Madhya Pradesh/mededu/1981_Mandla_medical_educational_amenities.pdf,"Town Directory Statement V Medical, Educational, Recreational and Cultural Facilities, printed pages 370-371; source page 418 begins Statement VI.","[""manual_verified""]"
Madhya Pradesh,Mandla,tehsil_appendix,Trimmed,1981/Madhya Pradesh/1981 Mandla.pdf,1981 Mandla.pdf,directory candidate,English or bilingual,"[336, 337, 338, 339]","[""290"", ""291"", ""292"", ""293""]",output/pdf/1981_trimmed/Madhya Pradesh/tehsil appendix/1981_Mandla_tehsil_appendix.pdf,"Village Directory Appendix I Tahsil-wise Abstract of Educational, Medical and other amenities, printed pages 313-316; source page 340 begins Appendix II.","[""manual_verified""]"
Madhya Pradesh,Mandsaur,civic_amenities,Trimmed,1981/Madhya Pradesh/1981 Mandsaur.pdf,1981 Mandsaur.pdf,directory candidate,English or bilingual,"[386, 387, 388, 389]","[""340"", ""341"", null, ""343""]",output/pdf/1981_trimmed/Madhya Pradesh/civic amenities/1981_Mandsaur_civic_amenities.pdf,"Town Directory Statement IV Civic and Other Amenities, printed pages 340-343; source page 390 begins Statement IV-A.","[""manual_verified""]"
Madhya Pradesh,Mandsaur,medical_educational_amenities,Trimmed,1981/Madhya Pradesh/1981 Mandsaur.pdf,1981 Mandsaur.pdf,directory candidate,English or bilingual,"[392, 393, 394, 395]","[null, ""347"", ""348"", ""349""]",output/pdf/1981_trimmed/Madhya Pradesh/mededu/1981_Mandsaur_medical_educational_amenities.pdf,"Town Directory Statement V Medical, Educational, Recreational and Cultural Facilities, printed pages 346-349; source page 396 begins Statement VI.","[""manual_verified""]"
Madhya Pradesh,Mandsaur,tehsil_appendix,Trimmed,1981/Madhya Pradesh/1981 Mandsaur.pdf,1981 Mandsaur.pdf,directory candidate,English or bilingual,"[310, 311, 312, 313]","[""266"", ""267"", ""268"", ""269""]",output/pdf/1981_trimmed/Madhya Pradesh/tehsil appendix/1981_Mandsaur_tehsil_appendix.pdf,"Village Directory Appendix I Tahsil-wise Abstract of Educational, Medical and other amenities, printed pages 266-269; source page 314 begins Appendix II.","[""manual_verified""]"
Madhya Pradesh,Morena,civic_amenities,Trimmed,1981/Madhya Pradesh/1981 Morena.pdf,1981 Morena.pdf,directory candidate,English or bilingual,"[284, 285]","[""4"", ""247""]",output/pdf/1981_trimmed/Madhya Pradesh/civic amenities/1981_Morena_civic_amenities.pdf,"Town Directory Statement IV Civic and Other Amenities, printed pages 246-247; source page 286 begins Statement IV-A.","[""manual_verified""]"
Madhya Pradesh,Morena,medical_educational_amenities,Trimmed,1981/Madhya Pradesh/1981 Morena.pdf,1981 Morena.pdf,directory candidate,English or bilingual,"[288, 289, 290, 291]","[null, null, ""252"", ""253""]",output/pdf/1981_trimmed/Madhya Pradesh/mededu/1981_Morena_medical_educational_amenities.pdf,"Town Directory Statement V Medical, Educational, Recreational and Cultural Facilities, printed pages 250-253; source page 292 begins Statement VI.","[""manual_verified""]"
Madhya Pradesh,Morena,tehsil_appendix,Trimmed,1981/Madhya Pradesh/1981 Morena.pdf,1981 Morena.pdf,directory candidate,English or bilingual,"[240, 241, 242, 243]","[""201"", ""203"", ""204"", ""205""]",output/pdf/1981_trimmed/Madhya Pradesh/tehsil appendix/1981_Morena_tehsil_appendix.pdf,"Village Directory Appendix I Tahsil-wise Abstract of Educational, Medical and other amenities, printed pages 202-205; source page 244 begins Appendix II.","[""manual_verified""]"
Madhya Pradesh,Narsimhapur,civic_amenities,Trimmed,1981/Madhya Pradesh/1981 Narsimhapur.pdf,1981 Narsimhapur.pdf,directory candidate,English or bilingual,"[226, 227]","[null, ""213""]",output/pdf/1981_trimmed/Madhya Pradesh/civic amenities/1981_Narsimhapur_civic_amenities.pdf,"Town Directory Statement IV Civic and Other Amenities, printed pages 212-213; source page 228 begins Statement V.","[""manual_verified""]"
Madhya Pradesh,Narsimhapur,medical_educational_amenities,Trimmed,1981/Madhya Pradesh/1981 Narsimhapur.pdf,1981 Narsimhapur.pdf,directory candidate,English or bilingual,"[228, 229]","[""214"", ""215""]",output/pdf/1981_trimmed/Madhya Pradesh/mededu/1981_Narsimhapur_medical_educational_amenities.pdf,"Town Directory Statement V Medical, Educational, Recreational and Cultural Facilities, printed pages 214-215; source page 230 begins Statement VI.","[""manual_verified""]"
Madhya Pradesh,Narsimhapur,tehsil_appendix,Not trimmed,1981/Madhya Pradesh/1981 Narsimhapur.pdf,1981 Narsimhapur.pdf,directory candidate,English or bilingual,[],[],,"No Tahsil-wise educational, medical and other amenities abstract identified; the volume proceeds from village-directory Appendix III material to the Town Directory.","[""manual_absent_or_ineligible""]"
Madhya Pradesh,Panna,civic_amenities,Trimmed,1981/Madhya Pradesh/1981 Panna.pdf,1981 Panna.pdf,Village/Town Directory volume,English or bilingual,"[235, 236]","[null, ""195""]",output/pdf/1981_trimmed/Madhya Pradesh/civic amenities/1981_Panna_civic_amenities.pdf,"Town Directory Statement IV Civic and Other Amenities, printed pages 194-195; source page 237 begins Statement V.","[""manual_verified""]"
Madhya Pradesh,Panna,medical_educational_amenities,Trimmed,1981/Madhya Pradesh/1981 Panna.pdf,1981 Panna.pdf,Village/Town Directory volume,English or bilingual,"[237, 238]","[""196"", ""197""]",output/pdf/1981_trimmed/Madhya Pradesh/mededu/1981_Panna_medical_educational_amenities.pdf,"Town Directory Statement V Medical, Educational, Recreational and Cultural Facilities, printed pages 196-197; source page 239 begins Statement VI.","[""manual_verified""]"
Madhya Pradesh,Panna,tehsil_appendix,Trimmed,1981/Madhya Pradesh/1981 Panna.pdf,1981 Panna.pdf,Village/Town Directory volume,English or bilingual,"[193, 194, 195, 196]","[""152"", ""153"", ""154"", ""155""]",output/pdf/1981_trimmed/Madhya Pradesh/tehsil appendix/1981_Panna_tehsil_appendix.pdf,"Village Directory Appendix I Tahsil-wise Abstract of Educational, Medical and other amenities, printed pages 152-155; source page 197 begins Appendix II.","[""manual_verified""]"
Madhya Pradesh,Raigarh,civic_amenities,Trimmed,1981/Madhya Pradesh/1981 Raigarh.pdf,1981 Raigarh.pdf,directory candidate,English or bilingual,"[439, 440]","[null, ""391""]",output/pdf/1981_trimmed/Madhya Pradesh/civic amenities/1981_Raigarh_civic_amenities.pdf,"Town Directory Statement IV Civic and Other Amenities, printed pages 390-391; source page 441 begins Statement IV-A.","[""manual_verified""]"
Madhya Pradesh,Raigarh,medical_educational_amenities,Trimmed,1981/Madhya Pradesh/1981 Raigarh.pdf,1981 Raigarh.pdf,directory candidate,English or bilingual,"[443, 444, 445]","[""394"", null, null]",output/pdf/1981_trimmed/Madhya Pradesh/mededu/1981_Raigarh_medical_educational_amenities.pdf,"Town Directory Statement V Medical, Educational, Recreational and Cultural Facilities, printed pages 394-396; source page 446 begins Statement VI.","[""manual_verified""]"
Madhya Pradesh,Raigarh,tehsil_appendix,Trimmed,1981/Madhya Pradesh/1981 Raigarh.pdf,1981 Raigarh.pdf,directory candidate,English or bilingual,"[351, 352, 353, 354]","[""304"", ""305"", ""305"", ""307""]",output/pdf/1981_trimmed/Madhya Pradesh/tehsil appendix/1981_Raigarh_tehsil_appendix.pdf,"Village Directory Appendix I Tahsil-wise Abstract of Educational, Medical and other amenities, printed pages 304-307; source page 355 begins Appendix II.","[""manual_verified""]"
Madhya Pradesh,Raipur,civic_amenities,Trimmed,1981/Madhya Pradesh/1981 Raipur.pdf,1981 Raipur.pdf,Village/Town Directory volume,English or bilingual,"[716, 717]","[null, ""671""]",output/pdf/1981_trimmed/Madhya Pradesh/civic amenities/1981_Raipur_civic_amenities.pdf,"Town Directory Statement IV Civic and Other Amenities, printed pages 670-671; source page 718 begins Statement IV-A.","[""manual_verified""]"
Madhya Pradesh,Raipur,medical_educational_amenities,Trimmed,1981/Madhya Pradesh/1981 Raipur.pdf,1981 Raipur.pdf,Village/Town Directory volume,English or bilingual,"[720, 721]","[""674"", null]",output/pdf/1981_trimmed/Madhya Pradesh/mededu/1981_Raipur_medical_educational_amenities.pdf,"Town Directory Statement V Medical, Educational, Recreational and Cultural Facilities, printed pages 674-675; source page 722 begins Statement VI.","[""manual_verified""]"
Madhya Pradesh,Raipur,tehsil_appendix,Trimmed,1981/Madhya Pradesh/1981 Raipur.pdf,1981 Raipur.pdf,Village/Town Directory volume,English or bilingual,"[582, 583, 584, 585]","[""536"", ""537"", ""538"", ""539""]",output/pdf/1981_trimmed/Madhya Pradesh/tehsil appendix/1981_Raipur_tehsil_appendix.pdf,"Village Directory Appendix I Tahsil-wise Abstract of Educational, Medical and other amenities, printed pages 536-539; source page 586 begins the towns appendix.","[""manual_verified""]"
Madhya Pradesh,Raisen,civic_amenities,Trimmed,1981/Madhya Pradesh/1981 Raisen.pdf,1981 Raisen.pdf,directory candidate,English or bilingual,"[302, 303]","[""4"", ""283""]",output/pdf/1981_trimmed/Madhya Pradesh/civic amenities/1981_Raisen_civic_amenities.pdf,"Town Directory Statement IV Civic and Other Amenities, printed pages 282-283; source page 304 begins Statement V medical facilities.","[""manual_verified""]"
Madhya Pradesh,Raisen,medical_educational_amenities,Trimmed,1981/Madhya Pradesh/1981 Raisen.pdf,1981 Raisen.pdf,directory candidate,English or bilingual,"[304, 305, 306]","[""5"", ""285"", ""286""]",output/pdf/1981_trimmed/Madhya Pradesh/mededu/1981_Raisen_medical_educational_amenities.pdf,"Town Directory Statement V Medical, Educational, Recreational and Cultural Facilities, printed pages 284-286; source page 307 begins Statement VI.","[""manual_verified""]"
Madhya Pradesh,Raisen,tehsil_appendix,Not trimmed,1981/Madhya Pradesh/1981 Raisen.pdf,1981 Raisen.pdf,directory candidate,English or bilingual,[],[],,"No Tahsil-wise educational, medical and other amenities abstract identified; the available village-directory material proceeds through Appendix III.","[""manual_absent_or_ineligible""]"
Madhya Pradesh,Rajgarh,civic_amenities,Not trimmed,1981/Madhya Pradesh/1981 Rajgarh.pdf,1981 Rajgarh.pdf,Village/Town Directory volume,English or bilingual,[],[],,English source volume contains primary census abstract material but no English Town Directory Statement IV.,"[""manual_absent_or_ineligible""]"
Madhya Pradesh,Rajgarh,medical_educational_amenities,Not trimmed,1981/Madhya Pradesh/1981 Rajgarh.pdf,1981 Rajgarh.pdf,Village/Town Directory volume,English or bilingual,[],[],,English source volume contains primary census abstract material but no English Town Directory Statement V.,"[""manual_absent_or_ineligible""]"
Madhya Pradesh,Rajgarh,tehsil_appendix,Not trimmed,1981/Madhya Pradesh/1981 Rajgarh.pdf,1981 Rajgarh.pdf,Village/Town Directory volume,English or bilingual,[],[],,"No English Tahsil-wise abstract of educational, medical and other amenities identified in the source volume.","[""manual_absent_or_ineligible""]"
Madhya Pradesh,Rajnandgaon,civic_amenities,Trimmed,1981/Madhya Pradesh/1981 Rajnandgaon.pdf,1981 Rajnandgaon.pdf,directory candidate,English or bilingual,"[450, 451]","[null, null]",output/pdf/1981_trimmed/Madhya Pradesh/civic amenities/1981_Rajnandgaon_civic_amenities.pdf,"Town Directory Statement IV Civic and Other Amenities, printed pages 410-411; source page 452 begins Statement IV-A.","[""manual_verified""]"
Madhya Pradesh,Rajnandgaon,medical_educational_amenities,Trimmed,1981/Madhya Pradesh/1981 Rajnandgaon.pdf,1981 Rajnandgaon.pdf,directory candidate,English or bilingual,"[454, 455, 456]","[null, ""415"", null]",output/pdf/1981_trimmed/Madhya Pradesh/mededu/1981_Rajnandgaon_medical_educational_amenities.pdf,"Town Directory Statement V Medical, Educational, Recreational and Cultural Facilities, printed pages 414-416; source page 457 begins Statement VI.","[""manual_verified""]"
Madhya Pradesh,Rajnandgaon,tehsil_appendix,Trimmed,1981/Madhya Pradesh/1981 Rajnandgaon.pdf,1981 Rajnandgaon.pdf,directory candidate,English or bilingual,"[360, 361, 362, 363]","[""320"", ""321"", null, ""323""]",output/pdf/1981_trimmed/Madhya Pradesh/tehsil appendix/1981_Rajnandgaon_tehsil_appendix.pdf,"Village Directory Appendix I Tahsil-wise Abstract of Educational, Medical and other amenities, printed pages 320-323; source page 364 begins Appendix II.","[""manual_verified""]"
Madhya Pradesh,Ratlam,civic_amenities,Trimmed,1981/Madhya Pradesh/1981 Ratlam.pdf,1981 Ratlam.pdf,directory candidate,English or bilingual,"[251, 252]","[null, ""1979""]",output/pdf/1981_trimmed/Madhya Pradesh/civic amenities/1981_Ratlam_civic_amenities.pdf,"Town Directory Statement IV Civic and Other Amenities, printed pages 208-209; source page 253 begins Statement IV-A.","[""manual_verified""]"
Madhya Pradesh,Ratlam,medical_educational_amenities,Trimmed,1981/Madhya Pradesh/1981 Ratlam.pdf,1981 Ratlam.pdf,directory candidate,English or bilingual,"[255, 256, 257, 258]","[""212"", ""213"", ""214"", ""215""]",output/pdf/1981_trimmed/Madhya Pradesh/mededu/1981_Ratlam_medical_educational_amenities.pdf,"Town Directory Statement V Medical, Educational, Recreational and Cultural Facilities, printed pages 212-215; source page 259 begins Statement VI.","[""manual_verified""]"
Madhya Pradesh,Ratlam,tehsil_appendix,Trimmed,1981/Madhya Pradesh/1981 Ratlam.pdf,1981 Ratlam.pdf,directory candidate,English or bilingual,"[203, 204, 205, 206]","[""160"", null, ""162"", null]",output/pdf/1981_trimmed/Madhya Pradesh/tehsil appendix/1981_Ratlam_tehsil_appendix.pdf,"Village Directory Appendix I Tahsil-wise Abstract of Educational, Medical and other amenities, printed pages 160-163; source page 207 begins Appendix II.","[""manual_verified""]"
Madhya Pradesh,Rewa,civic_amenities,Trimmed,1981/Madhya Pradesh/1981 Rewa.pdf,1981 Rewa.pdf,directory candidate,English or bilingual,"[503, 504]","[null, ""457""]",output/pdf/1981_trimmed/Madhya Pradesh/civic amenities/1981_Rewa_civic_amenities.pdf,"Town Directory Statement IV Civic and Other Amenities, printed pages 456-457; source page 505 begins Statement IV-A.","[""manual_verified""]"
Madhya Pradesh,Rewa,medical_educational_amenities,Trimmed,1981/Madhya Pradesh/1981 Rewa.pdf,1981 Rewa.pdf,directory candidate,English or bilingual,"[507, 508, 509]","[null, ""461"", null]",output/pdf/1981_trimmed/Madhya Pradesh/mededu/1981_Rewa_medical_educational_amenities.pdf,"Town Directory Statement V Medical, Educational, Recreational and Cultural Facilities, printed pages 460-462; source page 510 begins Statement VI.","[""manual_verified""]"
Madhya Pradesh,Rewa,tehsil_appendix,Trimmed,1981/Madhya Pradesh/1981 Rewa.pdf,1981 Rewa.pdf,directory candidate,English or bilingual,"[417, 418, 419, 420]","[""370"", ""1"", null, ""373""]",output/pdf/1981_trimmed/Madhya Pradesh/tehsil appendix/1981_Rewa_tehsil_appendix.pdf,"Village Directory Appendix I Tahsil-wise Abstract of Educational, Medical and other amenities, printed pages 370-373; source page 421 begins Appendix II.","[""manual_verified""]"
Madhya Pradesh,Sagar,civic_amenities,Trimmed,1981/Madhya Pradesh/1981 Sagar.pdf,1981 Sagar.pdf,directory candidate,English or bilingual,"[392, 393, 394, 395, 396]","[""4"", ""355"", ""356"", ""357"", ""358""]",output/pdf/1981_trimmed/Madhya Pradesh/civic amenities/1981_Sagar_civic_amenities.pdf,"Town Directory Statement IV Civic and Other Amenities, printed pages 354-358; source page 397 begins Statement IV-A.","[""manual_verified""]"
Madhya Pradesh,Sagar,medical_educational_amenities,Trimmed,1981/Madhya Pradesh/1981 Sagar.pdf,1981 Sagar.pdf,directory candidate,English or bilingual,"[398, 399, 400, 401, 402]","[""360"", ""361"", null, ""363"", ""6""]",output/pdf/1981_trimmed/Madhya Pradesh/mededu/1981_Sagar_medical_educational_amenities.pdf,"Town Directory Statement V Medical, Educational, Recreational and Cultural Facilities, printed pages 360-364; source page 403 begins Statement VI.","[""manual_verified""]"
Madhya Pradesh,Sagar,tehsil_appendix,Trimmed,1981/Madhya Pradesh/1981 Sagar.pdf,1981 Sagar.pdf,directory candidate,English or bilingual,"[312, 313, 314, 315]","[""274"", ""275"", ""276"", ""277""]",output/pdf/1981_trimmed/Madhya Pradesh/tehsil appendix/1981_Sagar_tehsil_appendix.pdf,"Village Directory Appendix I Tahsil-wise Abstract of Educational, Medical and other amenities, printed pages 274-277; source page 316 begins Appendix II.","[""manual_verified""]"
Madhya Pradesh,Satna,civic_amenities,Not trimmed,1981/Madhya Pradesh/1981 Satna.pdf,1981 Satna.pdf,directory candidate,English or bilingual,[],[],,"PCA/maps volume: visual tail shows Primary Census Abstract, development blockwise abstracts and district/tahsil maps, with no English Town Directory Statement IV.","[""manual_absent_or_ineligible""]"
Madhya Pradesh,Satna,medical_educational_amenities,Not trimmed,1981/Madhya Pradesh/1981 Satna.pdf,1981 Satna.pdf,directory candidate,English or bilingual,[],[],,"PCA/maps volume: visual tail shows Primary Census Abstract, development blockwise abstracts and district/tahsil maps, with no English Town Directory Statement V.","[""manual_absent_or_ineligible""]"
Madhya Pradesh,Satna,tehsil_appendix,Not trimmed,1981/Madhya Pradesh/1981 Satna.pdf,1981 Satna.pdf,directory candidate,English or bilingual,[],[],,"PCA/maps volume contains no Tahsil-wise abstract of educational, medical and other amenities.","[""manual_absent_or_ineligible""]"
Madhya Pradesh,Sehore,civic_amenities,Trimmed,1981/Madhya Pradesh/1981 Sehore.pdf,1981 Sehore.pdf,directory candidate,English or bilingual,"[245, 246]","[""202"", ""203""]",output/pdf/1981_trimmed/Madhya Pradesh/civic amenities/1981_Sehore_civic_amenities.pdf,"Town Directory Statement IV Civic and Other Amenities, printed pages 202-203; source page 247 begins Statement IV-A.","[""manual_verified""]"
Madhya Pradesh,Sehore,medical_educational_amenities,Trimmed,1981/Madhya Pradesh/1981 Sehore.pdf,1981 Sehore.pdf,directory candidate,English or bilingual,"[249, 250]","[null, ""207""]",output/pdf/1981_trimmed/Madhya Pradesh/mededu/1981_Sehore_medical_educational_amenities.pdf,"Town Directory Statement V Medical, Educational, Recreational and Cultural Facilities, printed pages 206-207; source page 251 begins Statement VI.","[""manual_verified""]"
Madhya Pradesh,Sehore,tehsil_appendix,Trimmed,1981/Madhya Pradesh/1981 Sehore.pdf,1981 Sehore.pdf,directory candidate,English or bilingual,"[199, 200, 201, 202]","[""1515"", null, ""158"", ""159""]",output/pdf/1981_trimmed/Madhya Pradesh/tehsil appendix/1981_Sehore_tehsil_appendix.pdf,"Village Directory Appendix I Tahsil-wise Abstract of Educational, Medical and other amenities, printed pages 156-159; source page 203 begins Appendix II.","[""manual_verified""]"
Madhya Pradesh,Seoni,civic_amenities,Trimmed,1981/Madhya Pradesh/1981 Seoni.pdf,1981 Seoni.pdf,directory candidate,English or bilingual,"[337, 338]","[""4"", ""299""]",output/pdf/1981_trimmed/Madhya Pradesh/civic amenities/1981_Seoni_civic_amenities.pdf,"Town Directory Statement IV Civic and Other Amenities, printed pages 298-299; source page 339 begins Statement IV-A.","[""manual_verified""]"
Madhya Pradesh,Seoni,medical_educational_amenities,Trimmed,1981/Madhya Pradesh/1981 Seoni.pdf,1981 Seoni.pdf,directory candidate,English or bilingual,"[341, 342]","[""302"", ""303""]",output/pdf/1981_trimmed/Madhya Pradesh/mededu/1981_Seoni_medical_educational_amenities.pdf,"Town Directory Statement V Medical, Educational, Recreational and Cultural Facilities, printed pages 302-303; source page 343 begins Statement VI.","[""manual_verified""]"
Madhya Pradesh,Seoni,tehsil_appendix,Trimmed,1981/Madhya Pradesh/1981 Seoni.pdf,1981 Seoni.pdf,directory candidate,English or bilingual,"[269, 270, 271, 272]","[null, ""231"", ""232"", ""233""]",output/pdf/1981_trimmed/Madhya Pradesh/tehsil appendix/1981_Seoni_tehsil_appendix.pdf,"Village Directory Appendix I Tahsil-wise Abstract of Educational, Medical and other amenities, printed pages 230-233; source page 273 begins Appendix II.","[""manual_verified""]"
Madhya Pradesh,Shahdol,civic_amenities,Trimmed,1981/Madhya Pradesh/1981 Shahdol.pdf,1981 Shahdol.pdf,directory candidate,English or bilingual,"[416, 417, 418, 419]","[null, null, null, ""369""]",output/pdf/1981_trimmed/Madhya Pradesh/civic amenities/1981_Shahdol_civic_amenities.pdf,"Town Directory Statement IV Civic and Other Amenities, printed pages 366-369; source page 420 begins Statement V medical facilities.","[""manual_verified""]"
Madhya Pradesh,Shahdol,medical_educational_amenities,Trimmed,1981/Madhya Pradesh/1981 Shahdol.pdf,1981 Shahdol.pdf,directory candidate,English or bilingual,"[420, 421, 422, 423]","[null, null, null, ""373""]",output/pdf/1981_trimmed/Madhya Pradesh/mededu/1981_Shahdol_medical_educational_amenities.pdf,"Town Directory Statement V Medical, Educational, Recreational and Cultural Facilities, printed pages 370-373; source page 424 begins Statement VI.","[""manual_verified""]"
Madhya Pradesh,Shahdol,tehsil_appendix,Trimmed,1981/Madhya Pradesh/1981 Shahdol.pdf,1981 Shahdol.pdf,directory candidate,English or bilingual,"[334, 335, 336, 337]","[null, ""285"", null, ""287""]",output/pdf/1981_trimmed/Madhya Pradesh/tehsil appendix/1981_Shahdol_tehsil_appendix.pdf,"Village Directory Appendix I Tahsil-wise Abstract of Educational, Medical and other amenities, printed pages 284-287; source page 338 begins Appendix II.","[""manual_verified""]"
Madhya Pradesh,Shajapur,civic_amenities,Trimmed,1981/Madhya Pradesh/1981 Shajapur.pdf,1981 Shajapur.pdf,Village/Town Directory volume,English or bilingual,"[241, 242]","[""202"", ""203""]",output/pdf/1981_trimmed/Madhya Pradesh/civic amenities/1981_Shajapur_civic_amenities.pdf,"Town Directory Statement IV Civic and Other Amenities, printed pages 202-203; source page 243 begins Statement V medical facilities.","[""manual_verified""]"
Madhya Pradesh,Shajapur,medical_educational_amenities,Trimmed,1981/Madhya Pradesh/1981 Shajapur.pdf,1981 Shajapur.pdf,Village/Town Directory volume,English or bilingual,"[243, 244]","[""204"", ""205""]",output/pdf/1981_trimmed/Madhya Pradesh/mededu/1981_Shajapur_medical_educational_amenities.pdf,"Town Directory Statement V Medical, Educational, Recreational and Cultural Facilities, printed pages 204-205; source page 245 begins Statement VI.","[""manual_verified""]"
Madhya Pradesh,Shajapur,tehsil_appendix,Trimmed,1981/Madhya Pradesh/1981 Shajapur.pdf,1981 Shajapur.pdf,Village/Town Directory volume,English or bilingual,"[195, 196, 197, 198]","[null, null, ""158"", ""159""]",output/pdf/1981_trimmed/Madhya Pradesh/tehsil appendix/1981_Shajapur_tehsil_appendix.pdf,"Village Directory Appendix I Tahsil-wise Abstract of Educational, Medical and other amenities, printed pages 156-159; source page 199 begins Appendix II.","[""manual_verified""]"
Madhya Pradesh,Shivpuri,civic_amenities,Trimmed,1981/Madhya Pradesh/1981 Shivpuri.pdf,1981 Shivpuri.pdf,directory candidate,English or bilingual,"[294, 295]","[null, ""211""]",output/pdf/1981_trimmed/Madhya Pradesh/civic amenities/1981_Shivpuri_civic_amenities.pdf,"Town Directory Statement IV Civic and Other Amenities, printed pages 280-281; source page 296 begins Statement IV-A.","[""manual_verified""]"
Madhya Pradesh,Shivpuri,medical_educational_amenities,Trimmed,1981/Madhya Pradesh/1981 Shivpuri.pdf,1981 Shivpuri.pdf,directory candidate,English or bilingual,"[298, 299]","[null, null]",output/pdf/1981_trimmed/Madhya Pradesh/mededu/1981_Shivpuri_medical_educational_amenities.pdf,"Town Directory Statement V Medical, Educational, Recreational and Cultural Facilities, printed pages 284-285; source page 300 begins Statement VI.","[""manual_verified""]"
Madhya Pradesh,Shivpuri,tehsil_appendix,Trimmed,1981/Madhya Pradesh/1981 Shivpuri.pdf,1981 Shivpuri.pdf,directory candidate,English or bilingual,"[244, 245, 246, 247]","[""230"", ""231"", ""232"", ""233""]",output/pdf/1981_trimmed/Madhya Pradesh/tehsil appendix/1981_Shivpuri_tehsil_appendix.pdf,"Village Directory Appendix I Tahsil-wise Abstract of Educational, Medical and other amenities, printed pages 230-233; source page 248 begins Appendix II.","[""manual_verified""]"
Madhya Pradesh,Sidhi,civic_amenities,Trimmed,1981/Madhya Pradesh/1981 Sidhi.pdf,1981 Sidhi.pdf,directory candidate,English or bilingual,"[380, 381]","[null, ""341""]",output/pdf/1981_trimmed/Madhya Pradesh/civic amenities/1981_Sidhi_civic_amenities.pdf,"Town Directory Statement IV Civic and Other Amenities, printed pages 340-341; source page 382 begins Statement V medical facilities.","[""manual_verified""]"
Madhya Pradesh,Sidhi,medical_educational_amenities,Trimmed,1981/Madhya Pradesh/1981 Sidhi.pdf,1981 Sidhi.pdf,directory candidate,English or bilingual,"[382, 383]","[""342"", ""343""]",output/pdf/1981_trimmed/Madhya Pradesh/mededu/1981_Sidhi_medical_educational_amenities.pdf,"Town Directory Statement V Medical, Educational, Recreational and Cultural Facilities, printed pages 342-343; source page 384 begins Statement VI.","[""manual_verified""]"
Madhya Pradesh,Sidhi,tehsil_appendix,Trimmed,1981/Madhya Pradesh/1981 Sidhi.pdf,1981 Sidhi.pdf,directory candidate,English or bilingual,"[302, 303, 304, 305]","[""262"", ""263"", ""1"", null]",output/pdf/1981_trimmed/Madhya Pradesh/tehsil appendix/1981_Sidhi_tehsil_appendix.pdf,"Village Directory Appendix I Tahsil-wise Abstract of Educational, Medical and other amenities, printed pages 262-265; source page 306 begins Appendix II.","[""manual_verified""]"
Madhya Pradesh,Surguja,civic_amenities,Trimmed,1981/Madhya Pradesh/1981 Surguja.pdf,1981 Surguja.pdf,directory candidate,English or bilingual,"[490, 491]","[""428"", ""429""]",output/pdf/1981_trimmed/Madhya Pradesh/civic amenities/1981_Surguja_civic_amenities.pdf,"Town Directory Statement IV Civic and Other Amenities, printed pages 428-429; source page 492 begins Statement V medical facilities.","[""manual_verified""]"
Madhya Pradesh,Surguja,medical_educational_amenities,Trimmed,1981/Madhya Pradesh/1981 Surguja.pdf,1981 Surguja.pdf,directory candidate,English or bilingual,"[492, 493, 494, 495]","[null, ""431"", null, ""433""]",output/pdf/1981_trimmed/Madhya Pradesh/mededu/1981_Surguja_medical_educational_amenities.pdf,"Town Directory Statement V Medical, Educational, Recreational and Cultural Facilities, printed pages 430-433; source page 496 begins Statement VI.","[""manual_verified""]"
Madhya Pradesh,Surguja,tehsil_appendix,Trimmed,1981/Madhya Pradesh/1981 Surguja.pdf,1981 Surguja.pdf,directory candidate,English or bilingual,"[394, 395, 396, 397]","[""332"", ""333"", ""334"", ""335""]",output/pdf/1981_trimmed/Madhya Pradesh/tehsil appendix/1981_Surguja_tehsil_appendix.pdf,"Village Directory Appendix I Tahsil-wise Abstract of Educational, Medical and other amenities, printed pages 332-335; source page 398 begins Appendix II.","[""manual_verified""]"
Madhya Pradesh,Tikamgarh,civic_amenities,Trimmed,1981/Madhya Pradesh/1981 Tikamgarh.pdf,1981 Tikamgarh.pdf,Village/Town Directory volume,English or bilingual,"[223, 224]","[""182"", null]",output/pdf/1981_trimmed/Madhya Pradesh/civic amenities/1981_Tikamgarh_civic_amenities.pdf,"Town Directory Statement IV Civic and Other Amenities, printed pages 182-183; source page 225 begins Statement V medical facilities.","[""manual_verified""]"
Madhya Pradesh,Tikamgarh,medical_educational_amenities,Trimmed,1981/Madhya Pradesh/1981 Tikamgarh.pdf,1981 Tikamgarh.pdf,Village/Town Directory volume,English or bilingual,"[225, 226]","[""184"", ""185""]",output/pdf/1981_trimmed/Madhya Pradesh/mededu/1981_Tikamgarh_medical_educational_amenities.pdf,"Town Directory Statement V Medical, Educational, Recreational and Cultural Facilities, printed pages 184-185; source page 227 begins Statement VI.","[""manual_verified""]"
Madhya Pradesh,Tikamgarh,tehsil_appendix,Trimmed,1981/Madhya Pradesh/1981 Tikamgarh.pdf,1981 Tikamgarh.pdf,Village/Town Directory volume,English or bilingual,"[181, 182, 183, 184]","[""140"", ""141"", null, ""143""]",output/pdf/1981_trimmed/Madhya Pradesh/tehsil appendix/1981_Tikamgarh_tehsil_appendix.pdf,"Village Directory Appendix I Tahsil-wise Abstract of Educational, Medical and other amenities, printed pages 140-143; source page 185 begins Appendix II.","[""manual_verified""]"
Madhya Pradesh,Ujjain,civic_amenities,Trimmed,1981/Madhya Pradesh/1981 Ujjain.pdf,1981 Ujjain.pdf,directory candidate,English or bilingual,"[312, 313]","[null, ""265""]",output/pdf/1981_trimmed/Madhya Pradesh/civic amenities/1981_Ujjain_civic_amenities.pdf,"Town Directory Statement IV Civic and Other Amenities, printed pages 264-265; source page 314 begins Statement IV-A.","[""manual_verified""]"
Madhya Pradesh,Ujjain,medical_educational_amenities,Trimmed,1981/Madhya Pradesh/1981 Ujjain.pdf,1981 Ujjain.pdf,directory candidate,English or bilingual,"[316, 317]","[null, ""269""]",output/pdf/1981_trimmed/Madhya Pradesh/mededu/1981_Ujjain_medical_educational_amenities.pdf,"Town Directory Statement V Medical, Educational, Recreational and Cultural Facilities, printed pages 268-269; source page 318 begins Statement VI.","[""manual_verified""]"
Madhya Pradesh,Ujjain,tehsil_appendix,Trimmed,1981/Madhya Pradesh/1981 Ujjain.pdf,1981 Ujjain.pdf,directory candidate,English or bilingual,"[250, 251, 252, 253]","[null, ""203"", null, ""205""]",output/pdf/1981_trimmed/Madhya Pradesh/tehsil appendix/1981_Ujjain_tehsil_appendix.pdf,"Village Directory Appendix I Tahsil-wise Abstract of Educational, Medical and other amenities, printed pages 202-205; source page 254 begins Appendix II.","[""manual_verified""]"
Madhya Pradesh,Vidisha,civic_amenities,Not trimmed,1981/Madhya Pradesh/1981 Vidisha.pdf,1981 Vidisha.pdf,directory candidate,English or bilingual,[],[],,"PCA-only English volume: the tail contains development blockwise Primary Census Abstract tables and a towns/outgrowths appendix, with no English Town Directory Statement IV.","[""manual_absent_or_ineligible""]"
Madhya Pradesh,Vidisha,medical_educational_amenities,Not trimmed,1981/Madhya Pradesh/1981 Vidisha.pdf,1981 Vidisha.pdf,directory candidate,English or bilingual,[],[],,"PCA-only English volume: no English Town Directory Statement V Medical, Educational, Recreational and Cultural Facilities identified.","[""manual_absent_or_ineligible""]"
Madhya Pradesh,Vidisha,tehsil_appendix,Not trimmed,1981/Madhya Pradesh/1981 Vidisha.pdf,1981 Vidisha.pdf,directory candidate,English or bilingual,[],[],,"PCA-only English volume: the available appendix is development blockwise Primary Census Abstract material, not a Tahsil-wise educational, medical and other amenities abstract.","[""manual_absent_or_ineligible""]"
Madhya Pradesh,West-Nimar,civic_amenities,Trimmed,1981/Madhya Pradesh/1981 West-Nimar.pdf,1981 West-Nimar.pdf,Village/Town Directory volume,English or bilingual,"[440, 441, 442, 443]","[null, ""389"", null, ""391""]",output/pdf/1981_trimmed/Madhya Pradesh/civic amenities/1981_West-Nimar_civic_amenities.pdf,"Town Directory Statement IV Civic and Other Amenities, printed pages 388-391; source page 444 begins the slum table/Statement IV-A continuation.","[""manual_verified""]"
Madhya Pradesh,West-Nimar,medical_educational_amenities,Trimmed,1981/Madhya Pradesh/1981 West-Nimar.pdf,1981 West-Nimar.pdf,Village/Town Directory volume,English or bilingual,"[446, 447, 448, 449]","[null, ""395"", null, ""397""]",output/pdf/1981_trimmed/Madhya Pradesh/mededu/1981_West-Nimar_medical_educational_amenities.pdf,"Town Directory Statement V Medical, Educational, Recreational and Cultural Facilities, printed pages 394-397; source page 450 begins Statement VI.","[""manual_verified""]"
Madhya Pradesh,West-Nimar,tehsil_appendix,Trimmed,1981/Madhya Pradesh/1981 West-Nimar.pdf,1981 West-Nimar.pdf,Village/Town Directory volume,English or bilingual,"[354, 355, 356, 357]","[""302"", ""303"", ""304"", ""305""]",output/pdf/1981_trimmed/Madhya Pradesh/tehsil appendix/1981_West-Nimar_tehsil_appendix.pdf,"Village Directory Appendix I Tahsil-wise Abstract of Educational, Medical and other amenities, printed pages 302-305; source page 358 begins Appendix II.","[""manual_verified""]"
Maharashtra,Ahmadnagar,civic_amenities,Trimmed,1981/Maharashtra/1981 Ahmadnagar.pdf,1981 Ahmadnagar.pdf,Village/Town Directory volume,English or bilingual,[186],"[""174""]",output/pdf/1981_trimmed/Maharashtra/civic amenities/1981_Ahmadnagar_civic_amenities.pdf,"Statement IV Civic and Other Amenities, printed page 174; source page 187 begins Statement IV-A.","[""manual_verified""]"
Maharashtra,Ahmadnagar,medical_educational_amenities,Trimmed,1981/Maharashtra/1981 Ahmadnagar.pdf,1981 Ahmadnagar.pdf,Village/Town Directory volume,English or bilingual,"[188, 189]","[""176"", ""177""]",output/pdf/1981_trimmed/Maharashtra/mededu/1981_Ahmadnagar_medical_educational_amenities.pdf,"Statement V Medical, Educational, Recreational and Cultural Facilities, printed pages 176-177; source page 190 begins Statement VI.","[""manual_verified""]"
Maharashtra,Ahmadnagar,tehsil_appendix,Trimmed,1981/Maharashtra/1981 Ahmadnagar.pdf,1981 Ahmadnagar.pdf,Village/Town Directory volume,English or bilingual,"[148, 149]","[""136"", ""137""]",output/pdf/1981_trimmed/Maharashtra/tehsil appendix/1981_Ahmadnagar_tehsil_appendix.pdf,"Village Directory Appendix I Tahsil-wise abstract of educational, medical and other amenities, printed pages 136-137; source page 150 begins Appendix II.","[""manual_verified""]"
Maharashtra,Akola,civic_amenities,Trimmed,1981/Maharashtra/1981 Akola.pdf,1981 Akola.pdf,Village/Town Directory volume,English or bilingual,[170],"[""160""]",output/pdf/1981_trimmed/Maharashtra/civic amenities/1981_Akola_civic_amenities.pdf,"Statement IV Civic and Other Amenities, printed page 160; source page 171 begins Statement IV-A.","[""manual_verified""]"
Maharashtra,Akola,medical_educational_amenities,Trimmed,1981/Maharashtra/1981 Akola.pdf,1981 Akola.pdf,Village/Town Directory volume,English or bilingual,"[172, 173]","[""162"", ""163""]",output/pdf/1981_trimmed/Maharashtra/mededu/1981_Akola_medical_educational_amenities.pdf,"Statement V Medical, Educational, Recreational and Cultural Facilities, printed pages 162-163; source page 174 begins Statement VI.","[""manual_verified""]"
Maharashtra,Akola,tehsil_appendix,Trimmed,1981/Maharashtra/1981 Akola.pdf,1981 Akola.pdf,Village/Town Directory volume,English or bilingual,"[144, 145]","[""134"", ""135""]",output/pdf/1981_trimmed/Maharashtra/tehsil appendix/1981_Akola_tehsil_appendix.pdf,"Village Directory Appendix I Tahsil-wise abstract of educational, medical and other amenities, printed pages 134-135; source page 146 begins Appendix II.","[""manual_verified""]"
Maharashtra,Amravati,civic_amenities,Trimmed,1981/Maharashtra/1981 Amravati.pdf,1981 Amravati.pdf,Village/Town Directory volume,English or bilingual,[190],"[""80""]",output/pdf/1981_trimmed/Maharashtra/civic amenities/1981_Amravati_civic_amenities.pdf,"Statement IV Civic and Other Amenities, printed page 180; source page 191 begins Statement IV-A.","[""manual_verified""]"
Maharashtra,Amravati,medical_educational_amenities,Trimmed,1981/Maharashtra/1981 Amravati.pdf,1981 Amravati.pdf,Village/Town Directory volume,English or bilingual,"[192, 193]","[""182"", ""183""]",output/pdf/1981_trimmed/Maharashtra/mededu/1981_Amravati_medical_educational_amenities.pdf,"Statement V Medical, Educational, Recreational and Cultural Facilities, printed pages 182-183; source page 194 begins Statement VI.","[""manual_verified""]"
Maharashtra,Amravati,tehsil_appendix,Trimmed,1981/Maharashtra/1981 Amravati.pdf,1981 Amravati.pdf,Village/Town Directory volume,English or bilingual,"[158, 159]","[""148"", ""149""]",output/pdf/1981_trimmed/Maharashtra/tehsil appendix/1981_Amravati_tehsil_appendix.pdf,"Village Directory Appendix I Tahsil-wise abstract of educational, medical and other amenities, printed pages 148-149; source page 160 begins Appendix II.","[""manual_verified""]"
Maharashtra,Bhandara,civic_amenities,Trimmed,1981/Maharashtra/1981 Bhandara.pdf,1981 Bhandara.pdf,Village/Town Directory volume,English or bilingual,[200],"[""190""]",output/pdf/1981_trimmed/Maharashtra/civic amenities/1981_Bhandara_civic_amenities.pdf,"Statement IV Civic and Other Amenities, printed page 190; source page 201 begins Statement IV-A.","[""manual_verified""]"
Maharashtra,Bhandara,medical_educational_amenities,Trimmed,1981/Maharashtra/1981 Bhandara.pdf,1981 Bhandara.pdf,Village/Town Directory volume,English or bilingual,"[202, 203]","[""192"", ""193""]",output/pdf/1981_trimmed/Maharashtra/mededu/1981_Bhandara_medical_educational_amenities.pdf,"Statement V Medical, Educational, Recreational and Cultural Facilities, printed pages 192-193; source page 204 begins Statement VI.","[""manual_verified""]"
Maharashtra,Bhandara,tehsil_appendix,Trimmed,1981/Maharashtra/1981 Bhandara.pdf,1981 Bhandara.pdf,Village/Town Directory volume,English or bilingual,"[162, 163]","[""152"", ""153""]",output/pdf/1981_trimmed/Maharashtra/tehsil appendix/1981_Bhandara_tehsil_appendix.pdf,"Village Directory Appendix I Tahsil-wise abstract of educational, medical and other amenities, printed pages 152-153; source page 164 begins Appendix II.","[""manual_verified""]"
Maharashtra,Bid,civic_amenities,Trimmed,1981/Maharashtra/1981 Bid.pdf,1981 Bid.pdf,Village/Town Directory volume,English or bilingual,[175],"[""166""]",output/pdf/1981_trimmed/Maharashtra/civic amenities/1981_Bid_civic_amenities.pdf,"Statement IV Civic and Other Amenities, printed page 166; source page 176 begins Statement IV-A.","[""manual_verified""]"
Maharashtra,Bid,medical_educational_amenities,Trimmed,1981/Maharashtra/1981 Bid.pdf,1981 Bid.pdf,Village/Town Directory volume,English or bilingual,"[177, 178]","[""168"", null]",output/pdf/1981_trimmed/Maharashtra/mededu/1981_Bid_medical_educational_amenities.pdf,"Statement V Medical, Educational, Recreational and Cultural Facilities, printed pages 168-169; source page 179 begins Statement VI.","[""manual_verified""]"
Maharashtra,Bid,tehsil_appendix,Trimmed,1981/Maharashtra/1981 Bid.pdf,1981 Bid.pdf,Village/Town Directory volume,English or bilingual,"[151, 152]","[""142"", ""143""]",output/pdf/1981_trimmed/Maharashtra/tehsil appendix/1981_Bid_tehsil_appendix.pdf,"Village Directory Appendix I Tahsil-wise abstract of educational, medical and other amenities, printed pages 142-143; source page 153 begins Appendix II.","[""manual_verified""]"
Maharashtra,Buldana,civic_amenities,Trimmed,1981/Maharashtra/1981 Buldana.pdf,1981 Buldana.pdf,Village/Town Directory volume,English or bilingual,[146],"[""134""]",output/pdf/1981_trimmed/Maharashtra/civic amenities/1981_Buldana_civic_amenities.pdf,"Statement IV Civic and Other Amenities, printed page 134; source page 147 begins Statement IV-A.","[""manual_verified""]"
Maharashtra,Buldana,medical_educational_amenities,Trimmed,1981/Maharashtra/1981 Buldana.pdf,1981 Buldana.pdf,Village/Town Directory volume,English or bilingual,"[148, 149]","[""136"", ""137""]",output/pdf/1981_trimmed/Maharashtra/mededu/1981_Buldana_medical_educational_amenities.pdf,"Statement V Medical, Educational, Recreational and Cultural Facilities, printed pages 136-137; source page 150 begins Statement VI.","[""manual_verified""]"
Maharashtra,Buldana,tehsil_appendix,Trimmed,1981/Maharashtra/1981 Buldana.pdf,1981 Buldana.pdf,Village/Town Directory volume,English or bilingual,"[122, 123]","[null, null]",output/pdf/1981_trimmed/Maharashtra/tehsil appendix/1981_Buldana_tehsil_appendix.pdf,"Village Directory Appendix I Tahsil-wise abstract of educational, medical and other amenities, printed pages 110-111; source page 124 begins Appendix II.","[""manual_verified""]"
Maharashtra,Chandrapur,civic_amenities,Trimmed,1981/Maharashtra/1981 Chandrapur.pdf,1981 Chandrapur.pdf,Village/Town Directory volume,English or bilingual,[275],"[""264""]",output/pdf/1981_trimmed/Maharashtra/civic amenities/1981_Chandrapur_civic_amenities.pdf,"Statement IV Civic and Other Amenities, printed page 264; source page 276 begins Statement IV-A.","[""manual_verified""]"
Maharashtra,Chandrapur,medical_educational_amenities,Trimmed,1981/Maharashtra/1981 Chandrapur.pdf,1981 Chandrapur.pdf,Village/Town Directory volume,English or bilingual,"[277, 278]","[""266"", ""267""]",output/pdf/1981_trimmed/Maharashtra/mededu/1981_Chandrapur_medical_educational_amenities.pdf,"Statement V Medical, Educational, Recreational and Cultural Facilities, printed pages 266-267; source page 279 begins Statement VI.","[""manual_verified""]"
Maharashtra,Chandrapur,tehsil_appendix,Trimmed,1981/Maharashtra/1981 Chandrapur.pdf,1981 Chandrapur.pdf,Village/Town Directory volume,English or bilingual,"[211, 212]","[""200"", ""201""]",output/pdf/1981_trimmed/Maharashtra/tehsil appendix/1981_Chandrapur_tehsil_appendix.pdf,"Village Directory Appendix I Tahsil-wise abstract of educational, medical and other amenities, printed pages 200-201; source page 213 begins Appendix II.","[""manual_verified""]"
Maharashtra,Dhule,civic_amenities,Trimmed,1981/Maharashtra/1981 Dhule.pdf,1981 Dhule.pdf,Village/Town Directory volume,English or bilingual,[209],"[""196""]",output/pdf/1981_trimmed/Maharashtra/civic amenities/1981_Dhule_civic_amenities.pdf,"Statement IV Civic and Other Amenities, printed page 196; source page 210 begins Statement IV-A.","[""manual_verified""]"
Maharashtra,Dhule,medical_educational_amenities,Trimmed,1981/Maharashtra/1981 Dhule.pdf,1981 Dhule.pdf,Village/Town Directory volume,English or bilingual,"[211, 212]","[null, ""199""]",output/pdf/1981_trimmed/Maharashtra/mededu/1981_Dhule_medical_educational_amenities.pdf,"Statement V Medical, Educational, Recreational and Cultural Facilities, printed pages 198-199; source page 213 begins Statement VI.","[""manual_verified""]"
Maharashtra,Dhule,tehsil_appendix,Trimmed,1981/Maharashtra/1981 Dhule.pdf,1981 Dhule.pdf,Village/Town Directory volume,English or bilingual,"[179, 180]","[""166"", ""161""]",output/pdf/1981_trimmed/Maharashtra/tehsil appendix/1981_Dhule_tehsil_appendix.pdf,"Village Directory Appendix I Tahsil-wise abstract of educational, medical and other amenities, printed pages 166-167; source page 181 begins Appendix II.","[""manual_verified""]"
Maharashtra,Greater Maharashtra,civic_amenities,Trimmed,1981/Maharashtra/1981 Greater Maharashtra.pdf,1981 Greater Maharashtra.pdf,Village/Town Directory volume,English or bilingual,[54],"[""43""]",output/pdf/1981_trimmed/Maharashtra/civic amenities/1981_Greater Maharashtra_civic_amenities.pdf,"Statement IV Civic and Other Amenities, printed page 43; source page 55 begins Statement IV-A.","[""manual_verified""]"
Maharashtra,Greater Maharashtra,medical_educational_amenities,Trimmed,1981/Maharashtra/1981 Greater Maharashtra.pdf,1981 Greater Maharashtra.pdf,Village/Town Directory volume,English or bilingual,"[85, 86]","[""74"", ""75""]",output/pdf/1981_trimmed/Maharashtra/mededu/1981_Greater Maharashtra_medical_educational_amenities.pdf,"Statement V Medical, Educational, Recreational and Cultural Facilities, printed pages 74-75; source page 87 begins Statement VI.","[""manual_verified""]"
Maharashtra,Greater Maharashtra,tehsil_appendix,Not trimmed,1981/Maharashtra/1981 Greater Maharashtra.pdf,1981 Greater Maharashtra.pdf,Village/Town Directory volume,English or bilingual,[],[],,Greater Maharashtra is a town/city directory volume with no qualifying village-directory Tahsil/Taluk-wise amenities appendix; the later appendix is only an Appendix to Town Directory.,"[""manual_absent_or_ineligible""]"
Maharashtra,Jalgaon,civic_amenities,Trimmed,1981/Maharashtra/1981 Jalgaon.pdf,1981 Jalgaon.pdf,Village/Town Directory volume,English or bilingual,[199],[null],output/pdf/1981_trimmed/Maharashtra/civic amenities/1981_Jalgaon_civic_amenities.pdf,"Statement IV Civic and Other Amenities, printed page 188; source page 200 begins Statement IV-A.","[""manual_verified""]"
Maharashtra,Jalgaon,medical_educational_amenities,Trimmed,1981/Maharashtra/1981 Jalgaon.pdf,1981 Jalgaon.pdf,Village/Town Directory volume,English or bilingual,"[201, 202]","[""190"", ""191""]",output/pdf/1981_trimmed/Maharashtra/mededu/1981_Jalgaon_medical_educational_amenities.pdf,"Statement V Medical, Educational, Recreational and Cultural Facilities, printed pages 190-191; source page 203 begins Statement VI.","[""manual_verified""]"
Maharashtra,Jalgaon,tehsil_appendix,Trimmed,1981/Maharashtra/1981 Jalgaon.pdf,1981 Jalgaon.pdf,Village/Town Directory volume,English or bilingual,"[165, 166]","[""154"", ""155""]",output/pdf/1981_trimmed/Maharashtra/tehsil appendix/1981_Jalgaon_tehsil_appendix.pdf,"Village Directory Appendix I Tahsil-wise abstract of educational, medical and other amenities, printed pages 154-155; source page 167 begins Appendix II.","[""manual_verified""]"
Maharashtra,Kolhapur,civic_amenities,Trimmed,1981/Maharashtra/1981 Kolhapur.pdf,1981 Kolhapur.pdf,Village/Town Directory volume,English or bilingual,[149],"[""134""]",output/pdf/1981_trimmed/Maharashtra/civic amenities/1981_Kolhapur_civic_amenities.pdf,"Statement IV Civic and Other Amenities, printed page 134; source page 150 begins Statement IV-A.","[""manual_verified""]"
Maharashtra,Kolhapur,medical_educational_amenities,Trimmed,1981/Maharashtra/1981 Kolhapur.pdf,1981 Kolhapur.pdf,Village/Town Directory volume,English or bilingual,"[151, 152]","[""136"", ""137""]",output/pdf/1981_trimmed/Maharashtra/mededu/1981_Kolhapur_medical_educational_amenities.pdf,"Statement V Medical, Educational, Recreational and Cultural Facilities, printed pages 136-137; source page 153 begins Statement VI.","[""manual_verified""]"
Maharashtra,Kolhapur,tehsil_appendix,Trimmed,1981/Maharashtra/1981 Kolhapur.pdf,1981 Kolhapur.pdf,Village/Town Directory volume,English or bilingual,"[125, 126]","[null, ""111""]",output/pdf/1981_trimmed/Maharashtra/tehsil appendix/1981_Kolhapur_tehsil_appendix.pdf,"Village Directory Appendix I Tahsil-wise abstract of educational, medical and other amenities, printed pages 110-111; source page 127 begins Appendix II.","[""manual_verified""]"
Maharashtra,Nagpur,civic_amenities,Trimmed,1981/Maharashtra/1981 Nagpur.pdf,1981 Nagpur.pdf,Village/Town Directory volume,English or bilingual,[180],"[""169""]",output/pdf/1981_trimmed/Maharashtra/civic amenities/1981_Nagpur_civic_amenities.pdf,"Statement IV Civic and Other Amenities, printed page 169; source page 181 begins Statement IV-A.","[""manual_verified""]"
Maharashtra,Nagpur,medical_educational_amenities,Trimmed,1981/Maharashtra/1981 Nagpur.pdf,1981 Nagpur.pdf,Village/Town Directory volume,English or bilingual,"[185, 186]","[""174"", null]",output/pdf/1981_trimmed/Maharashtra/mededu/1981_Nagpur_medical_educational_amenities.pdf,"Statement V Medical, Educational, Recreational and Cultural Facilities, printed pages 174-175; source page 187 begins Statement VI.","[""manual_verified""]"
Maharashtra,Nagpur,tehsil_appendix,Trimmed,1981/Maharashtra/1981 Nagpur.pdf,1981 Nagpur.pdf,Village/Town Directory volume,English or bilingual,"[141, 142]","[""130"", null]",output/pdf/1981_trimmed/Maharashtra/tehsil appendix/1981_Nagpur_tehsil_appendix.pdf,"Village Directory Appendix I Tahsil-wise abstract of educational, medical and other amenities, printed pages 130-131; source page 143 begins Appendix II.","[""manual_verified""]"
Maharashtra,Nanded,civic_amenities,Trimmed,1981/Maharashtra/1981 Nanded.pdf,1981 Nanded.pdf,Village/Town Directory volume,English or bilingual,[157],"[""146""]",output/pdf/1981_trimmed/Maharashtra/civic amenities/1981_Nanded_civic_amenities.pdf,"Statement IV Civic and Other Amenities, printed page 146; source page 158 begins Statement IV-A.","[""manual_verified""]"
Maharashtra,Nanded,medical_educational_amenities,Trimmed,1981/Maharashtra/1981 Nanded.pdf,1981 Nanded.pdf,Village/Town Directory volume,English or bilingual,"[159, 160]","[""148"", ""149""]",output/pdf/1981_trimmed/Maharashtra/mededu/1981_Nanded_medical_educational_amenities.pdf,"Statement V Medical, Educational, Recreational and Cultural Facilities, printed pages 148-149; source page 161 begins Statement VI.","[""manual_verified""]"
Maharashtra,Nanded,tehsil_appendix,Trimmed,1981/Maharashtra/1981 Nanded.pdf,1981 Nanded.pdf,Village/Town Directory volume,English or bilingual,"[131, 132]","[""120"", ""121""]",output/pdf/1981_trimmed/Maharashtra/tehsil appendix/1981_Nanded_tehsil_appendix.pdf,"Village Directory Appendix I Tahsil-wise abstract of educational, medical and other amenities, printed pages 120-121; source page 133 begins Appendix II.","[""manual_verified""]"
Maharashtra,Nasik,civic_amenities,Trimmed,1981/Maharashtra/1981 Nasik.pdf,1981 Nasik.pdf,Village/Town Directory volume,English or bilingual,"[240, 241, 242]","[""227"", ""228"", ""229""]",output/pdf/1981_trimmed/Maharashtra/civic amenities/1981_Nasik_civic_amenities.pdf,"Statement IV Civic and Other Amenities, printed pages 227-229; source page 243 begins Statement IV-A.","[""manual_verified""]"
Maharashtra,Nasik,medical_educational_amenities,Trimmed,1981/Maharashtra/1981 Nasik.pdf,1981 Nasik.pdf,Village/Town Directory volume,English or bilingual,"[245, 246, 247, 248]","[""232"", ""233"", ""234"", null]",output/pdf/1981_trimmed/Maharashtra/mededu/1981_Nasik_medical_educational_amenities.pdf,"Statement V Medical, Educational, Recreational and Cultural Facilities, printed pages 232-235; source page 249 begins Statement VI.","[""manual_verified""]"
Maharashtra,Nasik,tehsil_appendix,Trimmed,1981/Maharashtra/1981 Nasik.pdf,1981 Nasik.pdf,Village/Town Directory volume,English or bilingual,"[201, 202]","[""188"", ""189""]",output/pdf/1981_trimmed/Maharashtra/tehsil appendix/1981_Nasik_tehsil_appendix.pdf,"Village Directory Appendix I Tahsil-wise abstract of educational, medical and other amenities, printed pages 188-189; source page 203 begins Appendix II.","[""manual_verified""]"
Maharashtra,Osmanabad,civic_amenities,Trimmed,1981/Maharashtra/1981 Osmanabad.pdf,1981 Osmanabad.pdf,Village/Town Directory volume,English or bilingual,[187],"[""174""]",output/pdf/1981_trimmed/Maharashtra/civic amenities/1981_Osmanabad_civic_amenities.pdf,"Statement IV Civic and Other Amenities, printed page 174; source page 188 begins Statement IV-A.","[""manual_verified""]"
Maharashtra,Osmanabad,medical_educational_amenities,Trimmed,1981/Maharashtra/1981 Osmanabad.pdf,1981 Osmanabad.pdf,Village/Town Directory volume,English or bilingual,"[189, 190]","[""176"", null]",output/pdf/1981_trimmed/Maharashtra/mededu/1981_Osmanabad_medical_educational_amenities.pdf,"Statement V Medical, Educational, Recreational and Cultural Facilities, printed pages 176-177; source page 191 begins Statement VI.","[""manual_verified""]"
Maharashtra,Osmanabad,tehsil_appendix,Trimmed,1981/Maharashtra/1981 Osmanabad.pdf,1981 Osmanabad.pdf,Village/Town Directory volume,English or bilingual,"[157, 158]","[""144"", ""145""]",output/pdf/1981_trimmed/Maharashtra/tehsil appendix/1981_Osmanabad_tehsil_appendix.pdf,"Village Directory Appendix I Tahsil-wise abstract of educational, medical and other amenities, printed pages 144-145; source page 159 begins Appendix II.","[""manual_verified""]"
Maharashtra,Parbhani,civic_amenities,Trimmed,1981/Maharashtra/1981 Parbhani.pdf,1981 Parbhani.pdf,Village/Town Directory volume,English or bilingual,[205],"[""194""]",output/pdf/1981_trimmed/Maharashtra/civic amenities/1981_Parbhani_civic_amenities.pdf,"Statement IV Civic and Other Amenities, printed page 194; source page 206 begins Statement IV-A.","[""manual_verified""]"
Maharashtra,Parbhani,medical_educational_amenities,Trimmed,1981/Maharashtra/1981 Parbhani.pdf,1981 Parbhani.pdf,Village/Town Directory volume,English or bilingual,"[207, 208]","[""196"", ""197""]",output/pdf/1981_trimmed/Maharashtra/mededu/1981_Parbhani_medical_educational_amenities.pdf,"Statement V Medical, Educational, Recreational and Cultural Facilities, printed pages 196-197; source page 209 begins Statement VI.","[""manual_verified""]"
Maharashtra,Parbhani,tehsil_appendix,Trimmed,1981/Maharashtra/1981 Parbhani.pdf,1981 Parbhani.pdf,Village/Town Directory volume,English or bilingual,"[177, 178]","[""166"", ""167""]",output/pdf/1981_trimmed/Maharashtra/tehsil appendix/1981_Parbhani_tehsil_appendix.pdf,"Village Directory Appendix I Tahsil-wise abstract of educational, medical and other amenities, printed pages 166-167; source page 179 begins Appendix II.","[""manual_verified""]"
Maharashtra,Pune,civic_amenities,Trimmed,1981/Maharashtra/1981 Pune.pdf,1981 Pune.pdf,Village/Town Directory volume,English or bilingual,"[230, 231]","[""219"", ""220""]",output/pdf/1981_trimmed/Maharashtra/civic amenities/1981_Pune_civic_amenities.pdf,"Statement IV Civic and Other Amenities, printed pages 219-220; source page 232 begins Statement IV-A.","[""manual_verified""]"
Maharashtra,Pune,medical_educational_amenities,Trimmed,1981/Maharashtra/1981 Pune.pdf,1981 Pune.pdf,Village/Town Directory volume,English or bilingual,"[243, 244, 245, 246]","[""232"", ""233"", ""234"", ""235""]",output/pdf/1981_trimmed/Maharashtra/mededu/1981_Pune_medical_educational_amenities.pdf,"Statement V Medical, Educational, Recreational and Cultural Facilities, printed pages 232-235; source page 247 begins Statement VI.","[""manual_verified""]"
Maharashtra,Pune,tehsil_appendix,Trimmed,1981/Maharashtra/1981 Pune.pdf,1981 Pune.pdf,Village/Town Directory volume,English or bilingual,"[191, 192]","[""130"", null]",output/pdf/1981_trimmed/Maharashtra/tehsil appendix/1981_Pune_tehsil_appendix.pdf,"Village Directory Appendix I Tahsil-wise abstract of educational, medical and other amenities, printed pages 180-181; source page 193 begins Appendix II.","[""manual_verified""]"
Maharashtra,Ratnagiri,civic_amenities,Trimmed,1981/Maharashtra/1981 Ratnagiri.pdf,1981 Ratnagiri.pdf,Village/Town Directory volume,English or bilingual,[205],"[""192""]",output/pdf/1981_trimmed/Maharashtra/civic amenities/1981_Ratnagiri_civic_amenities.pdf,"Statement IV Civic and Other Amenities, printed page 192; source page 206 begins Statement IV-A.","[""manual_verified""]"
Maharashtra,Ratnagiri,medical_educational_amenities,Trimmed,1981/Maharashtra/1981 Ratnagiri.pdf,1981 Ratnagiri.pdf,Village/Town Directory volume,English or bilingual,"[207, 208]","[""194"", null]",output/pdf/1981_trimmed/Maharashtra/mededu/1981_Ratnagiri_medical_educational_amenities.pdf,"Statement V Medical, Educational, Recreational and Cultural Facilities, printed pages 194-195; source page 209 begins Statement VI.","[""manual_verified""]"
Maharashtra,Ratnagiri,tehsil_appendix,Trimmed,1981/Maharashtra/1981 Ratnagiri.pdf,1981 Ratnagiri.pdf,Village/Town Directory volume,English or bilingual,"[179, 180]","[null, null]",output/pdf/1981_trimmed/Maharashtra/tehsil appendix/1981_Ratnagiri_tehsil_appendix.pdf,"Village Directory Appendix I Tahsil-wise abstract of educational, medical and other amenities, printed pages 166-167; source page 181 begins Appendix II.","[""manual_verified""]"
Maharashtra,Sangli,civic_amenities,Trimmed,1981/Maharashtra/1981 Sangli.pdf,1981 Sangli.pdf,Village/Town Directory volume,English or bilingual,[119],"[""108""]",output/pdf/1981_trimmed/Maharashtra/civic amenities/1981_Sangli_civic_amenities.pdf,"Statement IV Civic and Other Amenities, printed page 108; source page 120 begins Statement IV-A.","[""manual_verified""]"
Maharashtra,Sangli,medical_educational_amenities,Trimmed,1981/Maharashtra/1981 Sangli.pdf,1981 Sangli.pdf,Village/Town Directory volume,English or bilingual,"[121, 122]","[""110"", null]",output/pdf/1981_trimmed/Maharashtra/mededu/1981_Sangli_medical_educational_amenities.pdf,"Statement V Medical, Educational, Recreational and Cultural Facilities, printed pages 110-111; source page 123 begins Statement VI.","[""manual_verified""]"
Maharashtra,Sangli,tehsil_appendix,Trimmed,1981/Maharashtra/1981 Sangli.pdf,1981 Sangli.pdf,Village/Town Directory volume,English or bilingual,"[101, 102]","[""90"", ""91""]",output/pdf/1981_trimmed/Maharashtra/tehsil appendix/1981_Sangli_tehsil_appendix.pdf,"Village Directory Appendix I Tahsil-wise abstract of educational, medical and other amenities, printed pages 90-91; source page 103 begins Appendix II.","[""manual_verified""]"
Maharashtra,Satara,civic_amenities,Trimmed,1981/Maharashtra/1981 Satara.pdf,1981 Satara.pdf,Village/Town Directory volume,English or bilingual,[176],[null],output/pdf/1981_trimmed/Maharashtra/civic amenities/1981_Satara_civic_amenities.pdf,"Statement IV Civic and Other Amenities, printed page 162; source page 177 begins Statement IV-A.","[""manual_verified""]"
Maharashtra,Satara,medical_educational_amenities,Trimmed,1981/Maharashtra/1981 Satara.pdf,1981 Satara.pdf,Village/Town Directory volume,English or bilingual,"[178, 179]","[""164"", ""165""]",output/pdf/1981_trimmed/Maharashtra/mededu/1981_Satara_medical_educational_amenities.pdf,"Statement V Medical, Educational, Recreational and Cultural Facilities, printed pages 164-165; source page 180 begins Statement VI.","[""manual_verified""]"
Maharashtra,Satara,tehsil_appendix,Trimmed,1981/Maharashtra/1981 Satara.pdf,1981 Satara.pdf,Village/Town Directory volume,English or bilingual,"[150, 151]","[""136"", ""137""]",output/pdf/1981_trimmed/Maharashtra/tehsil appendix/1981_Satara_tehsil_appendix.pdf,"Village Directory Appendix I Tahsil-wise abstract of educational, medical and other amenities, printed pages 136-137; source page 152 begins Appendix II.","[""manual_verified""]"
Maharashtra,Sholapur,civic_amenities,Trimmed,1981/Maharashtra/1981 Sholapur.pdf,1981 Sholapur.pdf,Village/Town Directory volume,English or bilingual,[147],[null],output/pdf/1981_trimmed/Maharashtra/civic amenities/1981_Sholapur_civic_amenities.pdf,"Statement IV Civic and Other Amenities, printed page 132; source page 148 begins Statement IV-A.","[""manual_verified""]"
Maharashtra,Sholapur,medical_educational_amenities,Trimmed,1981/Maharashtra/1981 Sholapur.pdf,1981 Sholapur.pdf,Village/Town Directory volume,English or bilingual,"[155, 156]","[""140"", ""141""]",output/pdf/1981_trimmed/Maharashtra/mededu/1981_Sholapur_medical_educational_amenities.pdf,"Statement V Medical, Educational, Recreational and Cultural Facilities, printed pages 140-141; source page 157 begins Statement VI.","[""manual_verified""]"
Maharashtra,Sholapur,tehsil_appendix,Trimmed,1981/Maharashtra/1981 Sholapur.pdf,1981 Sholapur.pdf,Village/Town Directory volume,English or bilingual,"[121, 122]","[null, null]",output/pdf/1981_trimmed/Maharashtra/tehsil appendix/1981_Sholapur_tehsil_appendix.pdf,"Village Directory Appendix I Tahsil-wise abstract of educational, medical and other amenities, printed pages 106-107; source page 123 begins Appendix II.","[""manual_verified""]"
Maharashtra,Thane,civic_amenities,Trimmed,1981/Maharashtra/1981 Thane.pdf,1981 Thane.pdf,Village/Town Directory volume,English or bilingual,"[201, 202, 203]","[""192"", ""10"", ""194""]",output/pdf/1981_trimmed/Maharashtra/civic amenities/1981_Thane_civic_amenities.pdf,"Statement IV Civic and Other Amenities, printed pages 192-194; source page 204 begins Statement IV-A.","[""manual_verified""]"
Maharashtra,Thane,medical_educational_amenities,Trimmed,1981/Maharashtra/1981 Thane.pdf,1981 Thane.pdf,Village/Town Directory volume,English or bilingual,"[209, 210, 211, 212, 213, 214]","[""200"", ""201"", ""202"", ""203"", ""204"", ""205""]",output/pdf/1981_trimmed/Maharashtra/mededu/1981_Thane_medical_educational_amenities.pdf,"Statement V Medical, Educational, Recreational and Cultural Facilities, printed pages 200-205; source page 215 begins Statement VI.","[""manual_verified""]"
Maharashtra,Thane,tehsil_appendix,Trimmed,1981/Maharashtra/1981 Thane.pdf,1981 Thane.pdf,Village/Town Directory volume,English or bilingual,"[167, 168]","[null, null]",output/pdf/1981_trimmed/Maharashtra/tehsil appendix/1981_Thane_tehsil_appendix.pdf,"Village Directory Appendix I Tahsil-wise abstract of educational, medical and other amenities, printed pages 158-159; source page 169 begins Appendix II.","[""manual_verified""]"
Maharashtra,Wardha,civic_amenities,Trimmed,1981/Maharashtra/1981 Wardha.pdf,1981 Wardha.pdf,Village/Town Directory volume,English or bilingual,[132],"[""119""]",output/pdf/1981_trimmed/Maharashtra/civic amenities/1981_Wardha_civic_amenities.pdf,"Statement IV Civic and Other Amenities, printed page 119; the same full source page also contains Statement IV-A below it, and source page 133 begins Statement V.","[""manual_verified""]"
Maharashtra,Wardha,medical_educational_amenities,Trimmed,1981/Maharashtra/1981 Wardha.pdf,1981 Wardha.pdf,Village/Town Directory volume,English or bilingual,"[133, 134]","[""120"", ""1979""]",output/pdf/1981_trimmed/Maharashtra/mededu/1981_Wardha_medical_educational_amenities.pdf,"Statement V Medical, Educational, Recreational and Cultural Facilities, printed pages 120-121; source page 135 begins Statement VI.","[""manual_verified""]"
Maharashtra,Wardha,tehsil_appendix,Trimmed,1981/Maharashtra/1981 Wardha.pdf,1981 Wardha.pdf,Village/Town Directory volume,English or bilingual,"[113, 114]","[null, null]",output/pdf/1981_trimmed/Maharashtra/tehsil appendix/1981_Wardha_tehsil_appendix.pdf,"Village Directory Appendix I Tahsil-wise abstract of educational, medical and other amenities, printed pages 100-101; source page 115 begins the next appendix.","[""manual_verified""]"
Maharashtra,Yavatmal,civic_amenities,Trimmed,1981/Maharashtra/1981 Yavatmal.pdf,1981 Yavatmal.pdf,Village/Town Directory volume,English or bilingual,[187],[null],output/pdf/1981_trimmed/Maharashtra/civic amenities/1981_Yavatmal_civic_amenities.pdf,"Statement IV Civic and Other Amenities, printed page 176; source page 188 begins Statement IV-A.","[""manual_verified""]"
Maharashtra,Yavatmal,medical_educational_amenities,Trimmed,1981/Maharashtra/1981 Yavatmal.pdf,1981 Yavatmal.pdf,Village/Town Directory volume,English or bilingual,"[189, 190]","[""178"", ""179""]",output/pdf/1981_trimmed/Maharashtra/mededu/1981_Yavatmal_medical_educational_amenities.pdf,"Statement V Medical, Educational, Recreational and Cultural Facilities, printed pages 178-179; source page 191 begins Statement VI.","[""manual_verified""]"
Maharashtra,Yavatmal,tehsil_appendix,Trimmed,1981/Maharashtra/1981 Yavatmal.pdf,1981 Yavatmal.pdf,Village/Town Directory volume,English or bilingual,"[151, 152]","[""140"", ""141""]",output/pdf/1981_trimmed/Maharashtra/tehsil appendix/1981_Yavatmal_tehsil_appendix.pdf,"Village Directory Appendix I Tahsil-wise abstract of educational, medical and other amenities, printed pages 140-141; source page 153 begins Appendix II.","[""manual_verified""]"
Manipur,Manipur Central,civic_amenities,Trimmed,1981/Manipur/1981 Manipur Central.pdf,1981 Manipur Central.pdf,Village/Town Directory volume,English or bilingual,"[126, 127]","[""108"", ""109""]",output/pdf/1981_trimmed/Manipur/civic amenities/1981_Manipur Central_civic_amenities.pdf,"Statement IV Civic and Other Amenities, printed pages 108-109; source page 128 begins Statement V.","[""manual_verified""]"
Manipur,Manipur Central,medical_educational_amenities,Trimmed,1981/Manipur/1981 Manipur Central.pdf,1981 Manipur Central.pdf,Village/Town Directory volume,English or bilingual,"[128, 129]","[""110"", null]",output/pdf/1981_trimmed/Manipur/mededu/1981_Manipur Central_medical_educational_amenities.pdf,"Statement V Medical, Educational, Recreational and Cultural Facilities, printed pages 110-111; source page 130 begins Statement VI.","[""manual_verified""]"
Manipur,Manipur Central,tehsil_appendix,Trimmed,1981/Manipur/1981 Manipur Central.pdf,1981 Manipur Central.pdf,Village/Town Directory volume,English or bilingual,"[98, 99]","[""80"", ""81""]",output/pdf/1981_trimmed/Manipur/tehsil appendix/1981_Manipur Central_tehsil_appendix.pdf,"Village Directory Appendix I Sub-division-wise abstract of educational, medical and other amenities, printed pages 80-81; source page 100 begins Appendix II.","[""manual_verified""]"
Manipur,Manipur North,civic_amenities,Trimmed,1981/Manipur/1981 Manipur North.pdf,1981 Manipur North.pdf,Village/Town Directory volume,English or bilingual,"[118, 119]","[""102"", null]",output/pdf/1981_trimmed/Manipur/civic amenities/1981_Manipur North_civic_amenities.pdf,"Statement IV Civic and Other Amenities, printed pages 102-103; source page 120 begins Statement V.","[""manual_verified""]"
Manipur,Manipur North,medical_educational_amenities,Trimmed,1981/Manipur/1981 Manipur North.pdf,1981 Manipur North.pdf,Village/Town Directory volume,English or bilingual,"[120, 121]","[""104"", ""105""]",output/pdf/1981_trimmed/Manipur/mededu/1981_Manipur North_medical_educational_amenities.pdf,"Statement V Medical, Educational, Recreational and Cultural Facilities, printed pages 104-105; source page 122 is blank and source page 123 begins Part B.","[""manual_verified""]"
Manipur,Manipur North,tehsil_appendix,Trimmed,1981/Manipur/1981 Manipur North.pdf,1981 Manipur North.pdf,Village/Town Directory volume,English or bilingual,"[94, 95]","[""74"", ""75""]",output/pdf/1981_trimmed/Manipur/tehsil appendix/1981_Manipur North_tehsil_appendix.pdf,"Village Directory Appendix I Sub-division-wise abstract of educational, medical and other amenities, printed pages 74-75; source page 96 begins the village list appendix.","[""manual_verified""]"
Manipur,Tengnoupal,civic_amenities,Trimmed,1981/Manipur/1981 Tengnoupal.pdf,1981 Tengnoupal.pdf,Village/Town Directory volume,English or bilingual,"[100, 101]","[""82"", null]",output/pdf/1981_trimmed/Manipur/civic amenities/1981_Tengnoupal_civic_amenities.pdf,"Statement IV Civic and Other Amenities, printed pages 82-83; source page 102 begins Statement V.","[""manual_verified""]"
Manipur,Tengnoupal,medical_educational_amenities,Trimmed,1981/Manipur/1981 Tengnoupal.pdf,1981 Tengnoupal.pdf,Village/Town Directory volume,English or bilingual,"[102, 103]","[""84"", ""85""]",output/pdf/1981_trimmed/Manipur/mededu/1981_Tengnoupal_medical_educational_amenities.pdf,"Statement V Medical, Educational, Recreational and Cultural Facilities, printed pages 84-85; source page 104 begins Statement VI.","[""manual_verified""]"
Manipur,Tengnoupal,tehsil_appendix,Trimmed,1981/Manipur/1981 Tengnoupal.pdf,1981 Tengnoupal.pdf,Village/Town Directory volume,English or bilingual,"[78, 79]","[null, null]",output/pdf/1981_trimmed/Manipur/tehsil appendix/1981_Tengnoupal_tehsil_appendix.pdf,"Village Directory Appendix I Sub-division-wise abstract of educational, medical and other amenities, printed pages 60-61; source page 80 begins Appendix II.","[""manual_verified""]"
Meghalaya,East Garo Hills,civic_amenities,Trimmed,1981/Meghalaya/1981 East Garo Hills.pdf,1981 East Garo Hills.pdf,Village/Town Directory volume,English or bilingual,[150],"[""124""]",output/pdf/1981_trimmed/Meghalaya/civic amenities/1981_East Garo Hills_civic_amenities.pdf,"Statement IV Civic and Other Amenities, printed page 124; source page 151 begins Statement V.","[""manual_verified""]"
Meghalaya,East Garo Hills,medical_educational_amenities,Trimmed,1981/Meghalaya/1981 East Garo Hills.pdf,1981 East Garo Hills.pdf,Village/Town Directory volume,English or bilingual,[151],[null],output/pdf/1981_trimmed/Meghalaya/mededu/1981_East Garo Hills_medical_educational_amenities.pdf,"Statement V Medical, Educational, Recreational and Cultural Facilities, printed page 125; source page 152 begins Statement VI.","[""manual_verified""]"
Meghalaya,East Garo Hills,tehsil_appendix,Trimmed,1981/Meghalaya/1981 East Garo Hills.pdf,1981 East Garo Hills.pdf,Village/Town Directory volume,English or bilingual,"[118, 119]","[""91"", ""92""]",output/pdf/1981_trimmed/Meghalaya/tehsil appendix/1981_East Garo Hills_tehsil_appendix.pdf,"Village Directory Appendix I Tehsil-wise abstract of educational, medical and other amenities, printed pages 91-92; source page 120 begins Appendix IV.","[""manual_verified""]"
Meghalaya,Jaintia Khasi Hills,civic_amenities,Trimmed,1981/Meghalaya/1981 Jaintia Khasi Hills.pdf,1981 Jaintia Khasi Hills.pdf,Village/Town Directory volume,English or bilingual,[149],"[""123""]",output/pdf/1981_trimmed/Meghalaya/civic amenities/1981_Jaintia Khasi Hills_civic_amenities.pdf,"Statement IV Civic and Other Amenities, printed page 123; source page 150 is Statement IV-A.","[""manual_verified""]"
Meghalaya,Jaintia Khasi Hills,medical_educational_amenities,Trimmed,1981/Meghalaya/1981 Jaintia Khasi Hills.pdf,1981 Jaintia Khasi Hills.pdf,Village/Town Directory volume,English or bilingual,[151],"[""125""]",output/pdf/1981_trimmed/Meghalaya/mededu/1981_Jaintia Khasi Hills_medical_educational_amenities.pdf,"Statement V Medical, Educational, Recreational and Cultural Facilities, printed page 125; source page 152 begins Statement VI.","[""manual_verified""]"
Meghalaya,Jaintia Khasi Hills,tehsil_appendix,Trimmed,1981/Meghalaya/1981 Jaintia Khasi Hills.pdf,1981 Jaintia Khasi Hills.pdf,Village/Town Directory volume,English or bilingual,"[124, 125]","[null, null]",output/pdf/1981_trimmed/Meghalaya/tehsil appendix/1981_Jaintia Khasi Hills_tehsil_appendix.pdf,"Village Directory Appendix I C.D. Blockwise abstract of educational, medical and other amenities, printed pages 98-99; source page 126 begins Appendix II.","[""manual_verified""]"
Meghalaya,West Garo Hills,civic_amenities,Trimmed,1981/Meghalaya/1981 West Garo Hills.pdf,1981 West Garo Hills.pdf,Village/Town Directory volume,English or bilingual,[321],"[""283""]",output/pdf/1981_trimmed/Meghalaya/civic amenities/1981_West Garo Hills_civic_amenities.pdf,"Statement IV Civic and Other Amenities, printed page 283; source page 320 is Statement IV-A and source page 322 begins Statement V.","[""manual_verified""]"
Meghalaya,West Garo Hills,medical_educational_amenities,Trimmed,1981/Meghalaya/1981 West Garo Hills.pdf,1981 West Garo Hills.pdf,Village/Town Directory volume,English or bilingual,[322],"[""284""]",output/pdf/1981_trimmed/Meghalaya/mededu/1981_West Garo Hills_medical_educational_amenities.pdf,"Statement V Medical, Educational, Recreational and Cultural Facilities, printed page 284; source page 323 begins Statement VI.","[""manual_verified""]"
Meghalaya,West Garo Hills,tehsil_appendix,Trimmed,1981/Meghalaya/1981 West Garo Hills.pdf,1981 West Garo Hills.pdf,Village/Town Directory volume,English or bilingual,"[324, 325, 326, 327, 328, 329, 330, 331, 332, 333]","[""286"", null, ""288"", ""289"", ""290"", ""291"", ""292"", null, null, ""295""]",output/pdf/1981_trimmed/Meghalaya/tehsil appendix/1981_West Garo Hills_tehsil_appendix.pdf,"Village Directory Appendix I C.D. Blockwise abstract of educational, medical and other amenities, printed pages 286-295; source page 334 begins Appendix II.","[""manual_verified""]"
Meghalaya,West Khasi Hills,civic_amenities,Trimmed,1981/Meghalaya/1981 West Khasi Hills.pdf,1981 West Khasi Hills.pdf,Village/Town Directory volume,English or bilingual,[194],"[""169""]",output/pdf/1981_trimmed/Meghalaya/civic amenities/1981_West Khasi Hills_civic_amenities.pdf,"Statement IV Civic and Other Amenities, printed page 169; source page 195 is Statement IV-A.","[""manual_verified""]"
Meghalaya,West Khasi Hills,medical_educational_amenities,Trimmed,1981/Meghalaya/1981 West Khasi Hills.pdf,1981 West Khasi Hills.pdf,Village/Town Directory volume,English or bilingual,[196],"[""171""]",output/pdf/1981_trimmed/Meghalaya/mededu/1981_West Khasi Hills_medical_educational_amenities.pdf,"Statement V Medical, Educational, Recreational and Cultural Facilities, printed page 171; source page 197 begins Statement VI.","[""manual_verified""]"
Meghalaya,West Khasi Hills,tehsil_appendix,Trimmed,1981/Meghalaya/1981 West Khasi Hills.pdf,1981 West Khasi Hills.pdf,Village/Town Directory volume,English or bilingual,"[165, 166]","[""140"", null]",output/pdf/1981_trimmed/Meghalaya/tehsil appendix/1981_West Khasi Hills_tehsil_appendix.pdf,"Village Directory Appendix I C.D. Blockwise abstract of educational, medical and other amenities, printed pages 140-141; source page 167 begins Appendix II.","[""manual_verified""]"
Mizoram,Aizawl,civic_amenities,Trimmed,1981/Mizoram/1981 Aizawl.pdf,1981 Aizawl.pdf,Village/Town Directory volume,English or bilingual,[147],[null],output/pdf/1981_trimmed/Mizoram/civic amenities/1981_Aizawl_civic_amenities.pdf,"Statement IV Civic and Other Amenities, printed page 135, sharing the full source page with the tail of Statement III; source page 148 begins Statement V.","[""manual_verified""]"
Mizoram,Aizawl,medical_educational_amenities,Trimmed,1981/Mizoram/1981 Aizawl.pdf,1981 Aizawl.pdf,Village/Town Directory volume,English or bilingual,[148],"[""136""]",output/pdf/1981_trimmed/Mizoram/mededu/1981_Aizawl_medical_educational_amenities.pdf,"Statement V Medical, Educational, Recreational and Cultural Facilities, printed page 136; source page 149 begins Statement VI.","[""manual_verified""]"
Mizoram,Aizawl,tehsil_appendix,Trimmed,1981/Mizoram/1981 Aizawl.pdf,1981 Aizawl.pdf,Village/Town Directory volume,English or bilingual,"[116, 117]","[""104"", ""105""]",output/pdf/1981_trimmed/Mizoram/tehsil appendix/1981_Aizawl_tehsil_appendix.pdf,"Village Directory Appendix I C.D. Block-wise abstract of educational, medical and other amenities, printed pages 104-105; source page 118 begins Appendix II.","[""manual_verified""]"
Mizoram,Chhimtuipui,civic_amenities,Trimmed,1981/Mizoram/1981 Chhimtuipui.pdf,1981 Chhimtuipui.pdf,Village/Town Directory volume,English or bilingual,[78],"[""66""]",output/pdf/1981_trimmed/Mizoram/civic amenities/1981_Chhimtuipui_civic_amenities.pdf,"Statement IV Civic and Other Amenities, printed page 66, sharing the full source page with Statement III; source page 79 begins Statement IV-A and Statement V.","[""manual_verified""]"
Mizoram,Chhimtuipui,medical_educational_amenities,Trimmed,1981/Mizoram/1981 Chhimtuipui.pdf,1981 Chhimtuipui.pdf,Village/Town Directory volume,English or bilingual,[79],"[""67""]",output/pdf/1981_trimmed/Mizoram/mededu/1981_Chhimtuipui_medical_educational_amenities.pdf,"Statement V Medical, Educational, Recreational and Cultural Facilities, printed page 67, sharing the full source page with Statement IV-A; source page 80 begins Statement VI.","[""manual_verified""]"
Mizoram,Chhimtuipui,tehsil_appendix,Trimmed,1981/Mizoram/1981 Chhimtuipui.pdf,1981 Chhimtuipui.pdf,Village/Town Directory volume,English or bilingual,"[64, 65]","[""52"", ""53""]",output/pdf/1981_trimmed/Mizoram/tehsil appendix/1981_Chhimtuipui_tehsil_appendix.pdf,"Village Directory Appendix I Tahsilwise/Blockwise abstract of educational, medical and other amenities, printed pages 52-53; source page 66 begins Appendix II.","[""manual_verified""]"
Nagaland,Kohima,civic_amenities,Trimmed,1981/Nagaland/1981 Kohima.pdf,1981 Kohima.pdf,Village/Town Directory volume,English or bilingual,[171],[null],output/pdf/1981_trimmed/Nagaland/civic amenities/1981_Kohima_civic_amenities.pdf,"Town Directory Statement IV Civic and Other Amenities, printed page 155; source page 172 begins Statement V.","[""manual_verified""]"
Nagaland,Kohima,medical_educational_amenities,Trimmed,1981/Nagaland/1981 Kohima.pdf,1981 Kohima.pdf,Village/Town Directory volume,English or bilingual,"[172, 173]","[null, null]",output/pdf/1981_trimmed/Nagaland/mededu/1981_Kohima_medical_educational_amenities.pdf,"Town Directory Statement V Medical, Educational, Recreational and Cultural Facilities, printed pages 156-157; source page 174 begins Statement VI.","[""manual_verified""]"
Nagaland,Kohima,tehsil_appendix,Trimmed,1981/Nagaland/1981 Kohima.pdf,1981 Kohima.pdf,Village/Town Directory volume,English or bilingual,"[152, 153, 154, 155]","[null, null, null, null]",output/pdf/1981_trimmed/Nagaland/tehsil appendix/1981_Kohima_tehsil_appendix.pdf,"Village Directory Appendix I Circle-wise abstract of educational, medical and other amenities, printed pages 136-139; source page 156 begins Appendix II.","[""manual_verified""]"
Nagaland,Mokokchung,civic_amenities,Trimmed,1981/Nagaland/1981 Mokokchung.pdf,1981 Mokokchung.pdf,Village/Town Directory volume,English or bilingual,"[112, 113]","[null, null]",output/pdf/1981_trimmed/Nagaland/civic amenities/1981_Mokokchung_civic_amenities.pdf,"Town Directory Statement IV Civic and Other Amenities, printed pages 96-97; complete table spans source pages 112-113.","[""manual_verified""]"
Nagaland,Mokokchung,medical_educational_amenities,Trimmed,1981/Nagaland/1981 Mokokchung.pdf,1981 Mokokchung.pdf,Village/Town Directory volume,English or bilingual,"[112, 113]","[null, null]",output/pdf/1981_trimmed/Nagaland/mededu/1981_Mokokchung_medical_educational_amenities.pdf,"Town Directory Statement V Medical, Educational, Recreational and Cultural Facilities, printed pages 96-97; complete table spans source pages 112-113.","[""manual_verified""]"
Nagaland,Mokokchung,tehsil_appendix,Trimmed,1981/Nagaland/1981 Mokokchung.pdf,1981 Mokokchung.pdf,Village/Town Directory volume,English or bilingual,"[98, 99, 100, 101]","[null, null, null, null]",output/pdf/1981_trimmed/Nagaland/tehsil appendix/1981_Mokokchung_tehsil_appendix.pdf,"Village Directory Appendix I Circle-wise abstract of educational, medical and other amenities, printed pages 82-85; source page 102 begins Appendices II-III.","[""manual_verified""]"
Nagaland,Mon,civic_amenities,Not trimmed,1981/Nagaland/1981 Mon.pdf,1981 Mon.pdf,Part XIII-B primary census abstract,English or bilingual,[],[],,Part XIII-B Primary Census Abstract-only volume; no Village/Town Directory tables.,"[""manual_absent_or_ineligible""]"
Nagaland,Mon,medical_educational_amenities,Not trimmed,1981/Nagaland/1981 Mon.pdf,1981 Mon.pdf,Part XIII-B primary census abstract,English or bilingual,[],[],,Part XIII-B Primary Census Abstract-only volume; no Village/Town Directory tables.,"[""manual_absent_or_ineligible""]"
Nagaland,Mon,tehsil_appendix,Not trimmed,1981/Nagaland/1981 Mon.pdf,1981 Mon.pdf,Part XIII-B primary census abstract,English or bilingual,[],[],,Part XIII-B Primary Census Abstract-only volume; no Village Directory Appendix I.,"[""manual_absent_or_ineligible""]"
Nagaland,Phek,civic_amenities,Not trimmed,1981/Nagaland/1981 Phek.pdf,1981 Phek.pdf,Village/Town Directory volume,English or bilingual,[],[],,Village Directory states that the district has no town; therefore no Town Directory Statement IV Civic and Other Amenities.,"[""manual_absent_or_ineligible""]"
Nagaland,Phek,medical_educational_amenities,Not trimmed,1981/Nagaland/1981 Phek.pdf,1981 Phek.pdf,Village/Town Directory volume,English or bilingual,[],[],,"Village Directory states that the district has no town; therefore no Town Directory Statement V Medical, Educational, Recreational and Cultural Facilities.","[""manual_absent_or_ineligible""]"
Nagaland,Phek,tehsil_appendix,Trimmed,1981/Nagaland/1981 Phek.pdf,1981 Phek.pdf,Village/Town Directory volume,English or bilingual,"[84, 85, 86, 87]","[null, null, null, null]",output/pdf/1981_trimmed/Nagaland/tehsil appendix/1981_Phek_tehsil_appendix.pdf,"Village Directory Appendix I Circle-wise abstract of educational, medical and other amenities, printed pages 66-69; source page 88 begins Appendix III.","[""manual_verified""]"
Nagaland,Tuensang,civic_amenities,Trimmed,1981/Nagaland/1981 Tuensang.pdf,1981 Tuensang.pdf,Village/Town Directory volume,English or bilingual,[174],[null],output/pdf/1981_trimmed/Nagaland/civic amenities/1981_Tuensang_civic_amenities.pdf,"Town Directory Statement IV Civic and Other Amenities, printed page 153; source page 175 begins Statement V.","[""manual_verified""]"
Nagaland,Tuensang,medical_educational_amenities,Trimmed,1981/Nagaland/1981 Tuensang.pdf,1981 Tuensang.pdf,Village/Town Directory volume,English or bilingual,"[175, 176]","[null, null]",output/pdf/1981_trimmed/Nagaland/mededu/1981_Tuensang_medical_educational_amenities.pdf,"Town Directory Statement V Medical, Educational, Recreational and Cultural Facilities, printed pages 154-155; source page 176 also begins Statement VI and is retained whole.","[""manual_verified""]"
Nagaland,Tuensang,tehsil_appendix,Trimmed,1981/Nagaland/1981 Tuensang.pdf,1981 Tuensang.pdf,Village/Town Directory volume,English or bilingual,"[161, 162]","[null, null]",output/pdf/1981_trimmed/Nagaland/tehsil appendix/1981_Tuensang_tehsil_appendix.pdf,"Village Directory Appendix I Tahsil-wise abstract of educational, medical and other amenities, printed pages 141-142; source page 163 begins Appendix II.","[""manual_verified""]"
Nagaland,Zunhebota,civic_amenities,Trimmed,1981/Nagaland/1981 Zunhebota.pdf,1981 Zunhebota.pdf,Village/Town Directory volume,English or bilingual,"[118, 119]","[null, null]",output/pdf/1981_trimmed/Nagaland/civic amenities/1981_Zunhebota_civic_amenities.pdf,"Town Directory Statement IV Civic and Other Amenities, printed pages 100-101; complete table spans source pages 118-119.","[""manual_verified""]"
Nagaland,Zunhebota,medical_educational_amenities,Trimmed,1981/Nagaland/1981 Zunhebota.pdf,1981 Zunhebota.pdf,Village/Town Directory volume,English or bilingual,"[120, 121]","[null, null]",output/pdf/1981_trimmed/Nagaland/mededu/1981_Zunhebota_medical_educational_amenities.pdf,"Town Directory Statement V Medical, Educational, Recreational and Cultural Facilities, printed pages 102-103; source page 121 also begins Statement VI and is retained whole.","[""manual_verified""]"
Nagaland,Zunhebota,tehsil_appendix,Trimmed,1981/Nagaland/1981 Zunhebota.pdf,1981 Zunhebota.pdf,Village/Town Directory volume,English or bilingual,"[108, 109]","[null, null]",output/pdf/1981_trimmed/Nagaland/tehsil appendix/1981_Zunhebota_tehsil_appendix.pdf,"Village Directory Appendix I Circle-wise abstract of educational, medical and other amenities, printed pages 90-91; source page 110 begins Appendix II.","[""manual_verified""]"
Orissa,Balangir,civic_amenities,Trimmed,1981/Orissa/1981 Balangir.pdf,1981 Balangir.pdf,Village/Town Directory volume,English or bilingual,"[499, 500]","[""422"", null]",output/pdf/1981_trimmed/Orissa/civic amenities/1981_Balangir_civic_amenities.pdf,"Town Directory Statement IV Civic and Other Amenities, printed pages 422-423; source page 501 begins Statement V.","[""manual_verified""]"
Orissa,Balangir,medical_educational_amenities,Trimmed,1981/Orissa/1981 Balangir.pdf,1981 Balangir.pdf,Village/Town Directory volume,English or bilingual,"[501, 502]","[""424"", null]",output/pdf/1981_trimmed/Orissa/mededu/1981_Balangir_medical_educational_amenities.pdf,"Town Directory Statement V Medical, Educational, Recreational and Cultural Facilities, printed pages 424-425; source page 503 begins Statement VI.","[""manual_verified""]"
Orissa,Balangir,tehsil_appendix,Trimmed,1981/Orissa/1981 Balangir.pdf,1981 Balangir.pdf,Village/Town Directory volume,English or bilingual,"[427, 428, 429, 430]","[""350"", ""351"", ""352"", ""353""]",output/pdf/1981_trimmed/Orissa/tehsil appendix/1981_Balangir_tehsil_appendix.pdf,"Village Directory Appendix I Tahasil-wise abstract of educational, medical and other amenities; source page 426 is the section separator and source page 431 begins Appendix II.","[""manual_verified""]"
Orissa,Baleshwar,civic_amenities,Trimmed,1981/Orissa/1981 Baleshwar.pdf,1981 Baleshwar.pdf,Village/Town Directory volume,English or bilingual,"[656, 657]","[""568"", ""569""]",output/pdf/1981_trimmed/Orissa/civic amenities/1981_Baleshwar_civic_amenities.pdf,"Town Directory Statement IV Civic and Other Amenities, printed pages 568-569; source page 658 begins Statement V.","[""manual_verified""]"
Orissa,Baleshwar,medical_educational_amenities,Trimmed,1981/Orissa/1981 Baleshwar.pdf,1981 Baleshwar.pdf,Village/Town Directory volume,English or bilingual,"[658, 659]","[""570"", ""571""]",output/pdf/1981_trimmed/Orissa/mededu/1981_Baleshwar_medical_educational_amenities.pdf,"Town Directory Statement V Medical, Educational, Recreational and Cultural Facilities, printed pages 570-571; source page 660 begins Statement VI.","[""manual_verified""]"
Orissa,Baleshwar,tehsil_appendix,Trimmed,1981/Orissa/1981 Baleshwar.pdf,1981 Baleshwar.pdf,Village/Town Directory volume,English or bilingual,"[578, 579, 580, 581]","[""490"", ""491"", ""492"", ""493""]",output/pdf/1981_trimmed/Orissa/tehsil appendix/1981_Baleshwar_tehsil_appendix.pdf,"Village Directory Appendix I Tahasil-wise abstract of educational, medical and other amenities; source page 577 is the section separator and source page 582 begins Appendix II.","[""manual_verified""]"
Orissa,Cuttack,civic_amenities,Not trimmed,1981/Orissa/1981 Cuttack.pdf,1981 Cuttack.pdf,Village/Town Directory volume,English or bilingual,[],[],,Part XIII-B Village and Townwise Primary Census Abstract-only volume; no Village/Town Directory Statement IV.,"[""manual_absent_or_ineligible""]"
Orissa,Cuttack,medical_educational_amenities,Not trimmed,1981/Orissa/1981 Cuttack.pdf,1981 Cuttack.pdf,Village/Town Directory volume,English or bilingual,[],[],,Part XIII-B Village and Townwise Primary Census Abstract-only volume; no Village/Town Directory Statement V.,"[""manual_absent_or_ineligible""]"
Orissa,Cuttack,tehsil_appendix,Not trimmed,1981/Orissa/1981 Cuttack.pdf,1981 Cuttack.pdf,Village/Town Directory volume,English or bilingual,[],[],,Part XIII-B Village and Townwise Primary Census Abstract-only volume; no Village Directory Appendix I amenities abstract.,"[""manual_absent_or_ineligible""]"
Orissa,Dhenkanal,civic_amenities,Trimmed,1981/Orissa/1981 Dhenkanal.pdf,1981 Dhenkanal.pdf,Village/Town Directory volume,English or bilingual,"[577, 578]","[""482"", ""483""]",output/pdf/1981_trimmed/Orissa/civic amenities/1981_Dhenkanal_civic_amenities.pdf,"Town Directory Statement IV Civic and Other Amenities, printed pages 482-483; source page 579 begins Statement V.","[""manual_verified""]"
Orissa,Dhenkanal,medical_educational_amenities,Trimmed,1981/Orissa/1981 Dhenkanal.pdf,1981 Dhenkanal.pdf,Village/Town Directory volume,English or bilingual,"[579, 580]","[""484"", null]",output/pdf/1981_trimmed/Orissa/mededu/1981_Dhenkanal_medical_educational_amenities.pdf,"Town Directory Statement V Medical, Educational, Recreational and Cultural Facilities, printed pages 484-485; source page 581 begins Statement VI.","[""manual_verified""]"
Orissa,Dhenkanal,tehsil_appendix,Trimmed,1981/Orissa/1981 Dhenkanal.pdf,1981 Dhenkanal.pdf,Village/Town Directory volume,English or bilingual,"[507, 508, 509, 510]","[""412"", ""413"", ""414"", ""415""]",output/pdf/1981_trimmed/Orissa/tehsil appendix/1981_Dhenkanal_tehsil_appendix.pdf,"Village Directory Appendix I Tahasil-wise abstract of educational, medical and other amenities; source page 506 is the section separator and source page 511 begins Appendix II.","[""manual_verified""]"
Orissa,Ganjam,civic_amenities,Trimmed,1981/Orissa/1981 Ganjam.pdf,1981 Ganjam.pdf,Village/Town Directory volume,English or bilingual,"[869, 870]","[""756"", ""757""]",output/pdf/1981_trimmed/Orissa/civic amenities/1981_Ganjam_civic_amenities.pdf,"Town Directory Statement IV Civic and Other Amenities, printed pages 756-757; source page 871 begins Statement V.","[""manual_verified""]"
Orissa,Ganjam,medical_educational_amenities,Trimmed,1981/Orissa/1981 Ganjam.pdf,1981 Ganjam.pdf,Village/Town Directory volume,English or bilingual,"[871, 872]","[""758"", ""759""]",output/pdf/1981_trimmed/Orissa/mededu/1981_Ganjam_medical_educational_amenities.pdf,"Town Directory Statement V Medical, Educational, Recreational and Cultural Facilities, printed pages 758-759; source page 873 begins Statement VI.","[""manual_verified""]"
Orissa,Ganjam,tehsil_appendix,Trimmed,1981/Orissa/1981 Ganjam.pdf,1981 Ganjam.pdf,Village/Town Directory volume,English or bilingual,"[779, 780, 781, 782]","[null, ""667"", ""668"", ""669""]",output/pdf/1981_trimmed/Orissa/tehsil appendix/1981_Ganjam_tehsil_appendix.pdf,"Village Directory Appendix I Tahasil-wise abstract of educational, medical and other amenities; source page 778 is the section separator and source page 783 begins Appendix II.","[""manual_verified""]"
Orissa,Kalahandi,civic_amenities,Trimmed,1981/Orissa/1981 Kalahandi.pdf,1981 Kalahandi.pdf,Village/Town Directory volume,English or bilingual,"[525, 526]","[""436"", ""437""]",output/pdf/1981_trimmed/Orissa/civic amenities/1981_Kalahandi_civic_amenities.pdf,"Town Directory Statement IV Civic and Other Amenities, printed pages 436-437; source page 527 begins Statement V.","[""manual_verified""]"
Orissa,Kalahandi,medical_educational_amenities,Trimmed,1981/Orissa/1981 Kalahandi.pdf,1981 Kalahandi.pdf,Village/Town Directory volume,English or bilingual,"[527, 528]","[""438"", ""439""]",output/pdf/1981_trimmed/Orissa/mededu/1981_Kalahandi_medical_educational_amenities.pdf,"Town Directory Statement V Medical, Educational, Recreational and Cultural Facilities, printed pages 438-439; source page 529 begins Statement VI.","[""manual_verified""]"
Orissa,Kalahandi,tehsil_appendix,Trimmed,1981/Orissa/1981 Kalahandi.pdf,1981 Kalahandi.pdf,Village/Town Directory volume,English or bilingual,"[445, 446, 447, 448]","[""358"", ""359"", null, null]",output/pdf/1981_trimmed/Orissa/tehsil appendix/1981_Kalahandi_tehsil_appendix.pdf,"Village Directory Appendix I Tahasil-wise abstract of educational, medical and other amenities; source page 444 is the section separator and source page 449 begins Appendix II.","[""manual_verified""]"
Orissa,Kendujhar,civic_amenities,Trimmed,"1981/Orissa/1981 Kendujhar,.pdf","1981 Kendujhar,.pdf",Village/Town Directory volume,English or bilingual,"[388, 389]","[""348"", ""349""]",output/pdf/1981_trimmed/Orissa/civic amenities/1981_Kendujhar_civic_amenities.pdf,"Town Directory Statement IV Civic and Other Amenities, printed pages 348-349; source page 390 begins Statement V.","[""manual_verified""]"
Orissa,Kendujhar,medical_educational_amenities,Trimmed,"1981/Orissa/1981 Kendujhar,.pdf","1981 Kendujhar,.pdf",Village/Town Directory volume,English or bilingual,"[390, 391]","[""350"", ""351""]",output/pdf/1981_trimmed/Orissa/mededu/1981_Kendujhar_medical_educational_amenities.pdf,"Town Directory Statement V Medical, Educational, Recreational and Cultural Facilities, printed pages 350-351; source page 392 begins Statement VI.","[""manual_verified""]"
Orissa,Kendujhar,tehsil_appendix,Trimmed,"1981/Orissa/1981 Kendujhar,.pdf","1981 Kendujhar,.pdf",Village/Town Directory volume,English or bilingual,"[330, 331, 332, 333]","[""290"", ""291"", ""292"", ""293""]",output/pdf/1981_trimmed/Orissa/tehsil appendix/1981_Kendujhar_tehsil_appendix.pdf,"Village Directory Appendix I Tahasil-wise abstract of educational, medical and other amenities; source page 329 is the section separator and source page 334 begins Appendix II.","[""manual_verified""]"
Orissa,Mayurbhanj,civic_amenities,Not trimmed,1981/Orissa/1981 Mayurbhanj.pdf,1981 Mayurbhanj.pdf,Village/Town Directory volume,English or bilingual,[],[],,Part XIII-B Village and Townwise Primary Census Abstract-only volume; no Village/Town Directory Statement IV.,"[""manual_absent_or_ineligible""]"
Orissa,Mayurbhanj,medical_educational_amenities,Not trimmed,1981/Orissa/1981 Mayurbhanj.pdf,1981 Mayurbhanj.pdf,Village/Town Directory volume,English or bilingual,[],[],,Part XIII-B Village and Townwise Primary Census Abstract-only volume; no Village/Town Directory Statement V.,"[""manual_absent_or_ineligible""]"
Orissa,Mayurbhanj,tehsil_appendix,Not trimmed,1981/Orissa/1981 Mayurbhanj.pdf,1981 Mayurbhanj.pdf,Village/Town Directory volume,English or bilingual,[],[],,Part XIII-B Village and Townwise Primary Census Abstract-only volume; no Village Directory Appendix I amenities abstract.,"[""manual_absent_or_ineligible""]"
Orissa,Phulabani,civic_amenities,Not trimmed,1981/Orissa/1981 Phulabani.pdf,1981 Phulabani.pdf,Part XIII-B primary census abstract,English or bilingual,[],[],,Part XIII-B Village and Townwise Primary Census Abstract-only volume; no Village/Town Directory Statement IV.,"[""manual_absent_or_ineligible""]"
Orissa,Phulabani,medical_educational_amenities,Not trimmed,1981/Orissa/1981 Phulabani.pdf,1981 Phulabani.pdf,Part XIII-B primary census abstract,English or bilingual,[],[],,Part XIII-B Village and Townwise Primary Census Abstract-only volume; no Village/Town Directory Statement V.,"[""manual_absent_or_ineligible""]"
Orissa,Phulabani,tehsil_appendix,Not trimmed,1981/Orissa/1981 Phulabani.pdf,1981 Phulabani.pdf,Part XIII-B primary census abstract,English or bilingual,[],[],,Part XIII-B Village and Townwise Primary Census Abstract-only volume; no Village Directory Appendix I amenities abstract.,"[""manual_absent_or_ineligible""]"
Orissa,Puri,civic_amenities,Not trimmed,1981/Orissa/1981 Puri.pdf,1981 Puri.pdf,Village/Town Directory volume,English or bilingual,[],[],,Part XIII-B Village and Townwise Primary Census Abstract-only volume; no Village/Town Directory Statement IV.,"[""manual_absent_or_ineligible""]"
Orissa,Puri,medical_educational_amenities,Not trimmed,1981/Orissa/1981 Puri.pdf,1981 Puri.pdf,Village/Town Directory volume,English or bilingual,[],[],,Part XIII-B Village and Townwise Primary Census Abstract-only volume; no Village/Town Directory Statement V.,"[""manual_absent_or_ineligible""]"
Orissa,Puri,tehsil_appendix,Not trimmed,1981/Orissa/1981 Puri.pdf,1981 Puri.pdf,Village/Town Directory volume,English or bilingual,[],[],,Part XIII-B Village and Townwise Primary Census Abstract-only volume; no Village Directory Appendix I amenities abstract.,"[""manual_absent_or_ineligible""]"
Orissa,Sambalpur,civic_amenities,Trimmed,1981/Orissa/1981 Sambalpur.pdf,1981 Sambalpur.pdf,Village/Town Directory volume,English or bilingual,"[721, 722]","[""600"", null]",output/pdf/1981_trimmed/Orissa/civic amenities/1981_Sambalpur_civic_amenities.pdf,"Town Directory Statement IV Civic and Other Amenities, printed pages 600-601; source page 723 begins Statement V.","[""manual_verified""]"
Orissa,Sambalpur,medical_educational_amenities,Trimmed,1981/Orissa/1981 Sambalpur.pdf,1981 Sambalpur.pdf,Village/Town Directory volume,English or bilingual,"[723, 724]","[""602"", ""603""]",output/pdf/1981_trimmed/Orissa/mededu/1981_Sambalpur_medical_educational_amenities.pdf,"Town Directory Statement V Medical, Educational, Recreational and Cultural Facilities, printed pages 602-603; source page 725 begins Statement VI.","[""manual_verified""]"
Orissa,Sambalpur,tehsil_appendix,Trimmed,1981/Orissa/1981 Sambalpur.pdf,1981 Sambalpur.pdf,Village/Town Directory volume,English or bilingual,"[629, 630, 631, 632]","[""508"", ""509"", ""510"", ""511""]",output/pdf/1981_trimmed/Orissa/tehsil appendix/1981_Sambalpur_tehsil_appendix.pdf,"Village Directory Appendix I Tahasil-wise abstract of educational, medical and other amenities; source page 628 is the section separator and source page 633 begins Appendix II.","[""manual_verified""]"
Orissa,Sundargarh,civic_amenities,Trimmed,1981/Orissa/1981 Sundargarh.pdf,1981 Sundargarh.pdf,Village/Town Directory volume,English or bilingual,"[434, 435]","[""362"", ""1979""]",output/pdf/1981_trimmed/Orissa/civic amenities/1981_Sundargarh_civic_amenities.pdf,"Town Directory Statement IV Civic and Other Amenities, printed pages 362-363; source page 436 begins Statement V.","[""manual_verified""]"
Orissa,Sundargarh,medical_educational_amenities,Trimmed,1981/Orissa/1981 Sundargarh.pdf,1981 Sundargarh.pdf,Village/Town Directory volume,English or bilingual,"[436, 437]","[""364"", ""365""]",output/pdf/1981_trimmed/Orissa/mededu/1981_Sundargarh_medical_educational_amenities.pdf,"Town Directory Statement V Medical, Educational, Recreational and Cultural Facilities, printed pages 364-365; source page 438 begins Statement VI.","[""manual_verified""]"
Orissa,Sundargarh,tehsil_appendix,Trimmed,1981/Orissa/1981 Sundargarh.pdf,1981 Sundargarh.pdf,Village/Town Directory volume,English or bilingual,"[380, 381, 382, 383]","[""308"", ""309"", ""310"", ""311""]",output/pdf/1981_trimmed/Orissa/tehsil appendix/1981_Sundargarh_tehsil_appendix.pdf,"Village Directory Appendix I Tahasil-wise abstract of educational, medical and other amenities; source page 379 is the section separator and source page 384 begins Appendix II.","[""manual_verified""]"
Punjab,Amritsar,civic_amenities,Trimmed,1981/Punjab/1981 Amritsar.pdf,1981 Amritsar.pdf,Village/Town Directory volume,English or bilingual,"[213, 214]","[null, null]",output/pdf/1981_trimmed/Punjab/civic amenities/1981_Amritsar_civic_amenities.pdf,Town Directory Statement IV Civic and Other Amenities; source page 215 begins Statement V.,"[""manual_verified""]"
Punjab,Amritsar,medical_educational_amenities,Trimmed,1981/Punjab/1981 Amritsar.pdf,1981 Amritsar.pdf,Village/Town Directory volume,English or bilingual,"[215, 216]","[null, null]",output/pdf/1981_trimmed/Punjab/mededu/1981_Amritsar_medical_educational_amenities.pdf,"Town Directory Statement V Medical, Educational, Recreational and Cultural Facilities; source page 217 begins Statement VI.","[""manual_verified""]"
Punjab,Amritsar,tehsil_appendix,Trimmed,1981/Punjab/1981 Amritsar.pdf,1981 Amritsar.pdf,Village/Town Directory volume,English or bilingual,"[163, 164]","[null, ""149""]",output/pdf/1981_trimmed/Punjab/tehsil appendix/1981_Amritsar_tehsil_appendix.pdf,"Village Directory Appendix I Tahsil-wise abstract of educational, medical and other amenities; source page 165 begins Appendix II.","[""manual_verified""]"
Punjab,Bathinda,civic_amenities,Trimmed,1981/Punjab/1981 Bathinda.pdf,1981 Bathinda.pdf,Village/Town Directory volume,English or bilingual,"[145, 146]","[""126"", ""127""]",output/pdf/1981_trimmed/Punjab/civic amenities/1981_Bathinda_civic_amenities.pdf,Town Directory Statement IV Civic and Other Amenities; source page 147 begins Statement V.,"[""manual_verified""]"
Punjab,Bathinda,medical_educational_amenities,Trimmed,1981/Punjab/1981 Bathinda.pdf,1981 Bathinda.pdf,Village/Town Directory volume,English or bilingual,"[147, 148]","[""128"", null]",output/pdf/1981_trimmed/Punjab/mededu/1981_Bathinda_medical_educational_amenities.pdf,"Town Directory Statement V Medical, Educational, Recreational and Cultural Facilities; source page 149 begins Statement VI.","[""manual_verified""]"
Punjab,Bathinda,tehsil_appendix,Trimmed,1981/Punjab/1981 Bathinda.pdf,1981 Bathinda.pdf,Village/Town Directory volume,English or bilingual,"[115, 116, 117, 118]","[null, null, ""98"", ""99""]",output/pdf/1981_trimmed/Punjab/tehsil appendix/1981_Bathinda_tehsil_appendix.pdf,"Village Directory Appendix I Tahsil-wise abstract of educational, medical and other amenities; source page 119 is blank/separator and source page 120 begins Appendix II.","[""manual_verified""]"
Punjab,Faridkot,civic_amenities,Trimmed,1981/Punjab/1981 Faridkot.pdf,1981 Faridkot.pdf,Village/Town Directory volume,English or bilingual,"[139, 140]","[""124"", ""125""]",output/pdf/1981_trimmed/Punjab/civic amenities/1981_Faridkot_civic_amenities.pdf,Town Directory Statement IV Civic and Other Amenities; source pages 141-142 are Statement IV-A blank/notified slum pages and source page 143 begins Statement V.,"[""manual_verified""]"
Punjab,Faridkot,medical_educational_amenities,Trimmed,1981/Punjab/1981 Faridkot.pdf,1981 Faridkot.pdf,Village/Town Directory volume,English or bilingual,"[143, 144]","[""128"", null]",output/pdf/1981_trimmed/Punjab/mededu/1981_Faridkot_medical_educational_amenities.pdf,"Town Directory Statement V Medical, Educational, Recreational and Cultural Facilities; source page 145 begins Statement VI.","[""manual_verified""]"
Punjab,Faridkot,tehsil_appendix,Trimmed,1981/Punjab/1981 Faridkot.pdf,1981 Faridkot.pdf,Village/Town Directory volume,English or bilingual,"[103, 104]","[null, null]",output/pdf/1981_trimmed/Punjab/tehsil appendix/1981_Faridkot_tehsil_appendix.pdf,"Village Directory Appendix I Tahsil-wise abstract of educational, medical and other amenities; source page 105 begins Appendix II.","[""manual_verified""]"
Punjab,Firozpur,civic_amenities,Trimmed,1981/Punjab/1981 Firozpur.pdf,1981 Firozpur.pdf,Village/Town Directory volume,English or bilingual,"[167, 168]","[""152"", null]",output/pdf/1981_trimmed/Punjab/civic amenities/1981_Firozpur_civic_amenities.pdf,Town Directory Statement IV Civic and Other Amenities; source page 169 begins Statement V.,"[""manual_verified""]"
Punjab,Firozpur,medical_educational_amenities,Trimmed,1981/Punjab/1981 Firozpur.pdf,1981 Firozpur.pdf,Village/Town Directory volume,English or bilingual,"[169, 170]","[""154"", null]",output/pdf/1981_trimmed/Punjab/mededu/1981_Firozpur_medical_educational_amenities.pdf,"Town Directory Statement V Medical, Educational, Recreational and Cultural Facilities; source page 171 begins Statement VI.","[""manual_verified""]"
Punjab,Firozpur,tehsil_appendix,Trimmed,1981/Punjab/1981 Firozpur.pdf,1981 Firozpur.pdf,Village/Town Directory volume,English or bilingual,"[137, 138]","[""122"", ""123""]",output/pdf/1981_trimmed/Punjab/tehsil appendix/1981_Firozpur_tehsil_appendix.pdf,"Village Directory Appendix I Tahsil-wise abstract of educational, medical and other amenities; source page 139 begins Appendix II.","[""manual_verified""]"
Punjab,Gurdaspur,civic_amenities,Trimmed,1981/Punjab/1981 Gurdaspur.pdf,1981 Gurdaspur.pdf,Village/Town Directory volume,English or bilingual,"[219, 220]","[null, null]",output/pdf/1981_trimmed/Punjab/civic amenities/1981_Gurdaspur_civic_amenities.pdf,Town Directory Statement IV Civic and Other Amenities; source page 221 begins Statement IV-A.,"[""manual_verified""]"
Punjab,Gurdaspur,medical_educational_amenities,Trimmed,1981/Punjab/1981 Gurdaspur.pdf,1981 Gurdaspur.pdf,Village/Town Directory volume,English or bilingual,"[223, 224]","[""208"", ""209""]",output/pdf/1981_trimmed/Punjab/mededu/1981_Gurdaspur_medical_educational_amenities.pdf,"Town Directory Statement V Medical, Educational, Recreational and Cultural Facilities; source page 225 begins Statement VI.","[""manual_verified""]"
Punjab,Gurdaspur,tehsil_appendix,Trimmed,1981/Punjab/1981 Gurdaspur.pdf,1981 Gurdaspur.pdf,Village/Town Directory volume,English or bilingual,"[181, 182]","[null, ""1""]",output/pdf/1981_trimmed/Punjab/tehsil appendix/1981_Gurdaspur_tehsil_appendix.pdf,"Village Directory Appendix I Tahsil-wise abstract of educational, medical and other amenities; source page 183 begins Appendix II.","[""manual_verified""]"
Punjab,Jalandhar,civic_amenities,Trimmed,1981/Punjab/1981 Jalandhar.pdf,1981 Jalandhar.pdf,Village/Town Directory volume,English or bilingual,"[204, 205]","[""184"", null]",output/pdf/1981_trimmed/Punjab/civic amenities/1981_Jalandhar_civic_amenities.pdf,Town Directory Statement IV Civic and Other Amenities; source pages 206-207 are blank/Statement IV-A and source page 208 begins Statement V.,"[""manual_verified""]"
Punjab,Jalandhar,medical_educational_amenities,Trimmed,1981/Punjab/1981 Jalandhar.pdf,1981 Jalandhar.pdf,Village/Town Directory volume,English or bilingual,"[208, 209]","[""188"", ""189""]",output/pdf/1981_trimmed/Punjab/mededu/1981_Jalandhar_medical_educational_amenities.pdf,"Town Directory Statement V Medical, Educational, Recreational and Cultural Facilities; source page 210 begins Statement VI.","[""manual_verified""]"
Punjab,Jalandhar,tehsil_appendix,Trimmed,1981/Punjab/1981 Jalandhar.pdf,1981 Jalandhar.pdf,Village/Town Directory volume,English or bilingual,"[156, 157, 158, 159]","[""136"", ""131"", null, ""139""]",output/pdf/1981_trimmed/Punjab/tehsil appendix/1981_Jalandhar_tehsil_appendix.pdf,"Village Directory Appendix I Tahsil-wise abstract of educational, medical and other amenities; source page 160 is a blank/separator page and source page 161 begins Appendix II.","[""manual_verified""]"
Punjab,Kapurthala,civic_amenities,Trimmed,1981/Punjab/1981 Kapurthala.pdf,1981 Kapurthala.pdf,Village/Town Directory volume,English or bilingual,"[141, 142]","[null, null]",output/pdf/1981_trimmed/Punjab/civic amenities/1981_Kapurthala_civic_amenities.pdf,Town Directory Statement IV Civic and Other Amenities; source pages 143-144 are Statement IV-A blank/notified slum pages and source page 145 begins Statement V.,"[""manual_verified""]"
Punjab,Kapurthala,medical_educational_amenities,Trimmed,1981/Punjab/1981 Kapurthala.pdf,1981 Kapurthala.pdf,Village/Town Directory volume,English or bilingual,"[145, 146]","[""124"", null]",output/pdf/1981_trimmed/Punjab/mededu/1981_Kapurthala_medical_educational_amenities.pdf,"Town Directory Statement V Medical, Educational, Recreational and Cultural Facilities; source page 147 begins Statement VI.","[""manual_verified""]"
Punjab,Kapurthala,tehsil_appendix,Trimmed,1981/Punjab/1981 Kapurthala.pdf,1981 Kapurthala.pdf,Village/Town Directory volume,English or bilingual,"[113, 114, 115]","[""92"", ""93"", null]",output/pdf/1981_trimmed/Punjab/tehsil appendix/1981_Kapurthala_tehsil_appendix.pdf,"Village Directory Appendix I Tahsil-wise abstract of educational, medical and other amenities; source page 116 begins Appendix II.","[""manual_verified""]"
Punjab,Ludhiana,civic_amenities,Trimmed,1981/Punjab/1981 Ludhiana.pdf,1981 Ludhiana.pdf,Village/Town Directory volume,English or bilingual,"[179, 180]","[""162"", null]",output/pdf/1981_trimmed/Punjab/civic amenities/1981_Ludhiana_civic_amenities.pdf,Town Directory Statement IV Civic and Other Amenities; source page 181 begins Statement V.,"[""manual_verified""]"
Punjab,Ludhiana,medical_educational_amenities,Trimmed,1981/Punjab/1981 Ludhiana.pdf,1981 Ludhiana.pdf,Village/Town Directory volume,English or bilingual,"[181, 182]","[""164"", ""1979""]",output/pdf/1981_trimmed/Punjab/mededu/1981_Ludhiana_medical_educational_amenities.pdf,"Town Directory Statement V Medical, Educational, Recreational and Cultural Facilities; source page 183 begins Statement VI.","[""manual_verified""]"
Punjab,Ludhiana,tehsil_appendix,Trimmed,1981/Punjab/1981 Ludhiana.pdf,1981 Ludhiana.pdf,Village/Town Directory volume,English or bilingual,"[137, 138]","[null, null]",output/pdf/1981_trimmed/Punjab/tehsil appendix/1981_Ludhiana_tehsil_appendix.pdf,"Village Directory Appendix I Tahsil-wise abstract of educational, medical and other amenities; source page 139 begins Appendix II.","[""manual_verified""]"
Punjab,Patiala,civic_amenities,Trimmed,1981/Punjab/1981 Patiala.pdf,1981 Patiala.pdf,Village/Town Directory volume,English or bilingual,"[247, 248]","[""222"", ""223""]",output/pdf/1981_trimmed/Punjab/civic amenities/1981_Patiala_civic_amenities.pdf,Town Directory Statement IV Civic and Other Amenities; source pages 249-250 are Statement IV-A blank/notified slum pages and source page 251 begins Statement V.,"[""manual_verified""]"
Punjab,Patiala,medical_educational_amenities,Trimmed,1981/Punjab/1981 Patiala.pdf,1981 Patiala.pdf,Village/Town Directory volume,English or bilingual,"[251, 252]","[""226"", ""227""]",output/pdf/1981_trimmed/Punjab/mededu/1981_Patiala_medical_educational_amenities.pdf,"Town Directory Statement V Medical, Educational, Recreational and Cultural Facilities; source page 253 begins Statement VI.","[""manual_verified""]"
Punjab,Patiala,tehsil_appendix,Trimmed,1981/Punjab/1981 Patiala.pdf,1981 Patiala.pdf,Village/Town Directory volume,English or bilingual,"[189, 190]","[null, ""105""]",output/pdf/1981_trimmed/Punjab/tehsil appendix/1981_Patiala_tehsil_appendix.pdf,"Village Directory Appendix I Tahsil-wise abstract of educational, medical and other amenities; source page 191 begins Appendix II.","[""manual_verified""]"
Punjab,Rupnagar,civic_amenities,Trimmed,1981/Punjab/1981 Rupnagar.pdf,1981 Rupnagar.pdf,Village/Town Directory volume,English or bilingual,"[157, 158]","[""140"", ""141""]",output/pdf/1981_trimmed/Punjab/civic amenities/1981_Rupnagar_civic_amenities.pdf,Town Directory Statement IV Civic and Other Amenities; source page 159 begins Statement IV-A.,"[""manual_verified""]"
Punjab,Rupnagar,medical_educational_amenities,Trimmed,1981/Punjab/1981 Rupnagar.pdf,1981 Rupnagar.pdf,Village/Town Directory volume,English or bilingual,"[161, 162]","[null, ""145""]",output/pdf/1981_trimmed/Punjab/mededu/1981_Rupnagar_medical_educational_amenities.pdf,"Town Directory Statement V Medical, Educational, Recreational and Cultural Facilities; source page 163 begins Statement VI.","[""manual_verified""]"
Punjab,Rupnagar,tehsil_appendix,Trimmed,1981/Punjab/1981 Rupnagar.pdf,1981 Rupnagar.pdf,Village/Town Directory volume,English or bilingual,"[117, 118]","[""106"", ""101""]",output/pdf/1981_trimmed/Punjab/tehsil appendix/1981_Rupnagar_tehsil_appendix.pdf,"Village Directory Appendix I Tahsil-wise abstract of educational, medical and other amenities; source page 119 begins Appendix II.","[""manual_verified""]"
Punjab,Sangrur,civic_amenities,Trimmed,1981/Punjab/1981 Sangrur.pdf,1981 Sangrur.pdf,Village/Town Directory volume,English or bilingual,"[155, 156]","[""138"", null]",output/pdf/1981_trimmed/Punjab/civic amenities/1981_Sangrur_civic_amenities.pdf,Town Directory Statement IV Civic and Other Amenities; source page 157 begins Statement V.,"[""manual_verified""]"
Punjab,Sangrur,medical_educational_amenities,Trimmed,1981/Punjab/1981 Sangrur.pdf,1981 Sangrur.pdf,Village/Town Directory volume,English or bilingual,"[157, 158]","[""140"", ""1979""]",output/pdf/1981_trimmed/Punjab/mededu/1981_Sangrur_medical_educational_amenities.pdf,"Town Directory Statement V Medical, Educational, Recreational and Cultural Facilities; source page 159 begins Statement VI.","[""manual_verified""]"
Punjab,Sangrur,tehsil_appendix,Trimmed,1981/Punjab/1981 Sangrur.pdf,1981 Sangrur.pdf,Village/Town Directory volume,English or bilingual,"[125, 126]","[null, ""109""]",output/pdf/1981_trimmed/Punjab/tehsil appendix/1981_Sangrur_tehsil_appendix.pdf,"Village Directory Appendix I Tahsil-wise abstract of educational, medical and other amenities; source page 127 begins Appendix II.","[""manual_verified""]"
Rajasthan,Bhilwara,civic_amenities,Not trimmed,1981/Rajasthan/1981 Bhilwara.pdf,1981 Bhilwara.pdf,unclassified 1981 volume,English scan or image-only text,[],[],,Cover and opening pages do not establish an eligible directory volume.,[]
Rajasthan,Bhilwara,medical_educational_amenities,Not trimmed,1981/Rajasthan/1981 Bhilwara.pdf,1981 Bhilwara.pdf,unclassified 1981 volume,English scan or image-only text,[],[],,Cover and opening pages do not establish an eligible directory volume.,[]
Rajasthan,Bhilwara,tehsil_appendix,Not trimmed,1981/Rajasthan/1981 Bhilwara.pdf,1981 Bhilwara.pdf,unclassified 1981 volume,English scan or image-only text,[],[],,Cover and opening pages do not establish an eligible directory volume.,[]
Rajasthan,Bikaner,civic_amenities,Trimmed,1981/Rajasthan/1981 Bikaner.pdf,1981 Bikaner.pdf,Village/Town Directory volume,English or bilingual,"[230, 231]","[""104"", null]",output/pdf/1981_trimmed/Rajasthan/civic amenities/1981_Bikaner_civic_amenities.pdf,"Town Directory Statement IV Civic and Other Amenities, 1979; source page 232 begins Statement V.","[""manual_verified""]"
Rajasthan,Bikaner,medical_educational_amenities,Trimmed,1981/Rajasthan/1981 Bikaner.pdf,1981 Bikaner.pdf,Village/Town Directory volume,English or bilingual,"[232, 233]","[""106"", null]",output/pdf/1981_trimmed/Rajasthan/mededu/1981_Bikaner_medical_educational_amenities.pdf,"Town Directory Statement V Medical, Educational, Recreational and Cultural Facilities, 1979; source page 234 begins Statement VI.","[""manual_verified""]"
Rajasthan,Bikaner,tehsil_appendix,Trimmed,1981/Rajasthan/1981 Bikaner.pdf,1981 Bikaner.pdf,Village/Town Directory volume,English or bilingual,"[206, 207, 208, 209]","[""80"", null, ""82"", ""83""]",output/pdf/1981_trimmed/Rajasthan/tehsil appendix/1981_Bikaner_tehsil_appendix.pdf,"Village Directory Appendix-I Tehsilwise abstract of Educational, Medical and other Amenities; source page 205 is the appendices separator and source page 210 begins Appendix-II.","[""manual_verified""]"
Rajasthan,Bundi,civic_amenities,Trimmed,1981/Rajasthan/1981 Bundi.pdf,1981 Bundi.pdf,Village/Town Directory volume,English or bilingual,"[231, 232]","[""112"", ""113""]",output/pdf/1981_trimmed/Rajasthan/civic amenities/1981_Bundi_civic_amenities.pdf,"Town Directory Statement IV Civic and other Amenities, 1979; source page 233 begins Statement V.","[""manual_verified""]"
Rajasthan,Bundi,medical_educational_amenities,Trimmed,1981/Rajasthan/1981 Bundi.pdf,1981 Bundi.pdf,Village/Town Directory volume,English or bilingual,"[233, 234]","[""114"", ""115""]",output/pdf/1981_trimmed/Rajasthan/mededu/1981_Bundi_medical_educational_amenities.pdf,"Town Directory Statement V Medical, Educational, Recreational and Cultural Facilities, 1979; source page 235 begins Statement VI.","[""manual_verified""]"
Rajasthan,Bundi,tehsil_appendix,Trimmed,1981/Rajasthan/1981 Bundi.pdf,1981 Bundi.pdf,Village/Town Directory volume,English or bilingual,"[201, 202, 203, 204]","[""82"", null, ""84"", ""85""]",output/pdf/1981_trimmed/Rajasthan/tehsil appendix/1981_Bundi_tehsil_appendix.pdf,"Village Directory Appendix-I Tehsil wise Abstract of Educational, Medical and other Amenities; source page 200 is the appendices separator and source page 205 begins Appendix-II.","[""manual_verified""]"
Rajasthan,Churu,civic_amenities,Not trimmed,1981/Rajasthan/1981 Churu.pdf,1981 Churu.pdf,unclassified 1981 volume,English scan or image-only text,[],[],,Cover and opening pages do not establish an eligible directory volume.,[]
Rajasthan,Churu,medical_educational_amenities,Not trimmed,1981/Rajasthan/1981 Churu.pdf,1981 Churu.pdf,unclassified 1981 volume,English scan or image-only text,[],[],,Cover and opening pages do not establish an eligible directory volume.,[]
Rajasthan,Churu,tehsil_appendix,Not trimmed,1981/Rajasthan/1981 Churu.pdf,1981 Churu.pdf,unclassified 1981 volume,English scan or image-only text,[],[],,Cover and opening pages do not establish an eligible directory volume.,[]
Rajasthan,Dungarpur,civic_amenities,Trimmed,1981/Rajasthan/1981 Dungarpur.pdf,1981 Dungarpur.pdf,Village/Town Directory volume,English or bilingual,"[231, 232]","[""120"", null]",output/pdf/1981_trimmed/Rajasthan/civic amenities/1981_Dungarpur_civic_amenities.pdf,"Town Directory Statement IV Civic and Other Amenities, 1979; source page 233 begins Statement V.","[""manual_verified""]"
Rajasthan,Dungarpur,medical_educational_amenities,Trimmed,1981/Rajasthan/1981 Dungarpur.pdf,1981 Dungarpur.pdf,Village/Town Directory volume,English or bilingual,"[233, 234]","[""122"", ""123""]",output/pdf/1981_trimmed/Rajasthan/mededu/1981_Dungarpur_medical_educational_amenities.pdf,"Town Directory Statement V Medical, Educational, Recreational and Cultural Facilities, 1979; source page 235 begins Statement VI.","[""manual_verified""]"
Rajasthan,Dungarpur,tehsil_appendix,Trimmed,1981/Rajasthan/1981 Dungarpur.pdf,1981 Dungarpur.pdf,Village/Town Directory volume,English or bilingual,"[201, 202, 203, 204]","[""90"", ""91"", ""92"", ""93""]",output/pdf/1981_trimmed/Rajasthan/tehsil appendix/1981_Dungarpur_tehsil_appendix.pdf,"Village Directory Appendix-1 Tehsilwise abstract of Educational, Medical and other Amenities; source page 200 is the appendices separator and source page 205 begins Appendix-2.","[""manual_verified""]"
Rajasthan,Jaisalmer,civic_amenities,Trimmed,1981/Rajasthan/1981 Jalsalmer.pdf,1981 Jalsalmer.pdf,Village/Town Directory volume,English or bilingual,"[208, 209]","[""88"", ""89""]",output/pdf/1981_trimmed/Rajasthan/civic amenities/1981_Jaisalmer_civic_amenities.pdf,"Town Directory Statement IV Civic and Other Amenities, 1979; source page 210 begins Statement V.","[""manual_verified""]"
Rajasthan,Jaisalmer,medical_educational_amenities,Trimmed,1981/Rajasthan/1981 Jalsalmer.pdf,1981 Jalsalmer.pdf,Village/Town Directory volume,English or bilingual,"[210, 211]","[""90"", ""91""]",output/pdf/1981_trimmed/Rajasthan/mededu/1981_Jaisalmer_medical_educational_amenities.pdf,"Town Directory Statement V Medical, Educational, Recreational and Cultural Facilities, 1979; source page 212 begins Statement VI.","[""manual_verified""]"
Rajasthan,Jaisalmer,tehsil_appendix,Trimmed,1981/Rajasthan/1981 Jalsalmer.pdf,1981 Jalsalmer.pdf,Village/Town Directory volume,English or bilingual,"[186, 187, 188, 189]","[""66"", ""67"", ""68"", ""69""]",output/pdf/1981_trimmed/Rajasthan/tehsil appendix/1981_Jaisalmer_tehsil_appendix.pdf,"Village Directory Appendix-I Tehsilwise abstract of Educational, Medical and other Amenities; source page 185 is the appendices separator and source page 190 begins Appendix-II.","[""manual_verified""]"
Rajasthan,Jalor,civic_amenities,Trimmed,1981/Rajasthan/1981 Jalor.pdf,1981 Jalor.pdf,Village/Town Directory volume,English or bilingual,"[241, 242]","[""114"", ""115""]",output/pdf/1981_trimmed/Rajasthan/civic amenities/1981_Jalor_civic_amenities.pdf,"Town Directory Statement IV Civic and Other Amenities, 1979; source page 243 begins Statement V.","[""manual_verified""]"
Rajasthan,Jalor,medical_educational_amenities,Trimmed,1981/Rajasthan/1981 Jalor.pdf,1981 Jalor.pdf,Village/Town Directory volume,English or bilingual,"[243, 244]","[""116"", ""117""]",output/pdf/1981_trimmed/Rajasthan/mededu/1981_Jalor_medical_educational_amenities.pdf,"Town Directory Statement V Medical, Educational, Recreational and Cultural Facilities, 1979; source page 245 begins Statement VI.","[""manual_verified""]"
Rajasthan,Jalor,tehsil_appendix,Trimmed,1981/Rajasthan/1981 Jalor.pdf,1981 Jalor.pdf,Village/Town Directory volume,English or bilingual,"[211, 212, 213, 214]","[""84"", ""85"", null, ""81""]",output/pdf/1981_trimmed/Rajasthan/tehsil appendix/1981_Jalor_tehsil_appendix.pdf,"Village Directory Appendix-I Tehsilwise abstract of Educational, Medical and other Amenities; source page 210 is the appendices separator and source page 215 begins Appendix-II.","[""manual_verified""]"
Rajasthan,Jhunjhunun,civic_amenities,Trimmed,1981/Rajasthan/1981 Jhunjhunun.pdf,1981 Jhunjhunun.pdf,Village/Town Directory volume,English or bilingual,"[259, 260]","[""124"", null]",output/pdf/1981_trimmed/Rajasthan/civic amenities/1981_Jhunjhunun_civic_amenities.pdf,"Town Directory Statement IV Civic and Other Amenities, 1979; source page 261 begins Statement V.","[""manual_verified""]"
Rajasthan,Jhunjhunun,medical_educational_amenities,Trimmed,1981/Rajasthan/1981 Jhunjhunun.pdf,1981 Jhunjhunun.pdf,Village/Town Directory volume,English or bilingual,"[261, 262, 263, 264]","[""126"", ""1979"", ""128"", ""129""]",output/pdf/1981_trimmed/Rajasthan/mededu/1981_Jhunjhunun_medical_educational_amenities.pdf,"Town Directory Statement V Medical, Educational, Recreational and Cultural Facilities, 1979; source page 265 begins Statement VI.","[""manual_verified""]"
Rajasthan,Jhunjhunun,tehsil_appendix,Trimmed,1981/Rajasthan/1981 Jhunjhunun.pdf,1981 Jhunjhunun.pdf,Village/Town Directory volume,English or bilingual,"[231, 232, 233, 234]","[""96"", ""97"", ""98"", null]",output/pdf/1981_trimmed/Rajasthan/tehsil appendix/1981_Jhunjhunun_tehsil_appendix.pdf,"Village Directory Appendix-I Tehsilwise abstract of Educational, Medical and other Amenities; source page 230 is the appendices separator and source page 235 begins Appendix-II.","[""manual_verified""]"
Rajasthan,Nagaur,civic_amenities,Not trimmed,1981/Rajasthan/1981 Nagaur.pdf,1981 Nagaur.pdf,unclassified 1981 volume,English scan or image-only text,[],[],,Cover and opening pages do not establish an eligible directory volume.,[]
Rajasthan,Nagaur,medical_educational_amenities,Not trimmed,1981/Rajasthan/1981 Nagaur.pdf,1981 Nagaur.pdf,unclassified 1981 volume,English scan or image-only text,[],[],,Cover and opening pages do not establish an eligible directory volume.,[]
Rajasthan,Nagaur,tehsil_appendix,Not trimmed,1981/Rajasthan/1981 Nagaur.pdf,1981 Nagaur.pdf,unclassified 1981 volume,English scan or image-only text,[],[],,Cover and opening pages do not establish an eligible directory volume.,[]
Rajasthan,Sirohi,civic_amenities,Trimmed,1981/Rajasthan/1981 Sirohi.pdf,1981 Sirohi.pdf,Village/Town Directory volume,English or bilingual,"[242, 243]","[""102"", ""103""]",output/pdf/1981_trimmed/Rajasthan/civic amenities/1981_Sirohi_civic_amenities.pdf,"Town Directory Statement IV Civic and Other Amenities, 1979; source page 244 begins Statement V.","[""manual_verified""]"
Rajasthan,Sirohi,medical_educational_amenities,Trimmed,1981/Rajasthan/1981 Sirohi.pdf,1981 Sirohi.pdf,Village/Town Directory volume,English or bilingual,"[244, 245]","[""104"", ""105""]",output/pdf/1981_trimmed/Rajasthan/mededu/1981_Sirohi_medical_educational_amenities.pdf,"Town Directory Statement V Medical, Educational, Recreational and Cultural Facilities, 1979; source page 246 begins Statement VI.","[""manual_verified""]"
Rajasthan,Sirohi,tehsil_appendix,Trimmed,1981/Rajasthan/1981 Sirohi.pdf,1981 Sirohi.pdf,Village/Town Directory volume,English or bilingual,"[216, 217, 218, 219]","[""76"", ""77"", ""18"", ""79""]",output/pdf/1981_trimmed/Rajasthan/tehsil appendix/1981_Sirohi_tehsil_appendix.pdf,"Village Directory Appendix-I Tehsilwise abstract of Educational, Medical and other Amenities; source page 215 is the appendices separator and source page 220 begins Appendix-II.","[""manual_verified""]"
Sikkim,Sikkim,civic_amenities,Trimmed,1981/Sikkim/1981 Sikkim.pdf,1981 Sikkim.pdf,Village/Town Directory volume,English or bilingual,"[201, 202]","[null, null]",output/pdf/1981_trimmed/Sikkim/civic amenities/1981_Sikkim_civic_amenities.pdf,Town Directory Statement IV Civic and other Amenities; source page 203 begins the medical and educational statement.,"[""manual_verified""]"
Sikkim,Sikkim,medical_educational_amenities,Trimmed,1981/Sikkim/1981 Sikkim.pdf,1981 Sikkim.pdf,Village/Town Directory volume,English or bilingual,"[203, 204]","[null, null]",output/pdf/1981_trimmed/Sikkim/mededu/1981_Sikkim_medical_educational_amenities.pdf,"Town Directory Statement V Medical, Educational, Recreational and Cultural Facilities; source page 205 begins Statement VI.","[""manual_verified""]"
Sikkim,Sikkim,tehsil_appendix,Trimmed,1981/Sikkim/1981 Sikkim.pdf,1981 Sikkim.pdf,Village/Town Directory volume,English or bilingual,"[171, 172]","[null, null]",output/pdf/1981_trimmed/Sikkim/tehsil appendix/1981_Sikkim_tehsil_appendix.pdf,"Village Directory Appendix-I Districtwise Abstract of Educational, Medical and other Amenities for North, East, South and West administrative districts; source page 173 begins the land-use appendix.","[""manual_verified""]"
Tamil Nadu,Chengalpattu,civic_amenities,Trimmed,1981/Tamil Nadu/1981 Chengalpattu.pdf,1981 Chengalpattu.pdf,Village/Town Directory volume,English or bilingual,"[510, 511, 512, 513, 514, 515]","[""486"", null, ""488"", ""489"", null, null]",output/pdf/1981_trimmed/Tamil Nadu/civic amenities/1981_Chengalpattu_civic_amenities.pdf,Town Directory Statement IV; source page 516 begins Statement IV-A.,"[""manual_verified""]"
Tamil Nadu,Chengalpattu,medical_educational_amenities,Trimmed,1981/Tamil Nadu/1981 Chengalpattu.pdf,1981 Chengalpattu.pdf,Village/Town Directory volume,English or bilingual,"[522, 523, 524, 525, 526, 527, 528, 529, 530, 531]","[null, ""499"", null, ""501"", ""502"", null, ""504"", null, null, ""507""]",output/pdf/1981_trimmed/Tamil Nadu/mededu/1981_Chengalpattu_medical_educational_amenities.pdf,Town Directory Statement V; source page 532 begins Statement VI.,"[""manual_verified""]"
Tamil Nadu,Chengalpattu,tehsil_appendix,Trimmed,1981/Tamil Nadu/1981 Chengalpattu.pdf,1981 Chengalpattu.pdf,Village/Town Directory volume,English or bilingual,"[364, 365, 366]","[""340"", null, ""342""]",output/pdf/1981_trimmed/Tamil Nadu/tehsil appendix/1981_Chengalpattu_tehsil_appendix.pdf,Village Directory Appendix I; source page 367 begins Appendix II.,"[""manual_verified""]"
Tamil Nadu,Chennai,civic_amenities,Trimmed,1981/Tamil Nadu/1981 Chennai.pdf,1981 Chennai.pdf,Village/Town Directory volume,English or bilingual,"[91, 92, 93, 94, 95, 96]","[""76"", null, null, null, null, null]",output/pdf/1981_trimmed/Tamil Nadu/civic amenities/1981_Chennai_civic_amenities.pdf,Town Directory Statement IV; source page 97 begins Statement IV-A.,"[""manual_verified""]"
Tamil Nadu,Chennai,medical_educational_amenities,Trimmed,1981/Tamil Nadu/1981 Chennai.pdf,1981 Chennai.pdf,Village/Town Directory volume,English or bilingual,"[167, 168, 169, 170, 171, 172, 173, 174]","[""152"", null, ""154"", ""155"", ""156"", ""151"", null, null]",output/pdf/1981_trimmed/Tamil Nadu/mededu/1981_Chennai_medical_educational_amenities.pdf,Town Directory Statement V; source page 175 begins Statement VI.,"[""manual_verified""]"
Tamil Nadu,Chennai,tehsil_appendix,Not trimmed,1981/Tamil Nadu/1981 Chennai.pdf,1981 Chennai.pdf,Village/Town Directory volume,English or bilingual,[],[],,Town Directory-only Part XIII-A and B volume; no Village Directory or equivalent tehsil amenities appendix.,"[""manual_absent_or_ineligible""]"
Tamil Nadu,Coimbatore,civic_amenities,Trimmed,1981/Tamil Nadu/1981 Coimbatore.pdf,1981 Coimbatore.pdf,Village/Town Directory volume,English or bilingual,"[319, 320, 321, 322, 323, 324, 325, 326, 327]","[""304"", null, null, ""307"", ""308"", ""309"", ""310"", ""311"", ""312""]",output/pdf/1981_trimmed/Tamil Nadu/civic amenities/1981_Coimbatore_civic_amenities.pdf,Town Directory Statement IV; source page 329 begins Statement IV-A after the transition page.,"[""manual_verified""]"
Tamil Nadu,Coimbatore,medical_educational_amenities,Trimmed,1981/Tamil Nadu/1981 Coimbatore.pdf,1981 Coimbatore.pdf,Village/Town Directory volume,English or bilingual,"[333, 334, 335, 336, 337, 338, 339, 340, 341, 342, 343, 344, 345, 346]","[""318"", ""319"", ""320"", ""321"", ""322"", ""323"", null, null, ""328"", null, ""328"", ""329"", ""330"", ""331""]",output/pdf/1981_trimmed/Tamil Nadu/mededu/1981_Coimbatore_medical_educational_amenities.pdf,Town Directory Statement V; source page 347 begins Statement VI.,"[""manual_verified""]"
Tamil Nadu,Coimbatore,tehsil_appendix,Trimmed,1981/Tamil Nadu/1981 Coimbatore.pdf,1981 Coimbatore.pdf,Village/Town Directory volume,English or bilingual,"[189, 190, 191, 192]","[""174"", ""176"", ""176"", ""117""]",output/pdf/1981_trimmed/Tamil Nadu/tehsil appendix/1981_Coimbatore_tehsil_appendix.pdf,Village Directory Appendix I; source page 193 begins Appendix II.,"[""manual_verified""]"
Tamil Nadu,Dharmapuri,civic_amenities,Trimmed,1981/Tamil Nadu/1981 Dharmapuri.pdf,1981 Dharmapuri.pdf,Village/Town Directory volume,English or bilingual,[364],[null],output/pdf/1981_trimmed/Tamil Nadu/civic amenities/1981_Dharmapuri_civic_amenities.pdf,Town Directory Statement IV; source page 365 begins Statement IV-A.,"[""manual_verified""]"
Tamil Nadu,Dharmapuri,medical_educational_amenities,Trimmed,1981/Tamil Nadu/1981 Dharmapuri.pdf,1981 Dharmapuri.pdf,Village/Town Directory volume,English or bilingual,"[366, 367]","[""337"", null]",output/pdf/1981_trimmed/Tamil Nadu/mededu/1981_Dharmapuri_medical_educational_amenities.pdf,Town Directory Statement V; source page 368 begins Statement VI.,"[""manual_verified""]"
Tamil Nadu,Dharmapuri,tehsil_appendix,Trimmed,1981/Tamil Nadu/1981 Dharmapuri.pdf,1981 Dharmapuri.pdf,Village/Town Directory volume,English or bilingual,"[304, 305, 306, 307, 308, 309, 310, 311]","[""275"", null, ""277"", null, null, null, ""281"", null]",output/pdf/1981_trimmed/Tamil Nadu/tehsil appendix/1981_Dharmapuri_tehsil_appendix.pdf,Village Directory Appendix I; source page 312 begins Appendix II.,"[""manual_verified""]"
Tamil Nadu,Kanniyakumari,civic_amenities,Trimmed,1981/Tamil Nadu/1981 Kanniyakumari.pdf,1981 Kanniyakumari.pdf,Village/Town Directory volume,English or bilingual,"[97, 98]","[""18"", ""79""]",output/pdf/1981_trimmed/Tamil Nadu/civic amenities/1981_Kanniyakumari_civic_amenities.pdf,Town Directory Statement IV; source page 99 begins Statement V.,"[""manual_verified""]"
Tamil Nadu,Kanniyakumari,medical_educational_amenities,Trimmed,1981/Tamil Nadu/1981 Kanniyakumari.pdf,1981 Kanniyakumari.pdf,Village/Town Directory volume,English or bilingual,"[99, 100]","[null, ""81""]",output/pdf/1981_trimmed/Tamil Nadu/mededu/1981_Kanniyakumari_medical_educational_amenities.pdf,Town Directory Statement V; source page 101 begins Statement VI.,"[""manual_verified""]"
Tamil Nadu,Kanniyakumari,tehsil_appendix,Trimmed,1981/Tamil Nadu/1981 Kanniyakumari.pdf,1981 Kanniyakumari.pdf,Village/Town Directory volume,English or bilingual,"[76, 77, 78, 79]","[null, null, ""59"", ""1""]",output/pdf/1981_trimmed/Tamil Nadu/tehsil appendix/1981_Kanniyakumari_tehsil_appendix.pdf,Village Directory Appendix I; source page 80 begins Appendix II.,"[""manual_verified""]"
Tamil Nadu,Madurai,civic_amenities,Trimmed,1981/Tamil Nadu/1981 Madurai.pdf,1981 Madurai.pdf,Village/Town Directory volume,English or bilingual,"[367, 368, 369, 370]","[""346"", ""347"", ""348"", ""349""]",output/pdf/1981_trimmed/Tamil Nadu/civic amenities/1981_Madurai_civic_amenities.pdf,Town Directory Statement IV; source page 371 begins Statement IV-A.,"[""manual_verified""]"
Tamil Nadu,Madurai,medical_educational_amenities,Trimmed,1981/Tamil Nadu/1981 Madurai.pdf,1981 Madurai.pdf,Village/Town Directory volume,English or bilingual,"[379, 380, 381, 382, 383, 384]","[null, ""359"", ""360"", ""361"", ""362"", ""363""]",output/pdf/1981_trimmed/Tamil Nadu/mededu/1981_Madurai_medical_educational_amenities.pdf,Town Directory Statement V; source page 385 begins Statement VI.,"[""manual_verified""]"
Tamil Nadu,Madurai,tehsil_appendix,Trimmed,1981/Tamil Nadu/1981 Madurai.pdf,1981 Madurai.pdf,Village/Town Directory volume,English or bilingual,"[297, 298, 299]","[""276"", null, ""278""]",output/pdf/1981_trimmed/Tamil Nadu/tehsil appendix/1981_Madurai_tehsil_appendix.pdf,Village Directory Appendix I; source page 300 begins Appendix II.,"[""manual_verified""]"
Tamil Nadu,Nilgiri,civic_amenities,Trimmed,1981/Tamil Nadu/1981 Nilgiri.pdf,1981 Nilgiri.pdf,Village/Town Directory volume,English or bilingual,"[84, 85]","[null, ""66""]",output/pdf/1981_trimmed/Tamil Nadu/civic amenities/1981_Nilgiri_civic_amenities.pdf,Town Directory Statement IV; source page 86 begins Statement IV-A.,"[""manual_verified""]"
Tamil Nadu,Nilgiri,medical_educational_amenities,Trimmed,1981/Tamil Nadu/1981 Nilgiri.pdf,1981 Nilgiri.pdf,Village/Town Directory volume,English or bilingual,"[87, 88, 89, 90]","[""68"", null, ""70"", ""71""]",output/pdf/1981_trimmed/Tamil Nadu/mededu/1981_Nilgiri_medical_educational_amenities.pdf,Town Directory Statement V; source page 91 begins Statement VI.,"[""manual_verified""]"
Tamil Nadu,Nilgiri,tehsil_appendix,Trimmed,1981/Tamil Nadu/1981 Nilgiri.pdf,1981 Nilgiri.pdf,Village/Town Directory volume,English or bilingual,"[67, 68]","[""48"", ""49""]",output/pdf/1981_trimmed/Tamil Nadu/tehsil appendix/1981_Nilgiri_tehsil_appendix.pdf,Village Directory Appendix I; source page 69 begins Appendix II.,"[""manual_verified""]"
Tamil Nadu,Periyar,civic_amenities,Trimmed,1981/Tamil Nadu/1981 Periyar.pdf,1981 Periyar.pdf,Village/Town Directory volume,English or bilingual,"[210, 211, 212, 213]","[""194"", null, ""196"", ""191""]",output/pdf/1981_trimmed/Tamil Nadu/civic amenities/1981_Periyar_civic_amenities.pdf,Town Directory Statement IV; source page 214 begins Statement IV-A.,"[""manual_verified""]"
Tamil Nadu,Periyar,medical_educational_amenities,Trimmed,1981/Tamil Nadu/1981 Periyar.pdf,1981 Periyar.pdf,Village/Town Directory volume,English or bilingual,"[216, 217, 218, 219]","[""200"", ""201"", null, ""203""]",output/pdf/1981_trimmed/Tamil Nadu/mededu/1981_Periyar_medical_educational_amenities.pdf,Town Directory Statement V; source page 220 begins Statement VI.,"[""manual_verified""]"
Tamil Nadu,Periyar,tehsil_appendix,Trimmed,1981/Tamil Nadu/1981 Periyar.pdf,1981 Periyar.pdf,Village/Town Directory volume,English or bilingual,"[166, 167]","[null, ""151""]",output/pdf/1981_trimmed/Tamil Nadu/tehsil appendix/1981_Periyar_tehsil_appendix.pdf,Village Directory Appendix I; source page 168 begins Appendix II.,"[""manual_verified""]"
Tamil Nadu,Ramanathapuram,civic_amenities,Trimmed,1981/Tamil Nadu/1981 Ramanathapuram.pdf,1981 Ramanathapuram.pdf,Village/Town Directory volume,English or bilingual,"[471, 472, 473, 474, 475, 476]","[""8"", null, null, ""456"", null, null]",output/pdf/1981_trimmed/Tamil Nadu/civic amenities/1981_Ramanathapuram_civic_amenities.pdf,Town Directory Statement IV; source page 477 is the transition page and source page 478 begins Statement IV-A.,"[""manual_verified""]"
Tamil Nadu,Ramanathapuram,medical_educational_amenities,Trimmed,1981/Tamil Nadu/1981 Ramanathapuram.pdf,1981 Ramanathapuram.pdf,Village/Town Directory volume,English or bilingual,"[480, 481, 482, 483, 484, 485]","[""462"", ""463"", ""444"", null, ""466"", ""467""]",output/pdf/1981_trimmed/Tamil Nadu/mededu/1981_Ramanathapuram_medical_educational_amenities.pdf,Town Directory Statement V; source page 486 begins Statement VI.,"[""manual_verified""]"
Tamil Nadu,Ramanathapuram,tehsil_appendix,Trimmed,1981/Tamil Nadu/1981 Ramanathapuram.pdf,1981 Ramanathapuram.pdf,Village/Town Directory volume,English or bilingual,"[382, 383, 384]","[""364"", ""365"", null]",output/pdf/1981_trimmed/Tamil Nadu/tehsil appendix/1981_Ramanathapuram_tehsil_appendix.pdf,Village Directory Appendix I; source page 385 begins Appendix II.,"[""manual_verified""]"
Tamil Nadu,Salem,civic_amenities,Trimmed,1981/Tamil Nadu/1981 Salem.pdf,1981 Salem.pdf,Village/Town Directory volume,English or bilingual,"[303, 304, 305, 306, 307, 308, 309, 310]","[null, ""285"", ""286"", ""287"", ""288"", ""289"", null, ""291""]",output/pdf/1981_trimmed/Tamil Nadu/civic amenities/1981_Salem_civic_amenities.pdf,Town Directory Statement IV; source page 311 begins Statement V.,"[""manual_verified""]"
Tamil Nadu,Salem,medical_educational_amenities,Trimmed,1981/Tamil Nadu/1981 Salem.pdf,1981 Salem.pdf,Village/Town Directory volume,English or bilingual,"[311, 312]","[""292"", null]",output/pdf/1981_trimmed/Tamil Nadu/mededu/1981_Salem_medical_educational_amenities.pdf,Town Directory Statement V; source page 313 begins Statement VI.,"[""manual_verified""]"
Tamil Nadu,Salem,tehsil_appendix,Trimmed,1981/Tamil Nadu/1981 Salem.pdf,1981 Salem.pdf,Village/Town Directory volume,English or bilingual,"[241, 242, 243]","[""222"", ""223"", ""224""]",output/pdf/1981_trimmed/Tamil Nadu/tehsil appendix/1981_Salem_tehsil_appendix.pdf,Village Directory Appendix I; source page 244 begins Appendix II.,"[""manual_verified""]"
Tamil Nadu,South Arcot,civic_amenities,Trimmed,1981/Tamil Nadu/1981 South Arcot.pdf,1981 South Arcot.pdf,Village/Town Directory volume,English or bilingual,"[580, 581]","[""562"", null]",output/pdf/1981_trimmed/Tamil Nadu/civic amenities/1981_South Arcot_civic_amenities.pdf,Town Directory Statement IV; source page 582 begins Statement IV-A.,"[""manual_verified""]"
Tamil Nadu,South Arcot,medical_educational_amenities,Trimmed,1981/Tamil Nadu/1981 South Arcot.pdf,1981 South Arcot.pdf,Village/Town Directory volume,English or bilingual,"[584, 585, 586, 587]","[""566"", ""567"", ""568"", ""569""]",output/pdf/1981_trimmed/Tamil Nadu/mededu/1981_South Arcot_medical_educational_amenities.pdf,Town Directory Statement V; source page 588 begins Statement VI.,"[""manual_verified""]"
Tamil Nadu,South Arcot,tehsil_appendix,Trimmed,1981/Tamil Nadu/1981 South Arcot.pdf,1981 South Arcot.pdf,Village/Town Directory volume,English or bilingual,"[469, 471, 472, 473, 474, 475]","[null, ""453"", ""454"", ""455"", ""456"", ""457""]",output/pdf/1981_trimmed/Tamil Nadu/tehsil appendix/1981_South Arcot_tehsil_appendix.pdf,Village Directory Appendix I includes the title page at source 469 and table pages 471-475; source 470 is a blank separator and source 476 begins Appendix II.,"[""manual_verified""]"
Tamil Nadu,Thanjavur,civic_amenities,Trimmed,1981/Tamil Nadu/1981 Thanjavur.pdf,1981 Thanjavur.pdf,Village/Town Directory volume,English or bilingual,"[488, 489, 490, 491]","[""472"", null, ""474"", ""475""]",output/pdf/1981_trimmed/Tamil Nadu/civic amenities/1981_Thanjavur_civic_amenities.pdf,Town Directory Statement IV; source page 492 begins Statement IV-A.,"[""manual_verified""]"
Tamil Nadu,Thanjavur,medical_educational_amenities,Trimmed,1981/Tamil Nadu/1981 Thanjavur.pdf,1981 Thanjavur.pdf,Village/Town Directory volume,English or bilingual,"[494, 495, 496, 497, 498, 499]","[""478"", ""479"", ""4110"", ""481"", null, ""483""]",output/pdf/1981_trimmed/Tamil Nadu/mededu/1981_Thanjavur_medical_educational_amenities.pdf,Town Directory Statement V; source page 500 begins Statement VI.,"[""manual_verified""]"
Tamil Nadu,Thanjavur,tehsil_appendix,Trimmed,1981/Tamil Nadu/1981 Thanjavur.pdf,1981 Thanjavur.pdf,Village/Town Directory volume,English or bilingual,"[384, 385, 386, 387, 388, 389]","[null, ""369"", ""370"", ""371"", ""372"", ""373""]",output/pdf/1981_trimmed/Tamil Nadu/tehsil appendix/1981_Thanjavur_tehsil_appendix.pdf,Village Directory Appendix I; source page 390 begins Appendix II.,"[""manual_verified""]"
Tamil Nadu,Tiruchchirappalli,civic_amenities,Trimmed,1981/Tamil Nadu/1981 Tiruchchirappalli.pdf,1981 Tiruchchirappalli.pdf,Village/Town Directory volume,English or bilingual,"[355, 356, 357, 358, 359, 360]","[""338"", ""339"", null, null, ""342"", ""343""]",output/pdf/1981_trimmed/Tamil Nadu/civic amenities/1981_Tiruchchirappalli_civic_amenities.pdf,Town Directory Statement IV; source page 361 begins Statement IV-A.,"[""manual_verified""]"
Tamil Nadu,Tiruchchirappalli,medical_educational_amenities,Trimmed,1981/Tamil Nadu/1981 Tiruchchirappalli.pdf,1981 Tiruchchirappalli.pdf,Village/Town Directory volume,English or bilingual,"[369, 370, 371, 372, 373, 374, 375]","[""352"", null, ""3154"", ""355"", ""356"", ""351"", ""358""]",output/pdf/1981_trimmed/Tamil Nadu/mededu/1981_Tiruchchirappalli_medical_educational_amenities.pdf,Town Directory Statement V; source page 376 begins Statement VI.,"[""manual_verified""]"
Tamil Nadu,Tiruchchirappalli,tehsil_appendix,Trimmed,1981/Tamil Nadu/1981 Tiruchchirappalli.pdf,1981 Tiruchchirappalli.pdf,Village/Town Directory volume,English or bilingual,"[279, 280, 281, 282]","[null, ""263"", ""264"", null]",output/pdf/1981_trimmed/Tamil Nadu/tehsil appendix/1981_Tiruchchirappalli_tehsil_appendix.pdf,Village Directory Appendix I; source page 283 begins Appendix II.,"[""manual_verified""]"
Tamil Nadu,Tirunelveli,civic_amenities,Trimmed,1981/Tamil Nadu/1981 Tirunelveli.pdf,1981 Tirunelveli.pdf,Village/Town Directory volume,English or bilingual,"[490, 491, 492, 493, 494, 495, 496, 497, 498, 499, 500, 501, 502]","[""464"", ""465"", ""466"", ""467"", null, ""469"", ""470"", ""471"", ""472"", ""473"", ""474"", ""475"", ""476""]",output/pdf/1981_trimmed/Tamil Nadu/civic amenities/1981_Tirunelveli_civic_amenities.pdf,Town Directory Statement IV; source page 503 begins Statement IV-A.,"[""manual_verified""]"
Tamil Nadu,Tirunelveli,medical_educational_amenities,Trimmed,1981/Tamil Nadu/1981 Tirunelveli.pdf,1981 Tirunelveli.pdf,Village/Town Directory volume,English or bilingual,"[509, 510, 511, 512, 513, 514, 515, 516, 517, 518, 519, 520, 521, 522, 523]","[""483"", ""484"", ""485"", ""486"", ""487"", ""488"", ""489"", ""490"", ""491"", ""492"", ""493"", ""494"", ""495"", ""496"", ""497""]",output/pdf/1981_trimmed/Tamil Nadu/mededu/1981_Tirunelveli_medical_educational_amenities.pdf,Town Directory Statement V; source page 524 begins Statement VI.,"[""manual_verified""]"
Tamil Nadu,Tirunelveli,tehsil_appendix,Trimmed,1981/Tamil Nadu/1981 Tirunelveli.pdf,1981 Tirunelveli.pdf,Village/Town Directory volume,English or bilingual,"[390, 391, 392, 393]","[null, ""367"", ""368"", ""369""]",output/pdf/1981_trimmed/Tamil Nadu/tehsil appendix/1981_Tirunelveli_tehsil_appendix.pdf,Village Directory Appendix I; source page 394 begins Appendix II.,"[""manual_verified""]"
Uttar Pradesh,Agra,civic_amenities,Not trimmed,1981/Uttar Pradesh/1981 Agra.pdf,1981 Agra.pdf,Part XIII-B primary census abstract,English or bilingual,[],[],,PCA-only urban volume; no Town Directory Statement IV.,"[""manual_absent_or_ineligible""]"
Uttar Pradesh,Agra,medical_educational_amenities,Not trimmed,1981/Uttar Pradesh/1981 Agra.pdf,1981 Agra.pdf,Part XIII-B primary census abstract,English or bilingual,[],[],,PCA-only urban volume; no Town Directory Statement V.,"[""manual_absent_or_ineligible""]"
Uttar Pradesh,Agra,tehsil_appendix,Not trimmed,1981/Uttar Pradesh/1981 Agra.pdf,1981 Agra.pdf,Part XIII-B primary census abstract,English or bilingual,[],[],,PCA-only urban volume; no Village Directory or equivalent tehsil amenities appendix.,"[""manual_absent_or_ineligible""]"
Uttar Pradesh,Aligarh,civic_amenities,Trimmed,1981/Uttar Pradesh/1981 Allgarh.pdf,1981 Allgarh.pdf,Village/Town Directory volume,English or bilingual,"[381, 382, 383, 384]","[null, ""337"", ""338"", ""339""]",output/pdf/1981_trimmed/Uttar Pradesh/civic amenities/1981_Aligarh_civic_amenities.pdf,Statement IV; source page 385 begins Statement IV-A.,"[""manual_verified""]"
Uttar Pradesh,Aligarh,medical_educational_amenities,Trimmed,1981/Uttar Pradesh/1981 Allgarh.pdf,1981 Allgarh.pdf,Village/Town Directory volume,English or bilingual,"[387, 388, 389, 390, 391, 392]","[""342"", ""343"", ""344"", null, ""346"", ""347""]",output/pdf/1981_trimmed/Uttar Pradesh/mededu/1981_Aligarh_medical_educational_amenities.pdf,Statement V; source page 393 begins Statement VI.,"[""manual_verified""]"
Uttar Pradesh,Aligarh,tehsil_appendix,Trimmed,1981/Uttar Pradesh/1981 Allgarh.pdf,1981 Allgarh.pdf,Village/Town Directory volume,English or bilingual,"[297, 298, 299, 300]","[null, ""253"", null, null]",output/pdf/1981_trimmed/Uttar Pradesh/tehsil appendix/1981_Aligarh_tehsil_appendix.pdf,Appendix I; source page 301 begins Appendix II.,"[""manual_verified""]"
Uttar Pradesh,Allahabad,civic_amenities,Trimmed,1981/Uttar Pradesh/1981 Allahabad.pdf,1981 Allahabad.pdf,Village/Town Directory volume,English or bilingual,"[741, 742, 743, 744]","[""690"", ""691"", ""692"", ""693""]",output/pdf/1981_trimmed/Uttar Pradesh/civic amenities/1981_Allahabad_civic_amenities.pdf,Statement IV; source page 745 begins Statement IV-A.,"[""manual_verified""]"
Uttar Pradesh,Allahabad,medical_educational_amenities,Trimmed,1981/Uttar Pradesh/1981 Allahabad.pdf,1981 Allahabad.pdf,Village/Town Directory volume,English or bilingual,"[747, 748, 749, 750, 751, 752]","[""696"", ""697"", ""698"", ""699"", ""700"", null]",output/pdf/1981_trimmed/Uttar Pradesh/mededu/1981_Allahabad_medical_educational_amenities.pdf,Statement V; source page 753 begins Statement VI.,"[""manual_verified""]"
Uttar Pradesh,Allahabad,tehsil_appendix,Trimmed,1981/Uttar Pradesh/1981 Allahabad.pdf,1981 Allahabad.pdf,Village/Town Directory volume,English or bilingual,"[577, 578, 579, 580]","[null, ""527"", null, ""529""]",output/pdf/1981_trimmed/Uttar Pradesh/tehsil appendix/1981_Allahabad_tehsil_appendix.pdf,Appendix I; source page 581 begins Appendix II.,"[""manual_verified""]"
Uttar Pradesh,Almora,civic_amenities,Trimmed,1981/Uttar Pradesh/1981 Almora.pdf,1981 Almora.pdf,Village/Town Directory volume,English or bilingual,"[609, 610]","[""1979"", null]",output/pdf/1981_trimmed/Uttar Pradesh/civic amenities/1981_Almora_civic_amenities.pdf,Statement IV; source page 611 begins Statement IV-A.,"[""manual_verified""]"
Uttar Pradesh,Almora,medical_educational_amenities,Trimmed,1981/Uttar Pradesh/1981 Almora.pdf,1981 Almora.pdf,Village/Town Directory volume,English or bilingual,"[613, 614]","[""560"", ""1979""]",output/pdf/1981_trimmed/Uttar Pradesh/mededu/1981_Almora_medical_educational_amenities.pdf,Statement V; source page 615 begins Statement VI.,"[""manual_verified""]"
Uttar Pradesh,Almora,tehsil_appendix,Not trimmed,1981/Uttar Pradesh/1981 Almora.pdf,1981 Almora.pdf,Village/Town Directory volume,English or bilingual,[],[],,"Appendices section begins with Appendix II; no Appendix I/Tahsilwise abstract of educational, medical and other amenities.","[""manual_absent_or_ineligible""]"
Uttar Pradesh,Azamgarh,civic_amenities,Trimmed,1981/Uttar Pradesh/1981 Azamgarh.pdf,1981 Azamgarh.pdf,Village/Town Directory volume,English or bilingual,"[958, 959, 960, 961]","[null, ""908"", null, ""910""]",output/pdf/1981_trimmed/Uttar Pradesh/civic amenities/1981_Azamgarh_civic_amenities.pdf,Statement IV; source page 962 begins Statement IV-A.,"[""manual_verified""]"
Uttar Pradesh,Azamgarh,medical_educational_amenities,Trimmed,1981/Uttar Pradesh/1981 Azamgarh.pdf,1981 Azamgarh.pdf,Village/Town Directory volume,English or bilingual,"[963, 964, 965, 966, 967, 968]","[""912"", ""913"", ""914"", null, ""916"", null]",output/pdf/1981_trimmed/Uttar Pradesh/mededu/1981_Azamgarh_medical_educational_amenities.pdf,Statement V; source page 969 begins Statement VI.,"[""manual_verified""]"
Uttar Pradesh,Azamgarh,tehsil_appendix,Trimmed,1981/Uttar Pradesh/1981 Azamgarh.pdf,1981 Azamgarh.pdf,Village/Town Directory volume,English or bilingual,"[769, 770, 771, 772]","[""718"", ""719"", null, null]",output/pdf/1981_trimmed/Uttar Pradesh/tehsil appendix/1981_Azamgarh_tehsil_appendix.pdf,Appendix I; source page 773 begins Appendix II.,"[""manual_verified""]"
Uttar Pradesh,Bahraich,civic_amenities,Trimmed,1981/Uttar Pradesh/1981 Bahraich.pdf,1981 Bahraich.pdf,Village/Town Directory volume,English or bilingual,"[396, 397, 398]","[null, null, null]",output/pdf/1981_trimmed/Uttar Pradesh/civic amenities/1981_Bahraich_civic_amenities.pdf,Statement IV; source page 399 begins Statement IV-A.,"[""manual_verified""]"
Uttar Pradesh,Bahraich,medical_educational_amenities,Trimmed,1981/Uttar Pradesh/1981 Bahraich.pdf,1981 Bahraich.pdf,Village/Town Directory volume,English or bilingual,"[400, 401]","[""354"", ""355""]",output/pdf/1981_trimmed/Uttar Pradesh/mededu/1981_Bahraich_medical_educational_amenities.pdf,Statement V; source page 402 begins Statement VI.,"[""manual_verified""]"
Uttar Pradesh,Bahraich,tehsil_appendix,Trimmed,1981/Uttar Pradesh/1981 Bahraich.pdf,1981 Bahraich.pdf,Village/Town Directory volume,English or bilingual,"[310, 311, 312, 313]","[""264"", null, null, null]",output/pdf/1981_trimmed/Uttar Pradesh/tehsil appendix/1981_Bahraich_tehsil_appendix.pdf,Appendix I; source page 314 begins Appendix II.,"[""manual_verified""]"
Uttar Pradesh,Banda,civic_amenities,Trimmed,1981/Uttar Pradesh/1981 Banda.pdf,1981 Banda.pdf,Village/Town Directory volume,English or bilingual,"[311, 312, 313]","[""264"", null, ""266""]",output/pdf/1981_trimmed/Uttar Pradesh/civic amenities/1981_Banda_civic_amenities.pdf,Statement IV; source page 314 begins Statement IV-A.,"[""manual_verified""]"
Uttar Pradesh,Banda,medical_educational_amenities,Trimmed,1981/Uttar Pradesh/1981 Banda.pdf,1981 Banda.pdf,Village/Town Directory volume,English or bilingual,"[315, 316, 317]","[""268"", null, ""270""]",output/pdf/1981_trimmed/Uttar Pradesh/mededu/1981_Banda_medical_educational_amenities.pdf,Statement V; source page 318 begins Statement VI.,"[""manual_verified""]"
Uttar Pradesh,Banda,tehsil_appendix,Trimmed,1981/Uttar Pradesh/1981 Banda.pdf,1981 Banda.pdf,Village/Town Directory volume,English or bilingual,"[249, 250, 251, 252]","[""202"", null, ""204"", ""205""]",output/pdf/1981_trimmed/Uttar Pradesh/tehsil appendix/1981_Banda_tehsil_appendix.pdf,Appendix I; source page 253 begins Appendix II.,"[""manual_verified""]"
Uttar Pradesh,Bareilly,civic_amenities,Trimmed,1981/Uttar Pradesh/1981 Bareilly.pdf,1981 Bareilly.pdf,Village/Town Directory volume,English or bilingual,"[446, 447, 448, 449]","[""400"", ""401"", null, ""403""]",output/pdf/1981_trimmed/Uttar Pradesh/civic amenities/1981_Bareilly_civic_amenities.pdf,Statement IV; source page 450 begins Statement IV-A.,"[""manual_verified""]"
Uttar Pradesh,Bareilly,medical_educational_amenities,Trimmed,1981/Uttar Pradesh/1981 Bareilly.pdf,1981 Bareilly.pdf,Village/Town Directory volume,English or bilingual,"[452, 453, 454, 455, 456, 457, 458, 459]","[""406"", null, ""408"", ""409"", null, null, ""412"", null]",output/pdf/1981_trimmed/Uttar Pradesh/mededu/1981_Bareilly_medical_educational_amenities.pdf,Statement V; source page 460 begins Statement VI.,"[""manual_verified""]"
Uttar Pradesh,Bareilly,tehsil_appendix,Trimmed,1981/Uttar Pradesh/1981 Bareilly.pdf,1981 Bareilly.pdf,Village/Town Directory volume,English or bilingual,"[346, 347, 348, 349]","[""300"", ""301"", ""302"", ""303""]",output/pdf/1981_trimmed/Uttar Pradesh/tehsil appendix/1981_Bareilly_tehsil_appendix.pdf,Appendix I; source page 350 begins Appendix II.,"[""manual_verified""]"
Uttar Pradesh,Basti,civic_amenities,Trimmed,1981/Uttar Pradesh/1981 Basti.pdf,1981 Basti.pdf,Village/Town Directory volume,English or bilingual,"[1348, 1349]","[""1300"", ""1361""]",output/pdf/1981_trimmed/Uttar Pradesh/civic amenities/1981_Basti_civic_amenities.pdf,Statement IV; source page 1350 begins Statement IV-A.,"[""manual_verified""]"
Uttar Pradesh,Basti,medical_educational_amenities,Trimmed,1981/Uttar Pradesh/1981 Basti.pdf,1981 Basti.pdf,Village/Town Directory volume,English or bilingual,"[1352, 1353]","[""1304"", ""1305""]",output/pdf/1981_trimmed/Uttar Pradesh/mededu/1981_Basti_medical_educational_amenities.pdf,Statement V; source page 1354 begins Statement VI.,"[""manual_verified""]"
Uttar Pradesh,Basti,tehsil_appendix,Trimmed,1981/Uttar Pradesh/1981 Basti.pdf,1981 Basti.pdf,Village/Town Directory volume,English or bilingual,"[1006, 1007, 1008, 1009]","[""958"", ""959"", ""960"", ""961""]",output/pdf/1981_trimmed/Uttar Pradesh/tehsil appendix/1981_Basti_tehsil_appendix.pdf,Appendix I; source page 1010 begins Appendix II.,"[""manual_verified""]"
Uttar Pradesh,Bijnor,civic_amenities,Trimmed,1981/Uttar Pradesh/1981 Bijnor.pdf,1981 Bijnor.pdf,Village/Town Directory volume,English or bilingual,"[559, 560, 561, 562]","[null, null, null, ""493""]",output/pdf/1981_trimmed/Uttar Pradesh/civic amenities/1981_Bijnor_civic_amenities.pdf,Statement IV; source page 563 begins Statement IV-A.,"[""manual_verified""]"
Uttar Pradesh,Bijnor,medical_educational_amenities,Trimmed,1981/Uttar Pradesh/1981 Bijnor.pdf,1981 Bijnor.pdf,Village/Town Directory volume,English or bilingual,"[565, 566, 567, 568, 569, 570, 571]","[null, null, null, null, null, ""501"", null]",output/pdf/1981_trimmed/Uttar Pradesh/mededu/1981_Bijnor_medical_educational_amenities.pdf,Statement V; source page 572 begins Statement VI.,"[""manual_verified""]"
Uttar Pradesh,Bijnor,tehsil_appendix,Trimmed,1981/Uttar Pradesh/1981 Bijnor.pdf,1981 Bijnor.pdf,Village/Town Directory volume,English or bilingual,"[453, 454, 455, 456]","[null, ""383"", ""384"", null]",output/pdf/1981_trimmed/Uttar Pradesh/tehsil appendix/1981_Bijnor_tehsil_appendix.pdf,Appendix I; source page 457 begins Appendix II.,"[""manual_verified""]"
Uttar Pradesh,Budaun,civic_amenities,Trimmed,1981/Uttar Pradesh/1981 Budaun.pdf,1981 Budaun.pdf,Village/Town Directory volume,English or bilingual,"[429, 430, 431, 432]","[null, null, ""388"", ""389""]",output/pdf/1981_trimmed/Uttar Pradesh/civic amenities/1981_Budaun_civic_amenities.pdf,Statement IV; source page 433 begins Statement IV-A.,"[""manual_verified""]"
Uttar Pradesh,Budaun,medical_educational_amenities,Trimmed,1981/Uttar Pradesh/1981 Budaun.pdf,1981 Budaun.pdf,Village/Town Directory volume,English or bilingual,"[435, 436, 437, 438]","[""392"", null, ""1919"", null]",output/pdf/1981_trimmed/Uttar Pradesh/mededu/1981_Budaun_medical_educational_amenities.pdf,Statement V; source page 439 begins Statement VI.,"[""manual_verified""]"
Uttar Pradesh,Budaun,tehsil_appendix,Trimmed,1981/Uttar Pradesh/1981 Budaun.pdf,1981 Budaun.pdf,Village/Town Directory volume,English or bilingual,"[335, 336, 337, 338]","[null, ""293"", ""294"", null]",output/pdf/1981_trimmed/Uttar Pradesh/tehsil appendix/1981_Budaun_tehsil_appendix.pdf,Appendix I; source page 339 begins Appendix II.,"[""manual_verified""]"
Uttar Pradesh,Bulandshahr,civic_amenities,Trimmed,1981/Uttar Pradesh/1981 Bulandshahr.pdf,1981 Bulandshahr.pdf,Village/Town Directory volume,English or bilingual,"[330, 331, 332, 333]","[""280"", ""281"", ""282"", ""283""]",output/pdf/1981_trimmed/Uttar Pradesh/civic amenities/1981_Bulandshahr_civic_amenities.pdf,Statement IV; source page 334 begins Statement IV-A.,"[""manual_verified""]"
Uttar Pradesh,Bulandshahr,medical_educational_amenities,Trimmed,1981/Uttar Pradesh/1981 Bulandshahr.pdf,1981 Bulandshahr.pdf,Village/Town Directory volume,English or bilingual,"[336, 337, 338, 339]","[""286"", ""287"", null, ""289""]",output/pdf/1981_trimmed/Uttar Pradesh/mededu/1981_Bulandshahr_medical_educational_amenities.pdf,Statement V; source page 340 begins Statement VI.,"[""manual_verified""]"
Uttar Pradesh,Bulandshahr,tehsil_appendix,Trimmed,1981/Uttar Pradesh/1981 Bulandshahr.pdf,1981 Bulandshahr.pdf,Village/Town Directory volume,English or bilingual,"[262, 263, 264, 265]","[""212"", ""213"", ""214"", null]",output/pdf/1981_trimmed/Uttar Pradesh/tehsil appendix/1981_Bulandshahr_tehsil_appendix.pdf,Appendix I; source page 266 begins Appendix II.,"[""manual_verified""]"
Uttar Pradesh,Chamoli,civic_amenities,Trimmed,1981/Uttar Pradesh/1981 Chamoli.pdf,1981 Chamoli.pdf,Village/Town Directory volume,English or bilingual,"[354, 355, 356]","[""304"", null, ""306""]",output/pdf/1981_trimmed/Uttar Pradesh/civic amenities/1981_Chamoli_civic_amenities.pdf,Statement IV; source page 357 begins Statement IV-A.,"[""manual_verified""]"
Uttar Pradesh,Chamoli,medical_educational_amenities,Trimmed,1981/Uttar Pradesh/1981 Chamoli.pdf,1981 Chamoli.pdf,Village/Town Directory volume,English or bilingual,"[358, 359]","[""308"", ""309""]",output/pdf/1981_trimmed/Uttar Pradesh/mededu/1981_Chamoli_medical_educational_amenities.pdf,Statement V; source page 360 begins Statement VI.,"[""manual_verified""]"
Uttar Pradesh,Chamoli,tehsil_appendix,Trimmed,1981/Uttar Pradesh/1981 Chamoli.pdf,1981 Chamoli.pdf,Village/Town Directory volume,English or bilingual,"[284, 285, 286, 287]","[""234"", ""235"", ""236"", ""237""]",output/pdf/1981_trimmed/Uttar Pradesh/tehsil appendix/1981_Chamoli_tehsil_appendix.pdf,Appendix I; source page 288 begins Appendix II.,"[""manual_verified""]"
Uttar Pradesh,Dehra Dun,civic_amenities,Trimmed,1981/Uttar Pradesh/1981 Dehra Dun.pdf,1981 Dehra Dun.pdf,Village/Town Directory volume,English or bilingual,"[224, 225, 226]","[null, null, ""176""]",output/pdf/1981_trimmed/Uttar Pradesh/civic amenities/1981_Dehra Dun_civic_amenities.pdf,Statement IV; source page 227 begins Statement IV-A.,"[""manual_verified""]"
Uttar Pradesh,Dehra Dun,medical_educational_amenities,Trimmed,1981/Uttar Pradesh/1981 Dehra Dun.pdf,1981 Dehra Dun.pdf,Village/Town Directory volume,English or bilingual,"[228, 229, 230, 231, 232]","[""178"", null, ""180"", ""181"", ""182""]",output/pdf/1981_trimmed/Uttar Pradesh/mededu/1981_Dehra Dun_medical_educational_amenities.pdf,Statement V; source page 233 begins Statement VI.,"[""manual_verified""]"
Uttar Pradesh,Dehra Dun,tehsil_appendix,Trimmed,1981/Uttar Pradesh/1981 Dehra Dun.pdf,1981 Dehra Dun.pdf,Village/Town Directory volume,English or bilingual,"[172, 173, 174, 175]","[""122"", ""123"", null, ""125""]",output/pdf/1981_trimmed/Uttar Pradesh/tehsil appendix/1981_Dehra Dun_tehsil_appendix.pdf,Appendix I; source page 176 begins Appendix II.,"[""manual_verified""]"
Uttar Pradesh,Deoria,civic_amenities,Trimmed,1981/Uttar Pradesh/1981 Deoria.pdf,1981 Deoria.pdf,Village/Town Directory volume,English or bilingual,"[705, 706, 707, 708, 709]","[""650"", ""651"", ""652"", null, ""654""]",output/pdf/1981_trimmed/Uttar Pradesh/civic amenities/1981_Deoria_civic_amenities.pdf,Statement IV; source page 710 begins Statement IV-A.,"[""manual_verified""]"
Uttar Pradesh,Deoria,medical_educational_amenities,Trimmed,1981/Uttar Pradesh/1981 Deoria.pdf,1981 Deoria.pdf,Village/Town Directory volume,English or bilingual,"[711, 712, 713, 714, 715]","[""1919"", ""657"", ""658"", ""659"", ""660""]",output/pdf/1981_trimmed/Uttar Pradesh/mededu/1981_Deoria_medical_educational_amenities.pdf,Statement V; source page 716 begins Statement VI.,"[""manual_verified""]"
Uttar Pradesh,Deoria,tehsil_appendix,Trimmed,1981/Uttar Pradesh/1981 Deoria.pdf,1981 Deoria.pdf,Village/Town Directory volume,English or bilingual,"[551, 552, 553, 554]","[""496"", ""497"", ""498"", ""499""]",output/pdf/1981_trimmed/Uttar Pradesh/tehsil appendix/1981_Deoria_tehsil_appendix.pdf,Appendix I; source page 555 begins Appendix II.,"[""manual_verified""]"
Uttar Pradesh,Etawah,civic_amenities,Trimmed,1981/Uttar Pradesh/1981 Etawah.pdf,1981 Etawah.pdf,Village/Town Directory volume,English or bilingual,"[352, 353]","[""298"", ""299""]",output/pdf/1981_trimmed/Uttar Pradesh/civic amenities/1981_Etawah_civic_amenities.pdf,Statement IV; source page 354 begins Statement IV-A.,"[""manual_verified""]"
Uttar Pradesh,Etawah,medical_educational_amenities,Trimmed,1981/Uttar Pradesh/1981 Etawah.pdf,1981 Etawah.pdf,Village/Town Directory volume,English or bilingual,"[356, 357, 358, 359]","[""302"", ""303"", ""304"", ""305""]",output/pdf/1981_trimmed/Uttar Pradesh/mededu/1981_Etawah_medical_educational_amenities.pdf,Statement V; source page 360 begins Statement VI.,"[""manual_verified""]"
Uttar Pradesh,Etawah,tehsil_appendix,Trimmed,1981/Uttar Pradesh/1981 Etawah.pdf,1981 Etawah.pdf,Village/Town Directory volume,English or bilingual,"[278, 279, 280, 281]","[""224"", ""225"", ""226"", ""227""]",output/pdf/1981_trimmed/Uttar Pradesh/tehsil appendix/1981_Etawah_tehsil_appendix.pdf,Appendix I; source page 282 begins Appendix II.,"[""manual_verified""]"
Uttar Pradesh,Faizabad,civic_amenities,Trimmed,1981/Uttar Pradesh/1981 Faizabad.pdf,1981 Faizabad.pdf,Village/Town Directory volume,English or bilingual,"[482, 483]","[""426"", ""427""]",output/pdf/1981_trimmed/Uttar Pradesh/civic amenities/1981_Faizabad_civic_amenities.pdf,Statement IV; source page 484 begins Statement IV-A.,"[""manual_verified""]"
Uttar Pradesh,Faizabad,medical_educational_amenities,Trimmed,1981/Uttar Pradesh/1981 Faizabad.pdf,1981 Faizabad.pdf,Village/Town Directory volume,English or bilingual,"[486, 487, 488, 489]","[""430"", ""431"", ""432"", ""433""]",output/pdf/1981_trimmed/Uttar Pradesh/mededu/1981_Faizabad_medical_educational_amenities.pdf,Statement V; source page 490 begins Statement VI.,"[""manual_verified""]"
Uttar Pradesh,Faizabad,tehsil_appendix,Trimmed,1981/Uttar Pradesh/1981 Faizabad.pdf,1981 Faizabad.pdf,Village/Town Directory volume,English or bilingual,"[426, 427, 428, 429]","[""370"", ""371"", ""372"", null]",output/pdf/1981_trimmed/Uttar Pradesh/tehsil appendix/1981_Faizabad_tehsil_appendix.pdf,Appendix I; source page 430 begins Appendix II.,"[""manual_verified""]"
Uttar Pradesh,Farrukhabad,civic_amenities,Trimmed,1981/Uttar Pradesh/1981 Farrukhabad.pdf,1981 Farrukhabad.pdf,Village/Town Directory volume,English or bilingual,"[366, 367]","[""326"", ""327""]",output/pdf/1981_trimmed/Uttar Pradesh/civic amenities/1981_Farrukhabad_civic_amenities.pdf,Statement IV; source page 368 begins Statement IV-A.,"[""manual_verified""]"
Uttar Pradesh,Farrukhabad,medical_educational_amenities,Trimmed,1981/Uttar Pradesh/1981 Farrukhabad.pdf,1981 Farrukhabad.pdf,Village/Town Directory volume,English or bilingual,"[370, 371, 372, 373]","[null, ""331"", ""332"", ""333""]",output/pdf/1981_trimmed/Uttar Pradesh/mededu/1981_Farrukhabad_medical_educational_amenities.pdf,Statement V; source page 374 begins Statement VI.,"[""manual_verified""]"
Uttar Pradesh,Farrukhabad,tehsil_appendix,Trimmed,1981/Uttar Pradesh/1981 Farrukhabad.pdf,1981 Farrukhabad.pdf,Village/Town Directory volume,English or bilingual,"[292, 293, 294, 295]","[""250"", ""251"", ""252"", ""253""]",output/pdf/1981_trimmed/Uttar Pradesh/tehsil appendix/1981_Farrukhabad_tehsil_appendix.pdf,Appendix I; source page 296 begins Appendix II.,"[""manual_verified""]"
Uttar Pradesh,Fatehpur,civic_amenities,Trimmed,1981/Uttar Pradesh/1981 Fatehpur.pdf,1981 Fatehpur.pdf,Village/Town Directory volume,English or bilingual,"[335, 336, 337]","[null, ""285"", ""286""]",output/pdf/1981_trimmed/Uttar Pradesh/civic amenities/1981_Fatehpur_civic_amenities.pdf,Statement IV; source page 338 begins Statement IV-A.,"[""manual_verified""]"
Uttar Pradesh,Fatehpur,medical_educational_amenities,Trimmed,1981/Uttar Pradesh/1981 Fatehpur.pdf,1981 Fatehpur.pdf,Village/Town Directory volume,English or bilingual,"[339, 340]","[null, null]",output/pdf/1981_trimmed/Uttar Pradesh/mededu/1981_Fatehpur_medical_educational_amenities.pdf,Statement V; source page 341 begins Statement VI.,"[""manual_verified""]"
Uttar Pradesh,Fatehpur,tehsil_appendix,Trimmed,1981/Uttar Pradesh/1981 Fatehpur.pdf,1981 Fatehpur.pdf,Village/Town Directory volume,English or bilingual,"[265, 266, 267, 268]","[""214"", null, null, null]",output/pdf/1981_trimmed/Uttar Pradesh/tehsil appendix/1981_Fatehpur_tehsil_appendix.pdf,Appendix I; source page 269 begins Appendix II.,"[""manual_verified""]"
Uttar Pradesh,Garhwal,civic_amenities,Trimmed,1981/Uttar Pradesh/1981 Garhwal.pdf,1981 Garhwal.pdf,Village/Town Directory volume,English or bilingual,"[624, 625]","[""584"", ""585""]",output/pdf/1981_trimmed/Uttar Pradesh/civic amenities/1981_Garhwal_civic_amenities.pdf,Statement IV; source page 626 begins Statement IV-A.,"[""manual_verified""]"
Uttar Pradesh,Garhwal,medical_educational_amenities,Trimmed,1981/Uttar Pradesh/1981 Garhwal.pdf,1981 Garhwal.pdf,Village/Town Directory volume,English or bilingual,"[628, 629]","[""588"", ""589""]",output/pdf/1981_trimmed/Uttar Pradesh/mededu/1981_Garhwal_medical_educational_amenities.pdf,Statement V; source page 630 begins Statement VI.,"[""manual_verified""]"
Uttar Pradesh,Garhwal,tehsil_appendix,Trimmed,1981/Uttar Pradesh/1981 Garhwal.pdf,1981 Garhwal.pdf,Village/Town Directory volume,English or bilingual,"[500, 501, 502, 503]","[""460"", ""461"", ""462"", ""463""]",output/pdf/1981_trimmed/Uttar Pradesh/tehsil appendix/1981_Garhwal_tehsil_appendix.pdf,Appendix I; source page 504 begins Appendix II.,"[""manual_verified""]"
Uttar Pradesh,Ghaziabad,civic_amenities,Trimmed,1981/Uttar Pradesh/1981 Ghaziabad.pdf,1981 Ghaziabad.pdf,Village/Town Directory volume,English or bilingual,"[230, 231, 232]","[""180"", ""181"", ""182""]",output/pdf/1981_trimmed/Uttar Pradesh/civic amenities/1981_Ghaziabad_civic_amenities.pdf,Statement IV; source page 233 begins Statement IV-A.,"[""manual_verified""]"
Uttar Pradesh,Ghaziabad,medical_educational_amenities,Trimmed,1981/Uttar Pradesh/1981 Ghaziabad.pdf,1981 Ghaziabad.pdf,Village/Town Directory volume,English or bilingual,"[234, 235, 236, 237]","[""184"", ""185"", ""186"", null]",output/pdf/1981_trimmed/Uttar Pradesh/mededu/1981_Ghaziabad_medical_educational_amenities.pdf,Statement V; source page 238 begins Statement VI.,"[""manual_verified""]"
Uttar Pradesh,Ghaziabad,tehsil_appendix,Trimmed,1981/Uttar Pradesh/1981 Ghaziabad.pdf,1981 Ghaziabad.pdf,Village/Town Directory volume,English or bilingual,"[184, 185]","[""134"", ""135""]",output/pdf/1981_trimmed/Uttar Pradesh/tehsil appendix/1981_Ghaziabad_tehsil_appendix.pdf,Appendix I; source page 186 begins Appendix II.,"[""manual_verified""]"
Uttar Pradesh,Ghazipur,civic_amenities,Trimmed,1981/Uttar Pradesh/1981 Ghazipur.pdf,1981 Ghazipur.pdf,Village/Town Directory volume,English or bilingual,"[591, 592]","[""534"", ""535""]",output/pdf/1981_trimmed/Uttar Pradesh/civic amenities/1981_Ghazipur_civic_amenities.pdf,Statement IV; source page 593 begins Statement IV-A.,"[""manual_verified""]"
Uttar Pradesh,Ghazipur,medical_educational_amenities,Trimmed,1981/Uttar Pradesh/1981 Ghazipur.pdf,1981 Ghazipur.pdf,Village/Town Directory volume,English or bilingual,"[595, 596]","[null, ""539""]",output/pdf/1981_trimmed/Uttar Pradesh/mededu/1981_Ghazipur_medical_educational_amenities.pdf,Statement V; source page 597 begins Statement VI.,"[""manual_verified""]"
Uttar Pradesh,Ghazipur,tehsil_appendix,Trimmed,1981/Uttar Pradesh/1981 Ghazipur.pdf,1981 Ghazipur.pdf,Village/Town Directory volume,English or bilingual,"[501, 502, 503, 504]","[""444"", null, ""446"", null]",output/pdf/1981_trimmed/Uttar Pradesh/tehsil appendix/1981_Ghazipur_tehsil_appendix.pdf,Appendix I; source page 505 begins Appendix II.,"[""manual_verified""]"
Uttar Pradesh,Gonda,civic_amenities,Trimmed,1981/Uttar Pradesh/1981 Gonda.pdf,1981 Gonda.pdf,Village/Town Directory volume,English or bilingual,"[558, 559, 560]","[""508"", ""509"", ""510""]",output/pdf/1981_trimmed/Uttar Pradesh/civic amenities/1981_Gonda_civic_amenities.pdf,Statement IV; source page 561 begins Statement IV-A.,"[""manual_verified""]"
Uttar Pradesh,Gonda,medical_educational_amenities,Trimmed,1981/Uttar Pradesh/1981 Gonda.pdf,1981 Gonda.pdf,Village/Town Directory volume,English or bilingual,"[562, 563, 564, 565]","[null, ""513"", null, null]",output/pdf/1981_trimmed/Uttar Pradesh/mededu/1981_Gonda_medical_educational_amenities.pdf,Statement V; source page 566 begins Statement VI.,"[""manual_verified""]"
Uttar Pradesh,Gonda,tehsil_appendix,Trimmed,1981/Uttar Pradesh/1981 Gonda.pdf,1981 Gonda.pdf,Village/Town Directory volume,English or bilingual,"[430, 431, 432, 433]","[""380"", null, null, ""383""]",output/pdf/1981_trimmed/Uttar Pradesh/tehsil appendix/1981_Gonda_tehsil_appendix.pdf,Appendix I; source page 434 begins Appendix II.,"[""manual_verified""]"
Uttar Pradesh,Gorakhpur,civic_amenities,Trimmed,1981/Uttar Pradesh/1981 Gorakhpur.pdf,1981 Gorakhpur.pdf,Village/Town Directory volume,English or bilingual,"[836, 837, 838]","[""778"", ""779"", ""780""]",output/pdf/1981_trimmed/Uttar Pradesh/civic amenities/1981_Gorakhpur_civic_amenities.pdf,Statement IV; source page 839 begins Statement IV-A.,"[""manual_verified""]"
Uttar Pradesh,Gorakhpur,medical_educational_amenities,Trimmed,1981/Uttar Pradesh/1981 Gorakhpur.pdf,1981 Gorakhpur.pdf,Village/Town Directory volume,English or bilingual,"[840, 841, 842, 843]","[""782"", ""783"", ""784"", ""785""]",output/pdf/1981_trimmed/Uttar Pradesh/mededu/1981_Gorakhpur_medical_educational_amenities.pdf,Statement V; source page 844 begins Statement VI.,"[""manual_verified""]"
Uttar Pradesh,Gorakhpur,tehsil_appendix,Trimmed,1981/Uttar Pradesh/1981 Gorakhpur.pdf,1981 Gorakhpur.pdf,Village/Town Directory volume,English or bilingual,"[646, 647, 648, 649]","[""588"", ""589"", null, ""591""]",output/pdf/1981_trimmed/Uttar Pradesh/tehsil appendix/1981_Gorakhpur_tehsil_appendix.pdf,Appendix I; source page 650 begins Appendix II; source page 648 is an image-only continuation.,"[""manual_verified""]"
Uttar Pradesh,Hamirpur,civic_amenities,Trimmed,1981/Uttar Pradesh/1981 Hamirpur.pdf,1981 Hamirpur.pdf,Village/Town Directory volume,English or bilingual,"[290, 291]","[""234"", ""235""]",output/pdf/1981_trimmed/Uttar Pradesh/civic amenities/1981_Hamirpur_civic_amenities.pdf,Statement IV; source page 292 begins Statement V.,"[""manual_verified""]"
Uttar Pradesh,Hamirpur,medical_educational_amenities,Trimmed,1981/Uttar Pradesh/1981 Hamirpur.pdf,1981 Hamirpur.pdf,Village/Town Directory volume,English or bilingual,"[292, 293, 294, 295]","[""236"", ""237"", ""238"", ""239""]",output/pdf/1981_trimmed/Uttar Pradesh/mededu/1981_Hamirpur_medical_educational_amenities.pdf,Statement V; source page 296 begins Statement VI.,"[""manual_verified""]"
Uttar Pradesh,Hamirpur,tehsil_appendix,Trimmed,1981/Uttar Pradesh/1981 Hamirpur.pdf,1981 Hamirpur.pdf,Village/Town Directory volume,English or bilingual,"[240, 241, 242, 243]","[""184"", ""185"", null, ""187""]",output/pdf/1981_trimmed/Uttar Pradesh/tehsil appendix/1981_Hamirpur_tehsil_appendix.pdf,Appendix I; source page 244 begins Appendix II.,"[""manual_verified""]"
Uttar Pradesh,Hardoi,civic_amenities,Trimmed,1981/Uttar Pradesh/1981 Hardoi.pdf,1981 Hardoi.pdf,Village/Town Directory volume,English or bilingual,"[418, 419, 420]","[""366"", ""367"", ""368""]",output/pdf/1981_trimmed/Uttar Pradesh/civic amenities/1981_Hardoi_civic_amenities.pdf,Statement IV; source page 421 begins Statement IV-A.,"[""manual_verified""]"
Uttar Pradesh,Hardoi,medical_educational_amenities,Trimmed,1981/Uttar Pradesh/1981 Hardoi.pdf,1981 Hardoi.pdf,Village/Town Directory volume,English or bilingual,"[422, 423, 424]","[""370"", ""371"", ""372""]",output/pdf/1981_trimmed/Uttar Pradesh/mededu/1981_Hardoi_medical_educational_amenities.pdf,Statement V; source page 425 begins Statement VI.,"[""manual_verified""]"
Uttar Pradesh,Hardoi,tehsil_appendix,Trimmed,1981/Uttar Pradesh/1981 Hardoi.pdf,1981 Hardoi.pdf,Village/Town Directory volume,English or bilingual,"[326, 327, 328, 329]","[null, ""275"", ""276"", ""277""]",output/pdf/1981_trimmed/Uttar Pradesh/tehsil appendix/1981_Hardoi_tehsil_appendix.pdf,Appendix I; source page 330 begins Appendix II.,"[""manual_verified""]"
Uttar Pradesh,Jalaun,civic_amenities,Trimmed,1981/Uttar Pradesh/1981 Jalaun.pdf,1981 Jalaun.pdf,Village/Town Directory volume,English or bilingual,"[274, 275, 276]","[""222"", ""223"", ""224""]",output/pdf/1981_trimmed/Uttar Pradesh/civic amenities/1981_Jalaun_civic_amenities.pdf,Statement IV; source page 277 begins Statement IV-A.,"[""manual_verified""]"
Uttar Pradesh,Jalaun,medical_educational_amenities,Trimmed,1981/Uttar Pradesh/1981 Jalaun.pdf,1981 Jalaun.pdf,Village/Town Directory volume,English or bilingual,"[278, 279]","[""226"", ""227""]",output/pdf/1981_trimmed/Uttar Pradesh/mededu/1981_Jalaun_medical_educational_amenities.pdf,Statement V; source page 280 begins Statement VI.,"[""manual_verified""]"
Uttar Pradesh,Jalaun,tehsil_appendix,Trimmed,1981/Uttar Pradesh/1981 Jalaun.pdf,1981 Jalaun.pdf,Village/Town Directory volume,English or bilingual,"[228, 229, 230, 231]","[""176"", ""177"", ""178"", ""179""]",output/pdf/1981_trimmed/Uttar Pradesh/tehsil appendix/1981_Jalaun_tehsil_appendix.pdf,Appendix I; source page 232 begins Appendix II.,"[""manual_verified""]"
Uttar Pradesh,Jaunpur,civic_amenities,Trimmed,1981/Uttar Pradesh/1981 Jaunpur.pdf,1981 Jaunpur.pdf,Village/Town Directory volume,English or bilingual,"[627, 628, 629]","[null, null, ""584""]",output/pdf/1981_trimmed/Uttar Pradesh/civic amenities/1981_Jaunpur_civic_amenities.pdf,Statement IV; source page 630 begins Statement IV-A.,"[""manual_verified""]"
Uttar Pradesh,Jaunpur,medical_educational_amenities,Trimmed,1981/Uttar Pradesh/1981 Jaunpur.pdf,1981 Jaunpur.pdf,Village/Town Directory volume,English or bilingual,"[631, 632, 633]","[""586"", ""587"", null]",output/pdf/1981_trimmed/Uttar Pradesh/mededu/1981_Jaunpur_medical_educational_amenities.pdf,Statement V; source page 634 begins Statement VI.,"[""manual_verified""]"
Uttar Pradesh,Jaunpur,tehsil_appendix,Trimmed,1981/Uttar Pradesh/1981 Jaunpur.pdf,1981 Jaunpur.pdf,Village/Town Directory volume,English or bilingual,"[495, 496, 497, 498]","[""450"", ""451"", ""452"", ""453""]",output/pdf/1981_trimmed/Uttar Pradesh/tehsil appendix/1981_Jaunpur_tehsil_appendix.pdf,Appendix I; source page 499 begins Appendix II.,"[""manual_verified""]"
Uttar Pradesh,Jhansi,civic_amenities,Trimmed,1981/Uttar Pradesh/1981 Jhansi.pdf,1981 Jhansi.pdf,Village/Town Directory volume,English or bilingual,"[234, 235, 236, 237]","[""186"", ""187"", ""188"", ""189""]",output/pdf/1981_trimmed/Uttar Pradesh/civic amenities/1981_Jhansi_civic_amenities.pdf,Statement IV; source page 238 begins Statement IV-A.,"[""manual_verified""]"
Uttar Pradesh,Jhansi,medical_educational_amenities,Trimmed,1981/Uttar Pradesh/1981 Jhansi.pdf,1981 Jhansi.pdf,Village/Town Directory volume,English or bilingual,"[240, 241, 242, 243]","[""192"", ""193"", ""194"", null]",output/pdf/1981_trimmed/Uttar Pradesh/mededu/1981_Jhansi_medical_educational_amenities.pdf,Statement V; source page 244 begins Statement VI.,"[""manual_verified""]"
Uttar Pradesh,Jhansi,tehsil_appendix,Trimmed,1981/Uttar Pradesh/1981 Jhansi.pdf,1981 Jhansi.pdf,Village/Town Directory volume,English or bilingual,"[186, 187]","[""140"", ""141""]",output/pdf/1981_trimmed/Uttar Pradesh/tehsil appendix/1981_Jhansi_tehsil_appendix.pdf,Appendix I; source page 188 begins Appendix II.,"[""manual_verified""]"
Uttar Pradesh,Kanpur,civic_amenities,Trimmed,1981/Uttar Pradesh/1981 Kanpur.pdf,1981 Kanpur.pdf,Village/Town Directory volume,English or bilingual,"[450, 451, 452]","[null, ""405"", ""406""]",output/pdf/1981_trimmed/Uttar Pradesh/civic amenities/1981_Kanpur_civic_amenities.pdf,Statement IV; source page 453 begins Statement IV-A.,"[""manual_verified""]"
Uttar Pradesh,Kanpur,medical_educational_amenities,Trimmed,1981/Uttar Pradesh/1981 Kanpur.pdf,1981 Kanpur.pdf,Village/Town Directory volume,English or bilingual,"[456, 457, 458, 459]","[null, ""1979"", null, null]",output/pdf/1981_trimmed/Uttar Pradesh/mededu/1981_Kanpur_medical_educational_amenities.pdf,Statement V; source page 460 begins Statement VI.,"[""manual_verified""]"
Uttar Pradesh,Kanpur,tehsil_appendix,Trimmed,1981/Uttar Pradesh/1981 Kanpur.pdf,1981 Kanpur.pdf,Village/Town Directory volume,English or bilingual,"[344, 345, 346, 347]","[""298"", ""299"", ""300"", null]",output/pdf/1981_trimmed/Uttar Pradesh/tehsil appendix/1981_Kanpur_tehsil_appendix.pdf,Appendix I; source page 348 begins Appendix II.,"[""manual_verified""]"
Uttar Pradesh,Kheri,civic_amenities,Trimmed,1981/Uttar Pradesh/1981 Kheri.pdf,1981 Kheri.pdf,Village/Town Directory volume,English or bilingual,"[387, 388]","[null, ""341""]",output/pdf/1981_trimmed/Uttar Pradesh/civic amenities/1981_Kheri_civic_amenities.pdf,Statement IV; source page 389 begins Statement IV-A.,"[""manual_verified""]"
Uttar Pradesh,Kheri,medical_educational_amenities,Trimmed,1981/Uttar Pradesh/1981 Kheri.pdf,1981 Kheri.pdf,Village/Town Directory volume,English or bilingual,"[391, 392]","[""344"", ""345""]",output/pdf/1981_trimmed/Uttar Pradesh/mededu/1981_Kheri_medical_educational_amenities.pdf,Statement V; source page 393 begins Statement VI.,"[""manual_verified""]"
Uttar Pradesh,Kheri,tehsil_appendix,Trimmed,1981/Uttar Pradesh/1981 Kheri.pdf,1981 Kheri.pdf,Village/Town Directory volume,English or bilingual,"[304, 305, 306]","[""257"", ""258"", null]",output/pdf/1981_trimmed/Uttar Pradesh/tehsil appendix/1981_Kheri_tehsil_appendix.pdf,Appendix I; source page 307 begins Appendix II.,"[""manual_verified""]"
Uttar Pradesh,Lalitpur,civic_amenities,Trimmed,1981/Uttar Pradesh/1981 Lalitpur.pdf,1981 Lalitpur.pdf,Village/Town Directory volume,English or bilingual,[209],"[""165""]",output/pdf/1981_trimmed/Uttar Pradesh/civic amenities/1981_Lalitpur_civic_amenities.pdf,Statement IV; source page 210 begins Statement IV-A.,"[""manual_verified""]"
Uttar Pradesh,Lalitpur,medical_educational_amenities,Trimmed,1981/Uttar Pradesh/1981 Lalitpur.pdf,1981 Lalitpur.pdf,Village/Town Directory volume,English or bilingual,"[212, 213]","[null, ""169""]",output/pdf/1981_trimmed/Uttar Pradesh/mededu/1981_Lalitpur_medical_educational_amenities.pdf,Statement V; source page 214 begins Statement VI.,"[""manual_verified""]"
Uttar Pradesh,Lalitpur,tehsil_appendix,Trimmed,1981/Uttar Pradesh/1981 Lalitpur.pdf,1981 Lalitpur.pdf,Village/Town Directory volume,English or bilingual,"[166, 167, 168, 169]","[""122"", ""1"", ""1"", ""125""]",output/pdf/1981_trimmed/Uttar Pradesh/tehsil appendix/1981_Lalitpur_tehsil_appendix.pdf,Appendix I; source page 170 begins Appendix II.,"[""manual_verified""]"
Uttar Pradesh,Lucknow,civic_amenities,Trimmed,1981/Uttar Pradesh/1981 Lucknow.pdf,1981 Lucknow.pdf,Village/Town Directory volume,English or bilingual,"[229, 230]","[""186"", ""187""]",output/pdf/1981_trimmed/Uttar Pradesh/civic amenities/1981_Lucknow_civic_amenities.pdf,Statement IV; source page 231 is the continuation and source page 232 begins Statement IV-A.,"[""manual_verified""]"
Uttar Pradesh,Lucknow,medical_educational_amenities,Trimmed,1981/Uttar Pradesh/1981 Lucknow.pdf,1981 Lucknow.pdf,Village/Town Directory volume,English or bilingual,"[235, 236, 237, 238]","[null, null, null, ""195""]",output/pdf/1981_trimmed/Uttar Pradesh/mededu/1981_Lucknow_medical_educational_amenities.pdf,Statement V; source page 239 begins Statement VI.,"[""manual_verified""]"
Uttar Pradesh,Lucknow,tehsil_appendix,Trimmed,1981/Uttar Pradesh/1981 Lucknow.pdf,1981 Lucknow.pdf,Village/Town Directory volume,English or bilingual,"[181, 182, 183, 184]","[""138"", ""139"", ""140"", ""141""]",output/pdf/1981_trimmed/Uttar Pradesh/tehsil appendix/1981_Lucknow_tehsil_appendix.pdf,Appendix I; source page 185 begins Appendix II.,"[""manual_verified""]"
Uttar Pradesh,Mainpuri,civic_amenities,Trimmed,1981/Uttar Pradesh/1981 Mainpuri.pdf,1981 Mainpuri.pdf,Village/Town Directory volume,English or bilingual,"[337, 338]","[null, null]",output/pdf/1981_trimmed/Uttar Pradesh/civic amenities/1981_Mainpuri_civic_amenities.pdf,Statement IV; source page 339 begins Statement IV-A.,"[""manual_verified""]"
Uttar Pradesh,Mainpuri,medical_educational_amenities,Trimmed,1981/Uttar Pradesh/1981 Mainpuri.pdf,1981 Mainpuri.pdf,Village/Town Directory volume,English or bilingual,"[341, 342]","[""2813"", null]",output/pdf/1981_trimmed/Uttar Pradesh/mededu/1981_Mainpuri_medical_educational_amenities.pdf,Statement V; source page 343 begins Statement VI.,"[""manual_verified""]"
Uttar Pradesh,Mainpuri,tehsil_appendix,Trimmed,1981/Uttar Pradesh/1981 Mainpuri.pdf,1981 Mainpuri.pdf,Village/Town Directory volume,English or bilingual,"[259, 260, 261, 262]","[null, null, null, null]",output/pdf/1981_trimmed/Uttar Pradesh/tehsil appendix/1981_Mainpuri_tehsil_appendix.pdf,Appendix I; source page 263 begins Appendix II.,"[""manual_verified""]"
Uttar Pradesh,Mathura,civic_amenities,Trimmed,1981/Uttar Pradesh/1981 Mathura.pdf,1981 Mathura.pdf,directory candidate,English or bilingual,"[262, 263, 264, 265]","[""216"", ""217"", ""218"", ""219""]",output/pdf/1981_trimmed/Uttar Pradesh/civic amenities/1981_Mathura_civic_amenities.pdf,Statement IV; source page 266 begins Statement IV-A.,"[""manual_verified""]"
Uttar Pradesh,Mathura,medical_educational_amenities,Trimmed,1981/Uttar Pradesh/1981 Mathura.pdf,1981 Mathura.pdf,directory candidate,English or bilingual,"[268, 269, 270, 271]","[""222"", ""223"", ""224"", ""225""]",output/pdf/1981_trimmed/Uttar Pradesh/mededu/1981_Mathura_medical_educational_amenities.pdf,Statement V; source page 272 begins Statement VI.,"[""manual_verified""]"
Uttar Pradesh,Mathura,tehsil_appendix,Trimmed,1981/Uttar Pradesh/1981 Mathura.pdf,1981 Mathura.pdf,directory candidate,English or bilingual,"[210, 211, 212, 213]","[""164"", ""165"", ""166"", ""167""]",output/pdf/1981_trimmed/Uttar Pradesh/tehsil appendix/1981_Mathura_tehsil_appendix.pdf,Appendix I; source page 214 begins Appendix II.,"[""manual_verified""]"
Uttar Pradesh,Meerut,civic_amenities,Not trimmed,1981/Uttar Pradesh/1981 Meerut.pdf,1981 Meerut.pdf,Village/Town Directory volume,English or bilingual,[],[],,Urban Primary Census Abstract-only volume; no Town Directory Statement IV.,"[""manual_absent_or_ineligible""]"
Uttar Pradesh,Meerut,medical_educational_amenities,Not trimmed,1981/Uttar Pradesh/1981 Meerut.pdf,1981 Meerut.pdf,Village/Town Directory volume,English or bilingual,[],[],,Urban Primary Census Abstract-only volume; no Town Directory Statement V.,"[""manual_absent_or_ineligible""]"
Uttar Pradesh,Meerut,tehsil_appendix,Not trimmed,1981/Uttar Pradesh/1981 Meerut.pdf,1981 Meerut.pdf,Village/Town Directory volume,English or bilingual,[],[],,Urban Primary Census Abstract-only volume; no Village Directory or equivalent tehsil amenities appendix.,"[""manual_absent_or_ineligible""]"
Uttar Pradesh,Moradabad,civic_amenities,Trimmed,1981/Uttar Pradesh/1981 Moradabad.pdf,1981 Moradabad.pdf,Village/Town Directory volume,English or bilingual,"[554, 555, 556, 557]","[""508"", null, ""510"", ""511""]",output/pdf/1981_trimmed/Uttar Pradesh/civic amenities/1981_Moradabad_civic_amenities.pdf,Statement IV; source page 558 begins Statement IV-A.,"[""manual_verified""]"
Uttar Pradesh,Moradabad,medical_educational_amenities,Trimmed,1981/Uttar Pradesh/1981 Moradabad.pdf,1981 Moradabad.pdf,Village/Town Directory volume,English or bilingual,"[560, 561, 562, 563, 564, 565, 566, 567]","[""514"", ""515"", ""516"", ""517"", ""519"", null, ""520"", null]",output/pdf/1981_trimmed/Uttar Pradesh/mededu/1981_Moradabad_medical_educational_amenities.pdf,Statement V; source page 568 begins Statement VI.,"[""manual_verified""]"
Uttar Pradesh,Moradabad,tehsil_appendix,Trimmed,1981/Uttar Pradesh/1981 Moradabad.pdf,1981 Moradabad.pdf,Village/Town Directory volume,English or bilingual,"[448, 449, 450, 451]","[""402"", ""403"", ""404"", ""405""]",output/pdf/1981_trimmed/Uttar Pradesh/tehsil appendix/1981_Moradabad_tehsil_appendix.pdf,Appendix I; source page 452 begins Appendix II.,"[""manual_verified""]"
Uttar Pradesh,Muzaffarnagar,civic_amenities,Trimmed,1981/Uttar Pradesh/1981 Muzaffarnagar.pdf,1981 Muzaffarnagar.pdf,Village/Town Directory volume,English or bilingual,"[273, 274, 275, 276]","[""226"", ""227"", ""228"", ""229""]",output/pdf/1981_trimmed/Uttar Pradesh/civic amenities/1981_Muzaffarnagar_civic_amenities.pdf,Statement IV; source page 277 begins Statement IV-A.,"[""manual_verified""]"
Uttar Pradesh,Muzaffarnagar,medical_educational_amenities,Trimmed,1981/Uttar Pradesh/1981 Muzaffarnagar.pdf,1981 Muzaffarnagar.pdf,Village/Town Directory volume,English or bilingual,"[279, 280, 281, 282]","[""232"", ""233"", ""234"", null]",output/pdf/1981_trimmed/Uttar Pradesh/mededu/1981_Muzaffarnagar_medical_educational_amenities.pdf,Statement V; source page 283 begins Statement VI.,"[""manual_verified""]"
Uttar Pradesh,Muzaffarnagar,tehsil_appendix,Trimmed,1981/Uttar Pradesh/1981 Muzaffarnagar.pdf,1981 Muzaffarnagar.pdf,Village/Town Directory volume,English or bilingual,"[217, 218, 219, 220]","[null, null, null, null]",output/pdf/1981_trimmed/Uttar Pradesh/tehsil appendix/1981_Muzaffarnagar_tehsil_appendix.pdf,Appendix I; source page 221 begins Appendix II.,"[""manual_verified""]"
Uttar Pradesh,Nainital,civic_amenities,Trimmed,1981/Uttar Pradesh/1981 Nainital.pdf,1981 Nainital.pdf,Village/Town Directory volume,English or bilingual,"[409, 410, 411, 412]","[""364"", null, ""366"", ""367""]",output/pdf/1981_trimmed/Uttar Pradesh/civic amenities/1981_Nainital_civic_amenities.pdf,Statement IV; source page 413 begins Statement IV-A.,"[""manual_verified""]"
Uttar Pradesh,Nainital,medical_educational_amenities,Trimmed,1981/Uttar Pradesh/1981 Nainital.pdf,1981 Nainital.pdf,Village/Town Directory volume,English or bilingual,"[415, 416, 417, 418]","[""370"", ""371"", ""372"", ""373""]",output/pdf/1981_trimmed/Uttar Pradesh/mededu/1981_Nainital_medical_educational_amenities.pdf,Statement V; source page 419 begins Statement VI.,"[""manual_verified""]"
Uttar Pradesh,Nainital,tehsil_appendix,Trimmed,1981/Uttar Pradesh/1981 Nainital.pdf,1981 Nainital.pdf,Village/Town Directory volume,English or bilingual,"[317, 318, 319, 320]","[""272"", null, ""274"", ""275""]",output/pdf/1981_trimmed/Uttar Pradesh/tehsil appendix/1981_Nainital_tehsil_appendix.pdf,Appendix I; source page 321 begins Appendix II.,"[""manual_verified""]"
Uttar Pradesh,Pilibhit,civic_amenities,Trimmed,1981/Uttar Pradesh/1981 Peelibhit.pdf,1981 Peelibhit.pdf,Village/Town Directory volume,English or bilingual,"[289, 290]","[null, null]",output/pdf/1981_trimmed/Uttar Pradesh/civic amenities/1981_Pilibhit_civic_amenities.pdf,Statement IV; source page 291 begins Statement IV-A.,"[""manual_verified""]"
Uttar Pradesh,Pilibhit,medical_educational_amenities,Trimmed,1981/Uttar Pradesh/1981 Peelibhit.pdf,1981 Peelibhit.pdf,Village/Town Directory volume,English or bilingual,"[293, 294]","[""248"", ""249""]",output/pdf/1981_trimmed/Uttar Pradesh/mededu/1981_Pilibhit_medical_educational_amenities.pdf,Statement V; source page 295 begins Statement VI.,"[""manual_verified""]"
Uttar Pradesh,Pilibhit,tehsil_appendix,Trimmed,1981/Uttar Pradesh/1981 Peelibhit.pdf,1981 Peelibhit.pdf,Village/Town Directory volume,English or bilingual,"[229, 230, 231, 232]","[null, null, null, null]",output/pdf/1981_trimmed/Uttar Pradesh/tehsil appendix/1981_Pilibhit_tehsil_appendix.pdf,Appendix I; source page 233 begins Appendix II.,"[""manual_verified""]"
Uttar Pradesh,Pithoragarh,civic_amenities,Trimmed,1981/Uttar Pradesh/1981 Pithoragarh.pdf,1981 Pithoragarh.pdf,Village/Town Directory volume,English or bilingual,"[474, 475]","[""428"", ""429""]",output/pdf/1981_trimmed/Uttar Pradesh/civic amenities/1981_Pithoragarh_civic_amenities.pdf,Statement IV; source page 476 begins Statement IV-A.,"[""manual_verified""]"
Uttar Pradesh,Pithoragarh,medical_educational_amenities,Trimmed,1981/Uttar Pradesh/1981 Pithoragarh.pdf,1981 Pithoragarh.pdf,Village/Town Directory volume,English or bilingual,"[478, 479]","[""432"", ""433""]",output/pdf/1981_trimmed/Uttar Pradesh/mededu/1981_Pithoragarh_medical_educational_amenities.pdf,Statement V; source page 480 begins Statement VI.,"[""manual_verified""]"
Uttar Pradesh,Pithoragarh,tehsil_appendix,Trimmed,1981/Uttar Pradesh/1981 Pithoragarh.pdf,1981 Pithoragarh.pdf,Village/Town Directory volume,English or bilingual,"[362, 363, 364, 365]","[""316"", null, ""318"", null]",output/pdf/1981_trimmed/Uttar Pradesh/tehsil appendix/1981_Pithoragarh_tehsil_appendix.pdf,Appendix I; source page 366 begins Appendix II.,"[""manual_verified""]"
Uttar Pradesh,Rae Bareli,civic_amenities,Trimmed,1981/Uttar Pradesh/1981 Rae Bareli.pdf,1981 Rae Bareli.pdf,Village/Town Directory volume,English or bilingual,"[382, 383]","[""328"", ""329""]",output/pdf/1981_trimmed/Uttar Pradesh/civic amenities/1981_Rae Bareli_civic_amenities.pdf,Statement IV; source page 384 begins Statement V.,"[""manual_verified""]"
Uttar Pradesh,Rae Bareli,medical_educational_amenities,Trimmed,1981/Uttar Pradesh/1981 Rae Bareli.pdf,1981 Rae Bareli.pdf,Village/Town Directory volume,English or bilingual,"[384, 385]","[null, ""1979""]",output/pdf/1981_trimmed/Uttar Pradesh/mededu/1981_Rae Bareli_medical_educational_amenities.pdf,Statement V; source page 386 begins Statement VI.,"[""manual_verified""]"
Uttar Pradesh,Rae Bareli,tehsil_appendix,Trimmed,1981/Uttar Pradesh/1981 Rae Bareli.pdf,1981 Rae Bareli.pdf,Village/Town Directory volume,English or bilingual,"[300, 301, 302, 303]","[null, ""247"", null, ""249""]",output/pdf/1981_trimmed/Uttar Pradesh/tehsil appendix/1981_Rae Bareli_tehsil_appendix.pdf,Appendix I; source page 304 begins Appendix II.,"[""manual_verified""]"
Uttar Pradesh,Rampur,civic_amenities,Trimmed,1981/Uttar Pradesh/1981 Rampur.pdf,1981 Rampur.pdf,Village/Town Directory volume,English or bilingual,"[286, 287]","[""238"", ""239""]",output/pdf/1981_trimmed/Uttar Pradesh/civic amenities/1981_Rampur_civic_amenities.pdf,Statement IV; source page 288 begins Statement IV-A.,"[""manual_verified""]"
Uttar Pradesh,Rampur,medical_educational_amenities,Trimmed,1981/Uttar Pradesh/1981 Rampur.pdf,1981 Rampur.pdf,Village/Town Directory volume,English or bilingual,"[290, 291]","[""142"", ""243""]",output/pdf/1981_trimmed/Uttar Pradesh/mededu/1981_Rampur_medical_educational_amenities.pdf,Statement V; source page 292 begins Statement VI.,"[""manual_verified""]"
Uttar Pradesh,Rampur,tehsil_appendix,Trimmed,1981/Uttar Pradesh/1981 Rampur.pdf,1981 Rampur.pdf,Village/Town Directory volume,English or bilingual,"[228, 229, 230, 231]","[""180"", ""181"", null, null]",output/pdf/1981_trimmed/Uttar Pradesh/tehsil appendix/1981_Rampur_tehsil_appendix.pdf,Appendix I; source page 232 begins Appendix II.,"[""manual_verified""]"
Uttar Pradesh,Saharanpur,civic_amenities,Trimmed,1981/Uttar Pradesh/1981 Saharanpur.pdf,1981 Saharanpur.pdf,directory candidate,English or bilingual,"[426, 427, 428, 429]","[null, ""383"", null, null]",output/pdf/1981_trimmed/Uttar Pradesh/civic amenities/1981_Saharanpur_civic_amenities.pdf,Statement IV; source page 430 begins Statement IV-A.,"[""manual_verified""]"
Uttar Pradesh,Saharanpur,medical_educational_amenities,Trimmed,1981/Uttar Pradesh/1981 Saharanpur.pdf,1981 Saharanpur.pdf,directory candidate,English or bilingual,"[432, 433, 434, 435, 436, 437]","[""388"", ""389"", null, null, null, ""393""]",output/pdf/1981_trimmed/Uttar Pradesh/mededu/1981_Saharanpur_medical_educational_amenities.pdf,Statement V; source page 438 begins Statement VI.,"[""manual_verified""]"
Uttar Pradesh,Saharanpur,tehsil_appendix,Trimmed,1981/Uttar Pradesh/1981 Saharanpur.pdf,1981 Saharanpur.pdf,directory candidate,English or bilingual,"[344, 345, 346, 347]","[""300"", null, ""302"", ""303""]",output/pdf/1981_trimmed/Uttar Pradesh/tehsil appendix/1981_Saharanpur_tehsil_appendix.pdf,Appendix I; source page 348 begins Appendix II.,"[""manual_verified""]"
Uttar Pradesh,Shahjahanpur,civic_amenities,Trimmed,1981/Uttar Pradesh/1981 Shahjahanpur.pdf,1981 Shahjahanpur.pdf,Village/Town Directory volume,English or bilingual,"[465, 466]","[""420"", null]",output/pdf/1981_trimmed/Uttar Pradesh/civic amenities/1981_Shahjahanpur_civic_amenities.pdf,Statement IV; source page 467 begins Statement IV-A.,"[""manual_verified""]"
Uttar Pradesh,Shahjahanpur,medical_educational_amenities,Trimmed,1981/Uttar Pradesh/1981 Shahjahanpur.pdf,1981 Shahjahanpur.pdf,Village/Town Directory volume,English or bilingual,"[469, 470, 471, 472]","[null, null, null, null]",output/pdf/1981_trimmed/Uttar Pradesh/mededu/1981_Shahjahanpur_medical_educational_amenities.pdf,Statement V; source page 473 begins Statement VI.,"[""manual_verified""]"
Uttar Pradesh,Shahjahanpur,tehsil_appendix,Trimmed,1981/Uttar Pradesh/1981 Shahjahanpur.pdf,1981 Shahjahanpur.pdf,Village/Town Directory volume,English or bilingual,"[373, 374, 375, 376]","[null, null, null, null]",output/pdf/1981_trimmed/Uttar Pradesh/tehsil appendix/1981_Shahjahanpur_tehsil_appendix.pdf,Appendix I; source page 377 begins Appendix II.,"[""manual_verified""]"
Uttar Pradesh,Sitapur,civic_amenities,Not trimmed,1981/Uttar Pradesh/1981 Sitapur.pdf,1981 Sitapur.pdf,Village/Town Directory volume,English or bilingual,[],[],,Part XII-A Primary Census Abstract-only volume; no Town Directory Statement IV.,"[""manual_absent_or_ineligible""]"
Uttar Pradesh,Sitapur,medical_educational_amenities,Not trimmed,1981/Uttar Pradesh/1981 Sitapur.pdf,1981 Sitapur.pdf,Village/Town Directory volume,English or bilingual,[],[],,Part XII-A Primary Census Abstract-only volume; no Town Directory Statement V.,"[""manual_absent_or_ineligible""]"
Uttar Pradesh,Sitapur,tehsil_appendix,Not trimmed,1981/Uttar Pradesh/1981 Sitapur.pdf,1981 Sitapur.pdf,Village/Town Directory volume,English or bilingual,[],[],,Part XII-A Primary Census Abstract-only volume; no Village Directory or equivalent tehsil amenities appendix.,"[""manual_absent_or_ineligible""]"
Uttar Pradesh,Sultanpur,civic_amenities,Trimmed,1981/Uttar Pradesh/1981 Sultanpur.pdf,1981 Sultanpur.pdf,Village/Town Directory volume,English or bilingual,"[493, 494]","[""452"", ""453""]",output/pdf/1981_trimmed/Uttar Pradesh/civic amenities/1981_Sultanpur_civic_amenities.pdf,Statement IV; source page 495 begins Statement IV-A.,"[""manual_verified""]"
Uttar Pradesh,Sultanpur,medical_educational_amenities,Trimmed,1981/Uttar Pradesh/1981 Sultanpur.pdf,1981 Sultanpur.pdf,Village/Town Directory volume,English or bilingual,"[497, 498]","[""456"", null]",output/pdf/1981_trimmed/Uttar Pradesh/mededu/1981_Sultanpur_medical_educational_amenities.pdf,Statement V; source page 499 begins Statement VI.,"[""manual_verified""]"
Uttar Pradesh,Sultanpur,tehsil_appendix,Trimmed,1981/Uttar Pradesh/1981 Sultanpur.pdf,1981 Sultanpur.pdf,Village/Town Directory volume,English or bilingual,"[379, 380, 381, 382]","[""338"", null, null, ""341""]",output/pdf/1981_trimmed/Uttar Pradesh/tehsil appendix/1981_Sultanpur_tehsil_appendix.pdf,Appendix I; source page 383 begins Appendix II.,"[""manual_verified""]"
Uttar Pradesh,Tehri Garhwal,civic_amenities,Not trimmed,1981/Uttar Pradesh/1981 Tehri Garhwal.pdf,1981 Tehri Garhwal.pdf,unclassified 1981 volume,English or bilingual,[],[],,No eligible Town Directory Statement IV identified in the volume.,"[""manual_absent_or_ineligible""]"
Uttar Pradesh,Tehri Garhwal,medical_educational_amenities,Not trimmed,1981/Uttar Pradesh/1981 Tehri Garhwal.pdf,1981 Tehri Garhwal.pdf,unclassified 1981 volume,English or bilingual,[],[],,No eligible Town Directory Statement V identified in the volume.,"[""manual_absent_or_ineligible""]"
Uttar Pradesh,Tehri Garhwal,tehsil_appendix,Not trimmed,1981/Uttar Pradesh/1981 Tehri Garhwal.pdf,1981 Tehri Garhwal.pdf,unclassified 1981 volume,English or bilingual,[],[],,No equivalent tehsil-level amenities appendix identified in the volume.,"[""manual_absent_or_ineligible""]"
Uttar Pradesh,Unnao,civic_amenities,Trimmed,1981/Uttar Pradesh/1981 Unnao.pdf,1981 Unnao.pdf,Village/Town Directory volume,English or bilingual,"[416, 417, 418, 419]","[""358"", ""359"", null, ""361""]",output/pdf/1981_trimmed/Uttar Pradesh/civic amenities/1981_Unnao_civic_amenities.pdf,Statement IV; source page 420 begins Statement IV-A.,"[""manual_verified""]"
Uttar Pradesh,Unnao,medical_educational_amenities,Trimmed,1981/Uttar Pradesh/1981 Unnao.pdf,1981 Unnao.pdf,Village/Town Directory volume,English or bilingual,"[422, 423, 424, 425, 426, 427]","[""364"", ""365"", ""366"", null, ""368"", ""369""]",output/pdf/1981_trimmed/Uttar Pradesh/mededu/1981_Unnao_medical_educational_amenities.pdf,Statement V; source page 428 begins Statement VI.,"[""manual_verified""]"
Uttar Pradesh,Unnao,tehsil_appendix,Trimmed,1981/Uttar Pradesh/1981 Unnao.pdf,1981 Unnao.pdf,Village/Town Directory volume,English or bilingual,"[310, 311, 312, 313]","[""1"", null, null, null]",output/pdf/1981_trimmed/Uttar Pradesh/tehsil appendix/1981_Unnao_tehsil_appendix.pdf,Appendix I; source page 314 begins Appendix II.,"[""manual_verified""]"
Uttar Pradesh,Uttar Kashi,civic_amenities,Trimmed,1981/Uttar Pradesh/1981 Uttar Kashi.pdf,1981 Uttar Kashi.pdf,Village/Town Directory volume,English or bilingual,"[213, 214]","[""160"", ""161""]",output/pdf/1981_trimmed/Uttar Pradesh/civic amenities/1981_Uttar Kashi_civic_amenities.pdf,Statement IV; source page 215 begins Statement IV-A.,"[""manual_verified""]"
Uttar Pradesh,Uttar Kashi,medical_educational_amenities,Trimmed,1981/Uttar Pradesh/1981 Uttar Kashi.pdf,1981 Uttar Kashi.pdf,Village/Town Directory volume,English or bilingual,"[217, 218]","[""164"", null]",output/pdf/1981_trimmed/Uttar Pradesh/mededu/1981_Uttar Kashi_medical_educational_amenities.pdf,Statement V; source page 219 begins Statement VI.,"[""manual_verified""]"
Uttar Pradesh,Uttar Kashi,tehsil_appendix,Trimmed,1981/Uttar Pradesh/1981 Uttar Kashi.pdf,1981 Uttar Kashi.pdf,Village/Town Directory volume,English or bilingual,"[169, 170, 171, 172]","[""116"", ""117"", ""118"", ""119""]",output/pdf/1981_trimmed/Uttar Pradesh/tehsil appendix/1981_Uttar Kashi_tehsil_appendix.pdf,Appendix I; source page 173 begins Appendix II.,"[""manual_verified""]"
Uttar Pradesh,Varanasi,civic_amenities,Trimmed,1981/Uttar Pradesh/1981 Varanasi.pdf,1981 Varanasi.pdf,Village/Town Directory volume,English or bilingual,"[720, 721, 722, 723, 724, 725]","[""680"", ""681"", ""682"", ""683"", ""684"", ""685""]",output/pdf/1981_trimmed/Uttar Pradesh/civic amenities/1981_Varanasi_civic_amenities.pdf,Statement IV; source page 726 begins Statement IV-A.,"[""manual_verified""]"
Uttar Pradesh,Varanasi,medical_educational_amenities,Trimmed,1981/Uttar Pradesh/1981 Varanasi.pdf,1981 Varanasi.pdf,Village/Town Directory volume,English or bilingual,"[732, 733, 734, 735, 736, 737]","[null, ""693"", null, ""695"", ""696"", ""697""]",output/pdf/1981_trimmed/Uttar Pradesh/mededu/1981_Varanasi_medical_educational_amenities.pdf,Statement V; source page 738 begins Statement VI.,"[""manual_verified""]"
Uttar Pradesh,Varanasi,tehsil_appendix,Trimmed,1981/Uttar Pradesh/1981 Varanasi.pdf,1981 Varanasi.pdf,Village/Town Directory volume,English or bilingual,"[578, 579, 580, 581]","[""538"", ""539"", ""540"", ""541""]",output/pdf/1981_trimmed/Uttar Pradesh/tehsil appendix/1981_Varanasi_tehsil_appendix.pdf,Appendix I; source page 582 begins Appendix II.,"[""manual_verified""]"
West Bengal,Bankura,civic_amenities,Trimmed,1981/West Bengal/1981 Bankura.pdf,1981 Bankura.pdf,Village/Town Directory volume,English or bilingual,"[644, 645]","[null, ""1979""]",output/pdf/1981_trimmed/West Bengal/civic amenities/1981_Bankura_civic_amenities.pdf,Statement IV; source page 646 begins Statement IV-A.,"[""manual_verified""]"
West Bengal,Bankura,medical_educational_amenities,Trimmed,1981/West Bengal/1981 Bankura.pdf,1981 Bankura.pdf,Village/Town Directory volume,English or bilingual,"[648, 649]","[null, null]",output/pdf/1981_trimmed/West Bengal/mededu/1981_Bankura_medical_educational_amenities.pdf,Statement V; source page 650 begins Statement VI.,"[""manual_verified""]"
West Bengal,Bankura,tehsil_appendix,Trimmed,1981/West Bengal/1981 Bankura.pdf,1981 Bankura.pdf,Village/Town Directory volume,English or bilingual,"[552, 553, 554, 555]","[null, ""539"", null, null]",output/pdf/1981_trimmed/West Bengal/tehsil appendix/1981_Bankura_tehsil_appendix.pdf,Appendix I Village Police Station-wise abstract; source page 556 begins Appendix II.,"[""manual_verified""]"
West Bengal,Barddhaman,civic_amenities,Trimmed,1981/West Bengal/1981 Barddhaman.pdf,1981 Barddhaman.pdf,Village/Town Directory volume,English or bilingual,"[547, 548, 549, 550, 551, 552, 553, 554, 555, 556]","[""536"", ""537"", ""538"", ""539"", ""5400"", null, ""542"", ""543"", null, null]",output/pdf/1981_trimmed/West Bengal/civic amenities/1981_Barddhaman_civic_amenities.pdf,Statement IV; source page 557 begins Statement IV-A.,"[""manual_verified""]"
West Bengal,Barddhaman,medical_educational_amenities,Trimmed,1981/West Bengal/1981 Barddhaman.pdf,1981 Barddhaman.pdf,Village/Town Directory volume,English or bilingual,"[559, 560, 561, 562, 563, 564, 565, 566, 567, 568, 569, 570]","[null, null, null, ""551"", ""552"", null, ""554"", null, null, null, null, ""559""]",output/pdf/1981_trimmed/West Bengal/mededu/1981_Barddhaman_medical_educational_amenities.pdf,Statement V; source page 571 begins Statement VI.,"[""manual_verified""]"
West Bengal,Barddhaman,tehsil_appendix,Trimmed,1981/West Bengal/1981 Barddhaman.pdf,1981 Barddhaman.pdf,Village/Town Directory volume,English or bilingual,"[441, 442, 443, 444]","[""430"", ""431"", null, null]",output/pdf/1981_trimmed/West Bengal/tehsil appendix/1981_Barddhaman_tehsil_appendix.pdf,Appendix I Village Police Station-wise abstract; source page 445 begins Appendix II.,"[""manual_verified""]"
West Bengal,Birbhum,civic_amenities,Trimmed,1981/West Bengal/1981 Birbhum.pdf,1981 Birbhum.pdf,Village/Town Directory volume,English or bilingual,"[420, 421]","[""408"", null]",output/pdf/1981_trimmed/West Bengal/civic amenities/1981_Birbhum_civic_amenities.pdf,Statement IV; source page 422 begins Statement V.,"[""manual_verified""]"
West Bengal,Birbhum,medical_educational_amenities,Trimmed,1981/West Bengal/1981 Birbhum.pdf,1981 Birbhum.pdf,Village/Town Directory volume,English or bilingual,"[422, 423]","[""410"", null]",output/pdf/1981_trimmed/West Bengal/mededu/1981_Birbhum_medical_educational_amenities.pdf,Statement V; source page 424 begins Statement VI.,"[""manual_verified""]"
West Bengal,Birbhum,tehsil_appendix,Trimmed,1981/West Bengal/1981 Birbhum.pdf,1981 Birbhum.pdf,Village/Town Directory volume,English or bilingual,"[342, 343, 344, 345]","[""330"", ""331"", ""332"", ""333""]",output/pdf/1981_trimmed/West Bengal/tehsil appendix/1981_Birbhum_tehsil_appendix.pdf,Appendix I Village Police Station-wise abstract; source page 346 begins Appendix II.,"[""manual_verified""]"
West Bengal,Calcutta,civic_amenities,Not trimmed,1981/West Bengal/1981 Calcutta.pdf,1981 Calcutta.pdf,Part XIII-B primary census abstract,English or bilingual,[],[],,PCA-only volume; the requested town statements and amenities appendix are absent.,[]
West Bengal,Calcutta,medical_educational_amenities,Not trimmed,1981/West Bengal/1981 Calcutta.pdf,1981 Calcutta.pdf,Part XIII-B primary census abstract,English or bilingual,[],[],,PCA-only volume; the requested town statements and amenities appendix are absent.,[]
West Bengal,Calcutta,tehsil_appendix,Not trimmed,1981/West Bengal/1981 Calcutta.pdf,1981 Calcutta.pdf,Part XIII-B primary census abstract,English or bilingual,[],[],,PCA-only volume; the requested town statements and amenities appendix are absent.,[]
West Bengal,Darjiling,civic_amenities,Trimmed,1981/West Bengal/1981 Darjiling.pdf,1981 Darjiling.pdf,Village/Town Directory volume,English or bilingual,"[206, 207]","[null, null]",output/pdf/1981_trimmed/West Bengal/civic amenities/1981_Darjiling_civic_amenities.pdf,Statement IV; source page 208 begins Statement V.,"[""manual_verified""]"
West Bengal,Darjiling,medical_educational_amenities,Trimmed,1981/West Bengal/1981 Darjiling.pdf,1981 Darjiling.pdf,Village/Town Directory volume,English or bilingual,"[208, 209]","[null, ""197""]",output/pdf/1981_trimmed/West Bengal/mededu/1981_Darjiling_medical_educational_amenities.pdf,Statement V; source page 210 begins Statement VI.,"[""manual_verified""]"
West Bengal,Darjiling,tehsil_appendix,Trimmed,1981/West Bengal/1981 Darjiling.pdf,1981 Darjiling.pdf,Village/Town Directory volume,English or bilingual,"[170, 171, 172, 173]","[null, null, ""160"", ""1""]",output/pdf/1981_trimmed/West Bengal/tehsil appendix/1981_Darjiling_tehsil_appendix.pdf,Appendix I Village Police Station-wise abstract; source page 174 begins Appendix II.,"[""manual_verified""]"
West Bengal,Dinajpur,civic_amenities,Trimmed,1981/West Bengal/1981 Dinajpur.pdf,1981 Dinajpur.pdf,Village/Town Directory volume,English or bilingual,"[548, 549]","[""536"", ""537""]",output/pdf/1981_trimmed/West Bengal/civic amenities/1981_Dinajpur_civic_amenities.pdf,Statement IV; source page 550 begins Statement IV-A.,"[""manual_verified""]"
West Bengal,Dinajpur,medical_educational_amenities,Trimmed,1981/West Bengal/1981 Dinajpur.pdf,1981 Dinajpur.pdf,Village/Town Directory volume,English or bilingual,"[552, 553]","[""540"", ""541""]",output/pdf/1981_trimmed/West Bengal/mededu/1981_Dinajpur_medical_educational_amenities.pdf,Statement V; source page 554 begins Statement VI.,"[""manual_verified""]"
West Bengal,Dinajpur,tehsil_appendix,Trimmed,1981/West Bengal/1981 Dinajpur.pdf,1981 Dinajpur.pdf,Village/Town Directory volume,English or bilingual,"[442, 443, 444, 445]","[""436"", null, null, ""433""]",output/pdf/1981_trimmed/West Bengal/tehsil appendix/1981_Dinajpur_tehsil_appendix.pdf,Appendix I Village Police Station-wise abstract; source page 446 begins Appendix II.,"[""manual_verified""]"
West Bengal,Hugli,civic_amenities,Not trimmed,1981/West Bengal/1981 Hugli.pdf,1981 Hugli.pdf,PCA-only / non-directory volume,English or bilingual,[],[],,Part XIII Village & Town-wise Primary Census Abstract volume; contents show no Town Directory or Statement IV.,"[""manual_absent_or_ineligible""]"
West Bengal,Hugli,medical_educational_amenities,Not trimmed,1981/West Bengal/1981 Hugli.pdf,1981 Hugli.pdf,PCA-only / non-directory volume,English or bilingual,[],[],,Part XIII Village & Town-wise Primary Census Abstract volume; contents show no Town Directory or Statement V.,"[""manual_absent_or_ineligible""]"
West Bengal,Hugli,tehsil_appendix,Not trimmed,1981/West Bengal/1981 Hugli.pdf,1981 Hugli.pdf,PCA-only / non-directory volume,English or bilingual,[],[],,Part XIII Village & Town-wise Primary Census Abstract volume; contents show no amenities appendix.,"[""manual_absent_or_ineligible""]"
West Bengal,Jalapiguri,civic_amenities,Not trimmed,1981/West Bengal/1981 Jalapiguri.pdf,1981 Jalapiguri.pdf,Part XIII-B primary census abstract,English or bilingual,[],[],,PCA-only volume; the requested town statements and amenities appendix are absent.,[]
West Bengal,Jalapiguri,medical_educational_amenities,Not trimmed,1981/West Bengal/1981 Jalapiguri.pdf,1981 Jalapiguri.pdf,Part XIII-B primary census abstract,English or bilingual,[],[],,PCA-only volume; the requested town statements and amenities appendix are absent.,[]
West Bengal,Jalapiguri,tehsil_appendix,Not trimmed,1981/West Bengal/1981 Jalapiguri.pdf,1981 Jalapiguri.pdf,Part XIII-B primary census abstract,English or bilingual,[],[],,PCA-only volume; the requested town statements and amenities appendix are absent.,[]
West Bengal,Koch Bihar,civic_amenities,Not trimmed,1981/West Bengal/1981 Koch Bihar.pdf,1981 Koch Bihar.pdf,Part XIII-B primary census abstract,English or bilingual,[],[],,PCA-only volume; the requested town statements and amenities appendix are absent.,[]
West Bengal,Koch Bihar,medical_educational_amenities,Not trimmed,1981/West Bengal/1981 Koch Bihar.pdf,1981 Koch Bihar.pdf,Part XIII-B primary census abstract,English or bilingual,[],[],,PCA-only volume; the requested town statements and amenities appendix are absent.,[]
West Bengal,Koch Bihar,tehsil_appendix,Not trimmed,1981/West Bengal/1981 Koch Bihar.pdf,1981 Koch Bihar.pdf,Part XIII-B primary census abstract,English or bilingual,[],[],,PCA-only volume; the requested town statements and amenities appendix are absent.,[]
West Bengal,Maldah,civic_amenities,Not trimmed,1981/West Bengal/1981 Maldah.pdf,1981 Maldah.pdf,Part XIII-B primary census abstract,English or bilingual,[],[],,PCA-only volume; the requested town statements and amenities appendix are absent.,[]
West Bengal,Maldah,medical_educational_amenities,Not trimmed,1981/West Bengal/1981 Maldah.pdf,1981 Maldah.pdf,Part XIII-B primary census abstract,English or bilingual,[],[],,PCA-only volume; the requested town statements and amenities appendix are absent.,[]
West Bengal,Maldah,tehsil_appendix,Not trimmed,1981/West Bengal/1981 Maldah.pdf,1981 Maldah.pdf,Part XIII-B primary census abstract,English or bilingual,[],[],,PCA-only volume; the requested town statements and amenities appendix are absent.,[]
West Bengal,Midnapore,civic_amenities,Trimmed,1981/West Bengal/1981 Midnapore.pdf,1981 Midnapore.pdf,Village/Town Directory volume,English or bilingual,"[1820, 1821, 1822, 1823]","[null, ""1807"", null, null]",output/pdf/1981_trimmed/West Bengal/civic amenities/1981_Midnapore_civic_amenities.pdf,Statement IV; source page 1824 begins Statement IV-A.,"[""manual_verified""]"
West Bengal,Midnapore,medical_educational_amenities,Trimmed,1981/West Bengal/1981 Midnapore.pdf,1981 Midnapore.pdf,Village/Town Directory volume,English or bilingual,"[1826, 1827, 1828, 1829]","[""1812"", ""1813"", ""1814"", null]",output/pdf/1981_trimmed/West Bengal/mededu/1981_Midnapore_medical_educational_amenities.pdf,Statement V; source page 1830 begins Statement VI.,"[""manual_verified""]"
West Bengal,Midnapore,tehsil_appendix,Trimmed,1981/West Bengal/1981 Midnapore.pdf,1981 Midnapore.pdf,Village/Town Directory volume,English or bilingual,"[1532, 1533, 1534, 1535]","[""1516"", null, null, null]",output/pdf/1981_trimmed/West Bengal/tehsil appendix/1981_Midnapore_tehsil_appendix.pdf,Appendix I Village Police Station-wise abstract; source page 1536 begins Appendix II.,"[""manual_verified""]"
West Bengal,Murshidabad,civic_amenities,Not trimmed,1981/West Bengal/1981 Murshidabad.pdf,1981 Murshidabad.pdf,PCA-only / non-directory volume,English or bilingual,[],[],,Part XIII-B Village & Town-wise Primary Census Abstract volume; contents show no Town Directory or Statement IV.,"[""manual_absent_or_ineligible""]"
West Bengal,Murshidabad,medical_educational_amenities,Not trimmed,1981/West Bengal/1981 Murshidabad.pdf,1981 Murshidabad.pdf,PCA-only / non-directory volume,English or bilingual,[],[],,Part XIII-B Village & Town-wise Primary Census Abstract volume; contents show no Town Directory or Statement V.,"[""manual_absent_or_ineligible""]"
West Bengal,Murshidabad,tehsil_appendix,Not trimmed,1981/West Bengal/1981 Murshidabad.pdf,1981 Murshidabad.pdf,PCA-only / non-directory volume,English or bilingual,[],[],,Part XIII-B Village & Town-wise Primary Census Abstract volume; contents show no amenities appendix.,"[""manual_absent_or_ineligible""]"
West Bengal,Nadia,civic_amenities,Not trimmed,1981/West Bengal/1981 Nadia.pdf,1981 Nadia.pdf,Part XIII-B primary census abstract,English or bilingual,[],[],,PCA-only volume; the requested town statements and amenities appendix are absent.,[]
West Bengal,Nadia,medical_educational_amenities,Not trimmed,1981/West Bengal/1981 Nadia.pdf,1981 Nadia.pdf,Part XIII-B primary census abstract,English or bilingual,[],[],,PCA-only volume; the requested town statements and amenities appendix are absent.,[]
West Bengal,Nadia,tehsil_appendix,Not trimmed,1981/West Bengal/1981 Nadia.pdf,1981 Nadia.pdf,Part XIII-B primary census abstract,English or bilingual,[],[],,PCA-only volume; the requested town statements and amenities appendix are absent.,[]
West Bengal,Purullia,civic_amenities,Trimmed,1981/West Bengal/1981 Purullia.pdf,1981 Purullia.pdf,Village/Town Directory volume,English or bilingual,"[454, 455]","[""440"", ""441""]",output/pdf/1981_trimmed/West Bengal/civic amenities/1981_Purullia_civic_amenities.pdf,Statement IV; source page 456 begins Statement IV-A.,"[""manual_verified""]"
West Bengal,Purullia,medical_educational_amenities,Trimmed,1981/West Bengal/1981 Purullia.pdf,1981 Purullia.pdf,Village/Town Directory volume,English or bilingual,"[458, 459]","[""444"", ""445""]",output/pdf/1981_trimmed/West Bengal/mededu/1981_Purullia_medical_educational_amenities.pdf,Statement V; source page 460 begins Statement VI.,"[""manual_verified""]"
West Bengal,Purullia,tehsil_appendix,Trimmed,1981/West Bengal/1981 Purullia.pdf,1981 Purullia.pdf,Village/Town Directory volume,English or bilingual,"[362, 363, 364, 365]","[""343"", ""349"", ""350"", ""351""]",output/pdf/1981_trimmed/West Bengal/tehsil appendix/1981_Purullia_tehsil_appendix.pdf,Appendix I Village Police Station-wise abstract; source page 366 begins Appendix II.,"[""manual_verified""]"
West Bengal,Twenty Four Parganas,civic_amenities,Trimmed,1981/West Bengal/1981 Twenty Four Parganas.pdf,1981 Twenty Four Parganas.pdf,Village/Town Directory volume,English or bilingual,"[754, 755, 756, 757, 758, 759, 760, 761, 762, 763]","[""738"", null, ""740"", ""741"", ""141"", ""143"", ""744"", null, ""746"", ""747""]",output/pdf/1981_trimmed/West Bengal/civic amenities/1981_Twenty Four Parganas_civic_amenities.pdf,Statement IV; source page 764 begins Statement IV-A.,"[""manual_verified""]"
West Bengal,Twenty Four Parganas,medical_educational_amenities,Trimmed,1981/West Bengal/1981 Twenty Four Parganas.pdf,1981 Twenty Four Parganas.pdf,Village/Town Directory volume,English or bilingual,"[768, 769, 770, 771, 772, 773, 774, 775, 776, 777, 778, 779, 780, 781]","[null, ""753"", ""714"", null, ""716"", null, ""758"", null, ""760"", null, ""762"", ""763"", null, ""765""]",output/pdf/1981_trimmed/West Bengal/mededu/1981_Twenty Four Parganas_medical_educational_amenities.pdf,Statement V including continuation pages through cultural facilities; source page 782 begins Statement VI.,"[""manual_verified""]"
West Bengal,Twenty Four Parganas,tehsil_appendix,Trimmed,1981/West Bengal/1981 Twenty Four Parganas.pdf,1981 Twenty Four Parganas.pdf,Village/Town Directory volume,English or bilingual,"[624, 625, 626, 627, 628, 629, 630, 631]","[""608"", ""609"", ""610"", ""611"", ""612"", null, null, ""615""]",output/pdf/1981_trimmed/West Bengal/tehsil appendix/1981_Twenty Four Parganas_tehsil_appendix.pdf,Appendix I Village Police Station-wise abstract in two four-page sections; source page 632 begins Appendix II.,"[""manual_verified""]"
