state,category,table,filename,destination,sha256,page_count
Andra Pradesh,civic amenities,civic_amenities,1981_Adilabad_civic_amenities.pdf,output/pdf/1981_trimmed/Andra Pradesh/civic amenities/1981_Adilabad_civic_amenities.pdf,15bd51b641ad1a9b7d4897614895afb9390dd0b1ec08499f2ef24ec64b72d8fa,2
Andra Pradesh,mededu,medical_educational_amenities,1981_Adilabad_medical_educational_amenities.pdf,output/pdf/1981_trimmed/Andra Pradesh/mededu/1981_Adilabad_medical_educational_amenities.pdf,188db844f5b2104ca4b5d62a7b71ef737752e19635fbd3d2f9b78fb0f6f9932f,2
Andra Pradesh,tehsil appendix,tehsil_appendix,1981_Adilabad_tehsil_appendix.pdf,output/pdf/1981_trimmed/Andra Pradesh/tehsil appendix/1981_Adilabad_tehsil_appendix.pdf,1f8bd8823e65a94614f4c06e696acf3cac7e2b4c7e7572ffaabc859b61c83cc6,4
Andra Pradesh,civic amenities,civic_amenities,1981_Anantapur_civic_amenities.pdf,output/pdf/1981_trimmed/Andra Pradesh/civic amenities/1981_Anantapur_civic_amenities.pdf,1f1c2d917fb1a04e4cc7b19a7678717970f22d7cc8f0efcbffe18befdf1a9e2b,2
Andra Pradesh,mededu,medical_educational_amenities,1981_Anantapur_medical_educational_amenities.pdf,output/pdf/1981_trimmed/Andra Pradesh/mededu/1981_Anantapur_medical_educational_amenities.pdf,2cd9a5bcea71323bfe8151492cbe81b6ec5188bd27c39965db70ed5fff2ba3e2,2
Andra Pradesh,tehsil appendix,tehsil_appendix,1981_Anantapur_tehsil_appendix.pdf,output/pdf/1981_trimmed/Andra Pradesh/tehsil appendix/1981_Anantapur_tehsil_appendix.pdf,542fd345aee8b5c15f1bd6ef113ae5d7dfeee4f1067fa21727b32e355b120c3b,4
Andra Pradesh,civic amenities,civic_amenities,1981_Chittoor_civic_amenities.pdf,output/pdf/1981_trimmed/Andra Pradesh/civic amenities/1981_Chittoor_civic_amenities.pdf,5d90be34eadab747458b0c3734bb5fced0e596fed70fe003ddfabae8107ee318,2
Andra Pradesh,mededu,medical_educational_amenities,1981_Chittoor_medical_educational_amenities.pdf,output/pdf/1981_trimmed/Andra Pradesh/mededu/1981_Chittoor_medical_educational_amenities.pdf,802c078c93c2a0e37d1ac58f09d7a39c6365a73bc99162c51563e515eb72e91e,2
Andra Pradesh,tehsil appendix,tehsil_appendix,1981_Chittoor_tehsil_appendix.pdf,output/pdf/1981_trimmed/Andra Pradesh/tehsil appendix/1981_Chittoor_tehsil_appendix.pdf,d544d546522db347d406372818c2857bc49ea76694df9392b5ba5c158f5d7707,4
Andra Pradesh,civic amenities,civic_amenities,1981_Cuddapah_civic_amenities.pdf,output/pdf/1981_trimmed/Andra Pradesh/civic amenities/1981_Cuddapah_civic_amenities.pdf,1cb247b0eeba16bcdcb443da6595072f99a09bcb5a33cb645c46176350cc578b,2
Andra Pradesh,mededu,medical_educational_amenities,1981_Cuddapah_medical_educational_amenities.pdf,output/pdf/1981_trimmed/Andra Pradesh/mededu/1981_Cuddapah_medical_educational_amenities.pdf,62ce9399cb44919fb891a4a180508b61285e34f6cd34fb037a56d9b5b75a9085,2
Andra Pradesh,tehsil appendix,tehsil_appendix,1981_Cuddapah_tehsil_appendix.pdf,output/pdf/1981_trimmed/Andra Pradesh/tehsil appendix/1981_Cuddapah_tehsil_appendix.pdf,ddb5f551eadddce6de29ade9f217929784be968c2ece8c691d957f60be3b26e3,4
Andra Pradesh,civic amenities,civic_amenities,1981_East Godavari_civic_amenities.pdf,output/pdf/1981_trimmed/Andra Pradesh/civic amenities/1981_East Godavari_civic_amenities.pdf,07076f44ef9d1c0b4d3af6a63a4bdd8eb92a8c8301515d5a76accdf309406c7f,2
Andra Pradesh,mededu,medical_educational_amenities,1981_East Godavari_medical_educational_amenities.pdf,output/pdf/1981_trimmed/Andra Pradesh/mededu/1981_East Godavari_medical_educational_amenities.pdf,8595840c3674dd9830a420ad5f82a04014350b2e3adb98a8cb941d10c63d22c2,4
Andra Pradesh,tehsil appendix,tehsil_appendix,1981_East Godavari_tehsil_appendix.pdf,output/pdf/1981_trimmed/Andra Pradesh/tehsil appendix/1981_East Godavari_tehsil_appendix.pdf,8b4f3f70b0828e43380f93bc31d318cf20225199f784787cecb44030ee7a22ff,4
Andra Pradesh,civic amenities,civic_amenities,1981_Guntur_civic_amenities.pdf,output/pdf/1981_trimmed/Andra Pradesh/civic amenities/1981_Guntur_civic_amenities.pdf,a4d4e1a1edf33d1abaf9326c755de64f51df7a8d5d6860919cceb23f553540d4,2
Andra Pradesh,mededu,medical_educational_amenities,1981_Guntur_medical_educational_amenities.pdf,output/pdf/1981_trimmed/Andra Pradesh/mededu/1981_Guntur_medical_educational_amenities.pdf,f3f9482106ec2000e2a84af40c8897efb9673a87dd2b662fea25235c28db4035,4
Andra Pradesh,tehsil appendix,tehsil_appendix,1981_Guntur_tehsil_appendix.pdf,output/pdf/1981_trimmed/Andra Pradesh/tehsil appendix/1981_Guntur_tehsil_appendix.pdf,6d3022714ff4849d59554a167b53c8891044e1a01d7d0aef4f0b6512d4efb1b1,4
Andra Pradesh,civic amenities,civic_amenities,1981_Hyderabad_civic_amenities.pdf,output/pdf/1981_trimmed/Andra Pradesh/civic amenities/1981_Hyderabad_civic_amenities.pdf,d372f5948dfce85a9319c51a29c06fa1d3022476c37014cb24faf1143562792c,4
Andra Pradesh,mededu,medical_educational_amenities,1981_Hyderabad_medical_educational_amenities.pdf,output/pdf/1981_trimmed/Andra Pradesh/mededu/1981_Hyderabad_medical_educational_amenities.pdf,af039b9ad9267126f0592192809d47d9c7d70db288e2690fdfac5d9fe5d9192d,4
Andra Pradesh,civic amenities,civic_amenities,1981_Karimnagar_civic_amenities.pdf,output/pdf/1981_trimmed/Andra Pradesh/civic amenities/1981_Karimnagar_civic_amenities.pdf,eaa5e63829a58d9f348bffd66fdec1a54be48d217fb5e8cdd92729431d6e9bbc,2
Andra Pradesh,mededu,medical_educational_amenities,1981_Karimnagar_medical_educational_amenities.pdf,output/pdf/1981_trimmed/Andra Pradesh/mededu/1981_Karimnagar_medical_educational_amenities.pdf,40252c4ff6f6c786fe0c72b550ed2c410cb3623f5e1f57cf414b0cf4a18251d1,2
Andra Pradesh,tehsil appendix,tehsil_appendix,1981_Karimnagar_tehsil_appendix.pdf,output/pdf/1981_trimmed/Andra Pradesh/tehsil appendix/1981_Karimnagar_tehsil_appendix.pdf,b2a568e49c2ea075a168992e65926121276e28d10ee86c7949bee5c7984bcb50,4
Andra Pradesh,civic amenities,civic_amenities,1981_Khammam_civic_amenities.pdf,output/pdf/1981_trimmed/Andra Pradesh/civic amenities/1981_Khammam_civic_amenities.pdf,c7d8149005bc5c9906a52ff216f9571eb827e6fde93c49f025fba050dc7b1237,2
Andra Pradesh,mededu,medical_educational_amenities,1981_Khammam_medical_educational_amenities.pdf,output/pdf/1981_trimmed/Andra Pradesh/mededu/1981_Khammam_medical_educational_amenities.pdf,3d293223f5256abf63524a3fabe6c567d16fd0df5f2306ba1d9ece810a8fa416,2
Andra Pradesh,tehsil appendix,tehsil_appendix,1981_Khammam_tehsil_appendix.pdf,output/pdf/1981_trimmed/Andra Pradesh/tehsil appendix/1981_Khammam_tehsil_appendix.pdf,db61ef16be704fbf864555a71503e055575d7cf0fb7159a26f7a17a960c4df28,4
Andra Pradesh,civic amenities,civic_amenities,1981_Krishna_civic_amenities.pdf,output/pdf/1981_trimmed/Andra Pradesh/civic amenities/1981_Krishna_civic_amenities.pdf,8d38ee729f09b94454128a2e2dd82fd776998d338bde9afa83454c56475ff6d4,2
Andra Pradesh,mededu,medical_educational_amenities,1981_Krishna_medical_educational_amenities.pdf,output/pdf/1981_trimmed/Andra Pradesh/mededu/1981_Krishna_medical_educational_amenities.pdf,0993e0cee01c51d169bd600e2712bc191ab611632bc15ac0485b8901876e9882,4
Andra Pradesh,tehsil appendix,tehsil_appendix,1981_Krishna_tehsil_appendix.pdf,output/pdf/1981_trimmed/Andra Pradesh/tehsil appendix/1981_Krishna_tehsil_appendix.pdf,a7b9b79d6a24911d4301593aa2e2630b298dba1a79f085fee439a3c083403124,4
Andra Pradesh,civic amenities,civic_amenities,1981_Kurnool_civic_amenities.pdf,output/pdf/1981_trimmed/Andra Pradesh/civic amenities/1981_Kurnool_civic_amenities.pdf,8ab0297b93468749fefec39dab4064dc734e7f94bea9b8832e0f0e7181eaea3c,2
Andra Pradesh,mededu,medical_educational_amenities,1981_Kurnool_medical_educational_amenities.pdf,output/pdf/1981_trimmed/Andra Pradesh/mededu/1981_Kurnool_medical_educational_amenities.pdf,81b32de038984742c5b6d13bd22dacc80de7c67e792f4c7ea112ad0272da6aa5,2
Andra Pradesh,tehsil appendix,tehsil_appendix,1981_Kurnool_tehsil_appendix.pdf,output/pdf/1981_trimmed/Andra Pradesh/tehsil appendix/1981_Kurnool_tehsil_appendix.pdf,4815b16e1bc9e30dcec2ad094197249e4d4da8934fe4ae3fa6e08004bfe1a6ca,4
Andra Pradesh,civic amenities,civic_amenities,1981_Mahbubnagar_civic_amenities.pdf,output/pdf/1981_trimmed/Andra Pradesh/civic amenities/1981_Mahbubnagar_civic_amenities.pdf,bbea1da0ea1073861f578fa84b27ef1a66ed4f387f1db4d4e4a3b50c6e7f4800,2
Andra Pradesh,mededu,medical_educational_amenities,1981_Mahbubnagar_medical_educational_amenities.pdf,output/pdf/1981_trimmed/Andra Pradesh/mededu/1981_Mahbubnagar_medical_educational_amenities.pdf,6c9de5a475adaacfc7ebc11d8b78c8fbe4d02b0b286d23f6c1e5339ae786c742,2
Andra Pradesh,tehsil appendix,tehsil_appendix,1981_Mahbubnagar_tehsil_appendix.pdf,output/pdf/1981_trimmed/Andra Pradesh/tehsil appendix/1981_Mahbubnagar_tehsil_appendix.pdf,f10f8db4f8be3a14f939eccc9c363f888b487dba00dfe9afa52a6ac301fef9ed,4
Andra Pradesh,civic amenities,civic_amenities,1981_Medak_civic_amenities.pdf,output/pdf/1981_trimmed/Andra Pradesh/civic amenities/1981_Medak_civic_amenities.pdf,278e83da9b4c1f154fccd02b82001f5959cec3c136b3e174e0d36072db3b804f,2
Andra Pradesh,mededu,medical_educational_amenities,1981_Medak_medical_educational_amenities.pdf,output/pdf/1981_trimmed/Andra Pradesh/mededu/1981_Medak_medical_educational_amenities.pdf,aa0b3d1d5693af467b13a85b2126d9bef98ba49763597401c040f1963330dafb,2
Andra Pradesh,tehsil appendix,tehsil_appendix,1981_Medak_tehsil_appendix.pdf,output/pdf/1981_trimmed/Andra Pradesh/tehsil appendix/1981_Medak_tehsil_appendix.pdf,cd378db7a9349fd1f4602d61b22a44beacc0c0713fe01fce3dd1a8d076c2aca6,4
Andra Pradesh,civic amenities,civic_amenities,1981_Nalgonda_civic_amenities.pdf,output/pdf/1981_trimmed/Andra Pradesh/civic amenities/1981_Nalgonda_civic_amenities.pdf,3be388c773aa7224b084d706bc365cf83857f57f03cf8d18f1469802d0fb7c6e,2
Andra Pradesh,mededu,medical_educational_amenities,1981_Nalgonda_medical_educational_amenities.pdf,output/pdf/1981_trimmed/Andra Pradesh/mededu/1981_Nalgonda_medical_educational_amenities.pdf,67e901c8093034abdef73e421b6418050cd14b7971fcf33a26e46d2eb1fa2840,2
Andra Pradesh,tehsil appendix,tehsil_appendix,1981_Nalgonda_tehsil_appendix.pdf,output/pdf/1981_trimmed/Andra Pradesh/tehsil appendix/1981_Nalgonda_tehsil_appendix.pdf,761ea65e795957cb0c8e0bb12998d059c14130dc6752f9e51f1b07a381104597,4
Andra Pradesh,civic amenities,civic_amenities,1981_Nellore_civic_amenities.pdf,output/pdf/1981_trimmed/Andra Pradesh/civic amenities/1981_Nellore_civic_amenities.pdf,4a80c4f4f152c350a29b2d6ed11efe8752f07b6b2eb4045956a28e1633709ccc,2
Andra Pradesh,mededu,medical_educational_amenities,1981_Nellore_medical_educational_amenities.pdf,output/pdf/1981_trimmed/Andra Pradesh/mededu/1981_Nellore_medical_educational_amenities.pdf,fa6632c932b16b83ed9a9c6a2bae7031d73e03c393b96200422c36d25db52c10,2
Andra Pradesh,tehsil appendix,tehsil_appendix,1981_Nellore_tehsil_appendix.pdf,output/pdf/1981_trimmed/Andra Pradesh/tehsil appendix/1981_Nellore_tehsil_appendix.pdf,653b8db09edbfd687c4625c266412ec210523749424de0422a61d1cbe3dc12b7,4
Andra Pradesh,civic amenities,civic_amenities,1981_Nizamabad_civic_amenities.pdf,output/pdf/1981_trimmed/Andra Pradesh/civic amenities/1981_Nizamabad_civic_amenities.pdf,91c2a4d755dec834755462c9bcf16191b3e27f4699fa20f1a1f599c433aa88f4,2
Andra Pradesh,mededu,medical_educational_amenities,1981_Nizamabad_medical_educational_amenities.pdf,output/pdf/1981_trimmed/Andra Pradesh/mededu/1981_Nizamabad_medical_educational_amenities.pdf,f32b3bb9741405f852c23f9e3e9207dfc7fe335fbc45c1ff4bc991cb5512b132,2
Andra Pradesh,tehsil appendix,tehsil_appendix,1981_Nizamabad_tehsil_appendix.pdf,output/pdf/1981_trimmed/Andra Pradesh/tehsil appendix/1981_Nizamabad_tehsil_appendix.pdf,c0914706a1bbda6a03fa82d31f23014efd57c69e8250305c5f63f4aee8c6f843,4
Andra Pradesh,civic amenities,civic_amenities,1981_Prakasam_civic_amenities.pdf,output/pdf/1981_trimmed/Andra Pradesh/civic amenities/1981_Prakasam_civic_amenities.pdf,15c9565c9af18a41830a12bc5cd287d78a2348d011b9c13ffed7f12808d36e34,2
Andra Pradesh,mededu,medical_educational_amenities,1981_Prakasam_medical_educational_amenities.pdf,output/pdf/1981_trimmed/Andra Pradesh/mededu/1981_Prakasam_medical_educational_amenities.pdf,790ec9bb5be18a7aca21f06c8ec00deba9ccc073aedfed6068cee5ece304be61,2
Andra Pradesh,tehsil appendix,tehsil_appendix,1981_Prakasam_tehsil_appendix.pdf,output/pdf/1981_trimmed/Andra Pradesh/tehsil appendix/1981_Prakasam_tehsil_appendix.pdf,75fff73984d175e2ce4d044f74adecab4da4ab7fffbeff3c70897d96e5c5da73,4
Andra Pradesh,civic amenities,civic_amenities,1981_Rangareddi_civic_amenities.pdf,output/pdf/1981_trimmed/Andra Pradesh/civic amenities/1981_Rangareddi_civic_amenities.pdf,33bd188057c787a7a3bdc9d92a400af8a11a6a53ff35a1fe0a282ace825f99a7,2
Andra Pradesh,mededu,medical_educational_amenities,1981_Rangareddi_medical_educational_amenities.pdf,output/pdf/1981_trimmed/Andra Pradesh/mededu/1981_Rangareddi_medical_educational_amenities.pdf,8048c556afb60e248351ebbf1130940129d8a591659188c9a2c72b922d5c2d4b,2
Andra Pradesh,tehsil appendix,tehsil_appendix,1981_Rangareddi_tehsil_appendix.pdf,output/pdf/1981_trimmed/Andra Pradesh/tehsil appendix/1981_Rangareddi_tehsil_appendix.pdf,f9184cd7649759c08e5074e9d79901f83cc423551f4c07a3f0dd378e645b9b2c,4
Andra Pradesh,mededu,medical_educational_amenities,1981_Srikakulam_medical_educational_amenities.pdf,output/pdf/1981_trimmed/Andra Pradesh/mededu/1981_Srikakulam_medical_educational_amenities.pdf,79abfead5d683e8b1f10d53eab5942546e159f05c647e3bee87ee774f4e2548c,2
Andra Pradesh,tehsil appendix,tehsil_appendix,1981_Srikakulam_tehsil_appendix.pdf,output/pdf/1981_trimmed/Andra Pradesh/tehsil appendix/1981_Srikakulam_tehsil_appendix.pdf,2e84cc2716220b44e38f5b5fb8339cfe0b3f027c2516b33df2f6163f2dcef2f8,4
Andra Pradesh,civic amenities,civic_amenities,1981_Warangal_civic_amenities.pdf,output/pdf/1981_trimmed/Andra Pradesh/civic amenities/1981_Warangal_civic_amenities.pdf,99498bdf00ae74e52cd926f27ec241a78d73e9a1aab4fc6d64428ab9a37a38fb,2
Andra Pradesh,mededu,medical_educational_amenities,1981_Warangal_medical_educational_amenities.pdf,output/pdf/1981_trimmed/Andra Pradesh/mededu/1981_Warangal_medical_educational_amenities.pdf,5f3e201034f24cdabbbb82e4949ff8c6cc9ec718cab56c576fa3bb1d2f3194e3,2
Andra Pradesh,tehsil appendix,tehsil_appendix,1981_Warangal_tehsil_appendix.pdf,output/pdf/1981_trimmed/Andra Pradesh/tehsil appendix/1981_Warangal_tehsil_appendix.pdf,d70c891aa99741cd29fed41147fc107b54e0b7aef6dd258b76021bed38e14d75,4
Andra Pradesh,civic amenities,civic_amenities,1981_West Godavari_civic_amenities.pdf,output/pdf/1981_trimmed/Andra Pradesh/civic amenities/1981_West Godavari_civic_amenities.pdf,cc7b2f2dfe2156769bffdc88a9506dbdaef7f718a15d0c4d796137e8edc50145,2
Andra Pradesh,mededu,medical_educational_amenities,1981_West Godavari_medical_educational_amenities.pdf,output/pdf/1981_trimmed/Andra Pradesh/mededu/1981_West Godavari_medical_educational_amenities.pdf,cd445fabf85491bb24bf08191759df066aa8d3f9c405c5fcf509b575e11ccad7,2
Andra Pradesh,tehsil appendix,tehsil_appendix,1981_West Godavari_tehsil_appendix.pdf,output/pdf/1981_trimmed/Andra Pradesh/tehsil appendix/1981_West Godavari_tehsil_appendix.pdf,54d82d77c9e9b281edddad5622e247031355322301b23855ccb55be6815c01a1,4
Arunachal Pradesh,civic amenities,civic_amenities,1981_Lohit_civic_amenities.pdf,output/pdf/1981_trimmed/Arunachal Pradesh/civic amenities/1981_Lohit_civic_amenities.pdf,004cea06335f277261f795b3ec7397470c7e440c77b62f827d8e9d4a05add718,1
Arunachal Pradesh,mededu,medical_educational_amenities,1981_Lohit_medical_educational_amenities.pdf,output/pdf/1981_trimmed/Arunachal Pradesh/mededu/1981_Lohit_medical_educational_amenities.pdf,12330b94ba44bd84b0a1f41f799e51ba01dbcb8760d3201e22bff37c1e72ce28,1
Arunachal Pradesh,tehsil appendix,tehsil_appendix,1981_Lohit_tehsil_appendix.pdf,output/pdf/1981_trimmed/Arunachal Pradesh/tehsil appendix/1981_Lohit_tehsil_appendix.pdf,160d2b1071a8a7eb6c47e763a817861611843876aa5a377c88b179d59b853203,4
Arunachal Pradesh,civic amenities,civic_amenities,1981_Lower Subansiri_civic_amenities.pdf,output/pdf/1981_trimmed/Arunachal Pradesh/civic amenities/1981_Lower Subansiri_civic_amenities.pdf,00b5417cda6446af35a233537b46090cadb1540fc3bc2ce2ade270f7e254af4a,1
Arunachal Pradesh,mededu,medical_educational_amenities,1981_Lower Subansiri_medical_educational_amenities.pdf,output/pdf/1981_trimmed/Arunachal Pradesh/mededu/1981_Lower Subansiri_medical_educational_amenities.pdf,8146107a13629c97a43252c4400bccf08f4f0a151554867988948fe1dd23eab5,1
Arunachal Pradesh,tehsil appendix,tehsil_appendix,1981_Lower Subansiri_tehsil_appendix.pdf,output/pdf/1981_trimmed/Arunachal Pradesh/tehsil appendix/1981_Lower Subansiri_tehsil_appendix.pdf,417ad249d4cb92ecbd5d5fb10b8dc848552052a82eb843d5a542769d39cf25f6,4
Arunachal Pradesh,tehsil appendix,tehsil_appendix,1981_Tirap_tehsil_appendix.pdf,output/pdf/1981_trimmed/Arunachal Pradesh/tehsil appendix/1981_Tirap_tehsil_appendix.pdf,b7de52f048d180f337ac64bcb8114ff2d4ba74b0e42bbcc1d4fc1bb2e21f01ba,4
Arunachal Pradesh,civic amenities,civic_amenities,1981_West Kameng_civic_amenities.pdf,output/pdf/1981_trimmed/Arunachal Pradesh/civic amenities/1981_West Kameng_civic_amenities.pdf,b43106ccbebcbf061fab7d6e94b96a9239b7dc6b70d2fd018d68f8b5e8f54554,1
Arunachal Pradesh,mededu,medical_educational_amenities,1981_West Kameng_medical_educational_amenities.pdf,output/pdf/1981_trimmed/Arunachal Pradesh/mededu/1981_West Kameng_medical_educational_amenities.pdf,6f4ce82883ebf55f283748d5140a7d7129a3ba5277b6101886529bbad27f0aae,1
Arunachal Pradesh,tehsil appendix,tehsil_appendix,1981_West Kameng_tehsil_appendix.pdf,output/pdf/1981_trimmed/Arunachal Pradesh/tehsil appendix/1981_West Kameng_tehsil_appendix.pdf,aa4e6d1ede122354a3a35e9faa6ae0ba24c66029ca272d1d49755488ef6fa95d,4
Arunachal Pradesh,civic amenities,civic_amenities,1981_West Siang_civic_amenities.pdf,output/pdf/1981_trimmed/Arunachal Pradesh/civic amenities/1981_West Siang_civic_amenities.pdf,fb5593dfd9448562141288e6ab7c0f52f9e765cb557ae15297f7f44a4044d3a8,1
Arunachal Pradesh,mededu,medical_educational_amenities,1981_West Siang_medical_educational_amenities.pdf,output/pdf/1981_trimmed/Arunachal Pradesh/mededu/1981_West Siang_medical_educational_amenities.pdf,2c3290a8fc0cd1cd4601d131c81abb7bab77fe4d3d09dcebb3b2e0ed93e6328f,1
Arunachal Pradesh,tehsil appendix,tehsil_appendix,1981_West Siang_tehsil_appendix.pdf,output/pdf/1981_trimmed/Arunachal Pradesh/tehsil appendix/1981_West Siang_tehsil_appendix.pdf,61483c985ad47b05e7db04778d7a96f8108484c2b177b0eb86552f4e57fb6539,4
Bihar,civic amenities,civic_amenities,1981_Aurangabad_civic_amenities.pdf,output/pdf/1981_trimmed/Bihar/civic amenities/1981_Aurangabad_civic_amenities.pdf,92fb36abd7ff883934fa1c24b5919e6969a564e6f9d098b35e7aaa2394c6a055,2
Bihar,mededu,medical_educational_amenities,1981_Aurangabad_medical_educational_amenities.pdf,output/pdf/1981_trimmed/Bihar/mededu/1981_Aurangabad_medical_educational_amenities.pdf,92fb36abd7ff883934fa1c24b5919e6969a564e6f9d098b35e7aaa2394c6a055,2
Bihar,tehsil appendix,tehsil_appendix,1981_Aurangabad_tehsil_appendix.pdf,output/pdf/1981_trimmed/Bihar/tehsil appendix/1981_Aurangabad_tehsil_appendix.pdf,39a333e82f68fc7d727c159100f583fa404bea1d82e1977706bccb1279f8e539,2
Bihar,civic amenities,civic_amenities,1981_Begusarai_civic_amenities.pdf,output/pdf/1981_trimmed/Bihar/civic amenities/1981_Begusarai_civic_amenities.pdf,adfaeeaee5c206f37053dad7e9e234408861005fd2bd39c33d41b29c460e37e2,2
Bihar,mededu,medical_educational_amenities,1981_Begusarai_medical_educational_amenities.pdf,output/pdf/1981_trimmed/Bihar/mededu/1981_Begusarai_medical_educational_amenities.pdf,ce92e3d206f83078f9343b6b0460b70843f4546a577dc283da57d3b45c8104d6,2
Bihar,tehsil appendix,tehsil_appendix,1981_Begusarai_tehsil_appendix.pdf,output/pdf/1981_trimmed/Bihar/tehsil appendix/1981_Begusarai_tehsil_appendix.pdf,65c454e90162310133509c23df800f91f2cc8add3b154daaf12fcd02821c0758,2
Bihar,civic amenities,civic_amenities,1981_Bhagalpur_civic_amenities.pdf,output/pdf/1981_trimmed/Bihar/civic amenities/1981_Bhagalpur_civic_amenities.pdf,ca6c198b1647ab379d6521d854585eb5ca55281d95bc8c9e0cc0d10048209274,2
Bihar,mededu,medical_educational_amenities,1981_Bhagalpur_medical_educational_amenities.pdf,output/pdf/1981_trimmed/Bihar/mededu/1981_Bhagalpur_medical_educational_amenities.pdf,7cc5da5fd9f285c1457afa2366149ea2b972197029cd73c6ef197df26effdc85,2
Bihar,tehsil appendix,tehsil_appendix,1981_Bhagalpur_tehsil_appendix.pdf,output/pdf/1981_trimmed/Bihar/tehsil appendix/1981_Bhagalpur_tehsil_appendix.pdf,e5b542bca3e6c34f1f570d200a12de7d5e23a83e9078c58a167a8d22d45b8d02,2
Bihar,civic amenities,civic_amenities,1981_Bhojpur_civic_amenities.pdf,output/pdf/1981_trimmed/Bihar/civic amenities/1981_Bhojpur_civic_amenities.pdf,4323dd68afff24571bcaf90d34bd95067fd5525c8ea002c238cec9d15549bd67,2
Bihar,mededu,medical_educational_amenities,1981_Bhojpur_medical_educational_amenities.pdf,output/pdf/1981_trimmed/Bihar/mededu/1981_Bhojpur_medical_educational_amenities.pdf,405632e79b766f43e50429a59cf78ce9fec8f179817f9de62665e0663b721a1b,2
Bihar,tehsil appendix,tehsil_appendix,1981_Bhojpur_tehsil_appendix.pdf,output/pdf/1981_trimmed/Bihar/tehsil appendix/1981_Bhojpur_tehsil_appendix.pdf,5c74b5d6a83b7bc0c313abc66c03b5ca123e5e6b7f4d4783601d96bd610cd124,4
Bihar,civic amenities,civic_amenities,1981_Darbhanga_civic_amenities.pdf,output/pdf/1981_trimmed/Bihar/civic amenities/1981_Darbhanga_civic_amenities.pdf,411ed1ecc3afd159c749eceb5616174dff8e795cbd088d0792638921e3fe527c,2
Bihar,mededu,medical_educational_amenities,1981_Darbhanga_medical_educational_amenities.pdf,output/pdf/1981_trimmed/Bihar/mededu/1981_Darbhanga_medical_educational_amenities.pdf,1459e0562be23afb2206b60f669b5af01b63656975f46bb3259098e1eb3f572f,2
Bihar,tehsil appendix,tehsil_appendix,1981_Darbhanga_tehsil_appendix.pdf,output/pdf/1981_trimmed/Bihar/tehsil appendix/1981_Darbhanga_tehsil_appendix.pdf,62906d168d65a711eb7a4fb93fdc3f807bfd50df0b66c24aa21ad029d151867d,2
Bihar,civic amenities,civic_amenities,1981_Dhanbad_civic_amenities.pdf,output/pdf/1981_trimmed/Bihar/civic amenities/1981_Dhanbad_civic_amenities.pdf,963db9bdc008960254133edb8b008c13336913b90a9641a4903f1a3d568f082d,6
Bihar,mededu,medical_educational_amenities,1981_Dhanbad_medical_educational_amenities.pdf,output/pdf/1981_trimmed/Bihar/mededu/1981_Dhanbad_medical_educational_amenities.pdf,4b6b5278468059eae3023cc5612e532d4b701d97225fa2dedde451cc21a8c05f,7
Bihar,tehsil appendix,tehsil_appendix,1981_Dhanbad_tehsil_appendix.pdf,output/pdf/1981_trimmed/Bihar/tehsil appendix/1981_Dhanbad_tehsil_appendix.pdf,0417091d2f7dc158f0504d7c74c2dd83b05a2aedd520d73cfbf8fbe9b6bc22dc,2
Bihar,civic amenities,civic_amenities,1981_Gaya_civic_amenities.pdf,output/pdf/1981_trimmed/Bihar/civic amenities/1981_Gaya_civic_amenities.pdf,576936963cecd9f2c75515770c0121e4d572316f0b98d87c88e70b8e8ae27265,2
Bihar,mededu,medical_educational_amenities,1981_Gaya_medical_educational_amenities.pdf,output/pdf/1981_trimmed/Bihar/mededu/1981_Gaya_medical_educational_amenities.pdf,869c08f59c5b555c4196363ce3940c89cadedcf169ef7ce4d8fc3c8612513685,2
Bihar,tehsil appendix,tehsil_appendix,1981_Gaya_tehsil_appendix.pdf,output/pdf/1981_trimmed/Bihar/tehsil appendix/1981_Gaya_tehsil_appendix.pdf,37590ffdc7617365dae48a42d84c3fb8a91a91760a419f1bb7e2309ad4ac40bc,4
Bihar,civic amenities,civic_amenities,1981_Giridih_civic_amenities.pdf,output/pdf/1981_trimmed/Bihar/civic amenities/1981_Giridih_civic_amenities.pdf,068e3a3baff794a8941d64529bc00e03154097194f929a65892c1d389e3d0ca0,2
Bihar,mededu,medical_educational_amenities,1981_Giridih_medical_educational_amenities.pdf,output/pdf/1981_trimmed/Bihar/mededu/1981_Giridih_medical_educational_amenities.pdf,bebc40b60b1e41ba32f4c7681106806f6e8779ac10e9f387e44807523edb1c88,4
Bihar,tehsil appendix,tehsil_appendix,1981_Giridih_tehsil_appendix.pdf,output/pdf/1981_trimmed/Bihar/tehsil appendix/1981_Giridih_tehsil_appendix.pdf,3be8f32a46f6c7db1674a5890e78f578db569e0d08b05fb1ab9b073f3f6f446a,4
Bihar,civic amenities,civic_amenities,1981_Gopalganj_civic_amenities.pdf,output/pdf/1981_trimmed/Bihar/civic amenities/1981_Gopalganj_civic_amenities.pdf,43195c6a48e7af7a7e0699d80dcb84e91e824ccc20bd1f1354000201c375e1fe,2
Bihar,mededu,medical_educational_amenities,1981_Gopalganj_medical_educational_amenities.pdf,output/pdf/1981_trimmed/Bihar/mededu/1981_Gopalganj_medical_educational_amenities.pdf,43195c6a48e7af7a7e0699d80dcb84e91e824ccc20bd1f1354000201c375e1fe,2
Bihar,tehsil appendix,tehsil_appendix,1981_Gopalganj_tehsil_appendix.pdf,output/pdf/1981_trimmed/Bihar/tehsil appendix/1981_Gopalganj_tehsil_appendix.pdf,69e66f9b7f2b088a901f7eb82ec76978abba6a4b5dd1190e24ad3c178ea093d7,2
Bihar,civic amenities,civic_amenities,1981_Hazaribagh_civic_amenities.pdf,output/pdf/1981_trimmed/Bihar/civic amenities/1981_Hazaribagh_civic_amenities.pdf,42f69d962b93099ce438f2e3c57631b312c7ef618dc9787c46b36b1e44e9c31c,2
Bihar,mededu,medical_educational_amenities,1981_Hazaribagh_medical_educational_amenities.pdf,output/pdf/1981_trimmed/Bihar/mededu/1981_Hazaribagh_medical_educational_amenities.pdf,f1d595ad413209e76722374549e6e906003033c600720f32a656770d56dcd965,2
Bihar,tehsil appendix,tehsil_appendix,1981_Hazaribagh_tehsil_appendix.pdf,output/pdf/1981_trimmed/Bihar/tehsil appendix/1981_Hazaribagh_tehsil_appendix.pdf,0728c236f5c15f81a8aa8482d3f6be6427c26fd7516fb52b5a80fe6c7261b85a,4
Bihar,civic amenities,civic_amenities,1981_Madhubani_civic_amenities.pdf,output/pdf/1981_trimmed/Bihar/civic amenities/1981_Madhubani_civic_amenities.pdf,eb7faa4dcbde165e2b315914cdc63f42f727553ad9a9e33024c9bb165ed0ac6c,2
Bihar,mededu,medical_educational_amenities,1981_Madhubani_medical_educational_amenities.pdf,output/pdf/1981_trimmed/Bihar/mededu/1981_Madhubani_medical_educational_amenities.pdf,e9a98b8c3367e87b579da0888daf4f8bcf9caace7bb9c139167203bc7a67f8c2,2
Bihar,tehsil appendix,tehsil_appendix,1981_Madhubani_tehsil_appendix.pdf,output/pdf/1981_trimmed/Bihar/tehsil appendix/1981_Madhubani_tehsil_appendix.pdf,1c32e682cd1b513fc58aebe79e36db5c4f040cf4c40dce55742ec3ae21d1220d,4
Bihar,civic amenities,civic_amenities,1981_Munger_civic_amenities.pdf,output/pdf/1981_trimmed/Bihar/civic amenities/1981_Munger_civic_amenities.pdf,2463c72c24323f7db810839358482f30efe9cf7ed08f9f0694c87f9e01978f4a,2
Bihar,mededu,medical_educational_amenities,1981_Munger_medical_educational_amenities.pdf,output/pdf/1981_trimmed/Bihar/mededu/1981_Munger_medical_educational_amenities.pdf,4215c4a52555a328ffcfa8b6d650a523a7c2ddf1726a4a625209e18c6c9ac582,2
Bihar,tehsil appendix,tehsil_appendix,1981_Munger_tehsil_appendix.pdf,output/pdf/1981_trimmed/Bihar/tehsil appendix/1981_Munger_tehsil_appendix.pdf,bbf9d68233c9c98ed6fe0b5af1abd7722b1902a52016fd0c0ad601c76127552f,4
Bihar,civic amenities,civic_amenities,1981_Nawada_civic_amenities.pdf,output/pdf/1981_trimmed/Bihar/civic amenities/1981_Nawada_civic_amenities.pdf,65739a9ab6c8b78344046cdbcbdec75025e39dc2f627277073f0a884815a2564,2
Bihar,mededu,medical_educational_amenities,1981_Nawada_medical_educational_amenities.pdf,output/pdf/1981_trimmed/Bihar/mededu/1981_Nawada_medical_educational_amenities.pdf,65739a9ab6c8b78344046cdbcbdec75025e39dc2f627277073f0a884815a2564,2
Bihar,tehsil appendix,tehsil_appendix,1981_Nawada_tehsil_appendix.pdf,output/pdf/1981_trimmed/Bihar/tehsil appendix/1981_Nawada_tehsil_appendix.pdf,9ce6f40c03da74632dd906905bd0b3d9e30af05b3047af5aee6d33d16f9db6dc,2
Bihar,civic amenities,civic_amenities,1981_Palamu_civic_amenities.pdf,output/pdf/1981_trimmed/Bihar/civic amenities/1981_Palamu_civic_amenities.pdf,361b9a1311fb40803aee057a9e0cd30d01621cc6ae33a730558ace9528789b3b,2
Bihar,mededu,medical_educational_amenities,1981_Palamu_medical_educational_amenities.pdf,output/pdf/1981_trimmed/Bihar/mededu/1981_Palamu_medical_educational_amenities.pdf,d376db369ddaeb87852f7d9af75f96af782e9f1e9eec8f27ecb915ca34f2712f,2
Bihar,tehsil appendix,tehsil_appendix,1981_Palamu_tehsil_appendix.pdf,output/pdf/1981_trimmed/Bihar/tehsil appendix/1981_Palamu_tehsil_appendix.pdf,44f7989384a969e327ce97964199c5ac92669fb64c206cc3cb2b154f38a3d707,2
Bihar,civic amenities,civic_amenities,1981_Pashchim Champaran_civic_amenities.pdf,output/pdf/1981_trimmed/Bihar/civic amenities/1981_Pashchim Champaran_civic_amenities.pdf,fb5d303f1c807a22d7734ce2d5bc95e4e30a497f8158eef00df702e7a944e940,2
Bihar,mededu,medical_educational_amenities,1981_Pashchim Champaran_medical_educational_amenities.pdf,output/pdf/1981_trimmed/Bihar/mededu/1981_Pashchim Champaran_medical_educational_amenities.pdf,2e917fc65cc8d09576a4facc54c5e38072e14853a9f658d524d3f115fe2873e2,2
Bihar,tehsil appendix,tehsil_appendix,1981_Pashchim Champaran_tehsil_appendix.pdf,output/pdf/1981_trimmed/Bihar/tehsil appendix/1981_Pashchim Champaran_tehsil_appendix.pdf,184c91a1fe0d410875a65294718a1dbecce4cd54471ffc09ca530f34d5cf36bb,4
Bihar,civic amenities,civic_amenities,1981_Purnia_civic_amenities.pdf,output/pdf/1981_trimmed/Bihar/civic amenities/1981_Purnia_civic_amenities.pdf,070bb4e095ca492a4452083d730b4888388aec9123bd73eae490201973611d0a,2
Bihar,mededu,medical_educational_amenities,1981_Purnia_medical_educational_amenities.pdf,output/pdf/1981_trimmed/Bihar/mededu/1981_Purnia_medical_educational_amenities.pdf,5700e5f39e792dbc9efb519e0fa141be109a014fdc996a742a1e2e2991881c6b,2
Bihar,tehsil appendix,tehsil_appendix,1981_Purnia_tehsil_appendix.pdf,output/pdf/1981_trimmed/Bihar/tehsil appendix/1981_Purnia_tehsil_appendix.pdf,da91e919ebf6890c30b4ff3d33231a8aac44432064de0ade292a63b89638e6b6,4
Bihar,civic amenities,civic_amenities,1981_Rohtas_civic_amenities.pdf,output/pdf/1981_trimmed/Bihar/civic amenities/1981_Rohtas_civic_amenities.pdf,b80e73b43461c655d5ff1f4c5d2c45b37b663b8158561f057a8b9d6c342b02c1,2
Bihar,mededu,medical_educational_amenities,1981_Rohtas_medical_educational_amenities.pdf,output/pdf/1981_trimmed/Bihar/mededu/1981_Rohtas_medical_educational_amenities.pdf,2eb292ab66e1c970442059583ced579c1a6510d81c1484b68c8ba6e200011a82,2
Bihar,tehsil appendix,tehsil_appendix,1981_Rohtas_tehsil_appendix.pdf,output/pdf/1981_trimmed/Bihar/tehsil appendix/1981_Rohtas_tehsil_appendix.pdf,c12f248136dd95396fc969ff6487dba46ace640fd0ef0b80ab11ecac5f4ee47a,2
Bihar,civic amenities,civic_amenities,1981_Saharsa_civic_amenities.pdf,output/pdf/1981_trimmed/Bihar/civic amenities/1981_Saharsa_civic_amenities.pdf,06d5fc7cedd57874b5da5127393d69531c031729af18a650ff24bfee71bfe3f5,2
Bihar,mededu,medical_educational_amenities,1981_Saharsa_medical_educational_amenities.pdf,output/pdf/1981_trimmed/Bihar/mededu/1981_Saharsa_medical_educational_amenities.pdf,8c2ec6c90140ecfe031569e07643a57eebbae19f42c72597718b3e0566dd4f29,2
Bihar,tehsil appendix,tehsil_appendix,1981_Saharsa_tehsil_appendix.pdf,output/pdf/1981_trimmed/Bihar/tehsil appendix/1981_Saharsa_tehsil_appendix.pdf,227fd3712584e724a39c32a7341fef4245c7c940e4da1ab07184c04b8a7c5f68,4
Bihar,civic amenities,civic_amenities,1981_Samastipur_civic_amenities.pdf,output/pdf/1981_trimmed/Bihar/civic amenities/1981_Samastipur_civic_amenities.pdf,40544d0a1732147e08732414ccf00a2824bfcd57f84c71c462d0aeebff80f6f1,2
Bihar,mededu,medical_educational_amenities,1981_Samastipur_medical_educational_amenities.pdf,output/pdf/1981_trimmed/Bihar/mededu/1981_Samastipur_medical_educational_amenities.pdf,40544d0a1732147e08732414ccf00a2824bfcd57f84c71c462d0aeebff80f6f1,2
Bihar,tehsil appendix,tehsil_appendix,1981_Samastipur_tehsil_appendix.pdf,output/pdf/1981_trimmed/Bihar/tehsil appendix/1981_Samastipur_tehsil_appendix.pdf,f132338184b059c76623237e00295c97f3ca96505162d78dcaab3a7fbd332b8e,2
Bihar,civic amenities,civic_amenities,1981_Saran_civic_amenities.pdf,output/pdf/1981_trimmed/Bihar/civic amenities/1981_Saran_civic_amenities.pdf,3d2c9f75af2f8e04e3686b19c7c582f624ba7315c3a1d3c6692b6d20f8bd4234,2
Bihar,mededu,medical_educational_amenities,1981_Saran_medical_educational_amenities.pdf,output/pdf/1981_trimmed/Bihar/mededu/1981_Saran_medical_educational_amenities.pdf,cf6113c0de5d6e927520246e02761bee6a22eab32f4b724da2edbd089a31b83b,4
Bihar,tehsil appendix,tehsil_appendix,1981_Saran_tehsil_appendix.pdf,output/pdf/1981_trimmed/Bihar/tehsil appendix/1981_Saran_tehsil_appendix.pdf,d36681f93f38950b954f1c3ef605a55fec76ee5ada0930be4b4205a76ab78e23,4
Bihar,civic amenities,civic_amenities,1981_Sitamarhi_civic_amenities.pdf,output/pdf/1981_trimmed/Bihar/civic amenities/1981_Sitamarhi_civic_amenities.pdf,fb9e69e8264a3e77bdb8ac92e96b773b8f6db9452fb297bfadb23c9bca0e449f,2
Bihar,mededu,medical_educational_amenities,1981_Sitamarhi_medical_educational_amenities.pdf,output/pdf/1981_trimmed/Bihar/mededu/1981_Sitamarhi_medical_educational_amenities.pdf,0b3348f41bfee67b44e234131a3655b5750c58c55179216aa10bce0316e614ec,2
Bihar,tehsil appendix,tehsil_appendix,1981_Sitamarhi_tehsil_appendix.pdf,output/pdf/1981_trimmed/Bihar/tehsil appendix/1981_Sitamarhi_tehsil_appendix.pdf,1fc8525153cc871f5763c73a9a811f049d4afc59fbe20a1cfd99962094c131fb,2
Bihar,civic amenities,civic_amenities,1981_Siwan_civic_amenities.pdf,output/pdf/1981_trimmed/Bihar/civic amenities/1981_Siwan_civic_amenities.pdf,fd9f412f4e6c044e29523c16e66ea28e22d4b0222e2d12e5c3434ce3131d626b,2
Bihar,mededu,medical_educational_amenities,1981_Siwan_medical_educational_amenities.pdf,output/pdf/1981_trimmed/Bihar/mededu/1981_Siwan_medical_educational_amenities.pdf,fd9f412f4e6c044e29523c16e66ea28e22d4b0222e2d12e5c3434ce3131d626b,2
Bihar,tehsil appendix,tehsil_appendix,1981_Siwan_tehsil_appendix.pdf,output/pdf/1981_trimmed/Bihar/tehsil appendix/1981_Siwan_tehsil_appendix.pdf,51b014dfcfba02002d1d42fa749146e0d3865ccd28089b35a075c16cda7cff7b,2
Bihar,civic amenities,civic_amenities,1981_Vaishali_civic_amenities.pdf,output/pdf/1981_trimmed/Bihar/civic amenities/1981_Vaishali_civic_amenities.pdf,60bf697b3ad4cfcad685080f40d031912e4a793a2dda836d0a52ad1e96316588,2
Bihar,mededu,medical_educational_amenities,1981_Vaishali_medical_educational_amenities.pdf,output/pdf/1981_trimmed/Bihar/mededu/1981_Vaishali_medical_educational_amenities.pdf,60bf697b3ad4cfcad685080f40d031912e4a793a2dda836d0a52ad1e96316588,2
Bihar,tehsil appendix,tehsil_appendix,1981_Vaishali_tehsil_appendix.pdf,output/pdf/1981_trimmed/Bihar/tehsil appendix/1981_Vaishali_tehsil_appendix.pdf,8fc864cdf21ae99347c2e5a6c8d88a559a6a9827281215ea67cb22eb16b0ef9e,2
Dadra & Nagar Haveli,civic amenities,civic_amenities,1981_Dadra & Nagar Haveli_civic_amenities.pdf,output/pdf/1981_trimmed/Dadra & Nagar Haveli/civic amenities/1981_Dadra & Nagar Haveli_civic_amenities.pdf,304f705b8826a7e75a604ebc58c845cbb23f6318977577622afb59ce138ae33d,2
Dadra & Nagar Haveli,mededu,medical_educational_amenities,1981_Dadra & Nagar Haveli_medical_educational_amenities.pdf,output/pdf/1981_trimmed/Dadra & Nagar Haveli/mededu/1981_Dadra & Nagar Haveli_medical_educational_amenities.pdf,304f705b8826a7e75a604ebc58c845cbb23f6318977577622afb59ce138ae33d,2
Dadra & Nagar Haveli,tehsil appendix,tehsil_appendix,1981_Dadra & Nagar Haveli_tehsil_appendix.pdf,output/pdf/1981_trimmed/Dadra & Nagar Haveli/tehsil appendix/1981_Dadra & Nagar Haveli_tehsil_appendix.pdf,cf720cb7e5a1e364f078be4b292300806ccc0958aa97d9e7f0c4f6782ba70541,2
Daman & Diu,civic amenities,civic_amenities,1981_Daman & Diu_civic_amenities.pdf,output/pdf/1981_trimmed/Daman & Diu/civic amenities/1981_Daman & Diu_civic_amenities.pdf,a3381ee3603f7f3d293fbc54323053297068af79a0e89aacd338d18e7ecc5826,2
Daman & Diu,mededu,medical_educational_amenities,1981_Daman & Diu_medical_educational_amenities.pdf,output/pdf/1981_trimmed/Daman & Diu/mededu/1981_Daman & Diu_medical_educational_amenities.pdf,b5db8c510d3dd45091c9d028e3e2965b7b2f6cc58f2ee4dc13941b6057adc169,2
Daman & Diu,tehsil appendix,tehsil_appendix,1981_Daman & Diu_tehsil_appendix.pdf,output/pdf/1981_trimmed/Daman & Diu/tehsil appendix/1981_Daman & Diu_tehsil_appendix.pdf,7fb50d5fa6781cd10bb6a407f41f4fb2f0bac312696625305fa96cd5a8444a1d,4
Gujarat,civic amenities,civic_amenities,1981_Ahmadabad_civic_amenities.pdf,output/pdf/1981_trimmed/Gujarat/civic amenities/1981_Ahmadabad_civic_amenities.pdf,b0d983c25308e04d2ea75a26bbf23d92367b1e91c67eb83e8e9c5a6912aece28,4
Gujarat,mededu,medical_educational_amenities,1981_Ahmadabad_medical_educational_amenities.pdf,output/pdf/1981_trimmed/Gujarat/mededu/1981_Ahmadabad_medical_educational_amenities.pdf,0cd30efdb7c751814e37dd9f0abed7061212e79e59420dd77c927bc84baf7ba4,6
Gujarat,tehsil appendix,tehsil_appendix,1981_Ahmadabad_tehsil_appendix.pdf,output/pdf/1981_trimmed/Gujarat/tehsil appendix/1981_Ahmadabad_tehsil_appendix.pdf,6272cd3ef75b9723999bd7cae379fccf55266d917adcda23996d747db13a892b,4
Gujarat,civic amenities,civic_amenities,1981_Amreli_civic_amenities.pdf,output/pdf/1981_trimmed/Gujarat/civic amenities/1981_Amreli_civic_amenities.pdf,e0c26fcfa3ce16ff80975d261967080e7bb91f15c1654aeff8b7a997b9a04d1d,2
Gujarat,mededu,medical_educational_amenities,1981_Amreli_medical_educational_amenities.pdf,output/pdf/1981_trimmed/Gujarat/mededu/1981_Amreli_medical_educational_amenities.pdf,78576da737d71a2bf971e7d2e531eeb7763dc80a9c7cb70ae4a2bdde05d0728e,2
Gujarat,tehsil appendix,tehsil_appendix,1981_Amreli_tehsil_appendix.pdf,output/pdf/1981_trimmed/Gujarat/tehsil appendix/1981_Amreli_tehsil_appendix.pdf,3aad85b7e8cd0654d97e39974baa6d95d76f6455af4d47bdd0abe846dcb86500,4
Gujarat,civic amenities,civic_amenities,1981_Banas Kantha_civic_amenities.pdf,output/pdf/1981_trimmed/Gujarat/civic amenities/1981_Banas Kantha_civic_amenities.pdf,725530735b31f20c5732bc1430c54ae26560ba4e3827489888fec940661b0e30,2
Gujarat,mededu,medical_educational_amenities,1981_Banas Kantha_medical_educational_amenities.pdf,output/pdf/1981_trimmed/Gujarat/mededu/1981_Banas Kantha_medical_educational_amenities.pdf,e96bf40e60b5fea261081c0c512e70e683230cadbf8e13509f81cd1f171ec213,2
Gujarat,tehsil appendix,tehsil_appendix,1981_Banas Kantha_tehsil_appendix.pdf,output/pdf/1981_trimmed/Gujarat/tehsil appendix/1981_Banas Kantha_tehsil_appendix.pdf,7ca90a68f3e2bc8dc68d0f796c8939e2a14cb622ad833f21d7cecdc2209a1141,4
Gujarat,civic amenities,civic_amenities,1981_Bharuch_civic_amenities.pdf,output/pdf/1981_trimmed/Gujarat/civic amenities/1981_Bharuch_civic_amenities.pdf,746ae6c62d6256490da5db5ec7848e40fc68eb691297f7cacc6014b7aad926ab,2
Gujarat,mededu,medical_educational_amenities,1981_Bharuch_medical_educational_amenities.pdf,output/pdf/1981_trimmed/Gujarat/mededu/1981_Bharuch_medical_educational_amenities.pdf,64b3c799aa3b559d8aa5b6f4318975a92cee5da3658d6715e32d1795f39b79e2,2
Gujarat,tehsil appendix,tehsil_appendix,1981_Bharuch_tehsil_appendix.pdf,output/pdf/1981_trimmed/Gujarat/tehsil appendix/1981_Bharuch_tehsil_appendix.pdf,fa659b74d1ba0b3f6794dad75b4d26d6838146d31c33e8f6d89c026295bde6e6,4
Gujarat,civic amenities,civic_amenities,1981_Bhavnagar_civic_amenities.pdf,output/pdf/1981_trimmed/Gujarat/civic amenities/1981_Bhavnagar_civic_amenities.pdf,8634c02898b0a44502358b7e2ca4e8b8940e38f898810feb9d1fb3403ef71bd0,2
Gujarat,mededu,medical_educational_amenities,1981_Bhavnagar_medical_educational_amenities.pdf,output/pdf/1981_trimmed/Gujarat/mededu/1981_Bhavnagar_medical_educational_amenities.pdf,33fed17e75b2c5fb3b3104884f1719bd1e674be91f25e1246abad3e87c6fc1c7,2
Gujarat,tehsil appendix,tehsil_appendix,1981_Bhavnagar_tehsil_appendix.pdf,output/pdf/1981_trimmed/Gujarat/tehsil appendix/1981_Bhavnagar_tehsil_appendix.pdf,b745828a64fdfde7e79cf02312d604e7fa53ce0b22a4630e040913249993f264,4
Gujarat,civic amenities,civic_amenities,1981_Gandhinagar_civic_amenities.pdf,output/pdf/1981_trimmed/Gujarat/civic amenities/1981_Gandhinagar_civic_amenities.pdf,109363d3b794ed2d75080f18eb665ecf2277d24c83492ec2ceac841a2042c2c7,1
Gujarat,mededu,medical_educational_amenities,1981_Gandhinagar_medical_educational_amenities.pdf,output/pdf/1981_trimmed/Gujarat/mededu/1981_Gandhinagar_medical_educational_amenities.pdf,57871ccbcce835f8dfaa45796a50e7a3084591aa94670da3ee28a938e825d88e,1
Gujarat,tehsil appendix,tehsil_appendix,1981_Gandhinagar_tehsil_appendix.pdf,output/pdf/1981_trimmed/Gujarat/tehsil appendix/1981_Gandhinagar_tehsil_appendix.pdf,c20bb6f2b34ccd51cb1ead701e80e6bf21598ed468177e709340618d05654efb,2
Gujarat,civic amenities,civic_amenities,1981_Junagadh_civic_amenities.pdf,output/pdf/1981_trimmed/Gujarat/civic amenities/1981_Junagadh_civic_amenities.pdf,b607694f2fd1574859e3115477890d2df500804a840854946e1ee781b4bcb518,4
Gujarat,mededu,medical_educational_amenities,1981_Junagadh_medical_educational_amenities.pdf,output/pdf/1981_trimmed/Gujarat/mededu/1981_Junagadh_medical_educational_amenities.pdf,3cf00c4a45dd567f4187d07dc383c2c3742696ca9803400cab3c4f4d26ca333f,6
Gujarat,tehsil appendix,tehsil_appendix,1981_Junagadh_tehsil_appendix.pdf,output/pdf/1981_trimmed/Gujarat/tehsil appendix/1981_Junagadh_tehsil_appendix.pdf,6f0a69445cde187c85e6af407fd4b2e8a2c481dc1c3503deb5400653eded6078,4
Gujarat,civic amenities,civic_amenities,1981_Kachchh_civic_amenities.pdf,output/pdf/1981_trimmed/Gujarat/civic amenities/1981_Kachchh_civic_amenities.pdf,0596e8659a7e93ef4da2b2bb16e55e6cf079a7281a5bfa6f75b0fd17b83409e4,2
Gujarat,mededu,medical_educational_amenities,1981_Kachchh_medical_educational_amenities.pdf,output/pdf/1981_trimmed/Gujarat/mededu/1981_Kachchh_medical_educational_amenities.pdf,87c3ca54135ca00a044e96e22bf93d05feef3b0e9b2b289f838424c51c999bff,2
Gujarat,tehsil appendix,tehsil_appendix,1981_Kachchh_tehsil_appendix.pdf,output/pdf/1981_trimmed/Gujarat/tehsil appendix/1981_Kachchh_tehsil_appendix.pdf,ea219dbdaf3c97077c10db1559ba49c58696570257846e7c03d365c50c12bd02,4
Gujarat,civic amenities,civic_amenities,1981_Kheda_civic_amenities.pdf,output/pdf/1981_trimmed/Gujarat/civic amenities/1981_Kheda_civic_amenities.pdf,b62a901127b7d5694a25c1b757f892402e14cc56387e2aa726a67461fdd85bc1,2
Gujarat,mededu,medical_educational_amenities,1981_Kheda_medical_educational_amenities.pdf,output/pdf/1981_trimmed/Gujarat/mededu/1981_Kheda_medical_educational_amenities.pdf,17abc25988476631eb4aede90b36f44098f534fdf35285c9c7b1ebc74b693af8,4
Gujarat,tehsil appendix,tehsil_appendix,1981_Kheda_tehsil_appendix.pdf,output/pdf/1981_trimmed/Gujarat/tehsil appendix/1981_Kheda_tehsil_appendix.pdf,b44c4e80b17c3e55fc512fb822d626e6d3330bf5066a431aec6853b9e0eb64ce,4
Gujarat,civic amenities,civic_amenities,1981_Mahesana_civic_amenities.pdf,output/pdf/1981_trimmed/Gujarat/civic amenities/1981_Mahesana_civic_amenities.pdf,3cd143d8ca125a2846037252c5b1b0b3a25f385da1e40fc83d220f9f788bdd3b,2
Gujarat,mededu,medical_educational_amenities,1981_Mahesana_medical_educational_amenities.pdf,output/pdf/1981_trimmed/Gujarat/mededu/1981_Mahesana_medical_educational_amenities.pdf,92f29348ef9039e941ff4c4349ab7d125afc243838ded37936721e28ae65111c,4
Gujarat,tehsil appendix,tehsil_appendix,1981_Mahesana_tehsil_appendix.pdf,output/pdf/1981_trimmed/Gujarat/tehsil appendix/1981_Mahesana_tehsil_appendix.pdf,5034b02f1a2d5b525d5768286620889347ff248c705a37ed230239078f451e6f,4
Gujarat,civic amenities,civic_amenities,1981_Panch Mahals_civic_amenities.pdf,output/pdf/1981_trimmed/Gujarat/civic amenities/1981_Panch Mahals_civic_amenities.pdf,d006d2db5f7c8a305d9ae4a1c71f2b3a4701b8a140bce9a52a0257ada193d952,2
Gujarat,mededu,medical_educational_amenities,1981_Panch Mahals_medical_educational_amenities.pdf,output/pdf/1981_trimmed/Gujarat/mededu/1981_Panch Mahals_medical_educational_amenities.pdf,2cd592a57faab7e1d3c69d4f9146dce2f178abdc5b8738cfeeff21ed21c656ff,2
Gujarat,tehsil appendix,tehsil_appendix,1981_Panch Mahals_tehsil_appendix.pdf,output/pdf/1981_trimmed/Gujarat/tehsil appendix/1981_Panch Mahals_tehsil_appendix.pdf,0e99190fb0e54d879e543b2762b37474baed5daf9c76baa6db1ffed0aebd4135,4
Gujarat,civic amenities,civic_amenities,1981_Rajkot_civic_amenities.pdf,output/pdf/1981_trimmed/Gujarat/civic amenities/1981_Rajkot_civic_amenities.pdf,b35266f678cfcb3862f15e355856e196da24168d841d9113d180732cb662f5d3,2
Gujarat,mededu,medical_educational_amenities,1981_Rajkot_medical_educational_amenities.pdf,output/pdf/1981_trimmed/Gujarat/mededu/1981_Rajkot_medical_educational_amenities.pdf,3e646549934cbe5a72cb43a7825dcf195c1382e6b1083fd232bab8e2e5e9ef40,2
Gujarat,tehsil appendix,tehsil_appendix,1981_Rajkot_tehsil_appendix.pdf,output/pdf/1981_trimmed/Gujarat/tehsil appendix/1981_Rajkot_tehsil_appendix.pdf,d14fed57effbba8d64607a213a325c7139f313d84cb2a8a04a5c598d6cf06e50,4
Gujarat,civic amenities,civic_amenities,1981_Sabar Kantha_civic_amenities.pdf,output/pdf/1981_trimmed/Gujarat/civic amenities/1981_Sabar Kantha_civic_amenities.pdf,220e43d030b7263667ebea17c2e06fc0d78a352a40574224d9ea45c051753276,2
Gujarat,mededu,medical_educational_amenities,1981_Sabar Kantha_medical_educational_amenities.pdf,output/pdf/1981_trimmed/Gujarat/mededu/1981_Sabar Kantha_medical_educational_amenities.pdf,e3240108d2913395ec6c86d52d98cdbae104317e48359d30656ee3a7b7b1627b,2
Gujarat,tehsil appendix,tehsil_appendix,1981_Sabar Kantha_tehsil_appendix.pdf,output/pdf/1981_trimmed/Gujarat/tehsil appendix/1981_Sabar Kantha_tehsil_appendix.pdf,31bf4171f4c68071b49a75f2d6191dba39318ed6ecec3ee4664f14830989a7d4,4
Gujarat,civic amenities,civic_amenities,1981_Surat_civic_amenities.pdf,output/pdf/1981_trimmed/Gujarat/civic amenities/1981_Surat_civic_amenities.pdf,b356cc8e376237f918e6a22003277b3d1a3fb6cff4d5be46ec8be85354ebe7a4,4
Gujarat,mededu,medical_educational_amenities,1981_Surat_medical_educational_amenities.pdf,output/pdf/1981_trimmed/Gujarat/mededu/1981_Surat_medical_educational_amenities.pdf,7a79df55dc60971f5240fea2dd62a2b6b827826aff46e945423f79af327da8cc,4
Gujarat,tehsil appendix,tehsil_appendix,1981_Surat_tehsil_appendix.pdf,output/pdf/1981_trimmed/Gujarat/tehsil appendix/1981_Surat_tehsil_appendix.pdf,fd1d8eb4b618b39606b54c0e2a53d244ef4406f9c4a43021c2f7b9e1112e51fe,4
Gujarat,civic amenities,civic_amenities,1981_Surendranagar_civic_amenities.pdf,output/pdf/1981_trimmed/Gujarat/civic amenities/1981_Surendranagar_civic_amenities.pdf,d8e62c1e7e777c9c3a5521f67a05a85f055759225fedc3511a97ff330dcb0f87,2
Gujarat,mededu,medical_educational_amenities,1981_Surendranagar_medical_educational_amenities.pdf,output/pdf/1981_trimmed/Gujarat/mededu/1981_Surendranagar_medical_educational_amenities.pdf,0b3b111dd89f734693e64bb92b7ff40187fa400427bb0df1661728cc109c552f,2
Gujarat,tehsil appendix,tehsil_appendix,1981_Surendranagar_tehsil_appendix.pdf,output/pdf/1981_trimmed/Gujarat/tehsil appendix/1981_Surendranagar_tehsil_appendix.pdf,9784f4570612472f6cace624573a3c72bdd43d8d090963db318e6551435ac7d0,4
Gujarat,civic amenities,civic_amenities,1981_Vadodara_civic_amenities.pdf,output/pdf/1981_trimmed/Gujarat/civic amenities/1981_Vadodara_civic_amenities.pdf,da7d3ed755be5ed0665811e081b7a90e733ba10da45bf95579e2fd4594c8d31f,4
Gujarat,mededu,medical_educational_amenities,1981_Vadodara_medical_educational_amenities.pdf,output/pdf/1981_trimmed/Gujarat/mededu/1981_Vadodara_medical_educational_amenities.pdf,52f1dddedfa23bf246289a46fb142e4befa51553b974ec77ea45bf40564bdb89,4
Gujarat,tehsil appendix,tehsil_appendix,1981_Vadodara_tehsil_appendix.pdf,output/pdf/1981_trimmed/Gujarat/tehsil appendix/1981_Vadodara_tehsil_appendix.pdf,7737e642361f78d35d7d0321b0d83904e02a8881f9b6edf33bec0c6f83faa1ff,4
Gujarat,civic amenities,civic_amenities,1981_Valsad_civic_amenities.pdf,output/pdf/1981_trimmed/Gujarat/civic amenities/1981_Valsad_civic_amenities.pdf,3f33918b8f1aca5e11d8dba1cb622dfdd0eb3a0f263936cf860b069e234f1e67,2
Gujarat,mededu,medical_educational_amenities,1981_Valsad_medical_educational_amenities.pdf,output/pdf/1981_trimmed/Gujarat/mededu/1981_Valsad_medical_educational_amenities.pdf,6ced96d573af95a426b5cba90e76dc2ff04184942adae3fefd7c4a60d775b2a0,4
Gujarat,tehsil appendix,tehsil_appendix,1981_Valsad_tehsil_appendix.pdf,output/pdf/1981_trimmed/Gujarat/tehsil appendix/1981_Valsad_tehsil_appendix.pdf,12b74359111dc465bc43f4328dd44c5131f73eae6954a4c0d8694e2e6fb33397,4
Jammu & Kashmir,civic amenities,civic_amenities,1981_Anantnag_civic_amenities.pdf,output/pdf/1981_trimmed/Jammu & Kashmir/civic amenities/1981_Anantnag_civic_amenities.pdf,e25eeb94bf2912451afe1c0b1dd4e6ffe7fc3967628de482f107b7a918ffa6c6,1
Jammu & Kashmir,mededu,medical_educational_amenities,1981_Anantnag_medical_educational_amenities.pdf,output/pdf/1981_trimmed/Jammu & Kashmir/mededu/1981_Anantnag_medical_educational_amenities.pdf,71463e36249c271b6f3082829d28025a2afebc4b3be39707a09af8667a75f14f,1
Jammu & Kashmir,tehsil appendix,tehsil_appendix,1981_Anantnag_tehsil_appendix.pdf,output/pdf/1981_trimmed/Jammu & Kashmir/tehsil appendix/1981_Anantnag_tehsil_appendix.pdf,e0bfa9ebf9284838116ff7fac3095a6a930f0f258a0e46c09b68e0e6749a1bab,2
Jammu & Kashmir,civic amenities,civic_amenities,1981_Badgam_civic_amenities.pdf,output/pdf/1981_trimmed/Jammu & Kashmir/civic amenities/1981_Badgam_civic_amenities.pdf,c4c32d1e725a58d3ea9633e84ca24710d899ef99e21ed7290ea2feb402e9c986,1
Jammu & Kashmir,mededu,medical_educational_amenities,1981_Badgam_medical_educational_amenities.pdf,output/pdf/1981_trimmed/Jammu & Kashmir/mededu/1981_Badgam_medical_educational_amenities.pdf,d3ae65f9eab154c7aaa49cffe0943b85232d5d38313f62a203f22825c72df337,1
Jammu & Kashmir,tehsil appendix,tehsil_appendix,1981_Badgam_tehsil_appendix.pdf,output/pdf/1981_trimmed/Jammu & Kashmir/tehsil appendix/1981_Badgam_tehsil_appendix.pdf,9b1826f57f0a12f4cda38ac69f893eec9fa351495585c9105b74f6eefcfe55fa,2
Jammu & Kashmir,civic amenities,civic_amenities,1981_Baramula_civic_amenities.pdf,output/pdf/1981_trimmed/Jammu & Kashmir/civic amenities/1981_Baramula_civic_amenities.pdf,1fd1a8e352018004d0ae6019126065f85f23b44a8cf6c651435064468b505679,1
Jammu & Kashmir,mededu,medical_educational_amenities,1981_Baramula_medical_educational_amenities.pdf,output/pdf/1981_trimmed/Jammu & Kashmir/mededu/1981_Baramula_medical_educational_amenities.pdf,5663f02b6ff7125a5b8a4c92fe8c44ea1e842a99e27d56f3a0dd25055f960dec,1
Jammu & Kashmir,tehsil appendix,tehsil_appendix,1981_Baramula_tehsil_appendix.pdf,output/pdf/1981_trimmed/Jammu & Kashmir/tehsil appendix/1981_Baramula_tehsil_appendix.pdf,755dee37c57597b8e1371e266df6b8a00299eef0af526de6640ec9e1de1cd81f,2
Jammu & Kashmir,civic amenities,civic_amenities,1981_Doda_civic_amenities.pdf,output/pdf/1981_trimmed/Jammu & Kashmir/civic amenities/1981_Doda_civic_amenities.pdf,949a6d31bf2c988edfacfeb9a0ce88d11fcf1b98f323da2d7619134124204f90,2
Jammu & Kashmir,mededu,medical_educational_amenities,1981_Doda_medical_educational_amenities.pdf,output/pdf/1981_trimmed/Jammu & Kashmir/mededu/1981_Doda_medical_educational_amenities.pdf,c67aa390ca9129bb0c1b4dc0967fb55636a59f5ba4ee3498f8deb4b0ae5872f4,2
Jammu & Kashmir,tehsil appendix,tehsil_appendix,1981_Doda_tehsil_appendix.pdf,output/pdf/1981_trimmed/Jammu & Kashmir/tehsil appendix/1981_Doda_tehsil_appendix.pdf,70d623bb9a81fa11e76b6174692d6df754bb428667d6ab8298ead7dab6008876,2
Jammu & Kashmir,civic amenities,civic_amenities,1981_Jammu_civic_amenities.pdf,output/pdf/1981_trimmed/Jammu & Kashmir/civic amenities/1981_Jammu_civic_amenities.pdf,d9fa6d518faae8c49bd7f8b707f7159d85183fe8e7183a0957da060c6803b6a8,2
Jammu & Kashmir,mededu,medical_educational_amenities,1981_Jammu_medical_educational_amenities.pdf,output/pdf/1981_trimmed/Jammu & Kashmir/mededu/1981_Jammu_medical_educational_amenities.pdf,c7c6b723010a1b674fdcc5aeb662ffc174d82eee2131afed37a58e12e691b068,2
Jammu & Kashmir,tehsil appendix,tehsil_appendix,1981_Jammu_tehsil_appendix.pdf,output/pdf/1981_trimmed/Jammu & Kashmir/tehsil appendix/1981_Jammu_tehsil_appendix.pdf,5800e9fa305748fc842a349bfaad477d4f687e65a564f31d9d68a0c6685d467a,2
Jammu & Kashmir,civic amenities,civic_amenities,1981_Kargil_civic_amenities.pdf,output/pdf/1981_trimmed/Jammu & Kashmir/civic amenities/1981_Kargil_civic_amenities.pdf,29341a861e7678a0adbe20c7d017307ca68a1fcb57a46c00e823d06a7940f764,1
Jammu & Kashmir,mededu,medical_educational_amenities,1981_Kargil_medical_educational_amenities.pdf,output/pdf/1981_trimmed/Jammu & Kashmir/mededu/1981_Kargil_medical_educational_amenities.pdf,4b8243ed9071ef9669808da5ee45d7de314dd1f8857d3abc9600dfb226f367fd,1
Jammu & Kashmir,tehsil appendix,tehsil_appendix,1981_Kargil_tehsil_appendix.pdf,output/pdf/1981_trimmed/Jammu & Kashmir/tehsil appendix/1981_Kargil_tehsil_appendix.pdf,3ea462c020782cb59c43bb807fba940e96fb58db25673b98d82517f5bf738142,2
Jammu & Kashmir,civic amenities,civic_amenities,1981_Kathua_civic_amenities.pdf,output/pdf/1981_trimmed/Jammu & Kashmir/civic amenities/1981_Kathua_civic_amenities.pdf,b37dd2e76cebf91504a15cebb0d3aacc050f6f6a39cbfa811c70ccfb346fd718,1
Jammu & Kashmir,mededu,medical_educational_amenities,1981_Kathua_medical_educational_amenities.pdf,output/pdf/1981_trimmed/Jammu & Kashmir/mededu/1981_Kathua_medical_educational_amenities.pdf,4a587bf5747e90720996994bd8bcfcb2b53e4b8a4a6a21c4e4eba7cee936e167,2
Jammu & Kashmir,tehsil appendix,tehsil_appendix,1981_Kathua_tehsil_appendix.pdf,output/pdf/1981_trimmed/Jammu & Kashmir/tehsil appendix/1981_Kathua_tehsil_appendix.pdf,060bca2678d798c8391383744587f510d7fa4cd1d5d1962c79900924c4d5d1e3,2
Jammu & Kashmir,civic amenities,civic_amenities,1981_Kupwara_civic_amenities.pdf,output/pdf/1981_trimmed/Jammu & Kashmir/civic amenities/1981_Kupwara_civic_amenities.pdf,e0719a867b31afe995af5d4841245cd0ac131f4367aadf260491c6a924275557,1
Jammu & Kashmir,mededu,medical_educational_amenities,1981_Kupwara_medical_educational_amenities.pdf,output/pdf/1981_trimmed/Jammu & Kashmir/mededu/1981_Kupwara_medical_educational_amenities.pdf,63c0ed5e7d89106899e6b016abd6ec52aed9dad33482f9cdf5ccb82b955be0ee,1
Jammu & Kashmir,tehsil appendix,tehsil_appendix,1981_Kupwara_tehsil_appendix.pdf,output/pdf/1981_trimmed/Jammu & Kashmir/tehsil appendix/1981_Kupwara_tehsil_appendix.pdf,c87f7dd91d4a7ef2310f3b733fa931dc8220848ca12317e7824566570dd1f13f,2
Jammu & Kashmir,civic amenities,civic_amenities,1981_Ladakh_civic_amenities.pdf,output/pdf/1981_trimmed/Jammu & Kashmir/civic amenities/1981_Ladakh_civic_amenities.pdf,841b1313f5a5b893c796fbc72732fbba386c68b3b4b57eead194dafa35cfddae,1
Jammu & Kashmir,mededu,medical_educational_amenities,1981_Ladakh_medical_educational_amenities.pdf,output/pdf/1981_trimmed/Jammu & Kashmir/mededu/1981_Ladakh_medical_educational_amenities.pdf,b6f099f005b28dded91d88cb560c024460aeb9a8d77cb2e24e2506c3dcc14abb,1
Jammu & Kashmir,tehsil appendix,tehsil_appendix,1981_Ladakh_tehsil_appendix.pdf,output/pdf/1981_trimmed/Jammu & Kashmir/tehsil appendix/1981_Ladakh_tehsil_appendix.pdf,c6a9c7b54737499f3a0653c0cba90bf25f4a67ed15187bb035a3c63d0ed1aecc,2
Jammu & Kashmir,civic amenities,civic_amenities,1981_Pulwama_civic_amenities.pdf,output/pdf/1981_trimmed/Jammu & Kashmir/civic amenities/1981_Pulwama_civic_amenities.pdf,c29e88359a28917b70dd0d9ae240421b07cff679d11967a3e0567c459c2c4569,1
Jammu & Kashmir,mededu,medical_educational_amenities,1981_Pulwama_medical_educational_amenities.pdf,output/pdf/1981_trimmed/Jammu & Kashmir/mededu/1981_Pulwama_medical_educational_amenities.pdf,118f2e8a31144471f732cf621a878812966b1f0364a0b8b9d268976203e149b8,1
Jammu & Kashmir,tehsil appendix,tehsil_appendix,1981_Pulwama_tehsil_appendix.pdf,output/pdf/1981_trimmed/Jammu & Kashmir/tehsil appendix/1981_Pulwama_tehsil_appendix.pdf,ed60a31c74b302934064aec92c8284b0b0a8862cb92748f912dd0b437d733d7a,2
Jammu & Kashmir,civic amenities,civic_amenities,1981_Punch_civic_amenities.pdf,output/pdf/1981_trimmed/Jammu & Kashmir/civic amenities/1981_Punch_civic_amenities.pdf,e612995be2cecb70a58c97cfd97029d74391ed0a0d01afed45f618cbbd2969b6,1
Jammu & Kashmir,mededu,medical_educational_amenities,1981_Punch_medical_educational_amenities.pdf,output/pdf/1981_trimmed/Jammu & Kashmir/mededu/1981_Punch_medical_educational_amenities.pdf,11b75f5241ea52c559dd1c825f59b620b8dda2fcc22429f3f044952e4b70f671,1
Jammu & Kashmir,tehsil appendix,tehsil_appendix,1981_Punch_tehsil_appendix.pdf,output/pdf/1981_trimmed/Jammu & Kashmir/tehsil appendix/1981_Punch_tehsil_appendix.pdf,a19ede2e9a08c0781adf3a23eb39f0ab8ae1ba6e7b11afd16666e9b5a407e009,2
Jammu & Kashmir,civic amenities,civic_amenities,1981_Rajauri_civic_amenities.pdf,output/pdf/1981_trimmed/Jammu & Kashmir/civic amenities/1981_Rajauri_civic_amenities.pdf,077d5d42d17e24f9b0a875604a9b8491dadd8876c97f0811e50b496c40c9e684,1
Jammu & Kashmir,mededu,medical_educational_amenities,1981_Rajauri_medical_educational_amenities.pdf,output/pdf/1981_trimmed/Jammu & Kashmir/mededu/1981_Rajauri_medical_educational_amenities.pdf,dbc087347cd288ae6b500500ba87eae76168e7c1bd3708d2f46c0c47231e3e34,1
Jammu & Kashmir,tehsil appendix,tehsil_appendix,1981_Rajauri_tehsil_appendix.pdf,output/pdf/1981_trimmed/Jammu & Kashmir/tehsil appendix/1981_Rajauri_tehsil_appendix.pdf,e75a2ca73aa2a7a6f9cbc9464f0c35474f5c4e6f2e71c6f6c73f9c6b49bbe24e,2
Jammu & Kashmir,civic amenities,civic_amenities,1981_Srinagar_civic_amenities.pdf,output/pdf/1981_trimmed/Jammu & Kashmir/civic amenities/1981_Srinagar_civic_amenities.pdf,1bde7b56028ac3ec175d562678cbd4da2cf45adc22fbf5d8deed81d38c73530d,2
Jammu & Kashmir,mededu,medical_educational_amenities,1981_Srinagar_medical_educational_amenities.pdf,output/pdf/1981_trimmed/Jammu & Kashmir/mededu/1981_Srinagar_medical_educational_amenities.pdf,165a200aa53f78b6a4612eab712db63b72687bb84c6c15510d0f9799e0ebde94,1
Jammu & Kashmir,tehsil appendix,tehsil_appendix,1981_Srinagar_tehsil_appendix.pdf,output/pdf/1981_trimmed/Jammu & Kashmir/tehsil appendix/1981_Srinagar_tehsil_appendix.pdf,100c8eb058a78ac4ea4c1f5bb797576b47da35e7af589801515c6d1dae3a712a,2
Karnataka,civic amenities,civic_amenities,1981_Bangalore_civic_amenities.pdf,output/pdf/1981_trimmed/Karnataka/civic amenities/1981_Bangalore_civic_amenities.pdf,e967f19b62e954359014f356b3b224f8dd7d08c159561b264a899b01b157869f,6
Karnataka,mededu,medical_educational_amenities,1981_Bangalore_medical_educational_amenities.pdf,output/pdf/1981_trimmed/Karnataka/mededu/1981_Bangalore_medical_educational_amenities.pdf,726c6dfcb8c7af71d7b1f4dc745f387bb0944151282f36c3839c9c8d59e283e1,10
Karnataka,tehsil appendix,tehsil_appendix,1981_Bangalore_tehsil_appendix.pdf,output/pdf/1981_trimmed/Karnataka/tehsil appendix/1981_Bangalore_tehsil_appendix.pdf,e2b832c02734615f4d1c4d2a3377776761cf8701db6d222aad890a3b90d2f4ac,4
Karnataka,civic amenities,civic_amenities,1981_Belgaum_civic_amenities.pdf,output/pdf/1981_trimmed/Karnataka/civic amenities/1981_Belgaum_civic_amenities.pdf,b00dfc4d2850bcac8075b34bbfea7d52c2d5adafe964683e41fe15de714241d4,4
Karnataka,mededu,medical_educational_amenities,1981_Belgaum_medical_educational_amenities.pdf,output/pdf/1981_trimmed/Karnataka/mededu/1981_Belgaum_medical_educational_amenities.pdf,8df651f00fc8217a73f561e3774be0b9faadd89142da0c6a5418b0716f3127e3,4
Karnataka,tehsil appendix,tehsil_appendix,1981_Belgaum_tehsil_appendix.pdf,output/pdf/1981_trimmed/Karnataka/tehsil appendix/1981_Belgaum_tehsil_appendix.pdf,6d947a900623e51f5803a03d9a7660cf93308127224d9f639ffbc7aec6a30dea,4
Karnataka,civic amenities,civic_amenities,1981_Bellary_civic_amenities.pdf,output/pdf/1981_trimmed/Karnataka/civic amenities/1981_Bellary_civic_amenities.pdf,bfe69e9b0abd0e9cca73a3ea90ab364d24b4aef6735443a20ad633d2343eb7a9,2
Karnataka,mededu,medical_educational_amenities,1981_Bellary_medical_educational_amenities.pdf,output/pdf/1981_trimmed/Karnataka/mededu/1981_Bellary_medical_educational_amenities.pdf,18a5b17824029179d7053defc551f59df0720b3dc230ee6c80df340dd8cd3441,4
Karnataka,tehsil appendix,tehsil_appendix,1981_Bellary_tehsil_appendix.pdf,output/pdf/1981_trimmed/Karnataka/tehsil appendix/1981_Bellary_tehsil_appendix.pdf,2848ca6d172c7fa73c6e528ff211358e8a53b0ce897ddf5eafe2e72c0abb50a4,4
Karnataka,civic amenities,civic_amenities,1981_Bijapur_civic_amenities.pdf,output/pdf/1981_trimmed/Karnataka/civic amenities/1981_Bijapur_civic_amenities.pdf,cfd705436822c0753c05dce9fecbef0b203552408c4797c821209113baa1dba5,2
Karnataka,mededu,medical_educational_amenities,1981_Bijapur_medical_educational_amenities.pdf,output/pdf/1981_trimmed/Karnataka/mededu/1981_Bijapur_medical_educational_amenities.pdf,735d4204722ced20ad1ccc5b4e1ac1ee54cfeb6140edb138b8305105f5128705,4
Karnataka,tehsil appendix,tehsil_appendix,1981_Bijapur_tehsil_appendix.pdf,output/pdf/1981_trimmed/Karnataka/tehsil appendix/1981_Bijapur_tehsil_appendix.pdf,fdf8b2b210737fc073820ed7c1f59647c0e0b35dfb7a85cceea82c9edcdbea79,4
Karnataka,civic amenities,civic_amenities,1981_Chikmagalur_civic_amenities.pdf,output/pdf/1981_trimmed/Karnataka/civic amenities/1981_Chikmagalur_civic_amenities.pdf,09854b1f3579b2959df099ce710aeed403adb1f620d3f3e0b11b3111a6c8fde3,2
Karnataka,mededu,medical_educational_amenities,1981_Chikmagalur_medical_educational_amenities.pdf,output/pdf/1981_trimmed/Karnataka/mededu/1981_Chikmagalur_medical_educational_amenities.pdf,804d024c0aea6452d431262017d2a21cda92d0e9611e9e6257278d9011dda75e,4
Karnataka,tehsil appendix,tehsil_appendix,1981_Chikmagalur_tehsil_appendix.pdf,output/pdf/1981_trimmed/Karnataka/tehsil appendix/1981_Chikmagalur_tehsil_appendix.pdf,3a46642d7e3fafcf0cc49df7e8b8ff752367bba09ff0a8244ac21006f367b7c3,2
Karnataka,civic amenities,civic_amenities,1981_Chitradurga_civic_amenities.pdf,output/pdf/1981_trimmed/Karnataka/civic amenities/1981_Chitradurga_civic_amenities.pdf,6ea30459000baa2d8e0cf1693188abca42a16013dc37128808a820f7d1838ba7,2
Karnataka,mededu,medical_educational_amenities,1981_Chitradurga_medical_educational_amenities.pdf,output/pdf/1981_trimmed/Karnataka/mededu/1981_Chitradurga_medical_educational_amenities.pdf,3d8d12d7c66ec462e3bb8598284b90ed1a3c122e1fdd079ac7e236a12208cdec,2
Karnataka,tehsil appendix,tehsil_appendix,1981_Chitradurga_tehsil_appendix.pdf,output/pdf/1981_trimmed/Karnataka/tehsil appendix/1981_Chitradurga_tehsil_appendix.pdf,0eaa3ce24e7c99ba3c7714558c01e69463bb0ff3174ea34df17e6c49fedb0273,4
Karnataka,civic amenities,civic_amenities,1981_Dakshin Kannad_civic_amenities.pdf,output/pdf/1981_trimmed/Karnataka/civic amenities/1981_Dakshin Kannad_civic_amenities.pdf,7c930dc2a8e60b535117bdba8c6bb56388fceced44fda3cc90a6c7095d84e164,6
Karnataka,mededu,medical_educational_amenities,1981_Dakshin Kannad_medical_educational_amenities.pdf,output/pdf/1981_trimmed/Karnataka/mededu/1981_Dakshin Kannad_medical_educational_amenities.pdf,bdc209a0fa6fee8655523692d4c2e36e324e82a0c98a75753df4500e987fbdfe,6
Karnataka,tehsil appendix,tehsil_appendix,1981_Dakshin Kannad_tehsil_appendix.pdf,output/pdf/1981_trimmed/Karnataka/tehsil appendix/1981_Dakshin Kannad_tehsil_appendix.pdf,f5c3e3498abbb5d77aa6c5bc50c2e3b07770d4a243a10013bcdc3b6bbb0d08a7,4
Karnataka,civic amenities,civic_amenities,1981_Dharwad_civic_amenities.pdf,output/pdf/1981_trimmed/Karnataka/civic amenities/1981_Dharwad_civic_amenities.pdf,c0e5a7ccf30feb51100e97f1a6d573f7591aa8ebb8c3391f3430a0591d083197,4
Karnataka,mededu,medical_educational_amenities,1981_Dharwad_medical_educational_amenities.pdf,output/pdf/1981_trimmed/Karnataka/mededu/1981_Dharwad_medical_educational_amenities.pdf,318a43dd4b9e918158791c7ae74bf3f806467ad10c784af25f6b77fe89c8d696,4
Karnataka,tehsil appendix,tehsil_appendix,1981_Dharwad_tehsil_appendix.pdf,output/pdf/1981_trimmed/Karnataka/tehsil appendix/1981_Dharwad_tehsil_appendix.pdf,18837e1d1add5da3cf380613f29ae9f7c0cb7725314791790c207cb140672681,4
Karnataka,civic amenities,civic_amenities,1981_Gulbarga_civic_amenities.pdf,output/pdf/1981_trimmed/Karnataka/civic amenities/1981_Gulbarga_civic_amenities.pdf,0dee603be531d8288bfacfa158fb77eca0bab0a11f6e6024e4055ac499568db3,2
Karnataka,mededu,medical_educational_amenities,1981_Gulbarga_medical_educational_amenities.pdf,output/pdf/1981_trimmed/Karnataka/mededu/1981_Gulbarga_medical_educational_amenities.pdf,0632deb194d9edae6cf113eb5a48ec4fe0436388bf32ce06a8fffb49fda17b11,2
Karnataka,tehsil appendix,tehsil_appendix,1981_Gulbarga_tehsil_appendix.pdf,output/pdf/1981_trimmed/Karnataka/tehsil appendix/1981_Gulbarga_tehsil_appendix.pdf,58f36467a93b3251fc049dadd86719dc52f0c5519dfc99a3b165c9786298ff61,4
Karnataka,civic amenities,civic_amenities,1981_Hassan_civic_amenities.pdf,output/pdf/1981_trimmed/Karnataka/civic amenities/1981_Hassan_civic_amenities.pdf,d0452eef1be8349a9e41533d1d0b4b1a8095a54b15bdd4a9c31c07fa6500ef32,2
Karnataka,mededu,medical_educational_amenities,1981_Hassan_medical_educational_amenities.pdf,output/pdf/1981_trimmed/Karnataka/mededu/1981_Hassan_medical_educational_amenities.pdf,9420286d1126078183655f240272d72dacbf98d78b326dbe233ac46a9ba0bd22,4
Karnataka,tehsil appendix,tehsil_appendix,1981_Hassan_tehsil_appendix.pdf,output/pdf/1981_trimmed/Karnataka/tehsil appendix/1981_Hassan_tehsil_appendix.pdf,b800bcff341e4bde404912a7e033670cc1aa81eb3db22d23ef1062541667c217,2
Karnataka,civic amenities,civic_amenities,1981_Kodagu_civic_amenities.pdf,output/pdf/1981_trimmed/Karnataka/civic amenities/1981_Kodagu_civic_amenities.pdf,b64487a4d50282db908eef2a22a73d62ead5a38b2b14c8449b2558a0a9a46eaa,2
Karnataka,mededu,medical_educational_amenities,1981_Kodagu_medical_educational_amenities.pdf,output/pdf/1981_trimmed/Karnataka/mededu/1981_Kodagu_medical_educational_amenities.pdf,11527b8f06db3ae343078fab39451f05041b58fef879263df4f35243f551cb0c,2
Karnataka,tehsil appendix,tehsil_appendix,1981_Kodagu_tehsil_appendix.pdf,output/pdf/1981_trimmed/Karnataka/tehsil appendix/1981_Kodagu_tehsil_appendix.pdf,067980a1a5f30ab7e2b16e51639e559c72c9c62b6d58167491eeaccca632fb7e,1
Karnataka,civic amenities,civic_amenities,1981_Kolar_civic_amenities.pdf,output/pdf/1981_trimmed/Karnataka/civic amenities/1981_Kolar_civic_amenities.pdf,e3d3e0ab8228cce2569a2e008ba902cfb0fd3ea68f81c04c1ff853357008566d,2
Karnataka,mededu,medical_educational_amenities,1981_Kolar_medical_educational_amenities.pdf,output/pdf/1981_trimmed/Karnataka/mededu/1981_Kolar_medical_educational_amenities.pdf,5b392f41a6a0e297cdada79e3831cde8518325aed4e38ec7dc845972ba457c52,4
Karnataka,tehsil appendix,tehsil_appendix,1981_Kolar_tehsil_appendix.pdf,output/pdf/1981_trimmed/Karnataka/tehsil appendix/1981_Kolar_tehsil_appendix.pdf,ee15fe41bede062ffbcd7d226260f0f47862b65289f85184e9143367775c25f5,2
Karnataka,civic amenities,civic_amenities,1981_Mandya_civic_amenities.pdf,output/pdf/1981_trimmed/Karnataka/civic amenities/1981_Mandya_civic_amenities.pdf,7bdab64e6f7c102a86d1ed90c485b9206413d6184d68b0022520a653472a11d9,1
Karnataka,mededu,medical_educational_amenities,1981_Mandya_medical_educational_amenities.pdf,output/pdf/1981_trimmed/Karnataka/mededu/1981_Mandya_medical_educational_amenities.pdf,f05b3c929a3967c39d55a68ad0b1ba8be60341fec516556f962da48e9c71e1fb,2
Karnataka,tehsil appendix,tehsil_appendix,1981_Mandya_tehsil_appendix.pdf,output/pdf/1981_trimmed/Karnataka/tehsil appendix/1981_Mandya_tehsil_appendix.pdf,d4451ba8e26bde1230560cd8c84e0ede3b2591c0c033a80321f7f0398da625be,2
Karnataka,civic amenities,civic_amenities,1981_Raichur_civic_amenities.pdf,output/pdf/1981_trimmed/Karnataka/civic amenities/1981_Raichur_civic_amenities.pdf,7d256ac7eaaeab6d1e939de83106901ac8a382fd38a3e235a4dd40e6fcf4455f,2
Karnataka,mededu,medical_educational_amenities,1981_Raichur_medical_educational_amenities.pdf,output/pdf/1981_trimmed/Karnataka/mededu/1981_Raichur_medical_educational_amenities.pdf,dbb910fc03b0ef93afb04fdd56b8c1161cda6e24e2f57feffb5003632dc84d62,2
Karnataka,tehsil appendix,tehsil_appendix,1981_Raichur_tehsil_appendix.pdf,output/pdf/1981_trimmed/Karnataka/tehsil appendix/1981_Raichur_tehsil_appendix.pdf,e20367bc40d4fbb9abc60aa78f8b2d9782945783adc1e8b599028c83c35f9c6c,4
Karnataka,civic amenities,civic_amenities,1981_Shimoga_civic_amenities.pdf,output/pdf/1981_trimmed/Karnataka/civic amenities/1981_Shimoga_civic_amenities.pdf,8eb0376f382964c4ee4658658bf8365c8463c7beb475609105d80b91f1f26d82,2
Karnataka,mededu,medical_educational_amenities,1981_Shimoga_medical_educational_amenities.pdf,output/pdf/1981_trimmed/Karnataka/mededu/1981_Shimoga_medical_educational_amenities.pdf,2d7997a147f8447d729d08d4c69336465c7f378db365e519511e5ea3ddbf819f,4
Karnataka,tehsil appendix,tehsil_appendix,1981_Shimoga_tehsil_appendix.pdf,output/pdf/1981_trimmed/Karnataka/tehsil appendix/1981_Shimoga_tehsil_appendix.pdf,784bdc576ac2671a12c9a9d8e15b447af6e2f0738a31b63907bbd7ef7fe168c8,4
Karnataka,civic amenities,civic_amenities,1981_Uttar Kannad_civic_amenities.pdf,output/pdf/1981_trimmed/Karnataka/civic amenities/1981_Uttar Kannad_civic_amenities.pdf,499a73208b3924cad1f4434729d8c4dbe24bba509a898562d23ed011689076bc,2
Karnataka,mededu,medical_educational_amenities,1981_Uttar Kannad_medical_educational_amenities.pdf,output/pdf/1981_trimmed/Karnataka/mededu/1981_Uttar Kannad_medical_educational_amenities.pdf,57bb8f4176e5be88b8cb2dae6752af6f671ed3d261731c314cc490d0c17886bb,2
Karnataka,tehsil appendix,tehsil_appendix,1981_Uttar Kannad_tehsil_appendix.pdf,output/pdf/1981_trimmed/Karnataka/tehsil appendix/1981_Uttar Kannad_tehsil_appendix.pdf,022db303051863c888cc91864de7cbeefcdec3f746d88dd1e33d29cfdc245f77,4
Kerala,civic amenities,civic_amenities,1981_Alleppey_civic_amenities.pdf,output/pdf/1981_trimmed/Kerala/civic amenities/1981_Alleppey_civic_amenities.pdf,893d280fefe9d1fd77b200eb8d8687ec3604aa44741399137c628a7a4e99613a,2
Kerala,mededu,medical_educational_amenities,1981_Alleppey_medical_educational_amenities.pdf,output/pdf/1981_trimmed/Kerala/mededu/1981_Alleppey_medical_educational_amenities.pdf,07ffb4659fcaa87717f03bda93d1cdd4c41fd6eb3bf4a91bd6f305471129381a,2
Kerala,tehsil appendix,tehsil_appendix,1981_Alleppey_tehsil_appendix.pdf,output/pdf/1981_trimmed/Kerala/tehsil appendix/1981_Alleppey_tehsil_appendix.pdf,d5ec801fb8084b0c0aa0c1fdc9b5c2bb8a861e26324777cea16a7a0a0f2c6b4b,2
Kerala,civic amenities,civic_amenities,1981_Cannanore_civic_amenities.pdf,output/pdf/1981_trimmed/Kerala/civic amenities/1981_Cannanore_civic_amenities.pdf,920ab0db70a34102b29cbdd0a7c21672ef78e564fcaa763c4e57d235efc00399,2
Kerala,mededu,medical_educational_amenities,1981_Cannanore_medical_educational_amenities.pdf,output/pdf/1981_trimmed/Kerala/mededu/1981_Cannanore_medical_educational_amenities.pdf,8b95b358301323d1bfa12c6aa0a040952022f84edd1c7f7685ca1767d97fc307,4
Kerala,tehsil appendix,tehsil_appendix,1981_Cannanore_tehsil_appendix.pdf,output/pdf/1981_trimmed/Kerala/tehsil appendix/1981_Cannanore_tehsil_appendix.pdf,af48c24670734ffc4e3e48c44075baa5ac8e2e94e9904c75a91c57b07ec9a0f2,2
Kerala,civic amenities,civic_amenities,1981_Ernakulam_civic_amenities.pdf,output/pdf/1981_trimmed/Kerala/civic amenities/1981_Ernakulam_civic_amenities.pdf,945f7eabf62a5160946e5182ff6b2901fd79b9ff7679fddf262e13e9af3f8776,2
Kerala,mededu,medical_educational_amenities,1981_Ernakulam_medical_educational_amenities.pdf,output/pdf/1981_trimmed/Kerala/mededu/1981_Ernakulam_medical_educational_amenities.pdf,4b4f69863626b1d73471e2254f831db9cf51f3daa4e9afd392a324372d2b19d5,4
Kerala,tehsil appendix,tehsil_appendix,1981_Ernakulam_tehsil_appendix.pdf,output/pdf/1981_trimmed/Kerala/tehsil appendix/1981_Ernakulam_tehsil_appendix.pdf,f7479e4ecedccacbc51c609b65205faf1db936ceb21c78485ceec2d1b2fcf856,2
Kerala,civic amenities,civic_amenities,1981_Idikki_civic_amenities.pdf,output/pdf/1981_trimmed/Kerala/civic amenities/1981_Idikki_civic_amenities.pdf,7b6ee9fe937a5b82c8812d4115afaac261267ab215cb395967f1be63edce5810,2
Kerala,mededu,medical_educational_amenities,1981_Idikki_medical_educational_amenities.pdf,output/pdf/1981_trimmed/Kerala/mededu/1981_Idikki_medical_educational_amenities.pdf,7b6ee9fe937a5b82c8812d4115afaac261267ab215cb395967f1be63edce5810,2
Kerala,tehsil appendix,tehsil_appendix,1981_Idikki_tehsil_appendix.pdf,output/pdf/1981_trimmed/Kerala/tehsil appendix/1981_Idikki_tehsil_appendix.pdf,ef453dd890ff86a47d97eb58ca59cf2ca029870cf01e6e52dd6adf8dc67b2105,2
Kerala,civic amenities,civic_amenities,1981_Kasaragod_civic_amenities.pdf,output/pdf/1981_trimmed/Kerala/civic amenities/1981_Kasaragod_civic_amenities.pdf,4d9d4b43db474c46ed6ec66c9211a588ee63c8693c8470ba8213f4a663738883,2
Kerala,mededu,medical_educational_amenities,1981_Kasaragod_medical_educational_amenities.pdf,output/pdf/1981_trimmed/Kerala/mededu/1981_Kasaragod_medical_educational_amenities.pdf,4d9d4b43db474c46ed6ec66c9211a588ee63c8693c8470ba8213f4a663738883,2
Kerala,tehsil appendix,tehsil_appendix,1981_Kasaragod_tehsil_appendix.pdf,output/pdf/1981_trimmed/Kerala/tehsil appendix/1981_Kasaragod_tehsil_appendix.pdf,35f4ef311d02cb4ca8e11906326bb7ff62a6862b632557f8b39ea71b8fc7dda4,2
Kerala,civic amenities,civic_amenities,1981_Kottayam_civic_amenities.pdf,output/pdf/1981_trimmed/Kerala/civic amenities/1981_Kottayam_civic_amenities.pdf,6960d65ede693b59f764439d12efc86e285ab354861a2db158fb1f5b380b4507,2
Kerala,mededu,medical_educational_amenities,1981_Kottayam_medical_educational_amenities.pdf,output/pdf/1981_trimmed/Kerala/mededu/1981_Kottayam_medical_educational_amenities.pdf,b1d28748286695d06f7146409d9bf493c0ab2979288379cc10c448df4dcddf37,2
Kerala,tehsil appendix,tehsil_appendix,1981_Kottayam_tehsil_appendix.pdf,output/pdf/1981_trimmed/Kerala/tehsil appendix/1981_Kottayam_tehsil_appendix.pdf,711443317804213406222d284f545ac86e9213e14f2a176a9bfb2dcec57f98c7,2
Kerala,civic amenities,civic_amenities,1981_Malappuram_civic_amenities.pdf,output/pdf/1981_trimmed/Kerala/civic amenities/1981_Malappuram_civic_amenities.pdf,b0c640acd2d9aa1d6f366b1ca43dcf03ca363a51d23887afbfd7b0502fda571f,2
Kerala,mededu,medical_educational_amenities,1981_Malappuram_medical_educational_amenities.pdf,output/pdf/1981_trimmed/Kerala/mededu/1981_Malappuram_medical_educational_amenities.pdf,b0c640acd2d9aa1d6f366b1ca43dcf03ca363a51d23887afbfd7b0502fda571f,2
Kerala,tehsil appendix,tehsil_appendix,1981_Malappuram_tehsil_appendix.pdf,output/pdf/1981_trimmed/Kerala/tehsil appendix/1981_Malappuram_tehsil_appendix.pdf,ca6fe8429fc452aec81d8cb30d2765c06fd695dc9df1d137f6d4c6f4b5775214,2
Kerala,civic amenities,civic_amenities,1981_Quilon_civic_amenities.pdf,output/pdf/1981_trimmed/Kerala/civic amenities/1981_Quilon_civic_amenities.pdf,21159d64f7c1040407c66c421f0297a6708b89337d91feaac9d7fa5fa902108b,2
Kerala,mededu,medical_educational_amenities,1981_Quilon_medical_educational_amenities.pdf,output/pdf/1981_trimmed/Kerala/mededu/1981_Quilon_medical_educational_amenities.pdf,2cc429049db719c811132424a81edf271d0c467c620f5a2029cf23f4dba1b47e,2
Kerala,tehsil appendix,tehsil_appendix,1981_Quilon_tehsil_appendix.pdf,output/pdf/1981_trimmed/Kerala/tehsil appendix/1981_Quilon_tehsil_appendix.pdf,675ccba05784cb243fa0395048b2dd3a63a9871f4de8dd60af0c8939c14dd274,2
Kerala,civic amenities,civic_amenities,1981_Trichur_civic_amenities.pdf,output/pdf/1981_trimmed/Kerala/civic amenities/1981_Trichur_civic_amenities.pdf,1dfbf8425ee3f047bb9d383d57fa2c91ba5d7bef3b324f6155e2161df442798d,2
Kerala,mededu,medical_educational_amenities,1981_Trichur_medical_educational_amenities.pdf,output/pdf/1981_trimmed/Kerala/mededu/1981_Trichur_medical_educational_amenities.pdf,ad5da9715337732b54507514a71ac0489ff9949816014c6425c4143a473e2a53,4
Kerala,tehsil appendix,tehsil_appendix,1981_Trichur_tehsil_appendix.pdf,output/pdf/1981_trimmed/Kerala/tehsil appendix/1981_Trichur_tehsil_appendix.pdf,0815d7df4f7d5cdc80b22e7ca63a67a5d952931e6a2a03bf1100bdb9f9f51416,2
Kerala,civic amenities,civic_amenities,1981_Trivandrum_civic_amenities.pdf,output/pdf/1981_trimmed/Kerala/civic amenities/1981_Trivandrum_civic_amenities.pdf,945cbb5e382f0a568b29ff63f49a931018fe125c3d06d5a630a73efe681dd41d,2
Kerala,mededu,medical_educational_amenities,1981_Trivandrum_medical_educational_amenities.pdf,output/pdf/1981_trimmed/Kerala/mededu/1981_Trivandrum_medical_educational_amenities.pdf,ac89e3c82ab4d2b1bbdb33e896815e38e5e099190729624d047f7ebebe4b3706,2
Kerala,tehsil appendix,tehsil_appendix,1981_Trivandrum_tehsil_appendix.pdf,output/pdf/1981_trimmed/Kerala/tehsil appendix/1981_Trivandrum_tehsil_appendix.pdf,423ee0ce76482574ccd5506801257c11c845d66202bad450f9bfd441d8fb3a42,2
Kerala,tehsil appendix,tehsil_appendix,1981_Wayanad_tehsil_appendix.pdf,output/pdf/1981_trimmed/Kerala/tehsil appendix/1981_Wayanad_tehsil_appendix.pdf,84c19f518e56666e49d0df796642a9ce484748373aa5abd5d939e9806c0659e1,2
Madhya Pradesh,civic amenities,civic_amenities,1981_Balaghat_civic_amenities.pdf,output/pdf/1981_trimmed/Madhya Pradesh/civic amenities/1981_Balaghat_civic_amenities.pdf,4d6b69f8243becf2eb434c06a1cd3de93c562358cfd9cc018f6ce158e4bff962,2
Madhya Pradesh,mededu,medical_educational_amenities,1981_Balaghat_medical_educational_amenities.pdf,output/pdf/1981_trimmed/Madhya Pradesh/mededu/1981_Balaghat_medical_educational_amenities.pdf,9fa7beb7b16af3380af6978ec6a6bf5437f3945bad853579de6fcfd29a88a658,2
Madhya Pradesh,tehsil appendix,tehsil_appendix,1981_Balaghat_tehsil_appendix.pdf,output/pdf/1981_trimmed/Madhya Pradesh/tehsil appendix/1981_Balaghat_tehsil_appendix.pdf,706e48b5bc844203e8b338bafd684f629be69ef498a8cc000fc07de0fdb67968,4
Madhya Pradesh,civic amenities,civic_amenities,1981_Bastar_civic_amenities.pdf,output/pdf/1981_trimmed/Madhya Pradesh/civic amenities/1981_Bastar_civic_amenities.pdf,d611c1156e637a81837a2d9276dcb18b46d495340048a5f9f8e9de393e75fd81,2
Madhya Pradesh,mededu,medical_educational_amenities,1981_Bastar_medical_educational_amenities.pdf,output/pdf/1981_trimmed/Madhya Pradesh/mededu/1981_Bastar_medical_educational_amenities.pdf,d132c21c6719f5ef88d8658d659c55738bba025006342b83f557bdf7cfdd1b2f,2
Madhya Pradesh,tehsil appendix,tehsil_appendix,1981_Bastar_tehsil_appendix.pdf,output/pdf/1981_trimmed/Madhya Pradesh/tehsil appendix/1981_Bastar_tehsil_appendix.pdf,5e317f67ee2c793571930f7829e63b32daea8932237aec47f893562db0bd187a,4
Madhya Pradesh,civic amenities,civic_amenities,1981_Betul_civic_amenities.pdf,output/pdf/1981_trimmed/Madhya Pradesh/civic amenities/1981_Betul_civic_amenities.pdf,3e05ef284d3114368b145d71a7d7012a9403d3dc638d43faaadb0c9b58e91062,2
Madhya Pradesh,mededu,medical_educational_amenities,1981_Betul_medical_educational_amenities.pdf,output/pdf/1981_trimmed/Madhya Pradesh/mededu/1981_Betul_medical_educational_amenities.pdf,5ee25ab8c0550e680cb5e99b88ed5ca50fb6718dcc3ff00aa9c0ad894b8eda56,2
Madhya Pradesh,tehsil appendix,tehsil_appendix,1981_Betul_tehsil_appendix.pdf,output/pdf/1981_trimmed/Madhya Pradesh/tehsil appendix/1981_Betul_tehsil_appendix.pdf,b5c871355a963dff90cba7e91a64ae2632b2cf99ad6dd4765a57294d2b68183b,4
Madhya Pradesh,civic amenities,civic_amenities,1981_Bhind_civic_amenities.pdf,output/pdf/1981_trimmed/Madhya Pradesh/civic amenities/1981_Bhind_civic_amenities.pdf,0d6838e0bb4f550dd6e477150e96aa43fba7312a06182504561eb28b1094a5e5,2
Madhya Pradesh,mededu,medical_educational_amenities,1981_Bhind_medical_educational_amenities.pdf,output/pdf/1981_trimmed/Madhya Pradesh/mededu/1981_Bhind_medical_educational_amenities.pdf,3c566dcea84407e95966c783cb0054051815f9e142ee4bed7986199a2b597a38,2
Madhya Pradesh,tehsil appendix,tehsil_appendix,1981_Bhind_tehsil_appendix.pdf,output/pdf/1981_trimmed/Madhya Pradesh/tehsil appendix/1981_Bhind_tehsil_appendix.pdf,34796e0e90b0803dba5f754a619c607a00d9e947ff03a1750fd27a6c55ccde6f,4
Madhya Pradesh,civic amenities,civic_amenities,1981_Bhopal_civic_amenities.pdf,output/pdf/1981_trimmed/Madhya Pradesh/civic amenities/1981_Bhopal_civic_amenities.pdf,966af24cdcd18d89462b524601a0a3efe1de369c9e6346a5af83b691610dd304,2
Madhya Pradesh,mededu,medical_educational_amenities,1981_Bhopal_medical_educational_amenities.pdf,output/pdf/1981_trimmed/Madhya Pradesh/mededu/1981_Bhopal_medical_educational_amenities.pdf,0bc4ca00e06324dca24526caa878d266137e62008270d00ad928cc92af7e8115,2
Madhya Pradesh,tehsil appendix,tehsil_appendix,1981_Bhopal_tehsil_appendix.pdf,output/pdf/1981_trimmed/Madhya Pradesh/tehsil appendix/1981_Bhopal_tehsil_appendix.pdf,403613e0c61d4da6dc23c2f21feaf39e33a6657515bb783c363d3267488f2eb3,3
Madhya Pradesh,civic amenities,civic_amenities,1981_Bilaspur_civic_amenities.pdf,output/pdf/1981_trimmed/Madhya Pradesh/civic amenities/1981_Bilaspur_civic_amenities.pdf,87e6e9347a0f99a61dd17399d71aba94594e7758bfb331e1ae1ffb67597e3847,4
Madhya Pradesh,mededu,medical_educational_amenities,1981_Bilaspur_medical_educational_amenities.pdf,output/pdf/1981_trimmed/Madhya Pradesh/mededu/1981_Bilaspur_medical_educational_amenities.pdf,43cbcdbd366ab5b035cdde2368d817cb0764383e06dd8ef0a004b869ba987384,4
Madhya Pradesh,tehsil appendix,tehsil_appendix,1981_Bilaspur_tehsil_appendix.pdf,output/pdf/1981_trimmed/Madhya Pradesh/tehsil appendix/1981_Bilaspur_tehsil_appendix.pdf,40e57ecf53f1efcb4b0a609cf8f58c2974fb5922cbe0fb317b9930286df3ec7c,4
Madhya Pradesh,civic amenities,civic_amenities,1981_Chhatarpur_civic_amenities.pdf,output/pdf/1981_trimmed/Madhya Pradesh/civic amenities/1981_Chhatarpur_civic_amenities.pdf,f67e05c1c8d2b7cb9127d32c8de5e260716637570c4a147e767f4ed39139e12b,1
Madhya Pradesh,mededu,medical_educational_amenities,1981_Chhatarpur_medical_educational_amenities.pdf,output/pdf/1981_trimmed/Madhya Pradesh/mededu/1981_Chhatarpur_medical_educational_amenities.pdf,214187f6935b6273ad937c73d1804b5db3ebe3ddb27c609e1f65c096c2a83053,2
Madhya Pradesh,tehsil appendix,tehsil_appendix,1981_Chhatarpur_tehsil_appendix.pdf,output/pdf/1981_trimmed/Madhya Pradesh/tehsil appendix/1981_Chhatarpur_tehsil_appendix.pdf,29ec2b6739499ab6d00b96b6d17476b997dc65ce74ff30790af2ad3c6f2d60a9,4
Madhya Pradesh,civic amenities,civic_amenities,1981_Chhindwara_civic_amenities.pdf,output/pdf/1981_trimmed/Madhya Pradesh/civic amenities/1981_Chhindwara_civic_amenities.pdf,5c9348b9920cffbaf0ef05c0f93ebcb73452f69d3e8b898c846f9ee2d4f35d59,2
Madhya Pradesh,mededu,medical_educational_amenities,1981_Chhindwara_medical_educational_amenities.pdf,output/pdf/1981_trimmed/Madhya Pradesh/mededu/1981_Chhindwara_medical_educational_amenities.pdf,3a26060f3d546e6caa335fe99c783438a72ee16f1970388b5d425c4b43137ba9,6
Madhya Pradesh,tehsil appendix,tehsil_appendix,1981_Chhindwara_tehsil_appendix.pdf,output/pdf/1981_trimmed/Madhya Pradesh/tehsil appendix/1981_Chhindwara_tehsil_appendix.pdf,9c6cc9351d69a65a04e831517fd81ca54ea18f6edb96fdb26c76848a4b6bf764,4
Madhya Pradesh,civic amenities,civic_amenities,1981_Datia_civic_amenities.pdf,output/pdf/1981_trimmed/Madhya Pradesh/civic amenities/1981_Datia_civic_amenities.pdf,194e7de5d4345ecff52b904324109e46deff27b2cfb836491a1388a18d89c497,2
Madhya Pradesh,mededu,medical_educational_amenities,1981_Datia_medical_educational_amenities.pdf,output/pdf/1981_trimmed/Madhya Pradesh/mededu/1981_Datia_medical_educational_amenities.pdf,d51bef609abe5ee6686fbde63ce4850e7f5cec41f5c95d5ecafde838e8c9275d,2
Madhya Pradesh,tehsil appendix,tehsil_appendix,1981_Datia_tehsil_appendix.pdf,output/pdf/1981_trimmed/Madhya Pradesh/tehsil appendix/1981_Datia_tehsil_appendix.pdf,bb7e14c477d443312becb2b44ae10a05888200a916385f4348361a06e1d50cfb,4
Madhya Pradesh,civic amenities,civic_amenities,1981_Dewas_civic_amenities.pdf,output/pdf/1981_trimmed/Madhya Pradesh/civic amenities/1981_Dewas_civic_amenities.pdf,207e5972d88b366813a49bfe6c9355b81d79c730fb4424c54a5458d1ca40d662,2
Madhya Pradesh,mededu,medical_educational_amenities,1981_Dewas_medical_educational_amenities.pdf,output/pdf/1981_trimmed/Madhya Pradesh/mededu/1981_Dewas_medical_educational_amenities.pdf,19dbc9b11bad3c4154be829f677b5e400daefd5bbac28d5753e0e68ec3e03b09,2
Madhya Pradesh,tehsil appendix,tehsil_appendix,1981_Dewas_tehsil_appendix.pdf,output/pdf/1981_trimmed/Madhya Pradesh/tehsil appendix/1981_Dewas_tehsil_appendix.pdf,64264eea8dafc44a1585605889f6e11f4d68ef315a599127314a32e009f06883,4
Madhya Pradesh,civic amenities,civic_amenities,1981_Dhar_civic_amenities.pdf,output/pdf/1981_trimmed/Madhya Pradesh/civic amenities/1981_Dhar_civic_amenities.pdf,da49ef08648ab5565c68756418081e7f5ebcefd2ccfbdd821b6a742e19e2e18c,2
Madhya Pradesh,mededu,medical_educational_amenities,1981_Dhar_medical_educational_amenities.pdf,output/pdf/1981_trimmed/Madhya Pradesh/mededu/1981_Dhar_medical_educational_amenities.pdf,d9cc5f047828f711d0ea962b268622609ff84ee885c1205bde7e8edbe46dddfc,2
Madhya Pradesh,tehsil appendix,tehsil_appendix,1981_Dhar_tehsil_appendix.pdf,output/pdf/1981_trimmed/Madhya Pradesh/tehsil appendix/1981_Dhar_tehsil_appendix.pdf,e84a39be1f049c733c03c8ca7885237cec38bbfef349e9a667feb9e7a025c871,4
Madhya Pradesh,civic amenities,civic_amenities,1981_Durg_civic_amenities.pdf,output/pdf/1981_trimmed/Madhya Pradesh/civic amenities/1981_Durg_civic_amenities.pdf,d1af9fc43489b14b9409d217bd30ed1585b10c69fa647e8440db74f5cbb9ec6e,4
Madhya Pradesh,mededu,medical_educational_amenities,1981_Durg_medical_educational_amenities.pdf,output/pdf/1981_trimmed/Madhya Pradesh/mededu/1981_Durg_medical_educational_amenities.pdf,bdbeb876ce43e709987d044d9a7aeaa7bed6decfc753367e4a30c63834fdba16,4
Madhya Pradesh,tehsil appendix,tehsil_appendix,1981_Durg_tehsil_appendix.pdf,output/pdf/1981_trimmed/Madhya Pradesh/tehsil appendix/1981_Durg_tehsil_appendix.pdf,4b897419a9dcd296d4e8ea32b648a9024bf43fb6e1d6443263c53475d7ef9e9f,4
Madhya Pradesh,civic amenities,civic_amenities,1981_East-Nimar_civic_amenities.pdf,output/pdf/1981_trimmed/Madhya Pradesh/civic amenities/1981_East-Nimar_civic_amenities.pdf,6addda4ff7414e88c1fa188d01cb73fdbabf785d5b1ca55225ca4f47761e0e2f,2
Madhya Pradesh,mededu,medical_educational_amenities,1981_East-Nimar_medical_educational_amenities.pdf,output/pdf/1981_trimmed/Madhya Pradesh/mededu/1981_East-Nimar_medical_educational_amenities.pdf,a105a1ba32894529e987a372d0a3341bd086e5b1ad2913bb61ff9c6a07e3c115,2
Madhya Pradesh,tehsil appendix,tehsil_appendix,1981_East-Nimar_tehsil_appendix.pdf,output/pdf/1981_trimmed/Madhya Pradesh/tehsil appendix/1981_East-Nimar_tehsil_appendix.pdf,528737761335d131a6675517ebcc176dea15f92862cb9fec337ae6dd78e9b375,4
Madhya Pradesh,civic amenities,civic_amenities,1981_Guna_civic_amenities.pdf,output/pdf/1981_trimmed/Madhya Pradesh/civic amenities/1981_Guna_civic_amenities.pdf,72dbc73a6a096a332168da1ad4c68ecd84d86318c5b244da8b467ea1a30d607a,2
Madhya Pradesh,mededu,medical_educational_amenities,1981_Guna_medical_educational_amenities.pdf,output/pdf/1981_trimmed/Madhya Pradesh/mededu/1981_Guna_medical_educational_amenities.pdf,a05a25424e8e4b74be47f78301944157f5ffd4f7c115c2eed85a770db21ed3d2,3
Madhya Pradesh,tehsil appendix,tehsil_appendix,1981_Guna_tehsil_appendix.pdf,output/pdf/1981_trimmed/Madhya Pradesh/tehsil appendix/1981_Guna_tehsil_appendix.pdf,6f6763e7512c020a343c62a9590ea7663fad0ed39c488b8cf379416055d45630,4
Madhya Pradesh,civic amenities,civic_amenities,1981_Gwalior_civic_amenities.pdf,output/pdf/1981_trimmed/Madhya Pradesh/civic amenities/1981_Gwalior_civic_amenities.pdf,5cf294b7e1a7a28bc1c06d0a45b903e002eff54f138bd260766edc6e16d4a6cc,3
Madhya Pradesh,mededu,medical_educational_amenities,1981_Gwalior_medical_educational_amenities.pdf,output/pdf/1981_trimmed/Madhya Pradesh/mededu/1981_Gwalior_medical_educational_amenities.pdf,44f0423ec0a4bcfbf22ace55b65eb8fffb82467978367b80cc88e8a2b6030ea8,2
Madhya Pradesh,tehsil appendix,tehsil_appendix,1981_Gwalior_tehsil_appendix.pdf,output/pdf/1981_trimmed/Madhya Pradesh/tehsil appendix/1981_Gwalior_tehsil_appendix.pdf,e996c282e86db2cd3d6ac15b121bb934ed165546fb1a96166469d20984876703,4
Madhya Pradesh,civic amenities,civic_amenities,1981_Hoshangabad_civic_amenities.pdf,output/pdf/1981_trimmed/Madhya Pradesh/civic amenities/1981_Hoshangabad_civic_amenities.pdf,1ba1cd7efa3fc92ae44fd4e24871f6235efab0f18fa051d310285b239edd002e,4
Madhya Pradesh,mededu,medical_educational_amenities,1981_Hoshangabad_medical_educational_amenities.pdf,output/pdf/1981_trimmed/Madhya Pradesh/mededu/1981_Hoshangabad_medical_educational_amenities.pdf,21a05fa343ce6f6e29ae1e610715cc0c4b2829c62938a48c4d453e6f70bed29b,4
Madhya Pradesh,tehsil appendix,tehsil_appendix,1981_Hoshangabad_tehsil_appendix.pdf,output/pdf/1981_trimmed/Madhya Pradesh/tehsil appendix/1981_Hoshangabad_tehsil_appendix.pdf,9438778b713646efe516ecc7cb0a54542cb761730338216aeb72b3757763504e,4
Madhya Pradesh,civic amenities,civic_amenities,1981_Indore_civic_amenities.pdf,output/pdf/1981_trimmed/Madhya Pradesh/civic amenities/1981_Indore_civic_amenities.pdf,c9b93c55815e47f168bc19c3b79b1089ad5b5d697e33892d2d8abb0ee3fd4cdf,2
Madhya Pradesh,mededu,medical_educational_amenities,1981_Indore_medical_educational_amenities.pdf,output/pdf/1981_trimmed/Madhya Pradesh/mededu/1981_Indore_medical_educational_amenities.pdf,96f995888cbc6a8f0ade32432223be3fb5d15ff8109259c30cd20a53b1e896db,3
Madhya Pradesh,tehsil appendix,tehsil_appendix,1981_Indore_tehsil_appendix.pdf,output/pdf/1981_trimmed/Madhya Pradesh/tehsil appendix/1981_Indore_tehsil_appendix.pdf,0e15c5531515e5fe8601fce9c0b024ac5a308703c8125fdb57cce4addd4c556b,4
Madhya Pradesh,civic amenities,civic_amenities,1981_Jabalpur_civic_amenities.pdf,output/pdf/1981_trimmed/Madhya Pradesh/civic amenities/1981_Jabalpur_civic_amenities.pdf,c77f0d7efa77cdef5877c20d655494fc7b2e0d86ab03f1d6694e5c9e18d0e85a,4
Madhya Pradesh,mededu,medical_educational_amenities,1981_Jabalpur_medical_educational_amenities.pdf,output/pdf/1981_trimmed/Madhya Pradesh/mededu/1981_Jabalpur_medical_educational_amenities.pdf,3c971bf35f9cf37a9cc9cc23f864d6b78fa1e8efa4a651762a037070a817f039,6
Madhya Pradesh,tehsil appendix,tehsil_appendix,1981_Jabalpur_tehsil_appendix.pdf,output/pdf/1981_trimmed/Madhya Pradesh/tehsil appendix/1981_Jabalpur_tehsil_appendix.pdf,7f4f6426f2eaa53dd3891b9f7871cf7ae3b8ca5a2a1a6cfe9e5820c120aa4703,4
Madhya Pradesh,civic amenities,civic_amenities,1981_Jhabua_civic_amenities.pdf,output/pdf/1981_trimmed/Madhya Pradesh/civic amenities/1981_Jhabua_civic_amenities.pdf,4368b95587124d05ea738eaf23d5a37f51705003a7e7ca5a2d531b2a2744a4e9,2
Madhya Pradesh,mededu,medical_educational_amenities,1981_Jhabua_medical_educational_amenities.pdf,output/pdf/1981_trimmed/Madhya Pradesh/mededu/1981_Jhabua_medical_educational_amenities.pdf,0fc793dd7c0ff152b244402ae9c9b206c3da0a3798cf5653d82863d35c8ee0d2,2
Madhya Pradesh,tehsil appendix,tehsil_appendix,1981_Jhabua_tehsil_appendix.pdf,output/pdf/1981_trimmed/Madhya Pradesh/tehsil appendix/1981_Jhabua_tehsil_appendix.pdf,1c71cb39b48a49cd245fcf4abcbc5b38412da3011e9fed3ebf4ae0341b11cc48,4
Madhya Pradesh,civic amenities,civic_amenities,1981_Mandla_civic_amenities.pdf,output/pdf/1981_trimmed/Madhya Pradesh/civic amenities/1981_Mandla_civic_amenities.pdf,70ef096f6aae8a5cb9867fe8c9e53b3ef5ae8fb9586d734b823b470f5478f10d,2
Madhya Pradesh,mededu,medical_educational_amenities,1981_Mandla_medical_educational_amenities.pdf,output/pdf/1981_trimmed/Madhya Pradesh/mededu/1981_Mandla_medical_educational_amenities.pdf,e98ad84602f36bbb2f38f022f4f3613852afaa1002f2715db90191e256d0b354,2
Madhya Pradesh,tehsil appendix,tehsil_appendix,1981_Mandla_tehsil_appendix.pdf,output/pdf/1981_trimmed/Madhya Pradesh/tehsil appendix/1981_Mandla_tehsil_appendix.pdf,64ad9bd4ff5dbbd88220694b96de8dfb850218decdc741fc0b62b7069298b3f6,4
Madhya Pradesh,civic amenities,civic_amenities,1981_Mandsaur_civic_amenities.pdf,output/pdf/1981_trimmed/Madhya Pradesh/civic amenities/1981_Mandsaur_civic_amenities.pdf,496ea5b2a4fac1a6be721c52fef9072000636f2da90122516ef1993378116c7b,4
Madhya Pradesh,mededu,medical_educational_amenities,1981_Mandsaur_medical_educational_amenities.pdf,output/pdf/1981_trimmed/Madhya Pradesh/mededu/1981_Mandsaur_medical_educational_amenities.pdf,5799d598cf5b78a3ee39e42d8f97d5f8d1432cffdd7b6b47e1fe7a1103ef6513,4
Madhya Pradesh,tehsil appendix,tehsil_appendix,1981_Mandsaur_tehsil_appendix.pdf,output/pdf/1981_trimmed/Madhya Pradesh/tehsil appendix/1981_Mandsaur_tehsil_appendix.pdf,256a1095f1c0b5e30d4d11fbe365c8f9285034599d57239fb432cb512c2cb894,4
Madhya Pradesh,civic amenities,civic_amenities,1981_Morena_civic_amenities.pdf,output/pdf/1981_trimmed/Madhya Pradesh/civic amenities/1981_Morena_civic_amenities.pdf,420fa204e2be69efba1a77177e26faa3a083b8788de1a0de2d3604991b86451f,2
Madhya Pradesh,mededu,medical_educational_amenities,1981_Morena_medical_educational_amenities.pdf,output/pdf/1981_trimmed/Madhya Pradesh/mededu/1981_Morena_medical_educational_amenities.pdf,baf1f55400951e7d0bd8c0240b6add2300c354c95be55dfc11f8b7860a45cf13,4
Madhya Pradesh,tehsil appendix,tehsil_appendix,1981_Morena_tehsil_appendix.pdf,output/pdf/1981_trimmed/Madhya Pradesh/tehsil appendix/1981_Morena_tehsil_appendix.pdf,e6c1d47d101ce08a309b02d4511c2055246e5c8b4e535dc1edd65811a157466b,4
Madhya Pradesh,civic amenities,civic_amenities,1981_Narsimhapur_civic_amenities.pdf,output/pdf/1981_trimmed/Madhya Pradesh/civic amenities/1981_Narsimhapur_civic_amenities.pdf,d88801679afb4136ad335b7f88471910d156c783944b51212ae1a1f0dcfd4760,2
Madhya Pradesh,mededu,medical_educational_amenities,1981_Narsimhapur_medical_educational_amenities.pdf,output/pdf/1981_trimmed/Madhya Pradesh/mededu/1981_Narsimhapur_medical_educational_amenities.pdf,fec355862caa5e811c38c2b806f5fbc7803cf6eb6d4c5c6e5f88c3fdd5a4f391,2
Madhya Pradesh,civic amenities,civic_amenities,1981_Panna_civic_amenities.pdf,output/pdf/1981_trimmed/Madhya Pradesh/civic amenities/1981_Panna_civic_amenities.pdf,9790ad4b7741d3d915e7a25144dcc2534fbad9b2a06b0e3f919a0448f066b48b,2
Madhya Pradesh,mededu,medical_educational_amenities,1981_Panna_medical_educational_amenities.pdf,output/pdf/1981_trimmed/Madhya Pradesh/mededu/1981_Panna_medical_educational_amenities.pdf,2a84fb7b7fff488c4b878a68d1e1fbc3ce396e1681d823cda90e50ac0ef447c9,2
Madhya Pradesh,tehsil appendix,tehsil_appendix,1981_Panna_tehsil_appendix.pdf,output/pdf/1981_trimmed/Madhya Pradesh/tehsil appendix/1981_Panna_tehsil_appendix.pdf,e0a1762d600f22d18e6837ee50b5f56777d81b540de0f9b273b10c3ae2cae678,4
Madhya Pradesh,civic amenities,civic_amenities,1981_Raigarh_civic_amenities.pdf,output/pdf/1981_trimmed/Madhya Pradesh/civic amenities/1981_Raigarh_civic_amenities.pdf,13fa8cd46a18d69124ad715bab246550d5ce59c23747ab6bce2ea481bbe8270d,2
Madhya Pradesh,mededu,medical_educational_amenities,1981_Raigarh_medical_educational_amenities.pdf,output/pdf/1981_trimmed/Madhya Pradesh/mededu/1981_Raigarh_medical_educational_amenities.pdf,69529b2fd78c349a9636187cca51bfa296eade0733f0235d449e2c42e59382d6,3
Madhya Pradesh,tehsil appendix,tehsil_appendix,1981_Raigarh_tehsil_appendix.pdf,output/pdf/1981_trimmed/Madhya Pradesh/tehsil appendix/1981_Raigarh_tehsil_appendix.pdf,86990e97fcfbbce7b2eadc6cc169cfe179f58f2be822ec9b0738a047a4e59280,4
Madhya Pradesh,civic amenities,civic_amenities,1981_Raipur_civic_amenities.pdf,output/pdf/1981_trimmed/Madhya Pradesh/civic amenities/1981_Raipur_civic_amenities.pdf,e69e2198c6178fad6d330bdc2b37b5db8003b711974fcb67400b94bd7c7cd5bc,2
Madhya Pradesh,mededu,medical_educational_amenities,1981_Raipur_medical_educational_amenities.pdf,output/pdf/1981_trimmed/Madhya Pradesh/mededu/1981_Raipur_medical_educational_amenities.pdf,9af344246c1b4826a7772a105c640910d64784821a6d95e0ebd5037fcb314cf2,2
Madhya Pradesh,tehsil appendix,tehsil_appendix,1981_Raipur_tehsil_appendix.pdf,output/pdf/1981_trimmed/Madhya Pradesh/tehsil appendix/1981_Raipur_tehsil_appendix.pdf,8dc1d417fe1c1b71ca538841b6d7955dd140abce762cca7208a9ccf333d925b8,4
Madhya Pradesh,civic amenities,civic_amenities,1981_Raisen_civic_amenities.pdf,output/pdf/1981_trimmed/Madhya Pradesh/civic amenities/1981_Raisen_civic_amenities.pdf,11cdc9d4127e150aabcf46bc4853e854bf77d3a5a9a48daa56f039704613f205,2
Madhya Pradesh,mededu,medical_educational_amenities,1981_Raisen_medical_educational_amenities.pdf,output/pdf/1981_trimmed/Madhya Pradesh/mededu/1981_Raisen_medical_educational_amenities.pdf,4290cbdd47bcc84ab55acf55539df022a6db52ef6e8eaa18411ff02f0381ca8a,3
Madhya Pradesh,civic amenities,civic_amenities,1981_Rajnandgaon_civic_amenities.pdf,output/pdf/1981_trimmed/Madhya Pradesh/civic amenities/1981_Rajnandgaon_civic_amenities.pdf,94e609cd2f3cba86f25ae714bd1a931f087cac34acbdeebd95f32a51c02f8baf,2
Madhya Pradesh,mededu,medical_educational_amenities,1981_Rajnandgaon_medical_educational_amenities.pdf,output/pdf/1981_trimmed/Madhya Pradesh/mededu/1981_Rajnandgaon_medical_educational_amenities.pdf,9ddf83c62d7ba9e9b983c4871ac6865cc5e42cbc410d952712091893a736ab69,3
Madhya Pradesh,tehsil appendix,tehsil_appendix,1981_Rajnandgaon_tehsil_appendix.pdf,output/pdf/1981_trimmed/Madhya Pradesh/tehsil appendix/1981_Rajnandgaon_tehsil_appendix.pdf,2548f1cbd67cf972ddde2df80f62dafd8d4f861abb3938bf285651fb8da6e1e4,4
Madhya Pradesh,civic amenities,civic_amenities,1981_Ratlam_civic_amenities.pdf,output/pdf/1981_trimmed/Madhya Pradesh/civic amenities/1981_Ratlam_civic_amenities.pdf,58cb4cb697b066f6deab354c56d68f5f8c09948db133d2fc6dfa59fac2455f9c,2
Madhya Pradesh,mededu,medical_educational_amenities,1981_Ratlam_medical_educational_amenities.pdf,output/pdf/1981_trimmed/Madhya Pradesh/mededu/1981_Ratlam_medical_educational_amenities.pdf,280711cc80a3ebbdd1e629df0957e3b35f84c564f696d17b1ea18196fdd0081e,4
Madhya Pradesh,tehsil appendix,tehsil_appendix,1981_Ratlam_tehsil_appendix.pdf,output/pdf/1981_trimmed/Madhya Pradesh/tehsil appendix/1981_Ratlam_tehsil_appendix.pdf,b7b3950d604f694819acf520f7164ccd48ae18963f84df446a5c465c4afbb479,4
Madhya Pradesh,civic amenities,civic_amenities,1981_Rewa_civic_amenities.pdf,output/pdf/1981_trimmed/Madhya Pradesh/civic amenities/1981_Rewa_civic_amenities.pdf,2fbb8f6c50adce08d1edded7bffc28bd4d8bf6cc0fa06837fc07aeab1761e465,2
Madhya Pradesh,mededu,medical_educational_amenities,1981_Rewa_medical_educational_amenities.pdf,output/pdf/1981_trimmed/Madhya Pradesh/mededu/1981_Rewa_medical_educational_amenities.pdf,8a555b244bc291119b8bfa607c344946c624d42f0e2afed9f1b40cdc7dcc7642,3
Madhya Pradesh,tehsil appendix,tehsil_appendix,1981_Rewa_tehsil_appendix.pdf,output/pdf/1981_trimmed/Madhya Pradesh/tehsil appendix/1981_Rewa_tehsil_appendix.pdf,dacbbe634fe2b2a9c180ea8a1cfb8f93d633a494e9a5c69747303880dad280f2,4
Madhya Pradesh,civic amenities,civic_amenities,1981_Sagar_civic_amenities.pdf,output/pdf/1981_trimmed/Madhya Pradesh/civic amenities/1981_Sagar_civic_amenities.pdf,ff5d4af6327b287ba0ae0e85765b07484936ea56067ce340da4b7212685aa7f0,5
Madhya Pradesh,mededu,medical_educational_amenities,1981_Sagar_medical_educational_amenities.pdf,output/pdf/1981_trimmed/Madhya Pradesh/mededu/1981_Sagar_medical_educational_amenities.pdf,23a7bf799e40e1aeddafe7b5c1329194c3e2c5a391f67eedf75d523735f6f38c,5
Madhya Pradesh,tehsil appendix,tehsil_appendix,1981_Sagar_tehsil_appendix.pdf,output/pdf/1981_trimmed/Madhya Pradesh/tehsil appendix/1981_Sagar_tehsil_appendix.pdf,c3f20a64750ca641ba02be5856767656f96b63267aae32434736038816f59032,4
Madhya Pradesh,civic amenities,civic_amenities,1981_Sehore_civic_amenities.pdf,output/pdf/1981_trimmed/Madhya Pradesh/civic amenities/1981_Sehore_civic_amenities.pdf,627a065e02c5998e717befce0109d6938afaa914b4305344f23630ed95add177,2
Madhya Pradesh,mededu,medical_educational_amenities,1981_Sehore_medical_educational_amenities.pdf,output/pdf/1981_trimmed/Madhya Pradesh/mededu/1981_Sehore_medical_educational_amenities.pdf,96d0721b518c48b35ab9f9f9b125d70e120265cf84ea43dcb7899b7ac7593ed8,2
Madhya Pradesh,tehsil appendix,tehsil_appendix,1981_Sehore_tehsil_appendix.pdf,output/pdf/1981_trimmed/Madhya Pradesh/tehsil appendix/1981_Sehore_tehsil_appendix.pdf,f890b6483ffc869b04b140a874bc7540f8a6120fbe90f735385beaac5747f9bb,4
Madhya Pradesh,civic amenities,civic_amenities,1981_Seoni_civic_amenities.pdf,output/pdf/1981_trimmed/Madhya Pradesh/civic amenities/1981_Seoni_civic_amenities.pdf,b94c5c81f60cb18f6d79a1e7407bdc8aa680c3d8af809e9895423fb36d54c4fd,2
Madhya Pradesh,mededu,medical_educational_amenities,1981_Seoni_medical_educational_amenities.pdf,output/pdf/1981_trimmed/Madhya Pradesh/mededu/1981_Seoni_medical_educational_amenities.pdf,269dabc1243698c86c34e1cedcfe02c414c4deffae3ebbc4566c39130d936047,2
Madhya Pradesh,tehsil appendix,tehsil_appendix,1981_Seoni_tehsil_appendix.pdf,output/pdf/1981_trimmed/Madhya Pradesh/tehsil appendix/1981_Seoni_tehsil_appendix.pdf,89f6be796bd55cfa95acaf3f035f416054f1058140bda52a355f4a91eac307c6,4
Madhya Pradesh,civic amenities,civic_amenities,1981_Shahdol_civic_amenities.pdf,output/pdf/1981_trimmed/Madhya Pradesh/civic amenities/1981_Shahdol_civic_amenities.pdf,ae9f072ab14062e158aef683d88cce49a76c83f494e3286e1ee37d0ecce9ab98,4
Madhya Pradesh,mededu,medical_educational_amenities,1981_Shahdol_medical_educational_amenities.pdf,output/pdf/1981_trimmed/Madhya Pradesh/mededu/1981_Shahdol_medical_educational_amenities.pdf,8d64f9a620901ece3c014c86da7ef387817d868efabcde5a1e13b9e35a23b362,4
Madhya Pradesh,tehsil appendix,tehsil_appendix,1981_Shahdol_tehsil_appendix.pdf,output/pdf/1981_trimmed/Madhya Pradesh/tehsil appendix/1981_Shahdol_tehsil_appendix.pdf,0797c8362c2e2f3db4bf4fc0a88dd00d5df51ac5f9a2d96355114708d0dd738f,4
Madhya Pradesh,civic amenities,civic_amenities,1981_Shajapur_civic_amenities.pdf,output/pdf/1981_trimmed/Madhya Pradesh/civic amenities/1981_Shajapur_civic_amenities.pdf,86dc1e65ba30734e8ab5d42a44fb42d2a21938aae0e4883e7b18e48100f639a7,2
Madhya Pradesh,mededu,medical_educational_amenities,1981_Shajapur_medical_educational_amenities.pdf,output/pdf/1981_trimmed/Madhya Pradesh/mededu/1981_Shajapur_medical_educational_amenities.pdf,85be8da5d793cd3f098c82184151b63d87e99177c0b078ac8a95f92ae232e780,2
Madhya Pradesh,tehsil appendix,tehsil_appendix,1981_Shajapur_tehsil_appendix.pdf,output/pdf/1981_trimmed/Madhya Pradesh/tehsil appendix/1981_Shajapur_tehsil_appendix.pdf,71918e053ec8b6f4c69c974ddd0f39dcac5b3c6d0c9b6c1aa69a3c9b740346b3,4
Madhya Pradesh,civic amenities,civic_amenities,1981_Shivpuri_civic_amenities.pdf,output/pdf/1981_trimmed/Madhya Pradesh/civic amenities/1981_Shivpuri_civic_amenities.pdf,7e0bb3e0d86576bd3249015e1cc7e14ebe8dfc81111df6145da65fb92263cbaa,2
Madhya Pradesh,mededu,medical_educational_amenities,1981_Shivpuri_medical_educational_amenities.pdf,output/pdf/1981_trimmed/Madhya Pradesh/mededu/1981_Shivpuri_medical_educational_amenities.pdf,a07c309aad13410d948223ce38a9c915edc292978f588f3765848372b1640865,2
Madhya Pradesh,tehsil appendix,tehsil_appendix,1981_Shivpuri_tehsil_appendix.pdf,output/pdf/1981_trimmed/Madhya Pradesh/tehsil appendix/1981_Shivpuri_tehsil_appendix.pdf,e20fd2a1d94d516b2a2a73c7b7c2f793400b9d734680c47736a4ed0a7777d698,4
Madhya Pradesh,civic amenities,civic_amenities,1981_Sidhi_civic_amenities.pdf,output/pdf/1981_trimmed/Madhya Pradesh/civic amenities/1981_Sidhi_civic_amenities.pdf,3bd44951b6eec8b30e4594633d13dfea7382b420ae1c4f2bb870d07bec70a20e,2
Madhya Pradesh,mededu,medical_educational_amenities,1981_Sidhi_medical_educational_amenities.pdf,output/pdf/1981_trimmed/Madhya Pradesh/mededu/1981_Sidhi_medical_educational_amenities.pdf,d141cbf9833041d22eec74a2b4d9bb76bca02c8496a411a30d9f89b869f9c2f9,2
Madhya Pradesh,tehsil appendix,tehsil_appendix,1981_Sidhi_tehsil_appendix.pdf,output/pdf/1981_trimmed/Madhya Pradesh/tehsil appendix/1981_Sidhi_tehsil_appendix.pdf,9f03ef0c8f799338a07584f706b36a9c7b7d4b0190039924135b11e8f52a6178,4
Madhya Pradesh,civic amenities,civic_amenities,1981_Surguja_civic_amenities.pdf,output/pdf/1981_trimmed/Madhya Pradesh/civic amenities/1981_Surguja_civic_amenities.pdf,50123af889469fd1e086b65d6e8bcc5a318708a99820651e38a03d7f19c083bc,2
Madhya Pradesh,mededu,medical_educational_amenities,1981_Surguja_medical_educational_amenities.pdf,output/pdf/1981_trimmed/Madhya Pradesh/mededu/1981_Surguja_medical_educational_amenities.pdf,5511d13fdd7db51cffe4973e8004d12930500ec297b7fa8a6cd34e31df295e41,4
Madhya Pradesh,tehsil appendix,tehsil_appendix,1981_Surguja_tehsil_appendix.pdf,output/pdf/1981_trimmed/Madhya Pradesh/tehsil appendix/1981_Surguja_tehsil_appendix.pdf,ef7ccfd32dcbe7e025bc9552cb131fa399110d02aefba72369140d2ec689bec3,4
Madhya Pradesh,civic amenities,civic_amenities,1981_Tikamgarh_civic_amenities.pdf,output/pdf/1981_trimmed/Madhya Pradesh/civic amenities/1981_Tikamgarh_civic_amenities.pdf,3801c28562cb2a38c0bae7faaaa9585e8acafc0dcc73f6e49e895047088c9a46,2
Madhya Pradesh,mededu,medical_educational_amenities,1981_Tikamgarh_medical_educational_amenities.pdf,output/pdf/1981_trimmed/Madhya Pradesh/mededu/1981_Tikamgarh_medical_educational_amenities.pdf,2a4853742dffc2bf1523ee68cab222693dbcf5c1386f1be73a655e4ca431d82e,2
Madhya Pradesh,tehsil appendix,tehsil_appendix,1981_Tikamgarh_tehsil_appendix.pdf,output/pdf/1981_trimmed/Madhya Pradesh/tehsil appendix/1981_Tikamgarh_tehsil_appendix.pdf,c8689e3c10efce058da1685a0dff1e63d85f44d341d1b045cbe6e8926e8361e4,4
Madhya Pradesh,civic amenities,civic_amenities,1981_Ujjain_civic_amenities.pdf,output/pdf/1981_trimmed/Madhya Pradesh/civic amenities/1981_Ujjain_civic_amenities.pdf,7e0665930deafc594cc53e631cb829ac5e0ee2c744c48a7e7b857fd67be82dd8,2
Madhya Pradesh,mededu,medical_educational_amenities,1981_Ujjain_medical_educational_amenities.pdf,output/pdf/1981_trimmed/Madhya Pradesh/mededu/1981_Ujjain_medical_educational_amenities.pdf,4c6e8388fd3d8b256ae97ec156f1e6329d8470de38fda8fb2c4fcc6074cf5f75,2
Madhya Pradesh,tehsil appendix,tehsil_appendix,1981_Ujjain_tehsil_appendix.pdf,output/pdf/1981_trimmed/Madhya Pradesh/tehsil appendix/1981_Ujjain_tehsil_appendix.pdf,61792c485cbaa29baaa5688cf7afb6be6497880e0b51fb8776ea9a0fbab1a1e9,4
Madhya Pradesh,civic amenities,civic_amenities,1981_West-Nimar_civic_amenities.pdf,output/pdf/1981_trimmed/Madhya Pradesh/civic amenities/1981_West-Nimar_civic_amenities.pdf,0c3f277374513df5768fe177ed234e88ede64f06b68f7530dd2483a08b1b1bc0,4
Madhya Pradesh,mededu,medical_educational_amenities,1981_West-Nimar_medical_educational_amenities.pdf,output/pdf/1981_trimmed/Madhya Pradesh/mededu/1981_West-Nimar_medical_educational_amenities.pdf,7d355f38a5c55b98b70e4dd1dcd2d950e6ac59025cc17f4e981c7da63ab503fd,4
Madhya Pradesh,tehsil appendix,tehsil_appendix,1981_West-Nimar_tehsil_appendix.pdf,output/pdf/1981_trimmed/Madhya Pradesh/tehsil appendix/1981_West-Nimar_tehsil_appendix.pdf,c22e2114e2e100a4744b98263280b4f223f600ed2f83be8d7c3e1df89cb2e7e1,4
Maharashtra,civic amenities,civic_amenities,1981_Ahmadnagar_civic_amenities.pdf,output/pdf/1981_trimmed/Maharashtra/civic amenities/1981_Ahmadnagar_civic_amenities.pdf,85e06e904bb6c3f56a28a9ec0ba420a4d25b66bae7cc743b73294a2a32e4d823,1
Maharashtra,mededu,medical_educational_amenities,1981_Ahmadnagar_medical_educational_amenities.pdf,output/pdf/1981_trimmed/Maharashtra/mededu/1981_Ahmadnagar_medical_educational_amenities.pdf,35d1484e534d0c3dc5e8348e3051a7a2f847d6a3161854e1e4a60f6d5d045eab,2
Maharashtra,tehsil appendix,tehsil_appendix,1981_Ahmadnagar_tehsil_appendix.pdf,output/pdf/1981_trimmed/Maharashtra/tehsil appendix/1981_Ahmadnagar_tehsil_appendix.pdf,95aaf90aec38ae687b608e57399d0df50554245f64dc54996ba3c77922925fff,2
Maharashtra,civic amenities,civic_amenities,1981_Akola_civic_amenities.pdf,output/pdf/1981_trimmed/Maharashtra/civic amenities/1981_Akola_civic_amenities.pdf,1d6d38c410d513ad007a96da8d02e0bfff7bce24992b838314b51907e5253a39,1
Maharashtra,mededu,medical_educational_amenities,1981_Akola_medical_educational_amenities.pdf,output/pdf/1981_trimmed/Maharashtra/mededu/1981_Akola_medical_educational_amenities.pdf,3dfd28c342006e6ddfe74f42af874ed0064092c72f1f304317755e03654832bb,2
Maharashtra,tehsil appendix,tehsil_appendix,1981_Akola_tehsil_appendix.pdf,output/pdf/1981_trimmed/Maharashtra/tehsil appendix/1981_Akola_tehsil_appendix.pdf,d5a41fc2b5d8c8b21284903a974656292526f41414641938506a4480f14d9fa3,2
Maharashtra,civic amenities,civic_amenities,1981_Amravati_civic_amenities.pdf,output/pdf/1981_trimmed/Maharashtra/civic amenities/1981_Amravati_civic_amenities.pdf,f20c564a5d4037111d5e6abc25afd9e2c899e893890c23f8cb97b68cf68ed342,1
Maharashtra,mededu,medical_educational_amenities,1981_Amravati_medical_educational_amenities.pdf,output/pdf/1981_trimmed/Maharashtra/mededu/1981_Amravati_medical_educational_amenities.pdf,6a15e81d8afde230143512284878eac2fa0db24699f8f07430e7d281511633a5,2
Maharashtra,tehsil appendix,tehsil_appendix,1981_Amravati_tehsil_appendix.pdf,output/pdf/1981_trimmed/Maharashtra/tehsil appendix/1981_Amravati_tehsil_appendix.pdf,f07d7116c5296290f4773079d3c47a50bdfb75e03fcb056a1fe17094bcad0430,2
Maharashtra,civic amenities,civic_amenities,1981_Bhandara_civic_amenities.pdf,output/pdf/1981_trimmed/Maharashtra/civic amenities/1981_Bhandara_civic_amenities.pdf,2f423a592ffeb89bef34d0defd3111a0a8437004aba9f8a8df83dcfcefc4b47a,1
Maharashtra,mededu,medical_educational_amenities,1981_Bhandara_medical_educational_amenities.pdf,output/pdf/1981_trimmed/Maharashtra/mededu/1981_Bhandara_medical_educational_amenities.pdf,d1a66efafe248f207523fcd50b70b87af06474f72881b0e71dc03f5d4f78392b,2
Maharashtra,tehsil appendix,tehsil_appendix,1981_Bhandara_tehsil_appendix.pdf,output/pdf/1981_trimmed/Maharashtra/tehsil appendix/1981_Bhandara_tehsil_appendix.pdf,025edcf52910e61494374f0e44a1045364df75d5358d41cf604d650f335dc82f,2
Maharashtra,civic amenities,civic_amenities,1981_Bid_civic_amenities.pdf,output/pdf/1981_trimmed/Maharashtra/civic amenities/1981_Bid_civic_amenities.pdf,5bf398b43f81e9ae16d073c242fee24ca5bd4270f4300f3345c23f90517669f1,1
Maharashtra,mededu,medical_educational_amenities,1981_Bid_medical_educational_amenities.pdf,output/pdf/1981_trimmed/Maharashtra/mededu/1981_Bid_medical_educational_amenities.pdf,0bcf05f510fd3355f1e766432cd3071f8ecf4904f53dff3453ee341c3279d601,2
Maharashtra,tehsil appendix,tehsil_appendix,1981_Bid_tehsil_appendix.pdf,output/pdf/1981_trimmed/Maharashtra/tehsil appendix/1981_Bid_tehsil_appendix.pdf,c32839cdb55d8525ec72681531aa9be9c5bde203651c8566474373f73337a93d,2
Maharashtra,civic amenities,civic_amenities,1981_Buldana_civic_amenities.pdf,output/pdf/1981_trimmed/Maharashtra/civic amenities/1981_Buldana_civic_amenities.pdf,940dce3b4e467b90dc47cb9e6886e65f0b7546f896a2d20bba93bc49b8bbdb30,1
Maharashtra,mededu,medical_educational_amenities,1981_Buldana_medical_educational_amenities.pdf,output/pdf/1981_trimmed/Maharashtra/mededu/1981_Buldana_medical_educational_amenities.pdf,c9bd0be6c6af7e86f32d941293d74ca23ea16f51a1be4ecf862e3baec5e329cb,2
Maharashtra,tehsil appendix,tehsil_appendix,1981_Buldana_tehsil_appendix.pdf,output/pdf/1981_trimmed/Maharashtra/tehsil appendix/1981_Buldana_tehsil_appendix.pdf,4199ecd919d734c4752c0bf6c8236de8f3f38d5127ed824177070ddc5c0d40be,2
Maharashtra,civic amenities,civic_amenities,1981_Chandrapur_civic_amenities.pdf,output/pdf/1981_trimmed/Maharashtra/civic amenities/1981_Chandrapur_civic_amenities.pdf,ef6efb8938769568d4a7dac9fb8ccca2d98641da8950c40a5b159158f74a735a,1
Maharashtra,mededu,medical_educational_amenities,1981_Chandrapur_medical_educational_amenities.pdf,output/pdf/1981_trimmed/Maharashtra/mededu/1981_Chandrapur_medical_educational_amenities.pdf,7208fd2ebe135c7e7dc8a05aec855abc8243bfb6d4e3c5276a1fc2ba912e4c13,2
Maharashtra,tehsil appendix,tehsil_appendix,1981_Chandrapur_tehsil_appendix.pdf,output/pdf/1981_trimmed/Maharashtra/tehsil appendix/1981_Chandrapur_tehsil_appendix.pdf,2efdd906a13a9d58ac3051f963c768b5d69c759ad877469d5b23eff1f617429e,2
Maharashtra,civic amenities,civic_amenities,1981_Dhule_civic_amenities.pdf,output/pdf/1981_trimmed/Maharashtra/civic amenities/1981_Dhule_civic_amenities.pdf,00499c64bc513831a87212c710c9f044c6155576cf22821b1a36aa97bca9b423,1
Maharashtra,mededu,medical_educational_amenities,1981_Dhule_medical_educational_amenities.pdf,output/pdf/1981_trimmed/Maharashtra/mededu/1981_Dhule_medical_educational_amenities.pdf,465aa2fe0f781adfc087d200bab7c2bea148c7ec30cffba6b848f4aefdfae938,2
Maharashtra,tehsil appendix,tehsil_appendix,1981_Dhule_tehsil_appendix.pdf,output/pdf/1981_trimmed/Maharashtra/tehsil appendix/1981_Dhule_tehsil_appendix.pdf,4b722219ed97408b2b497ed82f1f89a348b0eb96334aa6b74c030295f2f5813e,2
Maharashtra,civic amenities,civic_amenities,1981_Greater Maharashtra_civic_amenities.pdf,output/pdf/1981_trimmed/Maharashtra/civic amenities/1981_Greater Maharashtra_civic_amenities.pdf,86868c2bdc5abb855d23eb211ea7d319ed218d9bf24f7b5e9adf430d412ee88b,1
Maharashtra,mededu,medical_educational_amenities,1981_Greater Maharashtra_medical_educational_amenities.pdf,output/pdf/1981_trimmed/Maharashtra/mededu/1981_Greater Maharashtra_medical_educational_amenities.pdf,b4c3257cad6ed68b182ba52629c8c2ae1a58729b69dcad0b7daaf7f52431e774,2
Maharashtra,civic amenities,civic_amenities,1981_Jalgaon_civic_amenities.pdf,output/pdf/1981_trimmed/Maharashtra/civic amenities/1981_Jalgaon_civic_amenities.pdf,41888b6a43b6a2bc7d36266a863df732af30330ced51c98c3cd31b41e7723daa,1
Maharashtra,mededu,medical_educational_amenities,1981_Jalgaon_medical_educational_amenities.pdf,output/pdf/1981_trimmed/Maharashtra/mededu/1981_Jalgaon_medical_educational_amenities.pdf,817375100d8bed32b4c17d335159f0024bcea8dcb9b938d218dda6a483caf12b,2
Maharashtra,tehsil appendix,tehsil_appendix,1981_Jalgaon_tehsil_appendix.pdf,output/pdf/1981_trimmed/Maharashtra/tehsil appendix/1981_Jalgaon_tehsil_appendix.pdf,5e4b152de8a1e9d5667e57dd9ad0e267d95894cb548d8a3655596149492c0ad1,2
Maharashtra,civic amenities,civic_amenities,1981_Kolhapur_civic_amenities.pdf,output/pdf/1981_trimmed/Maharashtra/civic amenities/1981_Kolhapur_civic_amenities.pdf,f448331d9bea1558196c2b46c1fe051ca6ca075cba9ae7a372b060a65291b702,1
Maharashtra,mededu,medical_educational_amenities,1981_Kolhapur_medical_educational_amenities.pdf,output/pdf/1981_trimmed/Maharashtra/mededu/1981_Kolhapur_medical_educational_amenities.pdf,ca88d4a9982bc775460634f18db762465edbcca4400ac6e3b8a7c4951cd16d43,2
Maharashtra,tehsil appendix,tehsil_appendix,1981_Kolhapur_tehsil_appendix.pdf,output/pdf/1981_trimmed/Maharashtra/tehsil appendix/1981_Kolhapur_tehsil_appendix.pdf,009294ce5bdb3f19fda508109d928709e0ef7948b360a85fde29a57b1c8f2a3c,2
Maharashtra,civic amenities,civic_amenities,1981_Nagpur_civic_amenities.pdf,output/pdf/1981_trimmed/Maharashtra/civic amenities/1981_Nagpur_civic_amenities.pdf,cd2685ab30c2813c7a01c2fe1ec38137ceec2f771301ce23a837519651c63a8b,1
Maharashtra,mededu,medical_educational_amenities,1981_Nagpur_medical_educational_amenities.pdf,output/pdf/1981_trimmed/Maharashtra/mededu/1981_Nagpur_medical_educational_amenities.pdf,4e17cf190940e106d00126aeb061ab1d1c8326ef69665d44e68163921d17faa4,2
Maharashtra,tehsil appendix,tehsil_appendix,1981_Nagpur_tehsil_appendix.pdf,output/pdf/1981_trimmed/Maharashtra/tehsil appendix/1981_Nagpur_tehsil_appendix.pdf,8e694834d9342c7b03d0aa2bd7da8f86481eaffb510b78c092a6a4695f7ca136,2
Maharashtra,civic amenities,civic_amenities,1981_Nanded_civic_amenities.pdf,output/pdf/1981_trimmed/Maharashtra/civic amenities/1981_Nanded_civic_amenities.pdf,c1f2baa1076e6fc603c620d433291b067d5b6c62fcddeb6a58d3331fce5f322f,1
Maharashtra,mededu,medical_educational_amenities,1981_Nanded_medical_educational_amenities.pdf,output/pdf/1981_trimmed/Maharashtra/mededu/1981_Nanded_medical_educational_amenities.pdf,297e728815e7ba04a90048b2b0cf8a9b05755acf5fa9027db5db45b64872e908,2
Maharashtra,tehsil appendix,tehsil_appendix,1981_Nanded_tehsil_appendix.pdf,output/pdf/1981_trimmed/Maharashtra/tehsil appendix/1981_Nanded_tehsil_appendix.pdf,f7b32701bac4b5ba1a497b137c6f062f85f01c68466cbf23b5191b910e98c720,2
Maharashtra,civic amenities,civic_amenities,1981_Nasik_civic_amenities.pdf,output/pdf/1981_trimmed/Maharashtra/civic amenities/1981_Nasik_civic_amenities.pdf,d6d8d270601e2f7e9b46e0284b4972f2856d83d7e3d01f7131c302f655723661,3
Maharashtra,mededu,medical_educational_amenities,1981_Nasik_medical_educational_amenities.pdf,output/pdf/1981_trimmed/Maharashtra/mededu/1981_Nasik_medical_educational_amenities.pdf,0b14a034f4cf3b6ee71cd51f5a56323c9a9033881b643b015d993d04d7934089,4
Maharashtra,tehsil appendix,tehsil_appendix,1981_Nasik_tehsil_appendix.pdf,output/pdf/1981_trimmed/Maharashtra/tehsil appendix/1981_Nasik_tehsil_appendix.pdf,4b5146fce0755e2030b8b91efc6beab8da7b44d21dea89f6e2ee9cb560aad699,2
Maharashtra,civic amenities,civic_amenities,1981_Osmanabad_civic_amenities.pdf,output/pdf/1981_trimmed/Maharashtra/civic amenities/1981_Osmanabad_civic_amenities.pdf,dffa02258c0a5b8d76d065c968654c08722d06abf8f9b901b063e0330e3176a5,1
Maharashtra,mededu,medical_educational_amenities,1981_Osmanabad_medical_educational_amenities.pdf,output/pdf/1981_trimmed/Maharashtra/mededu/1981_Osmanabad_medical_educational_amenities.pdf,ad39ed64e0752380beba46ef450e3d0f6bf01d2f5e7b33b360222f75042069cc,2
Maharashtra,tehsil appendix,tehsil_appendix,1981_Osmanabad_tehsil_appendix.pdf,output/pdf/1981_trimmed/Maharashtra/tehsil appendix/1981_Osmanabad_tehsil_appendix.pdf,2f0ea39cefddea25e69207767c6a637d9467521397d04dd9103819c43d6298b0,2
Maharashtra,civic amenities,civic_amenities,1981_Parbhani_civic_amenities.pdf,output/pdf/1981_trimmed/Maharashtra/civic amenities/1981_Parbhani_civic_amenities.pdf,7c28c2b353437eab68a80d10f2bf709e4ce426b5b5e2fe7bddb29f1147e46ee8,1
Maharashtra,mededu,medical_educational_amenities,1981_Parbhani_medical_educational_amenities.pdf,output/pdf/1981_trimmed/Maharashtra/mededu/1981_Parbhani_medical_educational_amenities.pdf,bbe08c1d0148c3c4191dde4611becccee2b7ba0218dd6dcf203cad07300ca2ea,2
Maharashtra,tehsil appendix,tehsil_appendix,1981_Parbhani_tehsil_appendix.pdf,output/pdf/1981_trimmed/Maharashtra/tehsil appendix/1981_Parbhani_tehsil_appendix.pdf,e4fbd9e6f444d83eb25313663b66f679cb1503965d432a272118f71db0048d65,2
Maharashtra,civic amenities,civic_amenities,1981_Pune_civic_amenities.pdf,output/pdf/1981_trimmed/Maharashtra/civic amenities/1981_Pune_civic_amenities.pdf,9ad0f4c77830b54b6d67a86ce872b14d2f69e187c68e6e51b9184c6aa8e2c278,2
Maharashtra,mededu,medical_educational_amenities,1981_Pune_medical_educational_amenities.pdf,output/pdf/1981_trimmed/Maharashtra/mededu/1981_Pune_medical_educational_amenities.pdf,c9a4108d0ba4dca5a05b4e934dedfc34f635df395aaa7873eccd546168e6a8f7,4
Maharashtra,tehsil appendix,tehsil_appendix,1981_Pune_tehsil_appendix.pdf,output/pdf/1981_trimmed/Maharashtra/tehsil appendix/1981_Pune_tehsil_appendix.pdf,53067b347e407ffc67c697161ed8df71d5f06040db9d93fbb1052d8d8a84a0cf,2
Maharashtra,civic amenities,civic_amenities,1981_Ratnagiri_civic_amenities.pdf,output/pdf/1981_trimmed/Maharashtra/civic amenities/1981_Ratnagiri_civic_amenities.pdf,bd479ef2d452f2fc960bf435f3d5e0a58b60f802fae38dfe5ff4b661b08689aa,1
Maharashtra,mededu,medical_educational_amenities,1981_Ratnagiri_medical_educational_amenities.pdf,output/pdf/1981_trimmed/Maharashtra/mededu/1981_Ratnagiri_medical_educational_amenities.pdf,87786f159d28ec0ffffaf3a295dd539dff294a776b0852c0742548bc69e44939,2
Maharashtra,tehsil appendix,tehsil_appendix,1981_Ratnagiri_tehsil_appendix.pdf,output/pdf/1981_trimmed/Maharashtra/tehsil appendix/1981_Ratnagiri_tehsil_appendix.pdf,b51cc9bf4a5751f1c5c1275fd1bd3738e2620e18c117293dd55d233376c7bba2,2
Maharashtra,civic amenities,civic_amenities,1981_Sangli_civic_amenities.pdf,output/pdf/1981_trimmed/Maharashtra/civic amenities/1981_Sangli_civic_amenities.pdf,affe79c9e2be06f77f538329e61649d41d1db9f86a2eb808e83ebb365d07b4d3,1
Maharashtra,mededu,medical_educational_amenities,1981_Sangli_medical_educational_amenities.pdf,output/pdf/1981_trimmed/Maharashtra/mededu/1981_Sangli_medical_educational_amenities.pdf,29ab9ff209e90525eab66c244476f045d47af3a4f711e220234f2ff3f1d33401,2
Maharashtra,tehsil appendix,tehsil_appendix,1981_Sangli_tehsil_appendix.pdf,output/pdf/1981_trimmed/Maharashtra/tehsil appendix/1981_Sangli_tehsil_appendix.pdf,cb475fa0099c136c78e50ba6e9809c5aec3b9c9dd316b066361182801d2fef8c,2
Maharashtra,civic amenities,civic_amenities,1981_Satara_civic_amenities.pdf,output/pdf/1981_trimmed/Maharashtra/civic amenities/1981_Satara_civic_amenities.pdf,6a3e84db2d7544a991aabba3c5fcad656cb1bc96dbb527394f8ffa44829c3a0b,1
Maharashtra,mededu,medical_educational_amenities,1981_Satara_medical_educational_amenities.pdf,output/pdf/1981_trimmed/Maharashtra/mededu/1981_Satara_medical_educational_amenities.pdf,89a93d84a042ae2adfc692666763af21067f9e293d70594516bc3c54f888758e,2
Maharashtra,tehsil appendix,tehsil_appendix,1981_Satara_tehsil_appendix.pdf,output/pdf/1981_trimmed/Maharashtra/tehsil appendix/1981_Satara_tehsil_appendix.pdf,8c12666e6bd424408e8de2bd53c4617fdca0ded7c6a03ffe72fea585afc2f739,2
Maharashtra,civic amenities,civic_amenities,1981_Sholapur_civic_amenities.pdf,output/pdf/1981_trimmed/Maharashtra/civic amenities/1981_Sholapur_civic_amenities.pdf,1921bee4e5645e7691c79df764568991f25ccc4f1ec538eb85d82c328162eea5,1
Maharashtra,mededu,medical_educational_amenities,1981_Sholapur_medical_educational_amenities.pdf,output/pdf/1981_trimmed/Maharashtra/mededu/1981_Sholapur_medical_educational_amenities.pdf,a8ab409c98c733fde4f02a3a56e29df28e807f71852f577920efa881c4a06d7b,2
Maharashtra,tehsil appendix,tehsil_appendix,1981_Sholapur_tehsil_appendix.pdf,output/pdf/1981_trimmed/Maharashtra/tehsil appendix/1981_Sholapur_tehsil_appendix.pdf,481a8001a40ad63ab21ef8f995b6d56cbaf6b0a2e307d7d2e47d4703173ccc0f,2
Maharashtra,civic amenities,civic_amenities,1981_Thane_civic_amenities.pdf,output/pdf/1981_trimmed/Maharashtra/civic amenities/1981_Thane_civic_amenities.pdf,9614c873e335885a86461a65ede37f2ee188f56aa9330b4ec4240a69d41ff622,3
Maharashtra,mededu,medical_educational_amenities,1981_Thane_medical_educational_amenities.pdf,output/pdf/1981_trimmed/Maharashtra/mededu/1981_Thane_medical_educational_amenities.pdf,fa02af8101cab4204a5ad4516f04bc0fbb5d9ac58cc4ffc6e983da49526455e3,6
Maharashtra,tehsil appendix,tehsil_appendix,1981_Thane_tehsil_appendix.pdf,output/pdf/1981_trimmed/Maharashtra/tehsil appendix/1981_Thane_tehsil_appendix.pdf,2f0e1ea99f8a00d912f2ac9a5b85f521cba7dfb2f7d1721baba40886d1549aae,2
Maharashtra,civic amenities,civic_amenities,1981_Wardha_civic_amenities.pdf,output/pdf/1981_trimmed/Maharashtra/civic amenities/1981_Wardha_civic_amenities.pdf,20cd09dbf4a56522033e8b66df6c616d087f343cf63d50b367d24132558ca20c,1
Maharashtra,mededu,medical_educational_amenities,1981_Wardha_medical_educational_amenities.pdf,output/pdf/1981_trimmed/Maharashtra/mededu/1981_Wardha_medical_educational_amenities.pdf,b4085c11840d94de50f59a5123ff7182421e8b766689e6e3950d98f57f6882ec,2
Maharashtra,tehsil appendix,tehsil_appendix,1981_Wardha_tehsil_appendix.pdf,output/pdf/1981_trimmed/Maharashtra/tehsil appendix/1981_Wardha_tehsil_appendix.pdf,2bdc80a13f22817ae709a692b3b26f30d2670440d941d9c56767f297dd6f2510,2
Maharashtra,civic amenities,civic_amenities,1981_Yavatmal_civic_amenities.pdf,output/pdf/1981_trimmed/Maharashtra/civic amenities/1981_Yavatmal_civic_amenities.pdf,4b8bc5f2b4df13874eb9402c5cf5f25b0f5cdc26c229ac7d521e23d5973fb5d3,1
Maharashtra,mededu,medical_educational_amenities,1981_Yavatmal_medical_educational_amenities.pdf,output/pdf/1981_trimmed/Maharashtra/mededu/1981_Yavatmal_medical_educational_amenities.pdf,fe71ad96c1c32731f143f7ecf24398ce89547e9d16397a7b8f458a8227a866b3,2
Maharashtra,tehsil appendix,tehsil_appendix,1981_Yavatmal_tehsil_appendix.pdf,output/pdf/1981_trimmed/Maharashtra/tehsil appendix/1981_Yavatmal_tehsil_appendix.pdf,01377afeb4175378a215501f3ee8cff82e39e7209f84cfc47aa49d8df9045200,2
Manipur,civic amenities,civic_amenities,1981_Manipur Central_civic_amenities.pdf,output/pdf/1981_trimmed/Manipur/civic amenities/1981_Manipur Central_civic_amenities.pdf,d43309bf949f5f23b1b3413488f025bb081ff83a0665e90a2db87c19486c48ce,2
Manipur,mededu,medical_educational_amenities,1981_Manipur Central_medical_educational_amenities.pdf,output/pdf/1981_trimmed/Manipur/mededu/1981_Manipur Central_medical_educational_amenities.pdf,f69b016a95ac8574e8ab9b65eb4679ec9d1f55c2185ee2336273ae5ecb6c5e56,2
Manipur,tehsil appendix,tehsil_appendix,1981_Manipur Central_tehsil_appendix.pdf,output/pdf/1981_trimmed/Manipur/tehsil appendix/1981_Manipur Central_tehsil_appendix.pdf,ecf6a897f00ccf47ebeb3c918a5f809ec7a1ff117887d24680175088666d98e1,2
Manipur,civic amenities,civic_amenities,1981_Manipur North_civic_amenities.pdf,output/pdf/1981_trimmed/Manipur/civic amenities/1981_Manipur North_civic_amenities.pdf,b12f3ef02b0ddaf3cd4f6fc57b53d8ca30681bda03bacfb07c06a6e0308af386,2
Manipur,mededu,medical_educational_amenities,1981_Manipur North_medical_educational_amenities.pdf,output/pdf/1981_trimmed/Manipur/mededu/1981_Manipur North_medical_educational_amenities.pdf,78756c4289a56a4d7358c6484b22af5d629ee668ddf027bfe63948a3d819b24e,2
Manipur,tehsil appendix,tehsil_appendix,1981_Manipur North_tehsil_appendix.pdf,output/pdf/1981_trimmed/Manipur/tehsil appendix/1981_Manipur North_tehsil_appendix.pdf,1d9e434cf0054ca7f0594a99d527d2b15cb73614c576da0de0d00c85c733dba8,2
Manipur,civic amenities,civic_amenities,1981_Tengnoupal_civic_amenities.pdf,output/pdf/1981_trimmed/Manipur/civic amenities/1981_Tengnoupal_civic_amenities.pdf,8b4e140a8eba964b02176a671b638c48a876cc9bc638a678cff50139ff6d160d,2
Manipur,mededu,medical_educational_amenities,1981_Tengnoupal_medical_educational_amenities.pdf,output/pdf/1981_trimmed/Manipur/mededu/1981_Tengnoupal_medical_educational_amenities.pdf,aa2ab71aa6c67d75860450a4ce3d320ea6c4eb27447c1b2e94831451bdc4093d,2
Manipur,tehsil appendix,tehsil_appendix,1981_Tengnoupal_tehsil_appendix.pdf,output/pdf/1981_trimmed/Manipur/tehsil appendix/1981_Tengnoupal_tehsil_appendix.pdf,98e0c685adc44f58b0e3ac4d62548593b10cc8b1952a25adbf3a91b2ad239d18,2
Meghalaya,civic amenities,civic_amenities,1981_East Garo Hills_civic_amenities.pdf,output/pdf/1981_trimmed/Meghalaya/civic amenities/1981_East Garo Hills_civic_amenities.pdf,ed2dd2a6320108d7e2e805c735f367558a73179098c886676dbc88fb9c4aa62c,1
Meghalaya,mededu,medical_educational_amenities,1981_East Garo Hills_medical_educational_amenities.pdf,output/pdf/1981_trimmed/Meghalaya/mededu/1981_East Garo Hills_medical_educational_amenities.pdf,6b8f7e1b9f10514e3f6b6cbe51d4fb619572fbaa5983f2a54456bd27257bb563,1
Meghalaya,tehsil appendix,tehsil_appendix,1981_East Garo Hills_tehsil_appendix.pdf,output/pdf/1981_trimmed/Meghalaya/tehsil appendix/1981_East Garo Hills_tehsil_appendix.pdf,bbd583b7eb4b4b6260915f9e6b89cc4e06b3cca044e499560aafa82d4a45da51,2
Meghalaya,civic amenities,civic_amenities,1981_Jaintia Khasi Hills_civic_amenities.pdf,output/pdf/1981_trimmed/Meghalaya/civic amenities/1981_Jaintia Khasi Hills_civic_amenities.pdf,a6f4ad174fd62201b751609988a2c902d078c2891ff6249a58dd040c4c1ad53a,1
Meghalaya,mededu,medical_educational_amenities,1981_Jaintia Khasi Hills_medical_educational_amenities.pdf,output/pdf/1981_trimmed/Meghalaya/mededu/1981_Jaintia Khasi Hills_medical_educational_amenities.pdf,441d60c226611550c5d137d38ce91b89a64ab9260ddeda431f229143b7cb0116,1
Meghalaya,tehsil appendix,tehsil_appendix,1981_Jaintia Khasi Hills_tehsil_appendix.pdf,output/pdf/1981_trimmed/Meghalaya/tehsil appendix/1981_Jaintia Khasi Hills_tehsil_appendix.pdf,17a2ab5c092ec55c1f5c0891a70deede8162a2c9c3668b9e1fb3363c3fcac47e,2
Meghalaya,civic amenities,civic_amenities,1981_West Garo Hills_civic_amenities.pdf,output/pdf/1981_trimmed/Meghalaya/civic amenities/1981_West Garo Hills_civic_amenities.pdf,99583a1be92a9223b8d92b01f82671d898cf68f3b7973f5f91853acbbbc42bf9,1
Meghalaya,mededu,medical_educational_amenities,1981_West Garo Hills_medical_educational_amenities.pdf,output/pdf/1981_trimmed/Meghalaya/mededu/1981_West Garo Hills_medical_educational_amenities.pdf,8288e029308678017ae6b38b6af71ceaf23ae92503a696dc15bceb657fb05a1d,1
Meghalaya,tehsil appendix,tehsil_appendix,1981_West Garo Hills_tehsil_appendix.pdf,output/pdf/1981_trimmed/Meghalaya/tehsil appendix/1981_West Garo Hills_tehsil_appendix.pdf,3b2e7eec828cb8327be81f5d7211a15da0585ad8d586e55ffbc3d7824ea3c930,10
Meghalaya,civic amenities,civic_amenities,1981_West Khasi Hills_civic_amenities.pdf,output/pdf/1981_trimmed/Meghalaya/civic amenities/1981_West Khasi Hills_civic_amenities.pdf,29f71053fe247d3290b946dd7ed366c9fb3fd3d2cb80d2faba8ffd2f72e1a629,1
Meghalaya,mededu,medical_educational_amenities,1981_West Khasi Hills_medical_educational_amenities.pdf,output/pdf/1981_trimmed/Meghalaya/mededu/1981_West Khasi Hills_medical_educational_amenities.pdf,84d17e9eb2615bdeb2a353e89453704059ed8fb688afa6defc8d3ca5e0375ae3,1
Meghalaya,tehsil appendix,tehsil_appendix,1981_West Khasi Hills_tehsil_appendix.pdf,output/pdf/1981_trimmed/Meghalaya/tehsil appendix/1981_West Khasi Hills_tehsil_appendix.pdf,0a6b72c0166fec9624ad7da500e2c34d98fa481ff63400e26619e96dbfd9911d,2
Mizoram,civic amenities,civic_amenities,1981_Aizawl_civic_amenities.pdf,output/pdf/1981_trimmed/Mizoram/civic amenities/1981_Aizawl_civic_amenities.pdf,53b1d69102b441688d53a1bee7738bb4005fc27c0c0ab078d403a2c092d544b5,1
Mizoram,mededu,medical_educational_amenities,1981_Aizawl_medical_educational_amenities.pdf,output/pdf/1981_trimmed/Mizoram/mededu/1981_Aizawl_medical_educational_amenities.pdf,7c97b6efd178603dd05f2cc6b45c7ae5b3d6ab8d387e6ed3fb19584be796702e,1
Mizoram,tehsil appendix,tehsil_appendix,1981_Aizawl_tehsil_appendix.pdf,output/pdf/1981_trimmed/Mizoram/tehsil appendix/1981_Aizawl_tehsil_appendix.pdf,6732086576c062b0207051ff2946c72b79660f634e5e186008df1382eb6e2fdb,2
Mizoram,civic amenities,civic_amenities,1981_Chhimtuipui_civic_amenities.pdf,output/pdf/1981_trimmed/Mizoram/civic amenities/1981_Chhimtuipui_civic_amenities.pdf,e875348647f6db5d00bb457f6542836ce284002bda106e15266daf34982392ea,1
Mizoram,mededu,medical_educational_amenities,1981_Chhimtuipui_medical_educational_amenities.pdf,output/pdf/1981_trimmed/Mizoram/mededu/1981_Chhimtuipui_medical_educational_amenities.pdf,ccaea3deccab6e88147e6ace5c1605293c8d330744ea52dcb116f3408700db0a,1
Mizoram,tehsil appendix,tehsil_appendix,1981_Chhimtuipui_tehsil_appendix.pdf,output/pdf/1981_trimmed/Mizoram/tehsil appendix/1981_Chhimtuipui_tehsil_appendix.pdf,4b10e1830ec8235b272859a54ef4c23dc979353e3ef75b2877e8bbef6d4f1167,2
Nagaland,civic amenities,civic_amenities,1981_Kohima_civic_amenities.pdf,output/pdf/1981_trimmed/Nagaland/civic amenities/1981_Kohima_civic_amenities.pdf,1b0530c86379d1ef20291eebb5da5d7a30a9f214cc00da53e7bedc2368a8578f,1
Nagaland,mededu,medical_educational_amenities,1981_Kohima_medical_educational_amenities.pdf,output/pdf/1981_trimmed/Nagaland/mededu/1981_Kohima_medical_educational_amenities.pdf,bed0345a3ff8171dac17ff234e26ce44bb8bf9a62bbc33acab14721517306885,2
Nagaland,tehsil appendix,tehsil_appendix,1981_Kohima_tehsil_appendix.pdf,output/pdf/1981_trimmed/Nagaland/tehsil appendix/1981_Kohima_tehsil_appendix.pdf,dce6a1be52a1d4e928cc98c4c97716890ac24b46deadbcce533f5637acf42882,4
Nagaland,civic amenities,civic_amenities,1981_Mokokchung_civic_amenities.pdf,output/pdf/1981_trimmed/Nagaland/civic amenities/1981_Mokokchung_civic_amenities.pdf,ac4540767c5519b2fe3f66c641b315f06eebff797457dbc7e2f599ce795c5c31,2
Nagaland,mededu,medical_educational_amenities,1981_Mokokchung_medical_educational_amenities.pdf,output/pdf/1981_trimmed/Nagaland/mededu/1981_Mokokchung_medical_educational_amenities.pdf,ac4540767c5519b2fe3f66c641b315f06eebff797457dbc7e2f599ce795c5c31,2
Nagaland,tehsil appendix,tehsil_appendix,1981_Mokokchung_tehsil_appendix.pdf,output/pdf/1981_trimmed/Nagaland/tehsil appendix/1981_Mokokchung_tehsil_appendix.pdf,09afbce3e2ae8ee536f74e82b2c5966d3304ddb7e69120847a40018088f6dd7c,4
Nagaland,tehsil appendix,tehsil_appendix,1981_Phek_tehsil_appendix.pdf,output/pdf/1981_trimmed/Nagaland/tehsil appendix/1981_Phek_tehsil_appendix.pdf,3911f9b42a9ed891b7d1e7641efd4e8a64baa93039cf42e48b6c8e683767af18,4
Nagaland,civic amenities,civic_amenities,1981_Tuensang_civic_amenities.pdf,output/pdf/1981_trimmed/Nagaland/civic amenities/1981_Tuensang_civic_amenities.pdf,caa97a6cbfc104ff66f57598afbc90492e8925e0d23d9cf26c46f8f669049596,1
Nagaland,mededu,medical_educational_amenities,1981_Tuensang_medical_educational_amenities.pdf,output/pdf/1981_trimmed/Nagaland/mededu/1981_Tuensang_medical_educational_amenities.pdf,72406a69974617f7828200e5b84dfe01e1a4dc8859e71d4cccdb1622e7821adf,2
Nagaland,tehsil appendix,tehsil_appendix,1981_Tuensang_tehsil_appendix.pdf,output/pdf/1981_trimmed/Nagaland/tehsil appendix/1981_Tuensang_tehsil_appendix.pdf,32f250c34295178875b002b52ecc12adfd51bf1ae9aa533025b63add9f4201d2,2
Nagaland,civic amenities,civic_amenities,1981_Zunhebota_civic_amenities.pdf,output/pdf/1981_trimmed/Nagaland/civic amenities/1981_Zunhebota_civic_amenities.pdf,514fa129fa919ffe2874e4a60ab64df96f43c5fcd06111bb00d30e4caf3df99d,2
Nagaland,mededu,medical_educational_amenities,1981_Zunhebota_medical_educational_amenities.pdf,output/pdf/1981_trimmed/Nagaland/mededu/1981_Zunhebota_medical_educational_amenities.pdf,1c8a1cb65cde0bc4b5da06aaedf741ccfc0dc46d7e8be66303768193b06fecd1,2
Nagaland,tehsil appendix,tehsil_appendix,1981_Zunhebota_tehsil_appendix.pdf,output/pdf/1981_trimmed/Nagaland/tehsil appendix/1981_Zunhebota_tehsil_appendix.pdf,88358a775a541d4e69d8ec3cb2dc2e0f1aba26a5ab519efdfe34d30cc30134ac,2
Orissa,civic amenities,civic_amenities,1981_Balangir_civic_amenities.pdf,output/pdf/1981_trimmed/Orissa/civic amenities/1981_Balangir_civic_amenities.pdf,04d6e89d8b8c21cf78782bb08b13fcc73d97e58622f93ea6666d8c6b80351bf8,2
Orissa,mededu,medical_educational_amenities,1981_Balangir_medical_educational_amenities.pdf,output/pdf/1981_trimmed/Orissa/mededu/1981_Balangir_medical_educational_amenities.pdf,e6902a72806b74f8b437d6ad7cbd5f157ef42d95419ae93a640646c5ee7066bf,2
Orissa,tehsil appendix,tehsil_appendix,1981_Balangir_tehsil_appendix.pdf,output/pdf/1981_trimmed/Orissa/tehsil appendix/1981_Balangir_tehsil_appendix.pdf,140e4505d1d39793b53367b15349847e7a867835045c10cd667573ffdd0cb471,4
Orissa,civic amenities,civic_amenities,1981_Baleshwar_civic_amenities.pdf,output/pdf/1981_trimmed/Orissa/civic amenities/1981_Baleshwar_civic_amenities.pdf,25ab5d70210629ee7bb158be2d1d32b1fe1f2aafa0f27adf7b5ce15a4d0651e8,2
Orissa,mededu,medical_educational_amenities,1981_Baleshwar_medical_educational_amenities.pdf,output/pdf/1981_trimmed/Orissa/mededu/1981_Baleshwar_medical_educational_amenities.pdf,958819595957263b4851c9a462af556b956dc266dfcc80fd9f4969683c365394,2
Orissa,tehsil appendix,tehsil_appendix,1981_Baleshwar_tehsil_appendix.pdf,output/pdf/1981_trimmed/Orissa/tehsil appendix/1981_Baleshwar_tehsil_appendix.pdf,db0e09c20e8403977a99f0df932763ad93e75407c645460e6121aae6f90d747d,4
Orissa,civic amenities,civic_amenities,1981_Dhenkanal_civic_amenities.pdf,output/pdf/1981_trimmed/Orissa/civic amenities/1981_Dhenkanal_civic_amenities.pdf,d343133e7b72c04d3b51c6e0d826f80ae172b06d8238c9c4bc77ed7bc475cf32,2
Orissa,mededu,medical_educational_amenities,1981_Dhenkanal_medical_educational_amenities.pdf,output/pdf/1981_trimmed/Orissa/mededu/1981_Dhenkanal_medical_educational_amenities.pdf,7e111906b764d3788781c67bd0f4d892069daae62d0fa563756c2e91a35e86f0,2
Orissa,tehsil appendix,tehsil_appendix,1981_Dhenkanal_tehsil_appendix.pdf,output/pdf/1981_trimmed/Orissa/tehsil appendix/1981_Dhenkanal_tehsil_appendix.pdf,82eaadd9de3f7b8b1fb70b85990b21a8b1c6fbbd9ea51f62833e103e68c6672a,4
Orissa,civic amenities,civic_amenities,1981_Ganjam_civic_amenities.pdf,output/pdf/1981_trimmed/Orissa/civic amenities/1981_Ganjam_civic_amenities.pdf,c3f38c2cf9bf5f7dce31ae0b3554290f5e9b19b55d34dfe82141bb1627d4d613,2
Orissa,mededu,medical_educational_amenities,1981_Ganjam_medical_educational_amenities.pdf,output/pdf/1981_trimmed/Orissa/mededu/1981_Ganjam_medical_educational_amenities.pdf,92c05d66b0b120908d7d05494415f79887baf9094f2a9c88f75df13aaf376b98,2
Orissa,tehsil appendix,tehsil_appendix,1981_Ganjam_tehsil_appendix.pdf,output/pdf/1981_trimmed/Orissa/tehsil appendix/1981_Ganjam_tehsil_appendix.pdf,686e6e95ccb26836fa706387be466a966100d40a99f6042f4bce2a3795a2f60f,4
Orissa,civic amenities,civic_amenities,1981_Kalahandi_civic_amenities.pdf,output/pdf/1981_trimmed/Orissa/civic amenities/1981_Kalahandi_civic_amenities.pdf,bfa307951d60895031f6e410b9b03179dda2fdeefd393509d39ea7dd1e30ded3,2
Orissa,mededu,medical_educational_amenities,1981_Kalahandi_medical_educational_amenities.pdf,output/pdf/1981_trimmed/Orissa/mededu/1981_Kalahandi_medical_educational_amenities.pdf,095bb0126810d07e56fb23a4e2bc5c577d95a9dc0b88d01c7b74bf0ca8eeff44,2
Orissa,tehsil appendix,tehsil_appendix,1981_Kalahandi_tehsil_appendix.pdf,output/pdf/1981_trimmed/Orissa/tehsil appendix/1981_Kalahandi_tehsil_appendix.pdf,29b92b6fb2097a6781ed2269beb72eaf41a7eeb7288bdec8c3a15cbefa3844c7,4
Orissa,civic amenities,civic_amenities,1981_Kendujhar_civic_amenities.pdf,output/pdf/1981_trimmed/Orissa/civic amenities/1981_Kendujhar_civic_amenities.pdf,5b6bb14a4912a7fa4d83132d36eea7f0fd0c2e646a5bf53a52593f1125fc4226,2
Orissa,mededu,medical_educational_amenities,1981_Kendujhar_medical_educational_amenities.pdf,output/pdf/1981_trimmed/Orissa/mededu/1981_Kendujhar_medical_educational_amenities.pdf,28bba2a97a3d4eeefeb1964a8d6969925f05997fd5bca98ca9bae4ce61aab177,2
Orissa,tehsil appendix,tehsil_appendix,1981_Kendujhar_tehsil_appendix.pdf,output/pdf/1981_trimmed/Orissa/tehsil appendix/1981_Kendujhar_tehsil_appendix.pdf,06927ed9390986949613ebfb396dc5e73ded82b5a2f7c8dc1b0e3c0dbe94a6df,4
Orissa,civic amenities,civic_amenities,1981_Sambalpur_civic_amenities.pdf,output/pdf/1981_trimmed/Orissa/civic amenities/1981_Sambalpur_civic_amenities.pdf,65cf1f3a2c52dd650f2b886d5319aa7e8ddf02391e15de94fd9d1053d123d088,2
Orissa,mededu,medical_educational_amenities,1981_Sambalpur_medical_educational_amenities.pdf,output/pdf/1981_trimmed/Orissa/mededu/1981_Sambalpur_medical_educational_amenities.pdf,faaa8b7e8239c065a8d6e2c286c255f6d27acedc79790707689d9e5d5a428494,2
Orissa,tehsil appendix,tehsil_appendix,1981_Sambalpur_tehsil_appendix.pdf,output/pdf/1981_trimmed/Orissa/tehsil appendix/1981_Sambalpur_tehsil_appendix.pdf,c682c77d72109b08a4c7579b736bb76e2ba3a498eb33ee19099a1ad69be840e9,4
Orissa,civic amenities,civic_amenities,1981_Sundargarh_civic_amenities.pdf,output/pdf/1981_trimmed/Orissa/civic amenities/1981_Sundargarh_civic_amenities.pdf,9a4e7acce7a87ccd8318a5d78836069a5029e7c9ed202465743aefe6d41d5bb8,2
Orissa,mededu,medical_educational_amenities,1981_Sundargarh_medical_educational_amenities.pdf,output/pdf/1981_trimmed/Orissa/mededu/1981_Sundargarh_medical_educational_amenities.pdf,00bb874d2080ef5167352835b7da770409522d4af65afd684474585c6e5e87e9,2
Orissa,tehsil appendix,tehsil_appendix,1981_Sundargarh_tehsil_appendix.pdf,output/pdf/1981_trimmed/Orissa/tehsil appendix/1981_Sundargarh_tehsil_appendix.pdf,f80e9de8e76a0c8c4ba689a907b9fc437885f1ed02102e6b3f088d833756bbe6,4
Punjab,civic amenities,civic_amenities,1981_Amritsar_civic_amenities.pdf,output/pdf/1981_trimmed/Punjab/civic amenities/1981_Amritsar_civic_amenities.pdf,ac3b7f5ed4b935c5e7d51428d72bb7cf32897ca703214f8cc7bc730cba0a7fe1,2
Punjab,mededu,medical_educational_amenities,1981_Amritsar_medical_educational_amenities.pdf,output/pdf/1981_trimmed/Punjab/mededu/1981_Amritsar_medical_educational_amenities.pdf,256b11f33a2cadbd7bcbbd3db45f6ad7d9ea00928f4050c60a9116dd04ddae89,2
Punjab,tehsil appendix,tehsil_appendix,1981_Amritsar_tehsil_appendix.pdf,output/pdf/1981_trimmed/Punjab/tehsil appendix/1981_Amritsar_tehsil_appendix.pdf,4bdb143fe1250600d71554878a08221a2388129f90c888f64569ab0b2cdc37b7,2
Punjab,civic amenities,civic_amenities,1981_Bathinda_civic_amenities.pdf,output/pdf/1981_trimmed/Punjab/civic amenities/1981_Bathinda_civic_amenities.pdf,1d22ab63902091dd8bb3ea740ff1d3e2ddc751ea176cccd199b089999e4de7da,2
Punjab,mededu,medical_educational_amenities,1981_Bathinda_medical_educational_amenities.pdf,output/pdf/1981_trimmed/Punjab/mededu/1981_Bathinda_medical_educational_amenities.pdf,f7bbba9a4bc60c2b753290dc63d3914b9f01ad68fcd9ad66d88883d8b61d870a,2
Punjab,tehsil appendix,tehsil_appendix,1981_Bathinda_tehsil_appendix.pdf,output/pdf/1981_trimmed/Punjab/tehsil appendix/1981_Bathinda_tehsil_appendix.pdf,8694583265359400f6dfa7ec176a73a81a5aeeb3be921b7c6cb168da7f53a36a,4
Punjab,civic amenities,civic_amenities,1981_Faridkot_civic_amenities.pdf,output/pdf/1981_trimmed/Punjab/civic amenities/1981_Faridkot_civic_amenities.pdf,dfbce4c32fb83a6184bab4f33cf3fbfcbb7816f6d6fc7040745a9a9a29ede533,2
Punjab,mededu,medical_educational_amenities,1981_Faridkot_medical_educational_amenities.pdf,output/pdf/1981_trimmed/Punjab/mededu/1981_Faridkot_medical_educational_amenities.pdf,a78936264be8e99e20ba91a0cd332d0b999da3527361dbf783a141aa99c3996f,2
Punjab,tehsil appendix,tehsil_appendix,1981_Faridkot_tehsil_appendix.pdf,output/pdf/1981_trimmed/Punjab/tehsil appendix/1981_Faridkot_tehsil_appendix.pdf,3a617826916a48305a3c42665c464fa925d60a24ea3d62468934438a22638a7e,2
Punjab,civic amenities,civic_amenities,1981_Firozpur_civic_amenities.pdf,output/pdf/1981_trimmed/Punjab/civic amenities/1981_Firozpur_civic_amenities.pdf,0a01224708328a90baefaf80d2d0ca7eb4807032418c0a184618f81e11614c28,2
Punjab,mededu,medical_educational_amenities,1981_Firozpur_medical_educational_amenities.pdf,output/pdf/1981_trimmed/Punjab/mededu/1981_Firozpur_medical_educational_amenities.pdf,bad3a6ee2987a4125f754b26cae143b7b0fdfb049cf049cc824b46bff632dc8d,2
Punjab,tehsil appendix,tehsil_appendix,1981_Firozpur_tehsil_appendix.pdf,output/pdf/1981_trimmed/Punjab/tehsil appendix/1981_Firozpur_tehsil_appendix.pdf,246450b9097cb3ffc28311f797b51996df4cd5c07388f9b689f32c017f979727,2
Punjab,civic amenities,civic_amenities,1981_Gurdaspur_civic_amenities.pdf,output/pdf/1981_trimmed/Punjab/civic amenities/1981_Gurdaspur_civic_amenities.pdf,fe952c3851c0d9e102f1940edc0209007599361650666c069fbe3ed19d005863,2
Punjab,mededu,medical_educational_amenities,1981_Gurdaspur_medical_educational_amenities.pdf,output/pdf/1981_trimmed/Punjab/mededu/1981_Gurdaspur_medical_educational_amenities.pdf,47595ec5c2e7c1f3a894d261f79fbbe966e7992da18e201ddb1d46a27cb94736,2
Punjab,tehsil appendix,tehsil_appendix,1981_Gurdaspur_tehsil_appendix.pdf,output/pdf/1981_trimmed/Punjab/tehsil appendix/1981_Gurdaspur_tehsil_appendix.pdf,a03155a588d5a22478fb000f9921f308d072d7614026aa312e9996fd3d7e0165,2
Punjab,civic amenities,civic_amenities,1981_Jalandhar_civic_amenities.pdf,output/pdf/1981_trimmed/Punjab/civic amenities/1981_Jalandhar_civic_amenities.pdf,e0356bbc1bb2f39a59998d809a5ad7d84bb26bd8b3e80d8491b9be7b8835990b,2
Punjab,mededu,medical_educational_amenities,1981_Jalandhar_medical_educational_amenities.pdf,output/pdf/1981_trimmed/Punjab/mededu/1981_Jalandhar_medical_educational_amenities.pdf,3f3c889cbb6b3a00be74891904a2995342412e5e12e400efbc6f80b26109c159,2
Punjab,tehsil appendix,tehsil_appendix,1981_Jalandhar_tehsil_appendix.pdf,output/pdf/1981_trimmed/Punjab/tehsil appendix/1981_Jalandhar_tehsil_appendix.pdf,4b6fac272e0323c67ec07fac84a1deb2be67760ae81a992f7c8aca543a0d8668,4
Punjab,civic amenities,civic_amenities,1981_Kapurthala_civic_amenities.pdf,output/pdf/1981_trimmed/Punjab/civic amenities/1981_Kapurthala_civic_amenities.pdf,25919d868e7921c1fee9ec0673659ca2df232866a83c85d0da7f339be97fd36f,2
Punjab,mededu,medical_educational_amenities,1981_Kapurthala_medical_educational_amenities.pdf,output/pdf/1981_trimmed/Punjab/mededu/1981_Kapurthala_medical_educational_amenities.pdf,d5c7dbe6f81cf96c5b84e96020a602407951a9a97d6e1ece9dc28baf3f37f258,2
Punjab,tehsil appendix,tehsil_appendix,1981_Kapurthala_tehsil_appendix.pdf,output/pdf/1981_trimmed/Punjab/tehsil appendix/1981_Kapurthala_tehsil_appendix.pdf,773116c2bf93eb5c5ad44fa3db4cded08ce8a61291ed3c1879a4f83ffa7bedc2,3
Punjab,civic amenities,civic_amenities,1981_Ludhiana_civic_amenities.pdf,output/pdf/1981_trimmed/Punjab/civic amenities/1981_Ludhiana_civic_amenities.pdf,925b23cd3e7461d385bce8392846e1a0b8fd1510cff402cd648441cfcd5881ff,2
Punjab,mededu,medical_educational_amenities,1981_Ludhiana_medical_educational_amenities.pdf,output/pdf/1981_trimmed/Punjab/mededu/1981_Ludhiana_medical_educational_amenities.pdf,f3a329aae271efd286da59546850df0e0ebcc13a7d9f0132e362e21a4a8a0066,2
Punjab,tehsil appendix,tehsil_appendix,1981_Ludhiana_tehsil_appendix.pdf,output/pdf/1981_trimmed/Punjab/tehsil appendix/1981_Ludhiana_tehsil_appendix.pdf,ab4a9a558118d2cca003f365dae4ed6c4c150529677e8fdacc786baed5a05e5f,2
Punjab,civic amenities,civic_amenities,1981_Patiala_civic_amenities.pdf,output/pdf/1981_trimmed/Punjab/civic amenities/1981_Patiala_civic_amenities.pdf,a29428ed23dd73f90c2b39d504af8ef646c76a8c76eb367825995b69c83947b4,2
Punjab,mededu,medical_educational_amenities,1981_Patiala_medical_educational_amenities.pdf,output/pdf/1981_trimmed/Punjab/mededu/1981_Patiala_medical_educational_amenities.pdf,8b45321eee4481095157f38c7f845f0cc3dff96a69dcdd1b3e78b02880057bca,2
Punjab,tehsil appendix,tehsil_appendix,1981_Patiala_tehsil_appendix.pdf,output/pdf/1981_trimmed/Punjab/tehsil appendix/1981_Patiala_tehsil_appendix.pdf,834a7c833d6181b52969e3abdb09e44fa90b13161f8a163988991010f8c1d524,2
Punjab,civic amenities,civic_amenities,1981_Rupnagar_civic_amenities.pdf,output/pdf/1981_trimmed/Punjab/civic amenities/1981_Rupnagar_civic_amenities.pdf,5806d891817205d92b0f10aaf164bd353eb712874ddfb57a6f5ecbd941847ea3,2
Punjab,mededu,medical_educational_amenities,1981_Rupnagar_medical_educational_amenities.pdf,output/pdf/1981_trimmed/Punjab/mededu/1981_Rupnagar_medical_educational_amenities.pdf,d0844c5e3b0706a699dd2e76ec76baed1d14bbfc3dc437c331f35ea6d778014e,2
Punjab,tehsil appendix,tehsil_appendix,1981_Rupnagar_tehsil_appendix.pdf,output/pdf/1981_trimmed/Punjab/tehsil appendix/1981_Rupnagar_tehsil_appendix.pdf,f7cc130d7e114dda471402c3a70dcbd329a1c300ba5192028a9ab4e75e127898,2
Punjab,civic amenities,civic_amenities,1981_Sangrur_civic_amenities.pdf,output/pdf/1981_trimmed/Punjab/civic amenities/1981_Sangrur_civic_amenities.pdf,566856ee145c645072ab6a37171e01f856aa3befded7578e1ea440ab11108e88,2
Punjab,mededu,medical_educational_amenities,1981_Sangrur_medical_educational_amenities.pdf,output/pdf/1981_trimmed/Punjab/mededu/1981_Sangrur_medical_educational_amenities.pdf,575109864b8bdd2c871c45fa017b21989d7f4a36ca8c41c84084affb2224364d,2
Punjab,tehsil appendix,tehsil_appendix,1981_Sangrur_tehsil_appendix.pdf,output/pdf/1981_trimmed/Punjab/tehsil appendix/1981_Sangrur_tehsil_appendix.pdf,596285005e361fe08baf70eee4638f4fc85811939b450802b1fbc784fefb9294,2
Rajasthan,civic amenities,civic_amenities,1981_Bikaner_civic_amenities.pdf,output/pdf/1981_trimmed/Rajasthan/civic amenities/1981_Bikaner_civic_amenities.pdf,cb75c9bafcadc21580546d1b355c385588d71e21e434a7508ec24bd4de65530c,2
Rajasthan,mededu,medical_educational_amenities,1981_Bikaner_medical_educational_amenities.pdf,output/pdf/1981_trimmed/Rajasthan/mededu/1981_Bikaner_medical_educational_amenities.pdf,6d1ccf55ddc2d1a463c8710f872ed570f53f2e112dc502686714af6dc18ee538,2
Rajasthan,tehsil appendix,tehsil_appendix,1981_Bikaner_tehsil_appendix.pdf,output/pdf/1981_trimmed/Rajasthan/tehsil appendix/1981_Bikaner_tehsil_appendix.pdf,8cf6dd502e8fa4bba9d31a5668d1e55ec7af1942330827276934ab1877db9bbb,4
Rajasthan,civic amenities,civic_amenities,1981_Bundi_civic_amenities.pdf,output/pdf/1981_trimmed/Rajasthan/civic amenities/1981_Bundi_civic_amenities.pdf,1ca6fe5f4fe205244154d78fc81bcb25473255e5e351d225418759e936657e58,2
Rajasthan,mededu,medical_educational_amenities,1981_Bundi_medical_educational_amenities.pdf,output/pdf/1981_trimmed/Rajasthan/mededu/1981_Bundi_medical_educational_amenities.pdf,0a6e740d206c0960a62b0f68944e8ebce6f135c6dec1d4b08b79d4bd020a8b19,2
Rajasthan,tehsil appendix,tehsil_appendix,1981_Bundi_tehsil_appendix.pdf,output/pdf/1981_trimmed/Rajasthan/tehsil appendix/1981_Bundi_tehsil_appendix.pdf,4c873f90e2ac78c5600517318f6b66ef3d725de64a07fd985738c3787e339934,4
Rajasthan,civic amenities,civic_amenities,1981_Dungarpur_civic_amenities.pdf,output/pdf/1981_trimmed/Rajasthan/civic amenities/1981_Dungarpur_civic_amenities.pdf,6b871ff1e196c7590e03c4671ec1e91bcfd6cb03ef96cf1cace9ec92156771e2,2
Rajasthan,mededu,medical_educational_amenities,1981_Dungarpur_medical_educational_amenities.pdf,output/pdf/1981_trimmed/Rajasthan/mededu/1981_Dungarpur_medical_educational_amenities.pdf,f8fcef99a3fadeb0187859d43f879f70f36999055dbc0f1437257c3c707334e5,2
Rajasthan,tehsil appendix,tehsil_appendix,1981_Dungarpur_tehsil_appendix.pdf,output/pdf/1981_trimmed/Rajasthan/tehsil appendix/1981_Dungarpur_tehsil_appendix.pdf,26da7a8f23bcd7b3c904f7f445b55d420260b65eaf5e2b3a17a0bb01421caa67,4
Rajasthan,civic amenities,civic_amenities,1981_Jaisalmer_civic_amenities.pdf,output/pdf/1981_trimmed/Rajasthan/civic amenities/1981_Jaisalmer_civic_amenities.pdf,8359d573cf2d928b7efbd27e0ddf1a14a82631319eda11bfb8a671fb0437e852,2
Rajasthan,mededu,medical_educational_amenities,1981_Jaisalmer_medical_educational_amenities.pdf,output/pdf/1981_trimmed/Rajasthan/mededu/1981_Jaisalmer_medical_educational_amenities.pdf,b58e22ceaf1655853f200a4d0e2e4fe9150431a1034f8b72a97dc5dd06775970,2
Rajasthan,tehsil appendix,tehsil_appendix,1981_Jaisalmer_tehsil_appendix.pdf,output/pdf/1981_trimmed/Rajasthan/tehsil appendix/1981_Jaisalmer_tehsil_appendix.pdf,59905d6bff1b3a6bc55d48e58351e2021689a1e66b8e0f78689dce27ff44531d,4
Rajasthan,civic amenities,civic_amenities,1981_Jalor_civic_amenities.pdf,output/pdf/1981_trimmed/Rajasthan/civic amenities/1981_Jalor_civic_amenities.pdf,7d083fd6eecfbe60b2a00e790e7c009c944bb8f7ebacb169fdea39f0d0467fe7,2
Rajasthan,mededu,medical_educational_amenities,1981_Jalor_medical_educational_amenities.pdf,output/pdf/1981_trimmed/Rajasthan/mededu/1981_Jalor_medical_educational_amenities.pdf,39cb1a219af0d0c029b7a0df417b109cba5d9248d01349cf5812119b2b6453c6,2
Rajasthan,tehsil appendix,tehsil_appendix,1981_Jalor_tehsil_appendix.pdf,output/pdf/1981_trimmed/Rajasthan/tehsil appendix/1981_Jalor_tehsil_appendix.pdf,a1ab872f40d476cbc885ccff5d5debd50bafccce55cc15af7291af17b81188b8,4
Rajasthan,civic amenities,civic_amenities,1981_Jhunjhunun_civic_amenities.pdf,output/pdf/1981_trimmed/Rajasthan/civic amenities/1981_Jhunjhunun_civic_amenities.pdf,31ef98b5da137eea17e3da6a920fbc75625fe56b44b3c51738d15a87847a0e50,2
Rajasthan,mededu,medical_educational_amenities,1981_Jhunjhunun_medical_educational_amenities.pdf,output/pdf/1981_trimmed/Rajasthan/mededu/1981_Jhunjhunun_medical_educational_amenities.pdf,bbe0804cd9e39bb737de320f558aa8d0e4b2d742b3a4ecfdf1beed107bba925c,4
Rajasthan,tehsil appendix,tehsil_appendix,1981_Jhunjhunun_tehsil_appendix.pdf,output/pdf/1981_trimmed/Rajasthan/tehsil appendix/1981_Jhunjhunun_tehsil_appendix.pdf,e18f667f7b361d39c0cf7248f1e6e8006a9a27b3ccb08cae5869f28aeb0b3947,4
Rajasthan,civic amenities,civic_amenities,1981_Sirohi_civic_amenities.pdf,output/pdf/1981_trimmed/Rajasthan/civic amenities/1981_Sirohi_civic_amenities.pdf,3e623624babab432e0eb917167bbd3aa9e7443ca57ec0f4684745e3b511bc6b3,2
Rajasthan,mededu,medical_educational_amenities,1981_Sirohi_medical_educational_amenities.pdf,output/pdf/1981_trimmed/Rajasthan/mededu/1981_Sirohi_medical_educational_amenities.pdf,4628be57a3122c2f743686c9f1e9ea93a0c0093fc8a75fc33734a91d1b1bd21c,2
Rajasthan,tehsil appendix,tehsil_appendix,1981_Sirohi_tehsil_appendix.pdf,output/pdf/1981_trimmed/Rajasthan/tehsil appendix/1981_Sirohi_tehsil_appendix.pdf,4e655fabe60bdcac36d60776af8685488b5ec2e02beabbf9ff035ca67eca884e,4
Sikkim,civic amenities,civic_amenities,1981_Sikkim_civic_amenities.pdf,output/pdf/1981_trimmed/Sikkim/civic amenities/1981_Sikkim_civic_amenities.pdf,253a175a34da4f2b67e087aa4f2f94b7cc0036eb898d76e4fb4166455faccfdd,2
Sikkim,mededu,medical_educational_amenities,1981_Sikkim_medical_educational_amenities.pdf,output/pdf/1981_trimmed/Sikkim/mededu/1981_Sikkim_medical_educational_amenities.pdf,e411616f5c1e35506c5c608d9f655a24b949db8513620702efba68b4c24ab0db,2
Sikkim,tehsil appendix,tehsil_appendix,1981_Sikkim_tehsil_appendix.pdf,output/pdf/1981_trimmed/Sikkim/tehsil appendix/1981_Sikkim_tehsil_appendix.pdf,f134fe2e7dc8f2354a9220840a0d7513bf0a3787b163ed8e40935cb9ec0080e9,2
Tamil Nadu,civic amenities,civic_amenities,1981_Chengalpattu_civic_amenities.pdf,output/pdf/1981_trimmed/Tamil Nadu/civic amenities/1981_Chengalpattu_civic_amenities.pdf,a7463b076e747791976c4cc70a2599876a8814c41853addbdd6f5e9640866753,6
Tamil Nadu,mededu,medical_educational_amenities,1981_Chengalpattu_medical_educational_amenities.pdf,output/pdf/1981_trimmed/Tamil Nadu/mededu/1981_Chengalpattu_medical_educational_amenities.pdf,0582c47bff5cf96e41f4359381d6245d99f0188a9ab9fd92a6f291cca0d51927,10
Tamil Nadu,tehsil appendix,tehsil_appendix,1981_Chengalpattu_tehsil_appendix.pdf,output/pdf/1981_trimmed/Tamil Nadu/tehsil appendix/1981_Chengalpattu_tehsil_appendix.pdf,ab9cfe871b45e83371a7c4ef170833f1d5b649167600260170397f70eb220115,3
Tamil Nadu,civic amenities,civic_amenities,1981_Chennai_civic_amenities.pdf,output/pdf/1981_trimmed/Tamil Nadu/civic amenities/1981_Chennai_civic_amenities.pdf,889f5bbbb36c183dcb24738e3fd8dff27b92c6151c8505a759b0dab1ab6b7855,6
Tamil Nadu,mededu,medical_educational_amenities,1981_Chennai_medical_educational_amenities.pdf,output/pdf/1981_trimmed/Tamil Nadu/mededu/1981_Chennai_medical_educational_amenities.pdf,5444640529f5fcb1145c822232c280b243a30b988bd2abb2b80c8b0b3e91c88b,8
Tamil Nadu,civic amenities,civic_amenities,1981_Coimbatore_civic_amenities.pdf,output/pdf/1981_trimmed/Tamil Nadu/civic amenities/1981_Coimbatore_civic_amenities.pdf,7c9a8edd36478f43e8995639f715fba073aa7ae5068e229953373b0e1641f8af,9
Tamil Nadu,mededu,medical_educational_amenities,1981_Coimbatore_medical_educational_amenities.pdf,output/pdf/1981_trimmed/Tamil Nadu/mededu/1981_Coimbatore_medical_educational_amenities.pdf,45cc40366c46c28ad8071961e305a135c32cd9fd4db1b644b42d45804c8dd3b9,14
Tamil Nadu,tehsil appendix,tehsil_appendix,1981_Coimbatore_tehsil_appendix.pdf,output/pdf/1981_trimmed/Tamil Nadu/tehsil appendix/1981_Coimbatore_tehsil_appendix.pdf,d5819d423e752bd848494d8e3c6e01d2c59e4c0b2c560f6473b106b05fc09df9,4
Tamil Nadu,civic amenities,civic_amenities,1981_Dharmapuri_civic_amenities.pdf,output/pdf/1981_trimmed/Tamil Nadu/civic amenities/1981_Dharmapuri_civic_amenities.pdf,9b831cc6b60459bd4e264ed95803ff17dfeaad3245913430eef6766960d3729a,1
Tamil Nadu,mededu,medical_educational_amenities,1981_Dharmapuri_medical_educational_amenities.pdf,output/pdf/1981_trimmed/Tamil Nadu/mededu/1981_Dharmapuri_medical_educational_amenities.pdf,77ea8ce8594deaa99d5ee823c71723ddeba530ec2372ce09392c3d821b6e9270,2
Tamil Nadu,tehsil appendix,tehsil_appendix,1981_Dharmapuri_tehsil_appendix.pdf,output/pdf/1981_trimmed/Tamil Nadu/tehsil appendix/1981_Dharmapuri_tehsil_appendix.pdf,7ab16f36e64ead1aa0bbd5d40b13883effcd99f586a57762e0f925907ae8a988,8
Tamil Nadu,civic amenities,civic_amenities,1981_Kanniyakumari_civic_amenities.pdf,output/pdf/1981_trimmed/Tamil Nadu/civic amenities/1981_Kanniyakumari_civic_amenities.pdf,65b2a327e37f8e90a248062d341a39497f2ddafbc1deb2149d33acb9ffaebe30,2
Tamil Nadu,mededu,medical_educational_amenities,1981_Kanniyakumari_medical_educational_amenities.pdf,output/pdf/1981_trimmed/Tamil Nadu/mededu/1981_Kanniyakumari_medical_educational_amenities.pdf,5c3e4f6bd28cfa60df5a7d0340eeda3ad7bc1b13c68206c987100f1d01fb58ab,2
Tamil Nadu,tehsil appendix,tehsil_appendix,1981_Kanniyakumari_tehsil_appendix.pdf,output/pdf/1981_trimmed/Tamil Nadu/tehsil appendix/1981_Kanniyakumari_tehsil_appendix.pdf,26434208d722409b0291000b109d9c1241dd809dd4f4acb9b55265bc5fb6253a,4
Tamil Nadu,civic amenities,civic_amenities,1981_Madurai_civic_amenities.pdf,output/pdf/1981_trimmed/Tamil Nadu/civic amenities/1981_Madurai_civic_amenities.pdf,11c7bd4d75d1bd89359df98c614abaeb05bfac117d3b69d16c191a42920f1b49,4
Tamil Nadu,mededu,medical_educational_amenities,1981_Madurai_medical_educational_amenities.pdf,output/pdf/1981_trimmed/Tamil Nadu/mededu/1981_Madurai_medical_educational_amenities.pdf,2df681d3c64ef320dd10a5abad14002fc2c9bb4c4cf17f6001dde0ca34fb74d3,6
Tamil Nadu,tehsil appendix,tehsil_appendix,1981_Madurai_tehsil_appendix.pdf,output/pdf/1981_trimmed/Tamil Nadu/tehsil appendix/1981_Madurai_tehsil_appendix.pdf,ffaaaa680429acccc31e0636ce447feeae9a6ebdbb66c048fb1a8c3ac8b47493,3
Tamil Nadu,civic amenities,civic_amenities,1981_Nilgiri_civic_amenities.pdf,output/pdf/1981_trimmed/Tamil Nadu/civic amenities/1981_Nilgiri_civic_amenities.pdf,bbf6fced8072e84998286bdb4f842ffb543d455754d366f6dfc24996448b287a,2
Tamil Nadu,mededu,medical_educational_amenities,1981_Nilgiri_medical_educational_amenities.pdf,output/pdf/1981_trimmed/Tamil Nadu/mededu/1981_Nilgiri_medical_educational_amenities.pdf,831759e612fd06e1c52780b99e8c4b4326a6ccee213a1883ad6a1b78cc0fbd4d,4
Tamil Nadu,tehsil appendix,tehsil_appendix,1981_Nilgiri_tehsil_appendix.pdf,output/pdf/1981_trimmed/Tamil Nadu/tehsil appendix/1981_Nilgiri_tehsil_appendix.pdf,d082c55cdcd593107500966fd253921a1d43e287fc35f558c497a3c3ebd40496,2
Tamil Nadu,civic amenities,civic_amenities,1981_Periyar_civic_amenities.pdf,output/pdf/1981_trimmed/Tamil Nadu/civic amenities/1981_Periyar_civic_amenities.pdf,372ccaf544ee5832a14540fd3673e935f28c23f160e3a6a943def12ad4666c96,4
Tamil Nadu,mededu,medical_educational_amenities,1981_Periyar_medical_educational_amenities.pdf,output/pdf/1981_trimmed/Tamil Nadu/mededu/1981_Periyar_medical_educational_amenities.pdf,7a7c9c4369fbdc9fb24d05c9a5ab666d4cc7af7310f57e513d3f48345e62e5b4,4
Tamil Nadu,tehsil appendix,tehsil_appendix,1981_Periyar_tehsil_appendix.pdf,output/pdf/1981_trimmed/Tamil Nadu/tehsil appendix/1981_Periyar_tehsil_appendix.pdf,7de1b09a6781310be89903da0206b87d3159c759bfd95c99d4a1d1ca51853d46,2
Tamil Nadu,civic amenities,civic_amenities,1981_Ramanathapuram_civic_amenities.pdf,output/pdf/1981_trimmed/Tamil Nadu/civic amenities/1981_Ramanathapuram_civic_amenities.pdf,1c3b5469e44195f808719564bf4c3766b3e29a57cb7602d75383a89ba0eb980e,6
Tamil Nadu,mededu,medical_educational_amenities,1981_Ramanathapuram_medical_educational_amenities.pdf,output/pdf/1981_trimmed/Tamil Nadu/mededu/1981_Ramanathapuram_medical_educational_amenities.pdf,32e52b3c295c09da004d4f3e7ffe168e7221d1dc9f7d9619783c7bbf472e1752,6
Tamil Nadu,tehsil appendix,tehsil_appendix,1981_Ramanathapuram_tehsil_appendix.pdf,output/pdf/1981_trimmed/Tamil Nadu/tehsil appendix/1981_Ramanathapuram_tehsil_appendix.pdf,cca6f6ef552842cb4255d40745c31f98ce0ad2472d467a4ccc654e99da83a8f9,3
Tamil Nadu,civic amenities,civic_amenities,1981_Salem_civic_amenities.pdf,output/pdf/1981_trimmed/Tamil Nadu/civic amenities/1981_Salem_civic_amenities.pdf,fecbedec06e081c91d48c50892d6580872dfef638abe77046bbc50cc1ec91d07,8
Tamil Nadu,mededu,medical_educational_amenities,1981_Salem_medical_educational_amenities.pdf,output/pdf/1981_trimmed/Tamil Nadu/mededu/1981_Salem_medical_educational_amenities.pdf,97bf50b4da92eed06daa4fc931ae4a6964a326897c8bd477f71e40de975c18d8,2
Tamil Nadu,tehsil appendix,tehsil_appendix,1981_Salem_tehsil_appendix.pdf,output/pdf/1981_trimmed/Tamil Nadu/tehsil appendix/1981_Salem_tehsil_appendix.pdf,78c0280f84666d38ae9eb134e1aa5c851fd2e38f9dfd2099423a9490653dc2c5,3
Tamil Nadu,civic amenities,civic_amenities,1981_South Arcot_civic_amenities.pdf,output/pdf/1981_trimmed/Tamil Nadu/civic amenities/1981_South Arcot_civic_amenities.pdf,f75c4168053ac6eefb5c54fae1c69e2530c0ac350020a9dd2b2b1b185567424c,2
Tamil Nadu,mededu,medical_educational_amenities,1981_South Arcot_medical_educational_amenities.pdf,output/pdf/1981_trimmed/Tamil Nadu/mededu/1981_South Arcot_medical_educational_amenities.pdf,aeea75fb8262c42853e3168d0a41cd2c43614218dc90a37c4b34f0233240344e,4
Tamil Nadu,tehsil appendix,tehsil_appendix,1981_South Arcot_tehsil_appendix.pdf,output/pdf/1981_trimmed/Tamil Nadu/tehsil appendix/1981_South Arcot_tehsil_appendix.pdf,00564d7d2b11bd7b574979634de7b584375f30e8815a5e5d76d067f26d091b89,6
Tamil Nadu,civic amenities,civic_amenities,1981_Thanjavur_civic_amenities.pdf,output/pdf/1981_trimmed/Tamil Nadu/civic amenities/1981_Thanjavur_civic_amenities.pdf,3743f989aa01f48944baad5b1de885f5837c9c9fc67486fe4a30c472aa54d1ba,4
Tamil Nadu,mededu,medical_educational_amenities,1981_Thanjavur_medical_educational_amenities.pdf,output/pdf/1981_trimmed/Tamil Nadu/mededu/1981_Thanjavur_medical_educational_amenities.pdf,6301042045bf16ca13d2a913bca6335851eebe3c15fbb5cadff09ad7d214dc57,6
Tamil Nadu,tehsil appendix,tehsil_appendix,1981_Thanjavur_tehsil_appendix.pdf,output/pdf/1981_trimmed/Tamil Nadu/tehsil appendix/1981_Thanjavur_tehsil_appendix.pdf,1b52da3c9c1d09a7d9b442a3f64e0c8dca9bedc7e027a3802cb2decf51ae4b38,6
Tamil Nadu,civic amenities,civic_amenities,1981_Tiruchchirappalli_civic_amenities.pdf,output/pdf/1981_trimmed/Tamil Nadu/civic amenities/1981_Tiruchchirappalli_civic_amenities.pdf,e4746746f36d60fc872902924b3897c9f0fcf0d22ee99475df0250c471a41e0d,6
Tamil Nadu,mededu,medical_educational_amenities,1981_Tiruchchirappalli_medical_educational_amenities.pdf,output/pdf/1981_trimmed/Tamil Nadu/mededu/1981_Tiruchchirappalli_medical_educational_amenities.pdf,6727305554895f526626705616b6c798995a72e16145e7fb6cdea2e438fc785b,7
Tamil Nadu,tehsil appendix,tehsil_appendix,1981_Tiruchchirappalli_tehsil_appendix.pdf,output/pdf/1981_trimmed/Tamil Nadu/tehsil appendix/1981_Tiruchchirappalli_tehsil_appendix.pdf,97e446c77fd7bb491d44b69e2b9e08e800508ee0f2df4cfdd89b628809abab2b,4
Tamil Nadu,civic amenities,civic_amenities,1981_Tirunelveli_civic_amenities.pdf,output/pdf/1981_trimmed/Tamil Nadu/civic amenities/1981_Tirunelveli_civic_amenities.pdf,c33f6c7dcfae36134978681934132a1d4809f8657c3d54c0fc6dcc3187accbbc,13
Tamil Nadu,mededu,medical_educational_amenities,1981_Tirunelveli_medical_educational_amenities.pdf,output/pdf/1981_trimmed/Tamil Nadu/mededu/1981_Tirunelveli_medical_educational_amenities.pdf,628e87e4c6eb0f0809d86de332e3094135f3665ad4512c72806fe0d08ee9c1f3,15
Tamil Nadu,tehsil appendix,tehsil_appendix,1981_Tirunelveli_tehsil_appendix.pdf,output/pdf/1981_trimmed/Tamil Nadu/tehsil appendix/1981_Tirunelveli_tehsil_appendix.pdf,bb6e83e6114ff9167bfb8b1c4698ed8b70cab72f410e4bc6656933adb36f1469,4
Uttar Pradesh,civic amenities,civic_amenities,1981_Aligarh_civic_amenities.pdf,output/pdf/1981_trimmed/Uttar Pradesh/civic amenities/1981_Aligarh_civic_amenities.pdf,89aff65ba6bf98347b1a1b2eca72bd33b89014d23c91a6c982aa977b0ade7015,4
Uttar Pradesh,mededu,medical_educational_amenities,1981_Aligarh_medical_educational_amenities.pdf,output/pdf/1981_trimmed/Uttar Pradesh/mededu/1981_Aligarh_medical_educational_amenities.pdf,63b4d723d5e9ff91a951f22578a218171471a596af98305ea7b2e99b2e4dbc64,6
Uttar Pradesh,tehsil appendix,tehsil_appendix,1981_Aligarh_tehsil_appendix.pdf,output/pdf/1981_trimmed/Uttar Pradesh/tehsil appendix/1981_Aligarh_tehsil_appendix.pdf,d7f4d03df2dec7a904a427823d6d708de7d6c6c1f7e38541df9b7d8618563ddf,4
Uttar Pradesh,civic amenities,civic_amenities,1981_Allahabad_civic_amenities.pdf,output/pdf/1981_trimmed/Uttar Pradesh/civic amenities/1981_Allahabad_civic_amenities.pdf,dd89e4e233a4b962bb6565e5b4bdcde5c7caff5e5dea7e689c42806898daf119,4
Uttar Pradesh,mededu,medical_educational_amenities,1981_Allahabad_medical_educational_amenities.pdf,output/pdf/1981_trimmed/Uttar Pradesh/mededu/1981_Allahabad_medical_educational_amenities.pdf,b46efaba3487ab52d552d5c6d356668cc1889cc96bf0abc4132db7c436209b51,6
Uttar Pradesh,tehsil appendix,tehsil_appendix,1981_Allahabad_tehsil_appendix.pdf,output/pdf/1981_trimmed/Uttar Pradesh/tehsil appendix/1981_Allahabad_tehsil_appendix.pdf,b3c5ad70557a4b313447f5bad2f55f04f5b9c5a1bbd368d44638fc3aa0267761,4
Uttar Pradesh,civic amenities,civic_amenities,1981_Almora_civic_amenities.pdf,output/pdf/1981_trimmed/Uttar Pradesh/civic amenities/1981_Almora_civic_amenities.pdf,41deea5f6b3a5cb59699d00282cfbda367eea37f83b4e3912c5fb6337d0bd74e,2
Uttar Pradesh,mededu,medical_educational_amenities,1981_Almora_medical_educational_amenities.pdf,output/pdf/1981_trimmed/Uttar Pradesh/mededu/1981_Almora_medical_educational_amenities.pdf,16bfe3f8bd96678dcb059a936a68c4492850c52e290ad9508d3518c4f7201bb1,2
Uttar Pradesh,civic amenities,civic_amenities,1981_Azamgarh_civic_amenities.pdf,output/pdf/1981_trimmed/Uttar Pradesh/civic amenities/1981_Azamgarh_civic_amenities.pdf,8f2b853c1bf166dd6ced1a85ed8ba8049b1586d677cbae2c527bfd3ceaba7ce7,4
Uttar Pradesh,mededu,medical_educational_amenities,1981_Azamgarh_medical_educational_amenities.pdf,output/pdf/1981_trimmed/Uttar Pradesh/mededu/1981_Azamgarh_medical_educational_amenities.pdf,dc1dfd2d7cecdebba2a6aedcce289e6b2997dd6c1b9bf5e6f47298f9bbad32fc,6
Uttar Pradesh,tehsil appendix,tehsil_appendix,1981_Azamgarh_tehsil_appendix.pdf,output/pdf/1981_trimmed/Uttar Pradesh/tehsil appendix/1981_Azamgarh_tehsil_appendix.pdf,032710f9ed7e5413503d6cc8aea78a8543cbe959bd6779e62689555179dbc71d,4
Uttar Pradesh,civic amenities,civic_amenities,1981_Bahraich_civic_amenities.pdf,output/pdf/1981_trimmed/Uttar Pradesh/civic amenities/1981_Bahraich_civic_amenities.pdf,3d17652ce2f5c36565f75070ceb3017a68a8b82e4569115df2294cbe06c82bcc,3
Uttar Pradesh,mededu,medical_educational_amenities,1981_Bahraich_medical_educational_amenities.pdf,output/pdf/1981_trimmed/Uttar Pradesh/mededu/1981_Bahraich_medical_educational_amenities.pdf,17c348d1547a84e8793373edd1260075f7b7e524a1c70166288b727391de07bc,2
Uttar Pradesh,tehsil appendix,tehsil_appendix,1981_Bahraich_tehsil_appendix.pdf,output/pdf/1981_trimmed/Uttar Pradesh/tehsil appendix/1981_Bahraich_tehsil_appendix.pdf,2d0d1decf8a601626a1611c2a4c7ae0b943d94d3fcb5cc42ce7f9fd64a11622b,4
Uttar Pradesh,civic amenities,civic_amenities,1981_Banda_civic_amenities.pdf,output/pdf/1981_trimmed/Uttar Pradesh/civic amenities/1981_Banda_civic_amenities.pdf,dfdc67398d3075061a6cdd2a3961f12aaefaaf6c139e6c3df8961f8dc83c2d94,3
Uttar Pradesh,mededu,medical_educational_amenities,1981_Banda_medical_educational_amenities.pdf,output/pdf/1981_trimmed/Uttar Pradesh/mededu/1981_Banda_medical_educational_amenities.pdf,231134aff38a566bf933b21b036b39339b613cd15066ad49a2c6e767ce831326,3
Uttar Pradesh,tehsil appendix,tehsil_appendix,1981_Banda_tehsil_appendix.pdf,output/pdf/1981_trimmed/Uttar Pradesh/tehsil appendix/1981_Banda_tehsil_appendix.pdf,e6ad9dddeb9ec4b4a8c4bd880b695bb87024bdbdca765e036c44dd63c4ee0d50,4
Uttar Pradesh,civic amenities,civic_amenities,1981_Bareilly_civic_amenities.pdf,output/pdf/1981_trimmed/Uttar Pradesh/civic amenities/1981_Bareilly_civic_amenities.pdf,a98ccdc5b6c51f5ae7b7819f6021c671d94b38610547485ee7e195f9d0603942,4
Uttar Pradesh,mededu,medical_educational_amenities,1981_Bareilly_medical_educational_amenities.pdf,output/pdf/1981_trimmed/Uttar Pradesh/mededu/1981_Bareilly_medical_educational_amenities.pdf,3fbd087ae772af70680b7f3bb4f13f3b4295f3685189e0d4fbfab04f0e258f73,8
Uttar Pradesh,tehsil appendix,tehsil_appendix,1981_Bareilly_tehsil_appendix.pdf,output/pdf/1981_trimmed/Uttar Pradesh/tehsil appendix/1981_Bareilly_tehsil_appendix.pdf,86b3337cfebf8005465797377b5cdc5a634311a9a405440069a13f8c3767401a,4
Uttar Pradesh,civic amenities,civic_amenities,1981_Basti_civic_amenities.pdf,output/pdf/1981_trimmed/Uttar Pradesh/civic amenities/1981_Basti_civic_amenities.pdf,e7f3e8058e4bfb898f90ed2b18f69c9e747f1415d88974d5c3f3f98fe84c0065,2
Uttar Pradesh,mededu,medical_educational_amenities,1981_Basti_medical_educational_amenities.pdf,output/pdf/1981_trimmed/Uttar Pradesh/mededu/1981_Basti_medical_educational_amenities.pdf,86b0a93250f9e953874b21ae0a240dae558b749c34f7ae104348fc82bdc45546,2
Uttar Pradesh,tehsil appendix,tehsil_appendix,1981_Basti_tehsil_appendix.pdf,output/pdf/1981_trimmed/Uttar Pradesh/tehsil appendix/1981_Basti_tehsil_appendix.pdf,6fca4c3be5a877068e2d9d316fb68b5c115b56603a6cc1bd81e6928787f8f192,4
Uttar Pradesh,civic amenities,civic_amenities,1981_Bijnor_civic_amenities.pdf,output/pdf/1981_trimmed/Uttar Pradesh/civic amenities/1981_Bijnor_civic_amenities.pdf,3b466d09516f8a8475fd0b8b55695469c3b4bcef4afee78215d49a222b53a2aa,4
Uttar Pradesh,mededu,medical_educational_amenities,1981_Bijnor_medical_educational_amenities.pdf,output/pdf/1981_trimmed/Uttar Pradesh/mededu/1981_Bijnor_medical_educational_amenities.pdf,c26d0aa68e9ef13ddc76184d8a29a1d97f70f9f44bf2725737e1e3ef884c536d,7
Uttar Pradesh,tehsil appendix,tehsil_appendix,1981_Bijnor_tehsil_appendix.pdf,output/pdf/1981_trimmed/Uttar Pradesh/tehsil appendix/1981_Bijnor_tehsil_appendix.pdf,b63b24e286456cd89bbc1457c85dfc6b2a970df512c0c89607542c307a35f583,4
Uttar Pradesh,civic amenities,civic_amenities,1981_Budaun_civic_amenities.pdf,output/pdf/1981_trimmed/Uttar Pradesh/civic amenities/1981_Budaun_civic_amenities.pdf,ccbc0dcff61828a0a12a2b4dd1af6d73f882efb78bfa96b65826f46b55d70608,4
Uttar Pradesh,mededu,medical_educational_amenities,1981_Budaun_medical_educational_amenities.pdf,output/pdf/1981_trimmed/Uttar Pradesh/mededu/1981_Budaun_medical_educational_amenities.pdf,381e3e27c923a6ce8e389be77a26f05bb14172a7383b30b57131b049015a0b2f,4
Uttar Pradesh,tehsil appendix,tehsil_appendix,1981_Budaun_tehsil_appendix.pdf,output/pdf/1981_trimmed/Uttar Pradesh/tehsil appendix/1981_Budaun_tehsil_appendix.pdf,d7e04a193244177c378cea8b5c3495faa67e77a71ee3e64d86dbb1247efe5bd8,4
Uttar Pradesh,civic amenities,civic_amenities,1981_Bulandshahr_civic_amenities.pdf,output/pdf/1981_trimmed/Uttar Pradesh/civic amenities/1981_Bulandshahr_civic_amenities.pdf,17f19d83cb683115ecd4e210902f37eaa6d1fffd076554cdee2de0c958a7ebc1,4
Uttar Pradesh,mededu,medical_educational_amenities,1981_Bulandshahr_medical_educational_amenities.pdf,output/pdf/1981_trimmed/Uttar Pradesh/mededu/1981_Bulandshahr_medical_educational_amenities.pdf,26ae727f3cd0e9add19389b891dfa7229a34cf388f71e2878fb2fc43c11a4db4,4
Uttar Pradesh,tehsil appendix,tehsil_appendix,1981_Bulandshahr_tehsil_appendix.pdf,output/pdf/1981_trimmed/Uttar Pradesh/tehsil appendix/1981_Bulandshahr_tehsil_appendix.pdf,bb70c3bca11f9f2e150467b1b5a86247840c12a0e87a30e09d55ca97809ef112,4
Uttar Pradesh,civic amenities,civic_amenities,1981_Chamoli_civic_amenities.pdf,output/pdf/1981_trimmed/Uttar Pradesh/civic amenities/1981_Chamoli_civic_amenities.pdf,f29f8ba4cf7fa7b1370efe6b37195a9d6c16ecbef0d324fe7d183c99cc19bc17,3
Uttar Pradesh,mededu,medical_educational_amenities,1981_Chamoli_medical_educational_amenities.pdf,output/pdf/1981_trimmed/Uttar Pradesh/mededu/1981_Chamoli_medical_educational_amenities.pdf,314bd204501c9c26a23521a3b2d74c97f21ad606174efa604405b69a2c415cfa,2
Uttar Pradesh,tehsil appendix,tehsil_appendix,1981_Chamoli_tehsil_appendix.pdf,output/pdf/1981_trimmed/Uttar Pradesh/tehsil appendix/1981_Chamoli_tehsil_appendix.pdf,3282a7a9d3307163a5c94610293a2f9114f0afeb3a886ce9b36743298eab4d43,4
Uttar Pradesh,civic amenities,civic_amenities,1981_Dehra Dun_civic_amenities.pdf,output/pdf/1981_trimmed/Uttar Pradesh/civic amenities/1981_Dehra Dun_civic_amenities.pdf,d5f072c2c3a29930775247c4b6cd3d8a705fa8ffac27eaf773299ed9436891a7,3
Uttar Pradesh,mededu,medical_educational_amenities,1981_Dehra Dun_medical_educational_amenities.pdf,output/pdf/1981_trimmed/Uttar Pradesh/mededu/1981_Dehra Dun_medical_educational_amenities.pdf,ba38f933dad43b3992c5ebd6cf9977c9d05fc9f59b0dfe21941e26798957bac2,5
Uttar Pradesh,tehsil appendix,tehsil_appendix,1981_Dehra Dun_tehsil_appendix.pdf,output/pdf/1981_trimmed/Uttar Pradesh/tehsil appendix/1981_Dehra Dun_tehsil_appendix.pdf,8474e3264c02e64b92cc848193ff277654fae9b2794adb2fa21b9c9471052c09,4
Uttar Pradesh,civic amenities,civic_amenities,1981_Deoria_civic_amenities.pdf,output/pdf/1981_trimmed/Uttar Pradesh/civic amenities/1981_Deoria_civic_amenities.pdf,dc4be28f456331e85f2ad3e1e8681babeba5e0f68643326ce61c39c2288d92d8,5
Uttar Pradesh,mededu,medical_educational_amenities,1981_Deoria_medical_educational_amenities.pdf,output/pdf/1981_trimmed/Uttar Pradesh/mededu/1981_Deoria_medical_educational_amenities.pdf,c9e861e3152803d559c47491ac738cd855b7b9a15e0035924ea4e60b27bb64d9,5
Uttar Pradesh,tehsil appendix,tehsil_appendix,1981_Deoria_tehsil_appendix.pdf,output/pdf/1981_trimmed/Uttar Pradesh/tehsil appendix/1981_Deoria_tehsil_appendix.pdf,d68af77e6a7b9db035e792ca4656a5145fef428b89d2eaea4851d93a5a5f0974,4
Uttar Pradesh,civic amenities,civic_amenities,1981_Etawah_civic_amenities.pdf,output/pdf/1981_trimmed/Uttar Pradesh/civic amenities/1981_Etawah_civic_amenities.pdf,b77ff7a27350084c09e0618c40c4df122d03c37773b00d25e0bad958f9a3e0bb,2
Uttar Pradesh,mededu,medical_educational_amenities,1981_Etawah_medical_educational_amenities.pdf,output/pdf/1981_trimmed/Uttar Pradesh/mededu/1981_Etawah_medical_educational_amenities.pdf,45110fbe8ed82067f647678618c36f7599d073af3678cf072fe3a6fafa2664fc,4
Uttar Pradesh,tehsil appendix,tehsil_appendix,1981_Etawah_tehsil_appendix.pdf,output/pdf/1981_trimmed/Uttar Pradesh/tehsil appendix/1981_Etawah_tehsil_appendix.pdf,1c976c79ce0831799ad750f1c67d19df933cafc7d18ce271f717d9597c4dad5a,4
Uttar Pradesh,civic amenities,civic_amenities,1981_Faizabad_civic_amenities.pdf,output/pdf/1981_trimmed/Uttar Pradesh/civic amenities/1981_Faizabad_civic_amenities.pdf,02f210c332d3f35ece3db580834d93c4ffed14c1c7308a01ca38ff7ef90163eb,2
Uttar Pradesh,mededu,medical_educational_amenities,1981_Faizabad_medical_educational_amenities.pdf,output/pdf/1981_trimmed/Uttar Pradesh/mededu/1981_Faizabad_medical_educational_amenities.pdf,129b8134e1def7aff51a149ab430cdd4233495310eccd35690aea3759a85837e,4
Uttar Pradesh,tehsil appendix,tehsil_appendix,1981_Faizabad_tehsil_appendix.pdf,output/pdf/1981_trimmed/Uttar Pradesh/tehsil appendix/1981_Faizabad_tehsil_appendix.pdf,146161bd306adc3e4e0549a03d2a012424cd655e6db1cee0cd07f4fdad8a0e61,4
Uttar Pradesh,civic amenities,civic_amenities,1981_Farrukhabad_civic_amenities.pdf,output/pdf/1981_trimmed/Uttar Pradesh/civic amenities/1981_Farrukhabad_civic_amenities.pdf,62bab3784f0b4416728bc0c55d6bf80ce5fff02b1b5764cb7bcb6848902dd49e,2
Uttar Pradesh,mededu,medical_educational_amenities,1981_Farrukhabad_medical_educational_amenities.pdf,output/pdf/1981_trimmed/Uttar Pradesh/mededu/1981_Farrukhabad_medical_educational_amenities.pdf,ecfd42a5fc61855620a161e798f0f136e3eccc00c752bbd4c2f7b3286a53bf15,4
Uttar Pradesh,tehsil appendix,tehsil_appendix,1981_Farrukhabad_tehsil_appendix.pdf,output/pdf/1981_trimmed/Uttar Pradesh/tehsil appendix/1981_Farrukhabad_tehsil_appendix.pdf,29ba5759adc52ab6ab1f23964d22452f35e86b87cccb43ba05c37cceffe1a763,4
Uttar Pradesh,civic amenities,civic_amenities,1981_Fatehpur_civic_amenities.pdf,output/pdf/1981_trimmed/Uttar Pradesh/civic amenities/1981_Fatehpur_civic_amenities.pdf,47b2880663a9d56e11e45b5b9af4d8e8197d50d13dab417ae2d9780c07492564,3
Uttar Pradesh,mededu,medical_educational_amenities,1981_Fatehpur_medical_educational_amenities.pdf,output/pdf/1981_trimmed/Uttar Pradesh/mededu/1981_Fatehpur_medical_educational_amenities.pdf,0bf2dc85a92140779b97e04dfa862a733f522bb91088100f10eebf26053a4c3a,2
Uttar Pradesh,tehsil appendix,tehsil_appendix,1981_Fatehpur_tehsil_appendix.pdf,output/pdf/1981_trimmed/Uttar Pradesh/tehsil appendix/1981_Fatehpur_tehsil_appendix.pdf,f0b0153a2b4119695250248234efbc9285f09014b0b8c9e5babfe57499ae5071,4
Uttar Pradesh,civic amenities,civic_amenities,1981_Garhwal_civic_amenities.pdf,output/pdf/1981_trimmed/Uttar Pradesh/civic amenities/1981_Garhwal_civic_amenities.pdf,ee5e52d86c16366c11260b0f213710ba196220be50832329847765316331f036,2
Uttar Pradesh,mededu,medical_educational_amenities,1981_Garhwal_medical_educational_amenities.pdf,output/pdf/1981_trimmed/Uttar Pradesh/mededu/1981_Garhwal_medical_educational_amenities.pdf,032506d8becb11d06e3fb36b18b7a7448c5e341524ff4cf04a71bd3ca7652ff9,2
Uttar Pradesh,tehsil appendix,tehsil_appendix,1981_Garhwal_tehsil_appendix.pdf,output/pdf/1981_trimmed/Uttar Pradesh/tehsil appendix/1981_Garhwal_tehsil_appendix.pdf,c1e1ec87e816d411513b3a5380bd9099bf37f5514712e292a6043efcc1d09ebf,4
Uttar Pradesh,civic amenities,civic_amenities,1981_Ghaziabad_civic_amenities.pdf,output/pdf/1981_trimmed/Uttar Pradesh/civic amenities/1981_Ghaziabad_civic_amenities.pdf,71065b9abb668f1cc6d9f06547b60278714807aeee81db53909555313b25fd1d,3
Uttar Pradesh,mededu,medical_educational_amenities,1981_Ghaziabad_medical_educational_amenities.pdf,output/pdf/1981_trimmed/Uttar Pradesh/mededu/1981_Ghaziabad_medical_educational_amenities.pdf,f60db4b16db392a962b1e6167185d489029ffe04e915ad19bdf60385f04c952d,4
Uttar Pradesh,tehsil appendix,tehsil_appendix,1981_Ghaziabad_tehsil_appendix.pdf,output/pdf/1981_trimmed/Uttar Pradesh/tehsil appendix/1981_Ghaziabad_tehsil_appendix.pdf,25572945e834e235a670e94f4fc5da6a37f00c071a71159579fca847dc44bc29,2
Uttar Pradesh,civic amenities,civic_amenities,1981_Ghazipur_civic_amenities.pdf,output/pdf/1981_trimmed/Uttar Pradesh/civic amenities/1981_Ghazipur_civic_amenities.pdf,ebf8aed43d706962ce2ec922dec454fa15742f7f52895778e8fabe1fec167290,2
Uttar Pradesh,mededu,medical_educational_amenities,1981_Ghazipur_medical_educational_amenities.pdf,output/pdf/1981_trimmed/Uttar Pradesh/mededu/1981_Ghazipur_medical_educational_amenities.pdf,5e06c041627896872946bdd0271d5db5e70c14615852a771ce8f5d554f451492,2
Uttar Pradesh,tehsil appendix,tehsil_appendix,1981_Ghazipur_tehsil_appendix.pdf,output/pdf/1981_trimmed/Uttar Pradesh/tehsil appendix/1981_Ghazipur_tehsil_appendix.pdf,5ba61e22059a21fd89d96f6c360af52a0207f5bc3e6a7f8ae1b9487a06519ddd,4
Uttar Pradesh,civic amenities,civic_amenities,1981_Gonda_civic_amenities.pdf,output/pdf/1981_trimmed/Uttar Pradesh/civic amenities/1981_Gonda_civic_amenities.pdf,06b768d610cb883c6169112be239dd854c3bbc1a761e0f07f08632a846ef23b8,3
Uttar Pradesh,mededu,medical_educational_amenities,1981_Gonda_medical_educational_amenities.pdf,output/pdf/1981_trimmed/Uttar Pradesh/mededu/1981_Gonda_medical_educational_amenities.pdf,3fb0a38eb16229c27b399296fc52c6bea32541e224c5b714f70df2363a5a4a92,4
Uttar Pradesh,tehsil appendix,tehsil_appendix,1981_Gonda_tehsil_appendix.pdf,output/pdf/1981_trimmed/Uttar Pradesh/tehsil appendix/1981_Gonda_tehsil_appendix.pdf,9b824a47ae0ba639ff1fdabe5277654f2575b0b19f18a94394f241149623254d,4
Uttar Pradesh,civic amenities,civic_amenities,1981_Gorakhpur_civic_amenities.pdf,output/pdf/1981_trimmed/Uttar Pradesh/civic amenities/1981_Gorakhpur_civic_amenities.pdf,a56713c1925ccec03c1bed355cbba6b00995d8ac99fa033982de58a425e7a5f9,3
Uttar Pradesh,mededu,medical_educational_amenities,1981_Gorakhpur_medical_educational_amenities.pdf,output/pdf/1981_trimmed/Uttar Pradesh/mededu/1981_Gorakhpur_medical_educational_amenities.pdf,9074240f1115e82cf2d91af5cf70f1f8ca7c551b8acb417034d144c59d169aba,4
Uttar Pradesh,tehsil appendix,tehsil_appendix,1981_Gorakhpur_tehsil_appendix.pdf,output/pdf/1981_trimmed/Uttar Pradesh/tehsil appendix/1981_Gorakhpur_tehsil_appendix.pdf,6de74e3302553fd66132871392918cdbb6d465016c68539e6f98d8dd0749372e,4
Uttar Pradesh,civic amenities,civic_amenities,1981_Hamirpur_civic_amenities.pdf,output/pdf/1981_trimmed/Uttar Pradesh/civic amenities/1981_Hamirpur_civic_amenities.pdf,f9334f5bcfe504eeb1a015fce7120580e48567330080b07341a69ef2a3ed9d15,2
Uttar Pradesh,mededu,medical_educational_amenities,1981_Hamirpur_medical_educational_amenities.pdf,output/pdf/1981_trimmed/Uttar Pradesh/mededu/1981_Hamirpur_medical_educational_amenities.pdf,3d7c65246bd95ddf7ef7e12c20a2a7435eb8e69a908e2adaac9286d945289dd6,4
Uttar Pradesh,tehsil appendix,tehsil_appendix,1981_Hamirpur_tehsil_appendix.pdf,output/pdf/1981_trimmed/Uttar Pradesh/tehsil appendix/1981_Hamirpur_tehsil_appendix.pdf,8376a69a504db20df362845935bd0f56abac187870d38be374a6bf46c3277d04,4
Uttar Pradesh,civic amenities,civic_amenities,1981_Hardoi_civic_amenities.pdf,output/pdf/1981_trimmed/Uttar Pradesh/civic amenities/1981_Hardoi_civic_amenities.pdf,18dbbd0e93c92a18af18c9b8bbf816db3b66d9558704fed61450b253a803492c,3
Uttar Pradesh,mededu,medical_educational_amenities,1981_Hardoi_medical_educational_amenities.pdf,output/pdf/1981_trimmed/Uttar Pradesh/mededu/1981_Hardoi_medical_educational_amenities.pdf,1fa608b33be5d64488ff7e4490d3b128c973db074225e82b25d6d166a057ca73,3
Uttar Pradesh,tehsil appendix,tehsil_appendix,1981_Hardoi_tehsil_appendix.pdf,output/pdf/1981_trimmed/Uttar Pradesh/tehsil appendix/1981_Hardoi_tehsil_appendix.pdf,18f293fd9f7a98d371addafe589c4e17f5fe4118186132a120491466152be09a,4
Uttar Pradesh,civic amenities,civic_amenities,1981_Jalaun_civic_amenities.pdf,output/pdf/1981_trimmed/Uttar Pradesh/civic amenities/1981_Jalaun_civic_amenities.pdf,725072a1c62f3f31c2ae8067ecd51fa654cf2983a5d9d77c8266cfa88c336395,3
Uttar Pradesh,mededu,medical_educational_amenities,1981_Jalaun_medical_educational_amenities.pdf,output/pdf/1981_trimmed/Uttar Pradesh/mededu/1981_Jalaun_medical_educational_amenities.pdf,f2de9dede30a7adbabad6a11cd731ea07d3ddf75e9d86b3e2ae1bd2d3e89ec76,2
Uttar Pradesh,tehsil appendix,tehsil_appendix,1981_Jalaun_tehsil_appendix.pdf,output/pdf/1981_trimmed/Uttar Pradesh/tehsil appendix/1981_Jalaun_tehsil_appendix.pdf,741371d63cb2cdd719f3398e64ce56f8843d562f67169b4f5b3eef721e687a57,4
Uttar Pradesh,civic amenities,civic_amenities,1981_Jaunpur_civic_amenities.pdf,output/pdf/1981_trimmed/Uttar Pradesh/civic amenities/1981_Jaunpur_civic_amenities.pdf,20493b14078a07512f18ad8a048b057aa6004ab0900809c094d6dc90814f079c,3
Uttar Pradesh,mededu,medical_educational_amenities,1981_Jaunpur_medical_educational_amenities.pdf,output/pdf/1981_trimmed/Uttar Pradesh/mededu/1981_Jaunpur_medical_educational_amenities.pdf,969bac9a6b370becd585f0e2bc99a135d1bbcfe1824231fccdd1d354a382d810,3
Uttar Pradesh,tehsil appendix,tehsil_appendix,1981_Jaunpur_tehsil_appendix.pdf,output/pdf/1981_trimmed/Uttar Pradesh/tehsil appendix/1981_Jaunpur_tehsil_appendix.pdf,ee617ab64c0d0758c42c8ab809acb284307dbaeb008f09bb873e4f42e270a3b7,4
Uttar Pradesh,civic amenities,civic_amenities,1981_Jhansi_civic_amenities.pdf,output/pdf/1981_trimmed/Uttar Pradesh/civic amenities/1981_Jhansi_civic_amenities.pdf,a5542cbcc44370d97b45e3071372f464a99bc3d0a5cef4600c9a206403a692e9,4
Uttar Pradesh,mededu,medical_educational_amenities,1981_Jhansi_medical_educational_amenities.pdf,output/pdf/1981_trimmed/Uttar Pradesh/mededu/1981_Jhansi_medical_educational_amenities.pdf,ea0e35c831d3a1d16f42c71a20c88ea439e840eb448588cbb7f44027e2d25c04,4
Uttar Pradesh,tehsil appendix,tehsil_appendix,1981_Jhansi_tehsil_appendix.pdf,output/pdf/1981_trimmed/Uttar Pradesh/tehsil appendix/1981_Jhansi_tehsil_appendix.pdf,d7732ae2189934adcd4e430e897113e98a13641baba143f88697059d6cc81a77,2
Uttar Pradesh,civic amenities,civic_amenities,1981_Kanpur_civic_amenities.pdf,output/pdf/1981_trimmed/Uttar Pradesh/civic amenities/1981_Kanpur_civic_amenities.pdf,f6f66276f9b73ed3089260818f7ada7991fcc9f6f43040fcfd8bd16aff256477,3
Uttar Pradesh,mededu,medical_educational_amenities,1981_Kanpur_medical_educational_amenities.pdf,output/pdf/1981_trimmed/Uttar Pradesh/mededu/1981_Kanpur_medical_educational_amenities.pdf,eb5bbd31084b275f4832ed37d55b4f84a47f73461f9d991c1fc4536291b68c1f,4
Uttar Pradesh,tehsil appendix,tehsil_appendix,1981_Kanpur_tehsil_appendix.pdf,output/pdf/1981_trimmed/Uttar Pradesh/tehsil appendix/1981_Kanpur_tehsil_appendix.pdf,21cf09cd709d1f17297a56c143691ee1546988869fa4fa63666f2c84e6310637,4
Uttar Pradesh,civic amenities,civic_amenities,1981_Kheri_civic_amenities.pdf,output/pdf/1981_trimmed/Uttar Pradesh/civic amenities/1981_Kheri_civic_amenities.pdf,16fa44abd34889b9ea23bbde448d898f04caf0a927b0759201d8c10e5b957962,2
Uttar Pradesh,mededu,medical_educational_amenities,1981_Kheri_medical_educational_amenities.pdf,output/pdf/1981_trimmed/Uttar Pradesh/mededu/1981_Kheri_medical_educational_amenities.pdf,45f8d77b7cbcd90103c197301e78b351d075bf57c391a20063b327528fa7a051,2
Uttar Pradesh,tehsil appendix,tehsil_appendix,1981_Kheri_tehsil_appendix.pdf,output/pdf/1981_trimmed/Uttar Pradesh/tehsil appendix/1981_Kheri_tehsil_appendix.pdf,a592a342f4e33896b3cced7e7cb75b56026f7bdbdb31055c77e1d84dbfd6db02,3
Uttar Pradesh,civic amenities,civic_amenities,1981_Lalitpur_civic_amenities.pdf,output/pdf/1981_trimmed/Uttar Pradesh/civic amenities/1981_Lalitpur_civic_amenities.pdf,6a80876e2c53965cb9c1127333a0f95dd7707378b1269c0567d4346579d4bd42,1
Uttar Pradesh,mededu,medical_educational_amenities,1981_Lalitpur_medical_educational_amenities.pdf,output/pdf/1981_trimmed/Uttar Pradesh/mededu/1981_Lalitpur_medical_educational_amenities.pdf,59762b8162d54e693f4b94206c44f72004b02e6f8ab75267b0b875f345e1979e,2
Uttar Pradesh,tehsil appendix,tehsil_appendix,1981_Lalitpur_tehsil_appendix.pdf,output/pdf/1981_trimmed/Uttar Pradesh/tehsil appendix/1981_Lalitpur_tehsil_appendix.pdf,99b7d0c7486a5d8c1c595b7b2f066d764a1247ffb9011bca35c59ad11c92a87f,4
Uttar Pradesh,civic amenities,civic_amenities,1981_Lucknow_civic_amenities.pdf,output/pdf/1981_trimmed/Uttar Pradesh/civic amenities/1981_Lucknow_civic_amenities.pdf,391ad1b96d4ffe283327a652a6815fa79e4b45a774019cdf77ad5a3538ec99ea,2
Uttar Pradesh,mededu,medical_educational_amenities,1981_Lucknow_medical_educational_amenities.pdf,output/pdf/1981_trimmed/Uttar Pradesh/mededu/1981_Lucknow_medical_educational_amenities.pdf,3aabdddb47c9e0724e03a4beec100faf24f71289b08ed25ed4c0d71d6ff23b8c,4
Uttar Pradesh,tehsil appendix,tehsil_appendix,1981_Lucknow_tehsil_appendix.pdf,output/pdf/1981_trimmed/Uttar Pradesh/tehsil appendix/1981_Lucknow_tehsil_appendix.pdf,ed62d3aafd81a0c7d0463824e3d41c56ed6a48d0ebbf9945c80d4b7d3dcd9142,4
Uttar Pradesh,civic amenities,civic_amenities,1981_Mainpuri_civic_amenities.pdf,output/pdf/1981_trimmed/Uttar Pradesh/civic amenities/1981_Mainpuri_civic_amenities.pdf,6307a30d51de129d370d5c09f5a4782f4dfa9cb545d4d68a91a9076869db2a6a,2
Uttar Pradesh,mededu,medical_educational_amenities,1981_Mainpuri_medical_educational_amenities.pdf,output/pdf/1981_trimmed/Uttar Pradesh/mededu/1981_Mainpuri_medical_educational_amenities.pdf,5b5dc6ccd291091f32703eb67e31c39eb80e74995f4de8280fc29d1faa9e723c,2
Uttar Pradesh,tehsil appendix,tehsil_appendix,1981_Mainpuri_tehsil_appendix.pdf,output/pdf/1981_trimmed/Uttar Pradesh/tehsil appendix/1981_Mainpuri_tehsil_appendix.pdf,0530a2c8a121ad1e2c15262355a5bc7886ba577039a89f449a6597a09821187c,4
Uttar Pradesh,civic amenities,civic_amenities,1981_Mathura_civic_amenities.pdf,output/pdf/1981_trimmed/Uttar Pradesh/civic amenities/1981_Mathura_civic_amenities.pdf,e27b81403af161229eac0a822d82d8d64b8dff850302c4fd584969cb45480102,4
Uttar Pradesh,mededu,medical_educational_amenities,1981_Mathura_medical_educational_amenities.pdf,output/pdf/1981_trimmed/Uttar Pradesh/mededu/1981_Mathura_medical_educational_amenities.pdf,1076e1e3c8fd641d57444804adb2b09fbaed7f7e1716039c6b7ecdbcd705bdbf,4
Uttar Pradesh,tehsil appendix,tehsil_appendix,1981_Mathura_tehsil_appendix.pdf,output/pdf/1981_trimmed/Uttar Pradesh/tehsil appendix/1981_Mathura_tehsil_appendix.pdf,f9cfa6c1f5b576b9d1fce51bbd1b76bf7991881538e8cce4c1c1a17e88e4be29,4
Uttar Pradesh,civic amenities,civic_amenities,1981_Moradabad_civic_amenities.pdf,output/pdf/1981_trimmed/Uttar Pradesh/civic amenities/1981_Moradabad_civic_amenities.pdf,7e52e42f16abfec89c74eaf4255d3f5d183617f6a82557428db5ea61ab88a1bd,4
Uttar Pradesh,mededu,medical_educational_amenities,1981_Moradabad_medical_educational_amenities.pdf,output/pdf/1981_trimmed/Uttar Pradesh/mededu/1981_Moradabad_medical_educational_amenities.pdf,97d892de1086340c2878c7ac76e44392cf9314897f3a19724b373f7e82130538,8
Uttar Pradesh,tehsil appendix,tehsil_appendix,1981_Moradabad_tehsil_appendix.pdf,output/pdf/1981_trimmed/Uttar Pradesh/tehsil appendix/1981_Moradabad_tehsil_appendix.pdf,4be18263d9244425fd53af446e21912884a0318a5803916eb540ffa501979ba7,4
Uttar Pradesh,civic amenities,civic_amenities,1981_Muzaffarnagar_civic_amenities.pdf,output/pdf/1981_trimmed/Uttar Pradesh/civic amenities/1981_Muzaffarnagar_civic_amenities.pdf,fa08fdccd2c5c8a90c1c1ac08e07ff77bd69f76a54d5c9333fdef583c8ac48ca,4
Uttar Pradesh,mededu,medical_educational_amenities,1981_Muzaffarnagar_medical_educational_amenities.pdf,output/pdf/1981_trimmed/Uttar Pradesh/mededu/1981_Muzaffarnagar_medical_educational_amenities.pdf,016fa3df572520da8574eacdcc036d4b2b92a99e721684301cfb5846e950b700,4
Uttar Pradesh,tehsil appendix,tehsil_appendix,1981_Muzaffarnagar_tehsil_appendix.pdf,output/pdf/1981_trimmed/Uttar Pradesh/tehsil appendix/1981_Muzaffarnagar_tehsil_appendix.pdf,1cdccb85185f008bedb4581fac8c471bc3be9410995300d3e8d76b000da41b4e,4
Uttar Pradesh,civic amenities,civic_amenities,1981_Nainital_civic_amenities.pdf,output/pdf/1981_trimmed/Uttar Pradesh/civic amenities/1981_Nainital_civic_amenities.pdf,11bdde2e2a8496dbfec7674859512944c50bc29a04cfec5c1328cc98d9d23bf0,4
Uttar Pradesh,mededu,medical_educational_amenities,1981_Nainital_medical_educational_amenities.pdf,output/pdf/1981_trimmed/Uttar Pradesh/mededu/1981_Nainital_medical_educational_amenities.pdf,e5561ab651a669c6487c0be6b290608935fe4d0da9653a0396ecb04fa1f48058,4
Uttar Pradesh,tehsil appendix,tehsil_appendix,1981_Nainital_tehsil_appendix.pdf,output/pdf/1981_trimmed/Uttar Pradesh/tehsil appendix/1981_Nainital_tehsil_appendix.pdf,69b7c2ea0503f05ab7d7ee45b8657d4965c33bb37cca83a734c9be35170fdd03,4
Uttar Pradesh,civic amenities,civic_amenities,1981_Pilibhit_civic_amenities.pdf,output/pdf/1981_trimmed/Uttar Pradesh/civic amenities/1981_Pilibhit_civic_amenities.pdf,c9e6f88b42e9e972a2de5fd9bb5f2f6e731a27ac087420cdb801b2ac56bd1039,2
Uttar Pradesh,mededu,medical_educational_amenities,1981_Pilibhit_medical_educational_amenities.pdf,output/pdf/1981_trimmed/Uttar Pradesh/mededu/1981_Pilibhit_medical_educational_amenities.pdf,c8142ad9b658045cc0a96202447001193927dc05b9c3e73e47f667f125d8ba31,2
Uttar Pradesh,tehsil appendix,tehsil_appendix,1981_Pilibhit_tehsil_appendix.pdf,output/pdf/1981_trimmed/Uttar Pradesh/tehsil appendix/1981_Pilibhit_tehsil_appendix.pdf,d2cd0a1346d3fa36f39751f327197a5d94a12b0304024103d984a254e1d454e5,4
Uttar Pradesh,civic amenities,civic_amenities,1981_Pithoragarh_civic_amenities.pdf,output/pdf/1981_trimmed/Uttar Pradesh/civic amenities/1981_Pithoragarh_civic_amenities.pdf,0841f365573437ca42900083cf5ce8695e3bc7c54bf8dcaeb6a56866b344130b,2
Uttar Pradesh,mededu,medical_educational_amenities,1981_Pithoragarh_medical_educational_amenities.pdf,output/pdf/1981_trimmed/Uttar Pradesh/mededu/1981_Pithoragarh_medical_educational_amenities.pdf,d9548bc2f5b1546bfd60ab8c4f91edc9ad0dfb72d66169460189321cbbb1ca86,2
Uttar Pradesh,tehsil appendix,tehsil_appendix,1981_Pithoragarh_tehsil_appendix.pdf,output/pdf/1981_trimmed/Uttar Pradesh/tehsil appendix/1981_Pithoragarh_tehsil_appendix.pdf,f2164e3f87a54f0827fd3d710598cb28296a1156bf46208d6429720fbbf43020,4
Uttar Pradesh,civic amenities,civic_amenities,1981_Rae Bareli_civic_amenities.pdf,output/pdf/1981_trimmed/Uttar Pradesh/civic amenities/1981_Rae Bareli_civic_amenities.pdf,37ad0bb98644f9ffd3daf43eae7f36344003c199d6cad4938eb030eddd27794a,2
Uttar Pradesh,mededu,medical_educational_amenities,1981_Rae Bareli_medical_educational_amenities.pdf,output/pdf/1981_trimmed/Uttar Pradesh/mededu/1981_Rae Bareli_medical_educational_amenities.pdf,3925b0a2a35335a209f3f6297e0d528c319e77eaae6755b593cba5c73fe467be,2
Uttar Pradesh,tehsil appendix,tehsil_appendix,1981_Rae Bareli_tehsil_appendix.pdf,output/pdf/1981_trimmed/Uttar Pradesh/tehsil appendix/1981_Rae Bareli_tehsil_appendix.pdf,78571c4446fc18fe3d4124c22ec78a53983c1eceb426f05f309972ad51fc7a41,4
Uttar Pradesh,civic amenities,civic_amenities,1981_Rampur_civic_amenities.pdf,output/pdf/1981_trimmed/Uttar Pradesh/civic amenities/1981_Rampur_civic_amenities.pdf,91e9d362b645b3df9573eaae9fdd1c6a8201ec0329625ff82b7c9421b7d838b8,2
Uttar Pradesh,mededu,medical_educational_amenities,1981_Rampur_medical_educational_amenities.pdf,output/pdf/1981_trimmed/Uttar Pradesh/mededu/1981_Rampur_medical_educational_amenities.pdf,d0569acfa085e7e45080c35b9326c01ff0a67ae98401483cdeb80b1cf665d9a1,2
Uttar Pradesh,tehsil appendix,tehsil_appendix,1981_Rampur_tehsil_appendix.pdf,output/pdf/1981_trimmed/Uttar Pradesh/tehsil appendix/1981_Rampur_tehsil_appendix.pdf,4cf4a019585ea7ee6c07eab4e3934a5d84450546cae812d41a41f63553a36602,4
Uttar Pradesh,civic amenities,civic_amenities,1981_Saharanpur_civic_amenities.pdf,output/pdf/1981_trimmed/Uttar Pradesh/civic amenities/1981_Saharanpur_civic_amenities.pdf,beeaeb0cc8d1cced918139c7739b8f39379f2097ee14ff85f7f2761517b59f65,4
Uttar Pradesh,mededu,medical_educational_amenities,1981_Saharanpur_medical_educational_amenities.pdf,output/pdf/1981_trimmed/Uttar Pradesh/mededu/1981_Saharanpur_medical_educational_amenities.pdf,bf79620459ed29dccfc4658bbdf771bee7016314a6e41b853c3f99d793576e8d,6
Uttar Pradesh,tehsil appendix,tehsil_appendix,1981_Saharanpur_tehsil_appendix.pdf,output/pdf/1981_trimmed/Uttar Pradesh/tehsil appendix/1981_Saharanpur_tehsil_appendix.pdf,554ca86435a6d84969543dee26677f435b1a312ac80d3e7ccd042116dba3ac7f,4
Uttar Pradesh,civic amenities,civic_amenities,1981_Shahjahanpur_civic_amenities.pdf,output/pdf/1981_trimmed/Uttar Pradesh/civic amenities/1981_Shahjahanpur_civic_amenities.pdf,ba08a0e72ab79cb916f10cae8f2b32ae518de1d38221ad828d216f3fbcb5e15e,2
Uttar Pradesh,mededu,medical_educational_amenities,1981_Shahjahanpur_medical_educational_amenities.pdf,output/pdf/1981_trimmed/Uttar Pradesh/mededu/1981_Shahjahanpur_medical_educational_amenities.pdf,832150f357420629e522bc462cea4075e68e84146d2dbe29c0061c1d89b0c976,4
Uttar Pradesh,tehsil appendix,tehsil_appendix,1981_Shahjahanpur_tehsil_appendix.pdf,output/pdf/1981_trimmed/Uttar Pradesh/tehsil appendix/1981_Shahjahanpur_tehsil_appendix.pdf,fdbfd684ad4543f0846cdecc683c7d18bbb840ff87f4151d413e2d51e2f9e40c,4
Uttar Pradesh,civic amenities,civic_amenities,1981_Sultanpur_civic_amenities.pdf,output/pdf/1981_trimmed/Uttar Pradesh/civic amenities/1981_Sultanpur_civic_amenities.pdf,5c6451c4f02faab7bb5349ee79ae0696967d316510c8fb7ac0b7cf9de50865b6,2
Uttar Pradesh,mededu,medical_educational_amenities,1981_Sultanpur_medical_educational_amenities.pdf,output/pdf/1981_trimmed/Uttar Pradesh/mededu/1981_Sultanpur_medical_educational_amenities.pdf,d649a3118b5224467375b185a35d86db9b0e82e7c92dc4ab905ce5d492ad1b38,2
Uttar Pradesh,tehsil appendix,tehsil_appendix,1981_Sultanpur_tehsil_appendix.pdf,output/pdf/1981_trimmed/Uttar Pradesh/tehsil appendix/1981_Sultanpur_tehsil_appendix.pdf,ee66768b3c22d6c61bef571218af1c04d9f310b1c19c4fcbef5a069257e64906,4
Uttar Pradesh,civic amenities,civic_amenities,1981_Unnao_civic_amenities.pdf,output/pdf/1981_trimmed/Uttar Pradesh/civic amenities/1981_Unnao_civic_amenities.pdf,4ee1d3dadc7e2026c7479239f6358760036b455640f36f5e82522ca4daeb99d4,4
Uttar Pradesh,mededu,medical_educational_amenities,1981_Unnao_medical_educational_amenities.pdf,output/pdf/1981_trimmed/Uttar Pradesh/mededu/1981_Unnao_medical_educational_amenities.pdf,0a5e282652b221d7850b632c14bde1607ef3ab41d59e17bc1d16da05ad085ef9,6
Uttar Pradesh,tehsil appendix,tehsil_appendix,1981_Unnao_tehsil_appendix.pdf,output/pdf/1981_trimmed/Uttar Pradesh/tehsil appendix/1981_Unnao_tehsil_appendix.pdf,872bbe201c1d6e990e50d0802f3646d16c08259b17152333e4945f1f00d8c825,4
Uttar Pradesh,civic amenities,civic_amenities,1981_Uttar Kashi_civic_amenities.pdf,output/pdf/1981_trimmed/Uttar Pradesh/civic amenities/1981_Uttar Kashi_civic_amenities.pdf,f1e37c6a5e1e61fea1ed36dedc3d56fe42ab9e65738fb4b22a18183045f61b93,2
Uttar Pradesh,mededu,medical_educational_amenities,1981_Uttar Kashi_medical_educational_amenities.pdf,output/pdf/1981_trimmed/Uttar Pradesh/mededu/1981_Uttar Kashi_medical_educational_amenities.pdf,f79cc03888eea51cb98953bd0d3e3a2534dbf76dc22f2a1c753139a6c39b009e,2
Uttar Pradesh,tehsil appendix,tehsil_appendix,1981_Uttar Kashi_tehsil_appendix.pdf,output/pdf/1981_trimmed/Uttar Pradesh/tehsil appendix/1981_Uttar Kashi_tehsil_appendix.pdf,e581d9bbefbe72abbf37abedf745cdae056d7c73989ae2842015e49b824a2747,4
Uttar Pradesh,civic amenities,civic_amenities,1981_Varanasi_civic_amenities.pdf,output/pdf/1981_trimmed/Uttar Pradesh/civic amenities/1981_Varanasi_civic_amenities.pdf,57e00f6c0a2f75d447fdf97c33ea8bf9d0ac02a736ef02499c08aec21ac3280c,6
Uttar Pradesh,mededu,medical_educational_amenities,1981_Varanasi_medical_educational_amenities.pdf,output/pdf/1981_trimmed/Uttar Pradesh/mededu/1981_Varanasi_medical_educational_amenities.pdf,2f245cfba0809ad310657e26aab46c95d4de99a0fbe87d1514e5c5bebb7dbe03,6
Uttar Pradesh,tehsil appendix,tehsil_appendix,1981_Varanasi_tehsil_appendix.pdf,output/pdf/1981_trimmed/Uttar Pradesh/tehsil appendix/1981_Varanasi_tehsil_appendix.pdf,c4f2677d0e64ddf339ffc2e89e810fc1c9fd7841bcdd744b6e62c28f4f98920c,4
West Bengal,civic amenities,civic_amenities,1981_Bankura_civic_amenities.pdf,output/pdf/1981_trimmed/West Bengal/civic amenities/1981_Bankura_civic_amenities.pdf,51b13251bcd9d5228a63eb6602a48f37dfa9c70d95e1d98242d4ef94ef9a1894,2
West Bengal,mededu,medical_educational_amenities,1981_Bankura_medical_educational_amenities.pdf,output/pdf/1981_trimmed/West Bengal/mededu/1981_Bankura_medical_educational_amenities.pdf,ee974e2832591f87eb34bf1892e076b61a5880b6a4578382c3263b496d02ab3e,2
West Bengal,tehsil appendix,tehsil_appendix,1981_Bankura_tehsil_appendix.pdf,output/pdf/1981_trimmed/West Bengal/tehsil appendix/1981_Bankura_tehsil_appendix.pdf,0d1e32eec016ddc23bd665c58c81d45440a76a5066dfa22fa6bbfbd240d97110,4
West Bengal,civic amenities,civic_amenities,1981_Barddhaman_civic_amenities.pdf,output/pdf/1981_trimmed/West Bengal/civic amenities/1981_Barddhaman_civic_amenities.pdf,d92929a1c35c562e70e5224f78c952ca527e71560504bf6f13a9605046166448,10
West Bengal,mededu,medical_educational_amenities,1981_Barddhaman_medical_educational_amenities.pdf,output/pdf/1981_trimmed/West Bengal/mededu/1981_Barddhaman_medical_educational_amenities.pdf,249d9a96e4149f024ee4cede2ce3b05c55120bb6f155a64667113a432d469fcd,12
West Bengal,tehsil appendix,tehsil_appendix,1981_Barddhaman_tehsil_appendix.pdf,output/pdf/1981_trimmed/West Bengal/tehsil appendix/1981_Barddhaman_tehsil_appendix.pdf,30d8a48e6e2d671b432f4f1395298ef8f7fa326778473c2dd15e66c1851935a5,4
West Bengal,civic amenities,civic_amenities,1981_Birbhum_civic_amenities.pdf,output/pdf/1981_trimmed/West Bengal/civic amenities/1981_Birbhum_civic_amenities.pdf,f7c4aa510a92e1ecefafb15de4c44f77143f7a720552e9e1f629d93dff6a48b8,2
West Bengal,mededu,medical_educational_amenities,1981_Birbhum_medical_educational_amenities.pdf,output/pdf/1981_trimmed/West Bengal/mededu/1981_Birbhum_medical_educational_amenities.pdf,59a99e6ae601059635e7229629a6ebea7037b6d1176b54ee834c150f0e0f842b,2
West Bengal,tehsil appendix,tehsil_appendix,1981_Birbhum_tehsil_appendix.pdf,output/pdf/1981_trimmed/West Bengal/tehsil appendix/1981_Birbhum_tehsil_appendix.pdf,e501aeb424381c6c4968f2eb094ab076964c3f5d5d81383eb853e8325baecb2f,4
West Bengal,civic amenities,civic_amenities,1981_Darjiling_civic_amenities.pdf,output/pdf/1981_trimmed/West Bengal/civic amenities/1981_Darjiling_civic_amenities.pdf,2394a3ac3399619eed65bd79e8f824ff0c7257c7cddee1768bee72f571e787be,2
West Bengal,mededu,medical_educational_amenities,1981_Darjiling_medical_educational_amenities.pdf,output/pdf/1981_trimmed/West Bengal/mededu/1981_Darjiling_medical_educational_amenities.pdf,b07be1a9b223454e1ff2a970b75de6cccf78ce2a09525070446b50386ad4037f,2
West Bengal,tehsil appendix,tehsil_appendix,1981_Darjiling_tehsil_appendix.pdf,output/pdf/1981_trimmed/West Bengal/tehsil appendix/1981_Darjiling_tehsil_appendix.pdf,deaca3e3c0241849508d2f04e2e08dbb65b506056fa65525332a77a272f9f50f,4
West Bengal,civic amenities,civic_amenities,1981_Dinajpur_civic_amenities.pdf,output/pdf/1981_trimmed/West Bengal/civic amenities/1981_Dinajpur_civic_amenities.pdf,9091dc4073bf2658991ecd0a80396c6efb4e55ed14a0bd9bb9892e74d833c6b6,2
West Bengal,mededu,medical_educational_amenities,1981_Dinajpur_medical_educational_amenities.pdf,output/pdf/1981_trimmed/West Bengal/mededu/1981_Dinajpur_medical_educational_amenities.pdf,ec24e864bba661ae2162f294f7d9340500944216e961dfb92090466c9a3a084b,2
West Bengal,tehsil appendix,tehsil_appendix,1981_Dinajpur_tehsil_appendix.pdf,output/pdf/1981_trimmed/West Bengal/tehsil appendix/1981_Dinajpur_tehsil_appendix.pdf,f1911ea3cfe8c79da959db7dca07888a0723f52c71b9848e6c550f5d71635136,4
West Bengal,civic amenities,civic_amenities,1981_Midnapore_civic_amenities.pdf,output/pdf/1981_trimmed/West Bengal/civic amenities/1981_Midnapore_civic_amenities.pdf,e3ac72f57a35717c406db1b6cef9c67cd048603b69452d7a02a7a07389d0cb92,4
West Bengal,mededu,medical_educational_amenities,1981_Midnapore_medical_educational_amenities.pdf,output/pdf/1981_trimmed/West Bengal/mededu/1981_Midnapore_medical_educational_amenities.pdf,4a312c680c1cfaa30ec7194fb67946db080ea2979de54aa3e0609a72316c6649,4
West Bengal,tehsil appendix,tehsil_appendix,1981_Midnapore_tehsil_appendix.pdf,output/pdf/1981_trimmed/West Bengal/tehsil appendix/1981_Midnapore_tehsil_appendix.pdf,508b2e4124e46a6bfbdfc1f4fd77e72919df02eb9b681840d5997ec267ed2349,4
West Bengal,civic amenities,civic_amenities,1981_Purullia_civic_amenities.pdf,output/pdf/1981_trimmed/West Bengal/civic amenities/1981_Purullia_civic_amenities.pdf,cc1d1619970aeddd0edcfe3c65a4722088aac9ffb12297ca04f2f88401160f77,2
West Bengal,mededu,medical_educational_amenities,1981_Purullia_medical_educational_amenities.pdf,output/pdf/1981_trimmed/West Bengal/mededu/1981_Purullia_medical_educational_amenities.pdf,9f66bd651f6c0592cdb7a3f130e7e2da437407040c390db8ca8557e387b6de44,2
West Bengal,tehsil appendix,tehsil_appendix,1981_Purullia_tehsil_appendix.pdf,output/pdf/1981_trimmed/West Bengal/tehsil appendix/1981_Purullia_tehsil_appendix.pdf,16922a64d5ce0a79597d28a10ae22a50e6bf08ee715bed3a1cfb0ff4c077cbd1,4
West Bengal,civic amenities,civic_amenities,1981_Twenty Four Parganas_civic_amenities.pdf,output/pdf/1981_trimmed/West Bengal/civic amenities/1981_Twenty Four Parganas_civic_amenities.pdf,2f7345037a1051152ebaf56a9ce5ef29c47680b9f1d2b599727a325634d36d47,10
West Bengal,mededu,medical_educational_amenities,1981_Twenty Four Parganas_medical_educational_amenities.pdf,output/pdf/1981_trimmed/West Bengal/mededu/1981_Twenty Four Parganas_medical_educational_amenities.pdf,2330c8d91630c9b30bb5dc53ecfa42867a7c57323cc294ac518a5ee99c072067,14
West Bengal,tehsil appendix,tehsil_appendix,1981_Twenty Four Parganas_tehsil_appendix.pdf,output/pdf/1981_trimmed/West Bengal/tehsil appendix/1981_Twenty Four Parganas_tehsil_appendix.pdf,6831819c1cc0c1e34f31f7214440ff8d030c111322de7d07eb68135a0982785d,8
