state,source_state,district,source,source_path,source_filename,census_year,volume_type,eligible,eligibility_reason,language_status,language_reason,source_pages,source_size_bytes,source_sha256
Andra Pradesh,Andra Pradesh,Adilabad,1981/Andra Pradesh/1981 Adilabad.pdf,F:\1981-20260725T131905Z-1-001\1981\Andra Pradesh\1981 Adilabad.pdf,1981 Adilabad.pdf,1981,Village/Town Directory volume,True,Directory volume contains or may contain the requested table groups.,English or bilingual,Opening pages contain English directory or publication signals.,574,13315408,6580036490dd6f2aa669ac725e91854f0cb6eb4d6656582bfb8d179cbde2cadc
Andra Pradesh,Andra Pradesh,Anantapur,1981/Andra Pradesh/1981 Anantapur.pdf,F:\1981-20260725T131905Z-1-001\1981\Andra Pradesh\1981 Anantapur.pdf,1981 Anantapur.pdf,1981,Village/Town Directory volume,True,Directory volume contains or may contain the requested table groups.,English or bilingual,Opening pages contain English directory or publication signals.,600,12756672,74246197bea5ced0d61ded988950e51aad47a18e12bb92477a8f6ce4814d750b
Andra Pradesh,Andra Pradesh,Chittoor,1981/Andra Pradesh/1981 Chittoor.pdf,F:\1981-20260725T131905Z-1-001\1981\Andra Pradesh\1981 Chittoor.pdf,1981 Chittoor.pdf,1981,Village/Town Directory volume,True,Directory volume contains or may contain the requested table groups.,English or bilingual,Opening pages contain English directory or publication signals.,816,21739834,dc1385e8b2bd44a468a2f7d5c2b5579c2ec39d145e6223fc3927c452ee682382
Andra Pradesh,Andra Pradesh,Cuddapah,1981/Andra Pradesh/1981 Cuddapah.pdf,F:\1981-20260725T131905Z-1-001\1981\Andra Pradesh\1981 Cuddapah.pdf,1981 Cuddapah.pdf,1981,Village/Town Directory volume,True,Directory volume contains or may contain the requested table groups.,English or bilingual,Opening pages contain English directory or publication signals.,555,40595797,c6807c3ddecc01c67575e6572530ef0bd630e36fe91b514692bc6b02f6f70b24
Andra Pradesh,Andra Pradesh,East Godavari,1981/Andra Pradesh/1981 East Godavari.pdf,F:\1981-20260725T131905Z-1-001\1981\Andra Pradesh\1981 East Godavari.pdf,1981 East Godavari.pdf,1981,Village/Town Directory volume,True,Directory volume contains or may contain the requested table groups.,English or bilingual,Opening pages contain English directory or publication signals.,763,17857021,5ebb51eb733cbcc5028473f0083a727392387de02dbcc58cf0d8ad5011b72fe6
Andra Pradesh,Andra Pradesh,Guntur,1981/Andra Pradesh/1981 Guntur.pdf,F:\1981-20260725T131905Z-1-001\1981\Andra Pradesh\1981 Guntur.pdf,1981 Guntur.pdf,1981,Village/Town Directory volume,True,Directory volume contains or may contain the requested table groups.,English or bilingual,Opening pages contain English directory or publication signals.,660,14474554,08be3267d09a90a1b134fbedb6d4430cda5856b885d1125b590bbdd2d5241d38
Andra Pradesh,Andra Pradesh,Hyderabad,1981/Andra Pradesh/1981 Hyderabad.pdf,F:\1981-20260725T131905Z-1-001\1981\Andra Pradesh\1981 Hyderabad.pdf,1981 Hyderabad.pdf,1981,Village/Town Directory volume,True,Directory volume contains or may contain the requested table groups.,English or bilingual,Opening pages contain English directory or publication signals.,488,11632893,7f74f555b2604031b6d67628218d81d8c7dfee053a051de9a4ca4f06c4977274
Andra Pradesh,Andra Pradesh,Karimnagar,1981/Andra Pradesh/1981 Karimnagar.pdf,F:\1981-20260725T131905Z-1-001\1981\Andra Pradesh\1981 Karimnagar.pdf,1981 Karimnagar.pdf,1981,Village/Town Directory volume,True,Directory volume contains or may contain the requested table groups.,English or bilingual,Opening pages contain English directory or publication signals.,556,13452083,1507d592694af40414f1a613e3b33962c9cea75799bf84ebadb85cfaed15c9e4
Andra Pradesh,Andra Pradesh,Khammam,1981/Andra Pradesh/1981 Khammam.pdf,F:\1981-20260725T131905Z-1-001\1981\Andra Pradesh\1981 Khammam.pdf,1981 Khammam.pdf,1981,Village/Town Directory volume,True,Directory volume contains or may contain the requested table groups.,English or bilingual,Opening pages contain English directory or publication signals.,513,18150228,4d007984b92da9de317f1f3dc09ddd98c7989f0680341a83718b70de518b1a28
Andra Pradesh,Andra Pradesh,Krishna,1981/Andra Pradesh/1981 Krishna.pdf,F:\1981-20260725T131905Z-1-001\1981\Andra Pradesh\1981 Krishna.pdf,1981 Krishna.pdf,1981,Village/Town Directory volume,True,Directory volume contains or may contain the requested table groups.,English or bilingual,Opening pages contain English directory or publication signals.,623,14170661,e0ee89cc76ccb1553922df627f16132b9926dd023ce04f74dfc55dac332de1e7
Andra Pradesh,Andra Pradesh,Kurnool,1981/Andra Pradesh/1981 Kurnool.pdf,F:\1981-20260725T131905Z-1-001\1981\Andra Pradesh\1981 Kurnool.pdf,1981 Kurnool.pdf,1981,Village/Town Directory volume,True,Directory volume contains or may contain the requested table groups.,English or bilingual,Opening pages contain English directory or publication signals.,501,12355900,e44a65b213a360efcbd81c90e06b1e3c3ad149ddf073dca7732fa9ee902861f7
Andra Pradesh,Andra Pradesh,Mahbubnagar,1981/Andra Pradesh/1981 Mahbubnagar.pdf,F:\1981-20260725T131905Z-1-001\1981\Andra Pradesh\1981 Mahbubnagar.pdf,1981 Mahbubnagar.pdf,1981,Village/Town Directory volume,True,Directory volume contains or may contain the requested table groups.,English or bilingual,Opening pages contain English directory or publication signals.,589,14433706,a893d6eda0a75884dea6a71917e4c17657331c3a91259a3aed19f4a3f4c421ea
Andra Pradesh,Andra Pradesh,Medak,1981/Andra Pradesh/1981 Medak.pdf,F:\1981-20260725T131905Z-1-001\1981\Andra Pradesh\1981 Medak.pdf,1981 Medak.pdf,1981,Village/Town Directory volume,True,Directory volume contains or may contain the requested table groups.,English or bilingual,Opening pages contain English directory or publication signals.,468,10958483,8a190a8b0d13da08ed2e17624c84bf775590e0f7076e373f4684ce8523f9b465
Andra Pradesh,Andra Pradesh,Nalgonda,1981/Andra Pradesh/1981 Nalgonda.pdf,F:\1981-20260725T131905Z-1-001\1981\Andra Pradesh\1981 Nalgonda.pdf,1981 Nalgonda.pdf,1981,Village/Town Directory volume,True,Directory volume contains or may contain the requested table groups.,English or bilingual,Opening pages contain English directory or publication signals.,535,14537898,ce2d35f09198cbba54b54b172c62afc38131e6a7d5efcf8961861b0137e3345a
Andra Pradesh,Andra Pradesh,Nellore,1981/Andra Pradesh/1981 Nellore.pdf,F:\1981-20260725T131905Z-1-001\1981\Andra Pradesh\1981 Nellore.pdf,1981 Nellore.pdf,1981,Village/Town Directory volume,True,Directory volume contains or may contain the requested table groups.,English or bilingual,Opening pages contain English directory or publication signals.,573,15480450,996846db0f68401f30a0c912496010135762e2e84606955afb43cb733ceba7ea
Andra Pradesh,Andra Pradesh,Nizamabad,1981/Andra Pradesh/1981 Nizamabad.pdf,F:\1981-20260725T131905Z-1-001\1981\Andra Pradesh\1981 Nizamabad.pdf,1981 Nizamabad.pdf,1981,Village/Town Directory volume,True,Directory volume contains or may contain the requested table groups.,English or bilingual,Opening pages contain English directory or publication signals.,398,9631693,8f9a7c563b04f97ddfd0140ba03ce6cfa199a547b002c6ed0eaafed5d982188d
Andra Pradesh,Andra Pradesh,Prakasam,1981/Andra Pradesh/1981 Prakasam.pdf,F:\1981-20260725T131905Z-1-001\1981\Andra Pradesh\1981 Prakasam.pdf,1981 Prakasam.pdf,1981,Village/Town Directory volume,True,Directory volume contains or may contain the requested table groups.,English or bilingual,Opening pages contain English directory or publication signals.,534,15634192,ef5954b32d4f0bc016063602bb94c1a138d4cfff9946369c172f35f467d8ac8b
Andra Pradesh,Andra Pradesh,Rangareddi,1981/Andra Pradesh/1981 Rangareddi.pdf,F:\1981-20260725T131905Z-1-001\1981\Andra Pradesh\1981 Rangareddi.pdf,1981 Rangareddi.pdf,1981,Village/Town Directory volume,True,Directory volume contains or may contain the requested table groups.,English or bilingual,Opening pages contain English directory or publication signals.,450,13668498,dfc67dedfb0d5d16af19cf0e6cf8a61e0c7f861f08241ed149a9f8f6e6704f4c
Andra Pradesh,Andra Pradesh,Srikakulam,1981/Andra Pradesh/1981 Srikakulam.pdf,F:\1981-20260725T131905Z-1-001\1981\Andra Pradesh\1981 Srikakulam.pdf,1981 Srikakulam.pdf,1981,Village/Town Directory volume,True,Directory volume contains or may contain the requested table groups.,English or bilingual,Opening pages contain English directory or publication signals.,671,18414292,e9ebff3c7af4b13004da8548f0d023818f2957a842a7bcc85dd8bac6e177444e
Andra Pradesh,Andra Pradesh,Visakhapatnam,1981/Andra Pradesh/1981 Visakhapatnam.pdf,F:\1981-20260725T131905Z-1-001\1981\Andra Pradesh\1981 Visakhapatnam.pdf,1981 Visakhapatnam.pdf,1981,PCA-only / non-directory volume,False,Visual contents show Part-B Primary Census Abstract only; no Village/Town Directory section.,English or bilingual,Opening pages contain English directory or publication signals.,570,15718289,b446ddfcbd1649561718c53f26e63a1104a5522f9d9f7f0aae13b16d4f158405
Andra Pradesh,Andra Pradesh,Warangal,1981/Andra Pradesh/1981 Warangal.pdf,F:\1981-20260725T131905Z-1-001\1981\Andra Pradesh\1981 Warangal.pdf,1981 Warangal.pdf,1981,Village/Town Directory volume,True,Directory volume contains or may contain the requested table groups.,English or bilingual,Opening pages contain English directory or publication signals.,520,12393883,2a304ff6e88064919f876e6db1b717b4e03cc19a5b1e20d57cdce1b392bfbe01
Andra Pradesh,Andra Pradesh,West Godavari,1981/Andra Pradesh/1981 West Godavar.pdf,F:\1981-20260725T131905Z-1-001\1981\Andra Pradesh\1981 West Godavar.pdf,1981 West Godavar.pdf,1981,Village/Town Directory volume,True,Directory volume contains or may contain the requested table groups.,English or bilingual,Opening pages contain English directory or publication signals.,570,13702678,b74acb3d9655be0ba5f5c28ef590545e6e6c4b3d9fdd29deb4c1e879e0f2cd8b
Arunachal Pradesh,Arunachal Pradesh,East Kameng,1981/Arunachal Pradesh/1981 East Kameng.pdf,F:\1981-20260725T131905Z-1-001\1981\Arunachal Pradesh\1981 East Kameng.pdf,1981 East Kameng.pdf,1981,Village/Town Directory volume,True,Directory volume contains or may contain the requested table groups.,English or bilingual,Opening pages contain English directory or publication signals.,150,5431663,b6be56ce89dd8580ac5f9b38a1d1ea7b9c16a07cce55d795cb3801e27c8e13f8
Arunachal Pradesh,Arunachal Pradesh,Lohit,1981/Arunachal Pradesh/1981 Lohit.pdf,F:\1981-20260725T131905Z-1-001\1981\Arunachal Pradesh\1981 Lohit.pdf,1981 Lohit.pdf,1981,Village/Town Directory volume,True,Directory volume contains or may contain the requested table groups.,English or bilingual,Opening pages contain English directory or publication signals.,208,6492486,3b4631ea0c8b9d71205b5438edf70ea4b6bc2b17a450c1bf31de508cef9c4c91
Arunachal Pradesh,Arunachal Pradesh,Lower Subansiri,1981/Arunachal Pradesh/1981 Lower Subansiri.pdf,F:\1981-20260725T131905Z-1-001\1981\Arunachal Pradesh\1981 Lower Subansiri.pdf,1981 Lower Subansiri.pdf,1981,Village/Town Directory volume,True,Directory volume contains or may contain the requested table groups.,English or bilingual,Opening pages contain English directory or publication signals.,283,8428466,81416d4427ddff5df2accbfa471e9435ce402133bcab06dfe12eda79729026fb
Arunachal Pradesh,Arunachal Pradesh,Tirap,1981/Arunachal Pradesh/1981 Tirap .pdf,F:\1981-20260725T131905Z-1-001\1981\Arunachal Pradesh\1981 Tirap .pdf,1981 Tirap .pdf,1981,Village/Town Directory volume,True,Directory volume contains or may contain the requested table groups.,English or bilingual,Opening pages contain English directory or publication signals.,262,5886347,5ce73c587d5e0c21c4d543d0507387e19e30a122893865a0fdd4131f86278946
Arunachal Pradesh,Arunachal Pradesh,West Kameng,1981/Arunachal Pradesh/1981 West Kameng.pdf,F:\1981-20260725T131905Z-1-001\1981\Arunachal Pradesh\1981 West Kameng.pdf,1981 West Kameng.pdf,1981,Village/Town Directory volume,True,Directory volume contains or may contain the requested table groups.,English or bilingual,Opening pages contain English directory or publication signals.,190,5320911,4192a1c28786c9b58f5f9cf5609a169e3434c2700c0cc707c477de776f2ccf9c
Arunachal Pradesh,Arunachal Pradesh,West Siang,1981/Arunachal Pradesh/1981 West Siang.pdf,F:\1981-20260725T131905Z-1-001\1981\Arunachal Pradesh\1981 West Siang.pdf,1981 West Siang.pdf,1981,Village/Town Directory volume,True,Directory volume contains or may contain the requested table groups.,English or bilingual,Opening pages contain English directory or publication signals.,266,5699789,052673c93be445823c345e52f69f1f8ded1ea85392928f4c1dc1d6a2fbc50267
Bihar,Bihar,Bhagalpur,1981/Bihar/1981 Bhagal Pur.pdf,F:\1981-20260725T131905Z-1-001\1981\Bihar\1981 Bhagal Pur.pdf,1981 Bhagal Pur.pdf,1981,Village/Town Directory volume,True,Directory volume contains or may contain the requested table groups.,English or bilingual,Opening pages contain English directory or publication signals.,737,34275085,e44cbce6c774623b4fd4983421e413357ed5a457532db7f8b07b68f23938c2a0
Bihar,Bihar,Madhubani,1981/Bihar/26922_1981_MAD.pdf,F:\1981-20260725T131905Z-1-001\1981\Bihar\26922_1981_MAD.pdf,26922_1981_MAD.pdf,1981,directory candidate,True,Requested directory headings are present in the opening pages.,English or bilingual,Opening pages contain English directory or publication signals.,368,9527827,398cfe3fab4551b0b78777e525145619979c7b239f100ceabe688f2f44213ddb
Bihar,Bihar,Pashchim Champaran,1981/Bihar/27173_1981_PAS.pdf,F:\1981-20260725T131905Z-1-001\1981\Bihar\27173_1981_PAS.pdf,27173_1981_PAS.pdf,1981,Village/Town Directory volume,True,Directory volume contains or may contain the requested table groups.,English or bilingual,Opening pages contain English directory or publication signals.,363,26304092,33e74b8c40b8bf09e5e69bd0b5435d7a9bcfcbd4cf63854e53a31f11ef2832c3
Bihar,Bihar,Rohtas,1981/Bihar/27176_1981_ROH.pdf,F:\1981-20260725T131905Z-1-001\1981\Bihar\27176_1981_ROH.pdf,27176_1981_ROH.pdf,1981,Village/Town Directory volume,True,Directory volume contains or may contain the requested table groups.,English or bilingual,Opening pages contain English directory or publication signals.,741,49833429,5120ada402fbc0014d407a7afc855b82e61994e7ee3eef30dd8505642dcdf72d
Bihar,Bihar,Purnia,1981/Bihar/27179_1981_DCH.pdf,F:\1981-20260725T131905Z-1-001\1981\Bihar\27179_1981_DCH.pdf,27179_1981_DCH.pdf,1981,Village/Town Directory volume,True,Directory volume contains or may contain the requested table groups.,English or bilingual,Opening pages contain English directory or publication signals.,649,44090429,28c2b3384cb18f19b37f216a8de1247d570ffb05d95c8ac419e8ce5a1de46b68
Bihar,Bihar,Bhojpur,1981/Bihar/27180_1981_BHO.pdf,F:\1981-20260725T131905Z-1-001\1981\Bihar\27180_1981_BHO.pdf,27180_1981_BHO.pdf,1981,Village/Town Directory volume,True,Directory volume contains or may contain the requested table groups.,English or bilingual,Opening pages contain English directory or publication signals.,507,16137448,b59fcc849e6bf0ef70fde68d72df06d3ac4e540dbadfecc938bc10553721aa62
Bihar,Bihar,Darbhanga,1981/Bihar/27843_1981_DAR.pdf,F:\1981-20260725T131905Z-1-001\1981\Bihar\27843_1981_DAR.pdf,27843_1981_DAR.pdf,1981,Village/Town Directory volume,True,Directory volume contains or may contain the requested table groups.,English or bilingual,Opening pages contain English directory or publication signals.,331,11136330,f2bb4871c1061203c4756caa78642fe9ba0eefdd1a2f618e9a17a5dab2fa1339
Bihar,Bihar,Munger,1981/Bihar/27845_1981_MUN.pdf,F:\1981-20260725T131905Z-1-001\1981\Bihar\27845_1981_MUN.pdf,27845_1981_MUN.pdf,1981,Village/Town Directory volume,True,Directory volume contains or may contain the requested table groups.,English or bilingual,Opening pages contain English directory or publication signals.,745,23353419,17ca671e012c3579ae3e8c9a43b09740b7bc8485acbee4f66c06bdec352b5ce5
Bihar,Bihar,Hazaribagh,1981/Bihar/27847_1981_HAZ.pdf,F:\1981-20260725T131905Z-1-001\1981\Bihar\27847_1981_HAZ.pdf,27847_1981_HAZ.pdf,1981,Village/Town Directory volume,True,Directory volume contains or may contain the requested table groups.,English or bilingual,Opening pages contain English directory or publication signals.,787,53740622,e288bdd14a258943c289528b4a31ea859c67ce2df8a311ed5f6de4360506ee29
Bihar,Bihar,Giridih,1981/Bihar/28446_1981_GIR.pdf,F:\1981-20260725T131905Z-1-001\1981\Bihar\28446_1981_GIR.pdf,28446_1981_GIR.pdf,1981,Village/Town Directory volume,True,Directory volume contains or may contain the requested table groups.,English or bilingual,Opening pages contain English directory or publication signals.,743,41487942,c5aec9844037518dc1d2b91d431a215605d92d6f741dda2d3ed7b0729c52e24d
Bihar,Bihar,Dhanbad,1981/Bihar/28468_1981_DHA.pdf,F:\1981-20260725T131905Z-1-001\1981\Bihar\28468_1981_DHA.pdf,28468_1981_DHA.pdf,1981,Village/Town Directory volume,True,Directory volume contains or may contain the requested table groups.,English or bilingual,Opening pages contain English directory or publication signals.,511,18102234,8a655275bf53df2be0648d0ad3ae7b8d3465594c2503362d1edc61d40d196674
Bihar,Bihar,Samastipur,1981/Bihar/28553_1981_SAM.pdf,F:\1981-20260725T131905Z-1-001\1981\Bihar\28553_1981_SAM.pdf,28553_1981_SAM.pdf,1981,Village/Town Directory volume,True,Directory volume contains or may contain the requested table groups.,English or bilingual,Opening pages contain English directory or publication signals.,355,23138035,c17d48b10988e5998e007c14f06a09e892a5a4ca83081184f59ab5820974884f
Bihar,Bihar,Gaya,1981/Bihar/28557_1981_DIS.pdf,F:\1981-20260725T131905Z-1-001\1981\Bihar\28557_1981_DIS.pdf,28557_1981_DIS.pdf,1981,Village/Town Directory volume,True,Directory volume contains or may contain the requested table groups.,English or bilingual,Opening pages contain English directory or publication signals.,784,26003590,46e293f322fa8372fba8bbff381bb1e8dec10f85c58e098dd9f655368fae6bee
Bihar,Bihar,Saharsa,1981/Bihar/41319_1981_SAH.pdf,F:\1981-20260725T131905Z-1-001\1981\Bihar\41319_1981_SAH.pdf,41319_1981_SAH.pdf,1981,Village/Town Directory volume,True,Directory volume contains or may contain the requested table groups.,English or bilingual,Opening pages contain English directory or publication signals.,415,12777508,13ef0fb1cbb39f75b9160cb632af17b96f7af4053027819ce26aa7be0bc341e6
Bihar,Bihar,Gopalganj,1981/Bihar/41680_1981_GOP.pdf,F:\1981-20260725T131905Z-1-001\1981\Bihar\41680_1981_GOP.pdf,41680_1981_GOP.pdf,1981,Village/Town Directory volume,True,Directory volume contains or may contain the requested table groups.,English or bilingual,Opening pages contain English directory or publication signals.,331,21436827,09821932c2df13100fb71efa533cc0f2f137d9171614ded94ae9ddb606363d47
Bihar,Bihar,Begusarai,1981/Bihar/41697_1981_BEG.pdf,F:\1981-20260725T131905Z-1-001\1981\Bihar\41697_1981_BEG.pdf,41697_1981_BEG.pdf,1981,Village/Town Directory volume,True,Directory volume contains or may contain the requested table groups.,English or bilingual,Opening pages contain English directory or publication signals.,295,16917236,faa5797e4021782977f5fbc0df77ed9e65379be923df87ba97011236a9ae77e4
Bihar,Bihar,Siwan,1981/Bihar/41700_1981_SIW.pdf,F:\1981-20260725T131905Z-1-001\1981\Bihar\41700_1981_SIW.pdf,41700_1981_SIW.pdf,1981,Village/Town Directory volume,True,Directory volume contains or may contain the requested table groups.,English or bilingual,Opening pages contain English directory or publication signals.,335,12433869,62d853658ad948402f8a616dcc778822f683b3708f2d4b93db9c372588e155c8
Bihar,Bihar,Aurangabad,1981/Bihar/42425_1981_AUR.pdf,F:\1981-20260725T131905Z-1-001\1981\Bihar\42425_1981_AUR.pdf,42425_1981_AUR.pdf,1981,Village/Town Directory volume,True,Directory volume contains or may contain the requested table groups.,English or bilingual,Opening pages contain English directory or publication signals.,396,12706858,53ec392f03ca2a67760700a730d018dea6e0895e23028c1b84ab85716a4c8179
Bihar,Bihar,Santhal Pargana,1981/Bihar/42459_1981_SAN.pdf,F:\1981-20260725T131905Z-1-001\1981\Bihar\42459_1981_SAN.pdf,42459_1981_SAN.pdf,1981,Part XIII-B primary census abstract,False,PCA-only volume; the requested town statements and amenities appendix are absent.,English or bilingual,Opening pages contain English directory or publication signals.,863,61309665,5c6133c1173c8fe505b48cf5de8c984e0163f4b49f16a6d4cd381b6be6adad19
Bihar,Bihar,Palamu,1981/Bihar/42469_1981_PAL.pdf,F:\1981-20260725T131905Z-1-001\1981\Bihar\42469_1981_PAL.pdf,42469_1981_PAL.pdf,1981,Village/Town Directory volume,True,Directory volume contains or may contain the requested table groups.,English or bilingual,Opening pages contain English directory or publication signals.,737,21206021,bedfb68a9d46d7916d14721d6eba9d1fa25ff880b8fca922e77fbdd1e118f497
Bihar,Bihar,Sitamarhi,1981/Bihar/42470_1981_SIT.pdf,F:\1981-20260725T131905Z-1-001\1981\Bihar\42470_1981_SIT.pdf,42470_1981_SIT.pdf,1981,Village/Town Directory volume,True,Directory volume contains or may contain the requested table groups.,English or bilingual,Opening pages contain English directory or publication signals.,303,8305920,1a4b2c0bb7a3e5041a67324cb6565c455ba54b7e0d93ee68adb3c3b889514d64
Bihar,Bihar,Vaishali,1981/Bihar/43198_1981_VAI.pdf,F:\1981-20260725T131905Z-1-001\1981\Bihar\43198_1981_VAI.pdf,43198_1981_VAI.pdf,1981,Village/Town Directory volume,True,Directory volume contains or may contain the requested table groups.,English or bilingual,Opening pages contain English directory or publication signals.,373,11435035,019da39767b6187bcb6e6f6674022027ecc6cb1818a33405d8807087a39c4518
Bihar,Bihar,Nawada,1981/Bihar/43804_1981_NAW.pdf,F:\1981-20260725T131905Z-1-001\1981\Bihar\43804_1981_NAW.pdf,43804_1981_NAW.pdf,1981,Village/Town Directory volume,True,Directory volume contains or may contain the requested table groups.,English or bilingual,Opening pages contain English directory or publication signals.,277,8435996,d56bfc921f0cf9e82e616400c9da350a31979bda425ba777950f3b40964434eb
Bihar,Bihar,Saran,1981/Bihar/47755_1981_SIN.pdf,F:\1981-20260725T131905Z-1-001\1981\Bihar\47755_1981_SIN.pdf,47755_1981_SIN.pdf,1981,Village/Town Directory volume,True,Directory volume contains or may contain the requested table groups.,English or bilingual,Opening pages contain English directory or publication signals.,1006,59055290,3c217c9c8aeb34d5e681d20ce96f67832e5a192d184b00722e698bd382ab7912
Dadra & Nagar Haveli,Dadra & Nagar Haveli,Dadra & Nagar Haveli,1981/Dadra & Nagar Haveli/1981 Dadra & Nagar Haveli.pdf,F:\1981-20260725T131905Z-1-001\1981\Dadra & Nagar Haveli\1981 Dadra & Nagar Haveli.pdf,1981 Dadra & Nagar Haveli.pdf,1981,Village/Town Directory volume,True,Directory volume contains or may contain the requested table groups.,English or bilingual,Opening pages contain English directory or publication signals.,85,2183525,293aec1b0a04ad8269e8789eb41543ceb6501b70d1ccb2cabf61fc69954317ab
Daman & Diu,Darman & Diu,Daman & Diu,1981/Darman & Diu/1981 Daman & Diu.pdf,F:\1981-20260725T131905Z-1-001\1981\Darman & Diu\1981 Daman & Diu.pdf,1981 Daman & Diu.pdf,1981,Village/Town Directory volume,True,Directory volume contains or may contain the requested table groups.,English or bilingual,Opening pages contain English directory or publication signals.,305,9985460,8aedfbf1fba8d11d3ad25874e43a4289c512c258de747690a840c86fecc765c6
Gujarat,Gujarat,Ahmadabad,1981/Gujarat/1981 Ahmadabad.pdf,F:\1981-20260725T131905Z-1-001\1981\Gujarat\1981 Ahmadabad.pdf,1981 Ahmadabad.pdf,1981,Village/Town Directory volume,True,Directory volume contains or may contain the requested table groups.,English or bilingual,Opening pages contain English directory or publication signals.,380,10559708,17f2fe0133495d8d40651cee567f8ba47fa69b2bcd15613f3bf3880676ac7742
Gujarat,Gujarat,Amreli,1981/Gujarat/1981 Amreli.pdf,F:\1981-20260725T131905Z-1-001\1981\Gujarat\1981 Amreli.pdf,1981 Amreli.pdf,1981,Village/Town Directory volume,True,Directory volume contains or may contain the requested table groups.,English or bilingual,Opening pages contain English directory or publication signals.,291,8040973,4f17e6441bfdd7fe0b0e1641ff0dd95dd1e0f30061e7bc35792febe32a0d16d5
Gujarat,Gujarat,Banas Kantha,1981/Gujarat/1981 Banas Kantha.pdf,F:\1981-20260725T131905Z-1-001\1981\Gujarat\1981 Banas Kantha.pdf,1981 Banas Kantha.pdf,1981,Village/Town Directory volume,True,Directory volume contains or may contain the requested table groups.,English or bilingual,Opening pages contain English directory or publication signals.,419,11461481,dd47b391a7834f624ae6c1da67e922019f297e7d2b958287c671ca5637b9b5c2
Gujarat,Gujarat,Bharuch,1981/Gujarat/1981 Bharuch.pdf,F:\1981-20260725T131905Z-1-001\1981\Gujarat\1981 Bharuch.pdf,1981 Bharuch.pdf,1981,Village/Town Directory volume,True,Directory volume contains or may contain the requested table groups.,English or bilingual,Opening pages contain English directory or publication signals.,404,10700309,83fd1ddf54a2f768ab5dd4dea5c22b0b943193462cc0792d6f93dcccf39782b7
Gujarat,Gujarat,Bhavnagar,1981/Gujarat/1981 Bhavnagar.pdf,F:\1981-20260725T131905Z-1-001\1981\Gujarat\1981 Bhavnagar.pdf,1981 Bhavnagar.pdf,1981,Village/Town Directory volume,True,Directory volume contains or may contain the requested table groups.,English or bilingual,Opening pages contain English directory or publication signals.,356,10042339,87bbfd8694b87bd7f7ec434773299c0a7f0f424c6dfc8eaec8bba11482709caa
Gujarat,Gujarat,Gandhinagar,1981/Gujarat/1981 Gandhinagar.pdf,F:\1981-20260725T131905Z-1-001\1981\Gujarat\1981 Gandhinagar.pdf,1981 Gandhinagar.pdf,1981,Village/Town Directory volume,True,Directory volume contains or may contain the requested table groups.,English or bilingual,Opening pages contain English directory or publication signals.,88,2710070,7e40e24e581d7b5cc2e91229a569a2979609fae9252563099cac9e5e7280e25c
Gujarat,Gujarat,Junagadh,1981/Gujarat/1981 Junagadh.pdf,F:\1981-20260725T131905Z-1-001\1981\Gujarat\1981 Junagadh.pdf,1981 Junagadh.pdf,1981,Village/Town Directory volume,True,Directory volume contains or may contain the requested table groups.,English or bilingual,Opening pages contain English directory or publication signals.,463,12314499,82075b5347e1ba0f4047fce5aa00b84cf3f934a3c03bfec615ef9bb2b7698d49
Gujarat,Gujarat,Kachchh,1981/Gujarat/1981 Kachchh.pdf,F:\1981-20260725T131905Z-1-001\1981\Gujarat\1981 Kachchh.pdf,1981 Kachchh.pdf,1981,Village/Town Directory volume,True,Directory volume contains or may contain the requested table groups.,English or bilingual,Opening pages contain English directory or publication signals.,353,10617320,4d14dc46e727ffc044cc05e54d5841ddd8ffb37410eda2b087b1e99c3ae32a3b
Gujarat,Gujarat,Kheda,1981/Gujarat/1981 Kheda.pdf,F:\1981-20260725T131905Z-1-001\1981\Gujarat\1981 Kheda.pdf,1981 Kheda.pdf,1981,Village/Town Directory volume,True,Directory volume contains or may contain the requested table groups.,English or bilingual,Opening pages contain English directory or publication signals.,393,10457790,ab573321162bd892d1658a615ec2a7efaa75a5eaf980a03891f925729b5fc16f
Gujarat,Gujarat,Mahesana,1981/Gujarat/1981 Mahesana.pdf,F:\1981-20260725T131905Z-1-001\1981\Gujarat\1981 Mahesana.pdf,1981 Mahesana.pdf,1981,Village/Town Directory volume,True,Directory volume contains or may contain the requested table groups.,English or bilingual,Opening pages contain English directory or publication signals.,421,11813778,3e1200482b701e4468a431eaf49d72c36ed2d0fa98f4465915a9ff94a3a3f12c
Gujarat,Gujarat,Panch Mahals,1981/Gujarat/1981 Panch Mahals.pdf,F:\1981-20260725T131905Z-1-001\1981\Gujarat\1981 Panch Mahals.pdf,1981 Panch Mahals.pdf,1981,Village/Town Directory volume,True,Directory volume contains or may contain the requested table groups.,English or bilingual,Opening pages contain English directory or publication signals.,524,16384711,90999257137d59cc7470bbb24e174bf7155e0dee384e4de159ccbb0dd5698201
Gujarat,Gujarat,Rajkot,1981/Gujarat/1981 Rajkot.pdf,F:\1981-20260725T131905Z-1-001\1981\Gujarat\1981 Rajkot.pdf,1981 Rajkot.pdf,1981,Village/Town Directory volume,True,Directory volume contains or may contain the requested table groups.,English or bilingual,Opening pages contain English directory or publication signals.,424,10191463,be8552e007d4fa4d986b58bddfe28089d20f75d157d584a7199694be5ab6c2f3
Gujarat,Gujarat,Sabar Kantha,1981/Gujarat/1981 Sabar Kantha.pdf,F:\1981-20260725T131905Z-1-001\1981\Gujarat\1981 Sabar Kantha.pdf,1981 Sabar Kantha.pdf,1981,Village/Town Directory volume,True,Directory volume contains or may contain the requested table groups.,English or bilingual,Opening pages contain English directory or publication signals.,447,11887780,a478c2cd20041e620766780af8dfeae8d40951e9b457549e76b081129d70183f
Gujarat,Gujarat,Surat,1981/Gujarat/1981 Surat.pdf,F:\1981-20260725T131905Z-1-001\1981\Gujarat\1981 Surat.pdf,1981 Surat.pdf,1981,Village/Town Directory volume,True,Directory volume contains or may contain the requested table groups.,English or bilingual,Opening pages contain English directory or publication signals.,471,13189588,95aed7b4459234ef653e1e72c832abd93d6faea04dd5d205b84f3d4d9870154c
Gujarat,Gujarat,Surendranagar,1981/Gujarat/1981 Surendranagar.pdf,F:\1981-20260725T131905Z-1-001\1981\Gujarat\1981 Surendranagar.pdf,1981 Surendranagar.pdf,1981,Village/Town Directory volume,True,Directory volume contains or may contain the requested table groups.,English or bilingual,Opening pages contain English directory or publication signals.,298,8074271,b985e2755da4e26e0d97dee874af467f06bfd1f891e9694f21d6dd804be2257b
Gujarat,Gujarat,The Dangs,1981/Gujarat/1981 The Dangs.pdf,F:\1981-20260725T131905Z-1-001\1981\Gujarat\1981 The Dangs.pdf,1981 The Dangs.pdf,1981,Village/Town Directory volume,True,Directory volume contains or may contain the requested table groups.,English or bilingual,Opening pages contain English directory or publication signals.,112,3083022,aed4fe28be80efe632b0cbfc86ad191f79a79181aafb30e8d606f304096186e0
Gujarat,Gujarat,Vadodara,1981/Gujarat/1981 Vadodara.pdf,F:\1981-20260725T131905Z-1-001\1981\Gujarat\1981 Vadodara.pdf,1981 Vadodara.pdf,1981,Village/Town Directory volume,True,Directory volume contains or may contain the requested table groups.,English or bilingual,Opening pages contain English directory or publication signals.,558,16455416,0bbe15e247d332c4054eeb171c538ba223ef333a6a3c0f1c972ed4cfd61fc45f
Gujarat,Gujarat,Valsad,1981/Gujarat/1981 Valsad.pdf,F:\1981-20260725T131905Z-1-001\1981\Gujarat\1981 Valsad.pdf,1981 Valsad.pdf,1981,Village/Town Directory volume,True,Directory volume contains or may contain the requested table groups.,English or bilingual,Opening pages contain English directory or publication signals.,360,8321260,29b6073558e1a86a363d687b070c255f3fa2a8c984bab218290c47e43b86381b
Jammu & Kashmir,Jammu & Kashmir,Anantnag,1981/Jammu & Kashmir/1981 Anantnag.pdf,F:\1981-20260725T131905Z-1-001\1981\Jammu & Kashmir\1981 Anantnag.pdf,1981 Anantnag.pdf,1981,Village/Town Directory volume,True,Directory volume contains or may contain the requested table groups.,English or bilingual,Opening pages contain English directory or publication signals.,197,4371197,b13ade09c056f02f474647964c47573c72ba8f84ca9cd7edda8fd29aa9465352
Jammu & Kashmir,Jammu & Kashmir,Badgam,1981/Jammu & Kashmir/1981 Badgam.pdf,F:\1981-20260725T131905Z-1-001\1981\Jammu & Kashmir\1981 Badgam.pdf,1981 Badgam.pdf,1981,Village/Town Directory volume,True,Directory volume contains or may contain the requested table groups.,English or bilingual,Opening pages contain English directory or publication signals.,156,4352452,7d7e9b76bbd670c1d3586e3eaffb94c8ff8b299e6b18e3664b19c238f1a77f38
Jammu & Kashmir,Jammu & Kashmir,Baramula,1981/Jammu & Kashmir/1981 Baramula.pdf,F:\1981-20260725T131905Z-1-001\1981\Jammu & Kashmir\1981 Baramula.pdf,1981 Baramula.pdf,1981,Village/Town Directory volume,True,Directory volume contains or may contain the requested table groups.,English or bilingual,Opening pages contain English directory or publication signals.,193,4541646,85e81f4b34005071366158ccfa0650ec7bb430f793df297bfa2c63ba49e41c01
Jammu & Kashmir,Jammu & Kashmir,Doda,1981/Jammu & Kashmir/1981 Doda.pdf,F:\1981-20260725T131905Z-1-001\1981\Jammu & Kashmir\1981 Doda.pdf,1981 Doda.pdf,1981,Village/Town Directory volume,True,Directory volume contains or may contain the requested table groups.,English or bilingual,Opening pages contain English directory or publication signals.,229,5334703,e3bc9895422be8a40df836ba2eb2cba080b5ecffa97e804649481a0129694dfa
Jammu & Kashmir,Jammu & Kashmir,Jammu,1981/Jammu & Kashmir/1981 Jammu.pdf,F:\1981-20260725T131905Z-1-001\1981\Jammu & Kashmir\1981 Jammu.pdf,1981 Jammu.pdf,1981,Village/Town Directory volume,True,Directory volume contains or may contain the requested table groups.,English or bilingual,Opening pages contain English directory or publication signals.,368,9309235,3658323fe8a4832f8504793d758d32f5f500e971da57fd93de860289635f6c58
Jammu & Kashmir,Jammu & Kashmir,Kargil,1981/Jammu & Kashmir/1981 Kargil.pdf,F:\1981-20260725T131905Z-1-001\1981\Jammu & Kashmir\1981 Kargil.pdf,1981 Kargil.pdf,1981,Village/Town Directory volume,True,Directory volume contains or may contain the requested table groups.,English or bilingual,Opening pages contain English directory or publication signals.,77,1793754,917ab6750a93cf575fb1ad8a574d4560f378f9cae83ef6447545408db2f9d08a
Jammu & Kashmir,Jammu & Kashmir,Kathua,1981/Jammu & Kashmir/1981 Kathua.pdf,F:\1981-20260725T131905Z-1-001\1981\Jammu & Kashmir\1981 Kathua.pdf,1981 Kathua.pdf,1981,Village/Town Directory volume,True,Directory volume contains or may contain the requested table groups.,English or bilingual,Opening pages contain English directory or publication signals.,200,4798225,62f8ccbccaf359b738423fbeecc7aa9224ae5464cb119b2784641a6ceeb83381
Jammu & Kashmir,Jammu & Kashmir,Kupwara,1981/Jammu & Kashmir/1981 Kupwara.pdf,F:\1981-20260725T131905Z-1-001\1981\Jammu & Kashmir\1981 Kupwara.pdf,1981 Kupwara.pdf,1981,Village/Town Directory volume,True,Directory volume contains or may contain the requested table groups.,English or bilingual,Opening pages contain English directory or publication signals.,139,3676351,0826109d8797609f6c5ecc94b23e66bb51bbe8814c3c4cf3ad6e95625fbc516e
Jammu & Kashmir,Jammu & Kashmir,Ladakh,1981/Jammu & Kashmir/1981 Ladakh.pdf,F:\1981-20260725T131905Z-1-001\1981\Jammu & Kashmir\1981 Ladakh.pdf,1981 Ladakh.pdf,1981,Village/Town Directory volume,True,Directory volume contains or may contain the requested table groups.,English or bilingual,Opening pages contain English directory or publication signals.,92,1950909,9df533a84567e40e79604a6db0c6a4122d1fbdc0a0739cd0464522adef035db2
Jammu & Kashmir,Jammu & Kashmir,Pulwama,1981/Jammu & Kashmir/1981 Pulwama.pdf,F:\1981-20260725T131905Z-1-001\1981\Jammu & Kashmir\1981 Pulwama.pdf,1981 Pulwama.pdf,1981,Village/Town Directory volume,True,Directory volume contains or may contain the requested table groups.,English or bilingual,Opening pages contain English directory or publication signals.,175,3962444,74f2442b191f3e1dbdb07cb17ae35aa9263e1746fcc5f728215b33b8ca7cb43c
Jammu & Kashmir,Jammu & Kashmir,Punch,1981/Jammu & Kashmir/1981 Punch.pdf,F:\1981-20260725T131905Z-1-001\1981\Jammu & Kashmir\1981 Punch.pdf,1981 Punch.pdf,1981,Village/Town Directory volume,True,Directory volume contains or may contain the requested table groups.,English or bilingual,Opening pages contain English directory or publication signals.,103,2067980,f9e0b6edb182a128c2508b0d86e7adfe74c693fdaf963c1f87f24eb286259c7f
Jammu & Kashmir,Jammu & Kashmir,Rajauri,1981/Jammu & Kashmir/1981 Rajauri.pdf,F:\1981-20260725T131905Z-1-001\1981\Jammu & Kashmir\1981 Rajauri.pdf,1981 Rajauri.pdf,1981,Village/Town Directory volume,True,Directory volume contains or may contain the requested table groups.,English or bilingual,Opening pages contain English directory or publication signals.,149,3030918,32491341139e4c3f139b65e6e2fb2c7cc96fda93b8f9c3482b9634650beb82ec
Jammu & Kashmir,Jammu & Kashmir,Srinagar,1981/Jammu & Kashmir/1981 Srinagar.pdf,F:\1981-20260725T131905Z-1-001\1981\Jammu & Kashmir\1981 Srinagar.pdf,1981 Srinagar.pdf,1981,Village/Town Directory volume,True,Directory volume contains or may contain the requested table groups.,English or bilingual,Opening pages contain English directory or publication signals.,190,4153159,16f04e09a96e9028bda5a2e53d9d35a5cfe9d4cfe0cf76744e5011539c90371d
Karnataka,Karnataka,Bangalore,1981/Karnataka/1981 Bangalore.pdf,F:\1981-20260725T131905Z-1-001\1981\Karnataka\1981 Bangalore.pdf,1981 Bangalore.pdf,1981,Village/Town Directory volume,True,Directory volume contains or may contain the requested table groups.,English or bilingual,Opening pages contain English directory or publication signals.,1523,36538599,84a11c06250d842a4253548a66a08c478e473c48fc806f388b2bc20977cddd91
Karnataka,Karnataka,Belgaum,1981/Karnataka/1981 Belgaum.pdf,F:\1981-20260725T131905Z-1-001\1981\Karnataka\1981 Belgaum.pdf,1981 Belgaum.pdf,1981,Village/Town Directory volume,True,Directory volume contains or may contain the requested table groups.,English or bilingual,Opening pages contain English directory or publication signals.,464,15706016,4ad20e67d3a6f5a1e07ef16e5f67e2146b9820c2afa0e685f46169c31761c913
Karnataka,Karnataka,Bellary,1981/Karnataka/1981 Bellary.pdf,F:\1981-20260725T131905Z-1-001\1981\Karnataka\1981 Bellary.pdf,1981 Bellary.pdf,1981,Village/Town Directory volume,True,Directory volume contains or may contain the requested table groups.,English or bilingual,Opening pages contain English directory or publication signals.,377,12506507,b61915777aedd0d4e6f23809ac660926d7b778d7a571c197c9ce4490408190f2
Karnataka,Karnataka,Bidar,1981/Karnataka/1981 Bidar.pdf,F:\1981-20260725T131905Z-1-001\1981\Karnataka\1981 Bidar.pdf,1981 Bidar.pdf,1981,Village/Town Directory volume,True,Directory volume contains or may contain the requested table groups.,English or bilingual,Opening pages contain English directory or publication signals.,48,1606730,bc38e7539c694d4cda5d96fa16a39caf0d17619636115052643f1923c35c152e
Karnataka,Karnataka,Bijapur,1981/Karnataka/1981 Bijapur.pdf,F:\1981-20260725T131905Z-1-001\1981\Karnataka\1981 Bijapur.pdf,1981 Bijapur.pdf,1981,Village/Town Directory volume,True,Directory volume contains or may contain the requested table groups.,English or bilingual,Opening pages contain English directory or publication signals.,639,14398410,ad9329956dcfc560de18483cc21c5dc8d564759484cbd4e75c641326b12c925b
Karnataka,Karnataka,Chikmagalur,1981/Karnataka/1981 Chikmagalur.pdf,F:\1981-20260725T131905Z-1-001\1981\Karnataka\1981 Chikmagalur.pdf,1981 Chikmagalur.pdf,1981,Village/Town Directory volume,True,Directory volume contains or may contain the requested table groups.,English or bilingual,Opening pages contain English directory or publication signals.,359,12613759,e489a8a8e0deaed3cd9e693bfb715329499a99b0cdf2ab5ee667a304d0a977d7
Karnataka,Karnataka,Chitradurga,1981/Karnataka/1981 Chitradurga.pdf,F:\1981-20260725T131905Z-1-001\1981\Karnataka\1981 Chitradurga.pdf,1981 Chitradurga.pdf,1981,Village/Town Directory volume,True,Directory volume contains or may contain the requested table groups.,English or bilingual,Opening pages contain English directory or publication signals.,631,14387697,c903018bf856d2d0956f8d29803283c7fc339af71b3c41402d04cff626b7d9da
Karnataka,Karnataka,Dakshin Kannad,1981/Karnataka/1981 Dakshin Kannad.pdf,F:\1981-20260725T131905Z-1-001\1981\Karnataka\1981 Dakshin Kannad.pdf,1981 Dakshin Kannad.pdf,1981,Village/Town Directory volume,True,Directory volume contains or may contain the requested table groups.,English or bilingual,Opening pages contain English directory or publication signals.,380,15868700,7ed2420a9174672c1fb64cbc8136d436bd58da61d776c53cba0fe5d6b2735778
Karnataka,Karnataka,Dharwad,1981/Karnataka/1981 Dharwad.pdf,F:\1981-20260725T131905Z-1-001\1981\Karnataka\1981 Dharwad.pdf,1981 Dharwad.pdf,1981,Village/Town Directory volume,True,Directory volume contains or may contain the requested table groups.,English or bilingual,Opening pages contain English directory or publication signals.,633,18292559,4325bdf5855dfaafec8d051f50319dbc7c104f050b4f8cdf81f4ea9ac7105dca
Karnataka,Karnataka,Gulbarga,1981/Karnataka/1981 Gulbarga.pdf,F:\1981-20260725T131905Z-1-001\1981\Karnataka\1981 Gulbarga.pdf,1981 Gulbarga.pdf,1981,Village/Town Directory volume,True,Directory volume contains or may contain the requested table groups.,English or bilingual,Opening pages contain English directory or publication signals.,467,17008844,e6ae2c52d1645f2a1949375159a30bb8175c91f7a85a64ee765ab1d4057f3a7e
Karnataka,Karnataka,Hassan,1981/Karnataka/1981 Hassan.pdf,F:\1981-20260725T131905Z-1-001\1981\Karnataka\1981 Hassan.pdf,1981 Hassan.pdf,1981,Village/Town Directory volume,True,Directory volume contains or may contain the requested table groups.,English or bilingual,Opening pages contain English directory or publication signals.,652,17192548,1c37822c30a2aba64d944f914c34686e87d264fd139db2f610d19d19cea40f6f
Karnataka,Karnataka,Kodagu,1981/Karnataka/1981 Kodagu.pdf,F:\1981-20260725T131905Z-1-001\1981\Karnataka\1981 Kodagu.pdf,1981 Kodagu.pdf,1981,Village/Town Directory volume,True,Directory volume contains or may contain the requested table groups.,English or bilingual,Opening pages contain English directory or publication signals.,250,6380969,b431d8ea746d2aa5ef53c02495a1c2260de8ae5092c74e9115ce9c06feb5fa70
Karnataka,Karnataka,Kolar,1981/Karnataka/1981 Kolar.pdf,F:\1981-20260725T131905Z-1-001\1981\Karnataka\1981 Kolar.pdf,1981 Kolar.pdf,1981,Village/Town Directory volume,True,Directory volume contains or may contain the requested table groups.,English or bilingual,Opening pages contain English directory or publication signals.,1067,25659040,38dbffc952e6c624fe479e4747fd93746ac839f4d9556f31714576f2f407208c
Karnataka,Karnataka,Mandya,1981/Karnataka/1981 Mandya.pdf,F:\1981-20260725T131905Z-1-001\1981\Karnataka\1981 Mandya.pdf,1981 Mandya.pdf,1981,Village/Town Directory volume,True,Directory volume contains or may contain the requested table groups.,English or bilingual,Opening pages contain English directory or publication signals.,269,15797506,bb05c9038f53499a9b5fa4472227e97b5b86353e223a804d17b68be1ca9bd070
Karnataka,Karnataka,Raichur,1981/Karnataka/1981 Raichur.pdf,F:\1981-20260725T131905Z-1-001\1981\Karnataka\1981 Raichur.pdf,1981 Raichur.pdf,1981,Village/Town Directory volume,True,Directory volume contains or may contain the requested table groups.,English or bilingual,Opening pages contain English directory or publication signals.,461,14084803,134c655ff72afee2688dde3c76c2a541c0ab3f10960e778ce366df7fbc409a30
Karnataka,Karnataka,Shimoga,1981/Karnataka/1981 Shimoga.pdf,F:\1981-20260725T131905Z-1-001\1981\Karnataka\1981 Shimoga.pdf,1981 Shimoga.pdf,1981,Village/Town Directory volume,True,Directory volume contains or may contain the requested table groups.,English or bilingual,Opening pages contain English directory or publication signals.,679,19127515,a35a42f7916b4f2f03b3e4b128692e3c8dcf660a92c5d03bf915a729f2afc1be
Karnataka,Karnataka,Uttar Kannad,1981/Karnataka/1981 Uttar Kannad.pdf,F:\1981-20260725T131905Z-1-001\1981\Karnataka\1981 Uttar Kannad.pdf,1981 Uttar Kannad.pdf,1981,Village/Town Directory volume,True,Directory volume contains or may contain the requested table groups.,English or bilingual,Opening pages contain English directory or publication signals.,435,14746254,f073c382f5b66197ff6b97b0c4ac74b9c01dc5c1a16f1389c653d31f0e37d8db
Kerala,Kerala,Alleppey,1981/Kerala/1981 Alleppey.pdf,F:\1981-20260725T131905Z-1-001\1981\Kerala\1981 Alleppey.pdf,1981 Alleppey.pdf,1981,Village/Town Directory volume,True,Directory volume contains or may contain the requested table groups.,English or bilingual,Opening pages contain English directory or publication signals.,180,8660360,685b9f9a69f0f82c1952583c91edd9b81b9af4158882630ecc2edf4b41a28be5
Kerala,Kerala,Cannanore,1981/Kerala/1981 Cannanore.pdf,F:\1981-20260725T131905Z-1-001\1981\Kerala\1981 Cannanore.pdf,1981 Cannanore.pdf,1981,Village/Town Directory volume,True,Directory volume contains or may contain the requested table groups.,English or bilingual,Opening pages contain English directory or publication signals.,191,8543076,ad3c4d216d79847510ffab3ea4d85123c592ebe6e0e20028fd51b7322eb0bc40
Kerala,Kerala,Ernakulam,1981/Kerala/1981 Ernakulam.pdf,F:\1981-20260725T131905Z-1-001\1981\Kerala\1981 Ernakulam.pdf,1981 Ernakulam.pdf,1981,Village/Town Directory volume,True,Directory volume contains or may contain the requested table groups.,English or bilingual,Opening pages contain English directory or publication signals.,267,7614650,f10741404fc820ccc92574d08934b733da2bad558bfbe974a477279889c90a3c
Kerala,Kerala,Idikki,1981/Kerala/1981 Idikki.pdf,F:\1981-20260725T131905Z-1-001\1981\Kerala\1981 Idikki.pdf,1981 Idikki.pdf,1981,directory candidate,True,Requested directory headings are present in the opening pages.,English or bilingual,Opening pages contain English directory or publication signals.,122,5288174,06aea88ffb56d98a661fdd1232302dcbdcfb9c23b1a6fcc0250143b5aa5a575f
Kerala,Kerala,Kasaragod,1981/Kerala/1981 Kasaragod.pdf,F:\1981-20260725T131905Z-1-001\1981\Kerala\1981 Kasaragod.pdf,1981 Kasaragod.pdf,1981,directory candidate,True,Requested directory headings are present in the opening pages.,English or bilingual,Opening pages contain English directory or publication signals.,108,4405461,b1138bfaa9075619cadc1e84d0ce42c92bcd8a98e1e8b7058adeb738790e57a0
Kerala,Kerala,Kottayam,1981/Kerala/1981 Kottayam.pdf,F:\1981-20260725T131905Z-1-001\1981\Kerala\1981 Kottayam.pdf,1981 Kottayam.pdf,1981,directory candidate,True,Requested directory headings are present in the opening pages.,English or bilingual,Opening pages contain English directory or publication signals.,195,5424193,4537d5891d98e9fa5c4f187b2b6000b517803b6b4943fdc13e9c975811e0c7b1
Kerala,Kerala,Kozhikode,1981/Kerala/1981 Kozhikode.pdf,F:\1981-20260725T131905Z-1-001\1981\Kerala\1981 Kozhikode.pdf,1981 Kozhikode.pdf,1981,Part XIII-B primary census abstract,False,PCA-only volume; the requested town statements and amenities appendix are absent.,English or bilingual,Opening pages contain English directory or publication signals.,160,6919474,c0c683f8bc9f905a5c678c496334c957006be586b0a61ce218edeb563681f88d
Kerala,Kerala,Malappuram,1981/Kerala/1981 Malappuram.pdf,F:\1981-20260725T131905Z-1-001\1981\Kerala\1981 Malappuram.pdf,1981 Malappuram.pdf,1981,Village/Town Directory volume,True,Directory volume contains or may contain the requested table groups.,English or bilingual,Opening pages contain English directory or publication signals.,138,6080388,8e9ccd52e106b37d4b6fbd8f13ce915c34d606dfc873bcf07106ee1946affe06
Kerala,Kerala,Quilon,1981/Kerala/1981 Quilon.pdf,F:\1981-20260725T131905Z-1-001\1981\Kerala\1981 Quilon.pdf,1981 Quilon.pdf,1981,directory candidate,True,Requested directory headings are present in the opening pages.,English or bilingual,Opening pages contain English directory or publication signals.,189,9997718,d1755ce9dd12b495fbeab1bf4c57d9f1035bd39c8b98ec2b68390d9492ddc498
Kerala,Kerala,Trichur,1981/Kerala/1981 Trichur.pdf,F:\1981-20260725T131905Z-1-001\1981\Kerala\1981 Trichur.pdf,1981 Trichur.pdf,1981,Village/Town Directory volume,True,Directory volume contains or may contain the requested table groups.,English or bilingual,Opening pages contain English directory or publication signals.,241,14283467,059c59176d05a92a4828513ce0fdf0b137bb047f27bd4018defc576295befb0a
Kerala,Kerala,Trivandrum,1981/Kerala/1981 Trivandrum.pdf,F:\1981-20260725T131905Z-1-001\1981\Kerala\1981 Trivandrum.pdf,1981 Trivandrum.pdf,1981,Village/Town Directory volume,True,Directory volume contains or may contain the requested table groups.,English or bilingual,Opening pages contain English directory or publication signals.,222,12314607,ae160d91b9b898b0428481f88cdf1a848bb79374dc41632b961c9b7e673592f4
Kerala,Kerala,Wayanad,1981/Kerala/1981 Wayanad.pdf,F:\1981-20260725T131905Z-1-001\1981\Kerala\1981 Wayanad.pdf,1981 Wayanad.pdf,1981,Village/Town Directory volume,True,Directory volume contains or may contain the requested table groups.,English or bilingual,Opening pages contain English directory or publication signals.,89,3609835,29b0327dcb12955ea11efba65c51d797864e10c81ccb19e85600f56081065554
Madhya Pradesh,Madhya Pradesh,Balaghat,1981/Madhya Pradesh/1981 Balaghat.pdf,F:\1981-20260725T131905Z-1-001\1981\Madhya Pradesh\1981 Balaghat.pdf,1981 Balaghat.pdf,1981,directory candidate,True,Requested directory headings are present in the opening pages.,English or bilingual,Opening pages contain English directory or publication signals.,300,10881442,6baf86bf1ffc111adbdd4ca5d708668c586f5e086e8ac282cb28c033c3f2585e
Madhya Pradesh,Madhya Pradesh,Bastar,1981/Madhya Pradesh/1981 Bastar.pdf,F:\1981-20260725T131905Z-1-001\1981\Madhya Pradesh\1981 Bastar.pdf,1981 Bastar.pdf,1981,directory candidate,True,Requested directory headings are present in the opening pages.,English or bilingual,Opening pages contain English directory or publication signals.,693,26374086,dd8afeb8ddbd94793602cb57e9f2f26210589f385ae4b69a9ef4eb0ed31ad286
Madhya Pradesh,Madhya Pradesh,Betul,1981/Madhya Pradesh/1981 Betul.pdf,F:\1981-20260725T131905Z-1-001\1981\Madhya Pradesh\1981 Betul.pdf,1981 Betul.pdf,1981,directory candidate,True,Requested directory headings are present in the opening pages.,English or bilingual,Opening pages contain English directory or publication signals.,308,11221317,fb5429cbafebffab3867c48b8332c86dbb0deb8e2a437631ee380e6c11deb9df
Madhya Pradesh,Madhya Pradesh,Bhind,1981/Madhya Pradesh/1981 Bhind.pdf,F:\1981-20260725T131905Z-1-001\1981\Madhya Pradesh\1981 Bhind.pdf,1981 Bhind.pdf,1981,Village/Town Directory volume,True,Directory volume contains or may contain the requested table groups.,English or bilingual,Opening pages contain English directory or publication signals.,226,8178527,10242b1ba38ea4eca94df17684110d4f03458174918f53aa3bb5ced881b38728
Madhya Pradesh,Madhya Pradesh,Bhopal,1981/Madhya Pradesh/1981 Bhopal.pdf,F:\1981-20260725T131905Z-1-001\1981\Madhya Pradesh\1981 Bhopal.pdf,1981 Bhopal.pdf,1981,directory candidate,True,Requested directory headings are present in the opening pages.,English or bilingual,Opening pages contain English directory or publication signals.,163,4962108,20592e9585df986e5d8fb3c8537c78fe06cfa1290acc1f736528d0a72ccd434a
Madhya Pradesh,Madhya Pradesh,Bilaspur,1981/Madhya Pradesh/1981 Bilaspur.pdf,F:\1981-20260725T131905Z-1-001\1981\Madhya Pradesh\1981 Bilaspur.pdf,1981 Bilaspur.pdf,1981,directory candidate,True,Requested directory headings are present in the opening pages.,English or bilingual,Opening pages contain English directory or publication signals.,676,23334664,3832b884e8ac53fe34570e093e3fa54a7423777585653861beefa3fc6d0a2a67
Madhya Pradesh,Madhya Pradesh,Chhatarpur,1981/Madhya Pradesh/1981 Chhatarpur.pdf,F:\1981-20260725T131905Z-1-001\1981\Madhya Pradesh\1981 Chhatarpur.pdf,1981 Chhatarpur.pdf,1981,directory candidate,True,Requested directory headings are present in the opening pages.,English or bilingual,Opening pages contain English directory or publication signals.,262,8236913,a88e0a0117207130867f3fe79a6939246c2ee862572f6fe187464b9a40894003
Madhya Pradesh,Madhya Pradesh,Chhindwara,1981/Madhya Pradesh/1981 Chhindwara.pdf,F:\1981-20260725T131905Z-1-001\1981\Madhya Pradesh\1981 Chhindwara.pdf,1981 Chhindwara.pdf,1981,directory candidate,True,Requested directory headings are present in the opening pages.,English or bilingual,Opening pages contain English directory or publication signals.,412,15925877,5381e3a0e8e511df56ecf3e1551bc13a294d3641e70b4a22aa7deff02c16ef73
Madhya Pradesh,Madhya Pradesh,Damoh,1981/Madhya Pradesh/1981 Damoh.pdf,F:\1981-20260725T131905Z-1-001\1981\Madhya Pradesh\1981 Damoh.pdf,1981 Damoh.pdf,1981,directory candidate,True,Requested directory headings are present in the opening pages.,English or bilingual,Opening pages contain English directory or publication signals.,182,6809187,0a44eda122a04d1df4b8975ed33fa82d6ee0fcff1f531e9c705e433bae3595cb
Madhya Pradesh,Madhya Pradesh,Datia,1981/Madhya Pradesh/1981 Datia.pdf,F:\1981-20260725T131905Z-1-001\1981\Madhya Pradesh\1981 Datia.pdf,1981 Datia.pdf,1981,directory candidate,True,Requested directory headings are present in the opening pages.,English or bilingual,Opening pages contain English directory or publication signals.,142,4420783,796bf785161db1eb6d8c0fcd775ada13d353b44b3367bd2fdf3e13fd039644e6
Madhya Pradesh,Madhya Pradesh,Dewas,1981/Madhya Pradesh/1981 Dewas.pdf,F:\1981-20260725T131905Z-1-001\1981\Madhya Pradesh\1981 Dewas.pdf,1981 Dewas.pdf,1981,directory candidate,True,Requested directory headings are present in the opening pages.,English or bilingual,Opening pages contain English directory or publication signals.,264,8948559,fda7ba42d80a6ec94b61baf5e425cc5ca1bc4851e3cf70609764f17877712f95
Madhya Pradesh,Madhya Pradesh,Dhar,1981/Madhya Pradesh/1981 Dhar.pdf,F:\1981-20260725T131905Z-1-001\1981\Madhya Pradesh\1981 Dhar.pdf,1981 Dhar.pdf,1981,directory candidate,True,Requested directory headings are present in the opening pages.,English or bilingual,Opening pages contain English directory or publication signals.,336,12191499,6ec0ee2e21f6d41f4cb8c79438bbdca1a82fe082e724d34ff2046fd988cb14dc
Madhya Pradesh,Madhya Pradesh,Durg,1981/Madhya Pradesh/1981 Durg.pdf,F:\1981-20260725T131905Z-1-001\1981\Madhya Pradesh\1981 Durg.pdf,1981 Durg.pdf,1981,directory candidate,True,Requested directory headings are present in the opening pages.,English or bilingual,Opening pages contain English directory or publication signals.,406,15116318,9b73690933bed5b786c22d2b67a799598d235f47bef6de55c09546ab9f236082
Madhya Pradesh,Madhya Pradesh,East-Nimar,1981/Madhya Pradesh/1981 East-Nimar.pdf,F:\1981-20260725T131905Z-1-001\1981\Madhya Pradesh\1981 East-Nimar.pdf,1981 East-Nimar.pdf,1981,directory candidate,True,Requested directory headings are present in the opening pages.,English or bilingual,Opening pages contain English directory or publication signals.,274,9231440,7c858b3dc1ff10ccf184f60b45446c3a1b4a8c1640c3a15526d0dbb2402a55f0
Madhya Pradesh,Madhya Pradesh,Guna,1981/Madhya Pradesh/1981 Guna.pdf,F:\1981-20260725T131905Z-1-001\1981\Madhya Pradesh\1981 Guna.pdf,1981 Guna.pdf,1981,directory candidate,True,Requested directory headings are present in the opening pages.,English or bilingual,Opening pages contain English directory or publication signals.,449,14096728,154a2e2112177485ff4452819e3ade8dbccfb86c049cfc3fced4db9cdcb60f4b
Madhya Pradesh,Madhya Pradesh,Gwalior,1981/Madhya Pradesh/1981 Gwalior.pdf,F:\1981-20260725T131905Z-1-001\1981\Madhya Pradesh\1981 Gwalior.pdf,1981 Gwalior.pdf,1981,Village/Town Directory volume,True,Directory volume contains or may contain the requested table groups.,English or bilingual,Opening pages contain English directory or publication signals.,196,6555074,63965c9fcf6bcda0edfd5cf7878fa0aebd4544ac7da128351d89047e04c89288
Madhya Pradesh,Madhya Pradesh,Hoshangabad,1981/Madhya Pradesh/1981 Hoshangabad.pdf,F:\1981-20260725T131905Z-1-001\1981\Madhya Pradesh\1981 Hoshangabad.pdf,1981 Hoshangabad.pdf,1981,directory candidate,True,Requested directory headings are present in the opening pages.,English or bilingual,Opening pages contain English directory or publication signals.,350,11850897,4b4b14269c988510f42e98b5dd7a1f239b4e8d752817e10da4776d05783cd22a
Madhya Pradesh,Madhya Pradesh,Indore,1981/Madhya Pradesh/1981 Indore.pdf,F:\1981-20260725T131905Z-1-001\1981\Madhya Pradesh\1981 Indore.pdf,1981 Indore.pdf,1981,directory candidate,True,Requested directory headings are present in the opening pages.,English or bilingual,Opening pages contain English directory or publication signals.,193,6140499,f78855743bc5d6731a715b5ea3f9d3d4a0f3f04e46a0f27ab119d5d7982f1607
Madhya Pradesh,Madhya Pradesh,Jabalpur,1981/Madhya Pradesh/1981 Jabalpur.pdf,F:\1981-20260725T131905Z-1-001\1981\Madhya Pradesh\1981 Jabalpur.pdf,1981 Jabalpur.pdf,1981,directory candidate,True,Requested directory headings are present in the opening pages.,English or bilingual,Opening pages contain English directory or publication signals.,500,17042693,4f3e25e57e0fba792c9a4b5ff447bda1b22f133d46e3630db359f23d1b231597
Madhya Pradesh,Madhya Pradesh,Jhabua,1981/Madhya Pradesh/1981 Jhabua.pdf,F:\1981-20260725T131905Z-1-001\1981\Madhya Pradesh\1981 Jhabua.pdf,1981 Jhabua.pdf,1981,directory candidate,True,Requested directory headings are present in the opening pages.,English or bilingual,Opening pages contain English directory or publication signals.,294,9848432,900450c0ff95d2af60995d2550cebd57bd65c65c8642c380a1053e90423e93f2
Madhya Pradesh,Madhya Pradesh,Mandla,1981/Madhya Pradesh/1981 Mandla.pdf,F:\1981-20260725T131905Z-1-001\1981\Madhya Pradesh\1981 Mandla.pdf,1981 Mandla.pdf,1981,directory candidate,True,Requested directory headings are present in the opening pages.,English or bilingual,Opening pages contain English directory or publication signals.,420,15942541,850b21523ca326c11c1b8de6089edf66dff94abee737d7ce33abaa6603827fe2
Madhya Pradesh,Madhya Pradesh,Mandsaur,1981/Madhya Pradesh/1981 Mandsaur.pdf,F:\1981-20260725T131905Z-1-001\1981\Madhya Pradesh\1981 Mandsaur.pdf,1981 Mandsaur.pdf,1981,directory candidate,True,Requested directory headings are present in the opening pages.,English or bilingual,Opening pages contain English directory or publication signals.,400,13568772,f6860aa67f43d934014d770a73b50a645fc60920a7550c4e6861d256677cbe67
Madhya Pradesh,Madhya Pradesh,Morena,1981/Madhya Pradesh/1981 Morena.pdf,F:\1981-20260725T131905Z-1-001\1981\Madhya Pradesh\1981 Morena.pdf,1981 Morena.pdf,1981,directory candidate,True,Requested directory headings are present in the opening pages.,English or bilingual,Opening pages contain English directory or publication signals.,294,10163260,6ee8444cca2a1d73cb31248aa8a537e039584f45253643114e8705f69de4e0d1
Madhya Pradesh,Madhya Pradesh,Narsimhapur,1981/Madhya Pradesh/1981 Narsimhapur.pdf,F:\1981-20260725T131905Z-1-001\1981\Madhya Pradesh\1981 Narsimhapur.pdf,1981 Narsimhapur.pdf,1981,directory candidate,True,Requested directory headings are present in the opening pages.,English or bilingual,Opening pages contain English directory or publication signals.,232,8176991,e34fa965435d949fb4f89d9349b16fb735beca58c1b7205064270846c7944c82
Madhya Pradesh,Madhya Pradesh,Panna,1981/Madhya Pradesh/1981 Panna.pdf,F:\1981-20260725T131905Z-1-001\1981\Madhya Pradesh\1981 Panna.pdf,1981 Panna.pdf,1981,Village/Town Directory volume,True,Directory volume contains or may contain the requested table groups.,English or bilingual,Opening pages contain English directory or publication signals.,241,8353898,0a34e2a62cddd1156e3952b6d20327cb140ac9c5d25f68bb34b69c2fed398cca
Madhya Pradesh,Madhya Pradesh,Raigarh,1981/Madhya Pradesh/1981 Raigarh.pdf,F:\1981-20260725T131905Z-1-001\1981\Madhya Pradesh\1981 Raigarh.pdf,1981 Raigarh.pdf,1981,directory candidate,True,Requested directory headings are present in the opening pages.,English or bilingual,Opening pages contain English directory or publication signals.,448,14981480,ddafa86958ed385480b19051abcaa7dc8841a7816d3f96cf209879a8a05edfc1
Madhya Pradesh,Madhya Pradesh,Raipur,1981/Madhya Pradesh/1981 Raipur.pdf,F:\1981-20260725T131905Z-1-001\1981\Madhya Pradesh\1981 Raipur.pdf,1981 Raipur.pdf,1981,Village/Town Directory volume,True,Directory volume contains or may contain the requested table groups.,English or bilingual,Opening pages contain English directory or publication signals.,724,27852260,4e059e1a15a8454f95f807b704debe318854ac19a5523089ea57a9dcaf1c9056
Madhya Pradesh,Madhya Pradesh,Raisen,1981/Madhya Pradesh/1981 Raisen.pdf,F:\1981-20260725T131905Z-1-001\1981\Madhya Pradesh\1981 Raisen.pdf,1981 Raisen.pdf,1981,directory candidate,True,Requested directory headings are present in the opening pages.,English or bilingual,Opening pages contain English directory or publication signals.,308,12391228,13785fcd45b27a6313a804acd5a202b5f59616240e01491cac6e25fd04a8fde8
Madhya Pradesh,Madhya Pradesh,Rajgarh,1981/Madhya Pradesh/1981 Rajgarh.pdf,F:\1981-20260725T131905Z-1-001\1981\Madhya Pradesh\1981 Rajgarh.pdf,1981 Rajgarh.pdf,1981,Village/Town Directory volume,True,Directory volume contains or may contain the requested table groups.,English or bilingual,Opening pages contain English directory or publication signals.,239,8418054,dae0a482b204887232b41c2436126ef0851218757b0526a420267f3546d75883
Madhya Pradesh,Madhya Pradesh,Rajnandgaon,1981/Madhya Pradesh/1981 Rajnandgaon.pdf,F:\1981-20260725T131905Z-1-001\1981\Madhya Pradesh\1981 Rajnandgaon.pdf,1981 Rajnandgaon.pdf,1981,directory candidate,True,Requested directory headings are present in the opening pages.,English or bilingual,Opening pages contain English directory or publication signals.,457,15823259,06e5f16452c550c7fe2bac381076c5a70522b8b39b19c9bf05a9f5cf0cbdefab
Madhya Pradesh,Madhya Pradesh,Ratlam,1981/Madhya Pradesh/1981 Ratlam.pdf,F:\1981-20260725T131905Z-1-001\1981\Madhya Pradesh\1981 Ratlam.pdf,1981 Ratlam.pdf,1981,directory candidate,True,Requested directory headings are present in the opening pages.,English or bilingual,Opening pages contain English directory or publication signals.,261,8905611,d9177bd13e95fbc0f3ce3372f2273bcbed67223f8cda2e5fbeb64de1d8c20335
Madhya Pradesh,Madhya Pradesh,Rewa,1981/Madhya Pradesh/1981 Rewa.pdf,F:\1981-20260725T131905Z-1-001\1981\Madhya Pradesh\1981 Rewa.pdf,1981 Rewa.pdf,1981,directory candidate,True,Requested directory headings are present in the opening pages.,English or bilingual,Opening pages contain English directory or publication signals.,511,18561046,2bafcf7c2ad2411e0fec43887649a448934c34c3285bf0d26e8dec4afcc5fb14
Madhya Pradesh,Madhya Pradesh,Sagar,1981/Madhya Pradesh/1981 Sagar.pdf,F:\1981-20260725T131905Z-1-001\1981\Madhya Pradesh\1981 Sagar.pdf,1981 Sagar.pdf,1981,directory candidate,True,Requested directory headings are present in the opening pages.,English or bilingual,Opening pages contain English directory or publication signals.,406,14400792,68b8fc65db67301a8ef6c47bba58ac0d97075caf99d99d19c5699407ac323001
Madhya Pradesh,Madhya Pradesh,Satna,1981/Madhya Pradesh/1981 Satna.pdf,F:\1981-20260725T131905Z-1-001\1981\Madhya Pradesh\1981 Satna.pdf,1981 Satna.pdf,1981,directory candidate,True,Requested directory headings are present in the opening pages.,English or bilingual,Opening pages contain English directory or publication signals.,266,9049412,c46012e43f389343f4aa0096e2ecc41afb39a19a056e1c84d3b2fc9b4f9cf6b6
Madhya Pradesh,Madhya Pradesh,Sehore,1981/Madhya Pradesh/1981 Sehore.pdf,F:\1981-20260725T131905Z-1-001\1981\Madhya Pradesh\1981 Sehore.pdf,1981 Sehore.pdf,1981,directory candidate,True,Requested directory headings are present in the opening pages.,English or bilingual,Opening pages contain English directory or publication signals.,253,8360554,4b46fc5df90707f63e4aa7b002918ba9aff83b2e9058b4636637b4978f797495
Madhya Pradesh,Madhya Pradesh,Seoni,1981/Madhya Pradesh/1981 Seoni.pdf,F:\1981-20260725T131905Z-1-001\1981\Madhya Pradesh\1981 Seoni.pdf,1981 Seoni.pdf,1981,directory candidate,True,Requested directory headings are present in the opening pages.,English or bilingual,Opening pages contain English directory or publication signals.,345,11715676,3af13e3844c43f20c5a4b6e6ea91d6ee33d08b8dad5ac90f2256ba8ed879717d
Madhya Pradesh,Madhya Pradesh,Shahdol,1981/Madhya Pradesh/1981 Shahdol.pdf,F:\1981-20260725T131905Z-1-001\1981\Madhya Pradesh\1981 Shahdol.pdf,1981 Shahdol.pdf,1981,directory candidate,True,Requested directory headings are present in the opening pages.,English or bilingual,Opening pages contain English directory or publication signals.,428,13946885,529826aab22ca3d541a51863f886f80659f433b57734edd08c2f1b6d7388f80d
Madhya Pradesh,Madhya Pradesh,Shajapur,1981/Madhya Pradesh/1981 Shajapur.pdf,F:\1981-20260725T131905Z-1-001\1981\Madhya Pradesh\1981 Shajapur.pdf,1981 Shajapur.pdf,1981,Village/Town Directory volume,True,Directory volume contains or may contain the requested table groups.,English or bilingual,Opening pages contain English directory or publication signals.,247,8523999,8ce1b25db265486801ebb04135c6664a42a02ddaf7c3839916e09a65acbda0f7
Madhya Pradesh,Madhya Pradesh,Shivpuri,1981/Madhya Pradesh/1981 Shivpuri.pdf,F:\1981-20260725T131905Z-1-001\1981\Madhya Pradesh\1981 Shivpuri.pdf,1981 Shivpuri.pdf,1981,directory candidate,True,Requested directory headings are present in the opening pages.,English or bilingual,Opening pages contain English directory or publication signals.,302,10095285,992ad4d3c5eb1470210c02f2a6ee73b3a36b27222c13fba84318ad58956898b7
Madhya Pradesh,Madhya Pradesh,Sidhi,1981/Madhya Pradesh/1981 Sidhi.pdf,F:\1981-20260725T131905Z-1-001\1981\Madhya Pradesh\1981 Sidhi.pdf,1981 Sidhi.pdf,1981,directory candidate,True,Requested directory headings are present in the opening pages.,English or bilingual,Opening pages contain English directory or publication signals.,387,13243370,f730e68bf3603a2651c92b99d362a68aa8dee597fb6370a983373a0a36bdc5fd
Madhya Pradesh,Madhya Pradesh,Surguja,1981/Madhya Pradesh/1981 Surguja.pdf,F:\1981-20260725T131905Z-1-001\1981\Madhya Pradesh\1981 Surguja.pdf,1981 Surguja.pdf,1981,directory candidate,True,Requested directory headings are present in the opening pages.,English or bilingual,Opening pages contain English directory or publication signals.,499,18405703,edc035ceed3b303f4b6839beeb1da4a02a2ab0c619dad3b15af25d835012dab8
Madhya Pradesh,Madhya Pradesh,Tikamgarh,1981/Madhya Pradesh/1981 Tikamgarh.pdf,F:\1981-20260725T131905Z-1-001\1981\Madhya Pradesh\1981 Tikamgarh.pdf,1981 Tikamgarh.pdf,1981,Village/Town Directory volume,True,Directory volume contains or may contain the requested table groups.,English or bilingual,Opening pages contain English directory or publication signals.,229,8111196,4f34c13117d3eb2fa61c50058ea9808101e24f94dbedf8d522c08a89b69bb3bb
Madhya Pradesh,Madhya Pradesh,Ujjain,1981/Madhya Pradesh/1981 Ujjain.pdf,F:\1981-20260725T131905Z-1-001\1981\Madhya Pradesh\1981 Ujjain.pdf,1981 Ujjain.pdf,1981,directory candidate,True,Requested directory headings are present in the opening pages.,English or bilingual,Opening pages contain English directory or publication signals.,320,11226582,7cd1fa22b9f31dcd48da3fda7b4e660dc1df0229bcb5702ac209274a8e8bfb2c
Madhya Pradesh,Madhya Pradesh,Vidisha,1981/Madhya Pradesh/1981 Vidisha.pdf,F:\1981-20260725T131905Z-1-001\1981\Madhya Pradesh\1981 Vidisha.pdf,1981 Vidisha.pdf,1981,directory candidate,True,Requested directory headings are present in the opening pages.,English or bilingual,Opening pages contain English directory or publication signals.,222,7342376,8092f10864f0fb0443279b69b41782866ed35901108bbca322c8b2b51da9b2bf
Madhya Pradesh,Madhya Pradesh,West-Nimar,1981/Madhya Pradesh/1981 West-Nimar.pdf,F:\1981-20260725T131905Z-1-001\1981\Madhya Pradesh\1981 West-Nimar.pdf,1981 West-Nimar.pdf,1981,Village/Town Directory volume,True,Directory volume contains or may contain the requested table groups.,English or bilingual,Opening pages contain English directory or publication signals.,454,18097308,d24dd33075720a043da082e789d6660b749c8307278233c4c25ebd4f5e76ecfa
Maharashtra,Maharashtra,Ahmadnagar,1981/Maharashtra/1981 Ahmadnagar.pdf,F:\1981-20260725T131905Z-1-001\1981\Maharashtra\1981 Ahmadnagar.pdf,1981 Ahmadnagar.pdf,1981,Village/Town Directory volume,True,Directory volume contains or may contain the requested table groups.,English or bilingual,Opening pages contain English directory or publication signals.,283,9877909,ae1c725cc62713186d6e21db25872b60acca56444e85583f6d18ce7a6db9bf8f
Maharashtra,Maharashtra,Akola,1981/Maharashtra/1981 Akola.pdf,F:\1981-20260725T131905Z-1-001\1981\Maharashtra\1981 Akola.pdf,1981 Akola.pdf,1981,Village/Town Directory volume,True,Directory volume contains or may contain the requested table groups.,English or bilingual,Opening pages contain English directory or publication signals.,271,12080028,5132bbf08e34cd0512861d88ba0e5898c60a4b589228b5b52e9f59fae361135d
Maharashtra,Maharashtra,Amravati,1981/Maharashtra/1981 Amravati.pdf,F:\1981-20260725T131905Z-1-001\1981\Maharashtra\1981 Amravati.pdf,1981 Amravati.pdf,1981,Village/Town Directory volume,True,Directory volume contains or may contain the requested table groups.,English or bilingual,Opening pages contain English directory or publication signals.,305,9724586,7d0a301c14ecb758388cb48aa3b54108404153ff850b57d220465258551a3ede
Maharashtra,Maharashtra,Bhandara,1981/Maharashtra/1981 Bhandara.pdf,F:\1981-20260725T131905Z-1-001\1981\Maharashtra\1981 Bhandara.pdf,1981 Bhandara.pdf,1981,Village/Town Directory volume,True,Directory volume contains or may contain the requested table groups.,English or bilingual,Opening pages contain English directory or publication signals.,331,10439085,5c365b9bb5301420e1952ee6ef32ca4e74c2a682ff5f3ab8b30a839b712b1a81
Maharashtra,Maharashtra,Bid,1981/Maharashtra/1981 Bid.pdf,F:\1981-20260725T131905Z-1-001\1981\Maharashtra\1981 Bid.pdf,1981 Bid.pdf,1981,Village/Town Directory volume,True,Directory volume contains or may contain the requested table groups.,English or bilingual,Opening pages contain English directory or publication signals.,286,8180615,3fb70bd1f5bbd28418ab8e410d559342aaae93dbaf2ee6894350f43b99806645
Maharashtra,Maharashtra,Buldana,1981/Maharashtra/1981 Buldana.pdf,F:\1981-20260725T131905Z-1-001\1981\Maharashtra\1981 Buldana.pdf,1981 Buldana.pdf,1981,Village/Town Directory volume,True,Directory volume contains or may contain the requested table groups.,English or bilingual,Opening pages contain English directory or publication signals.,229,8339010,38d567e6692cb527f500780a89d7af971346ab077d7528c88982d2a46e9a6619
Maharashtra,Maharashtra,Chandrapur,1981/Maharashtra/1981 Chandrapur.pdf,F:\1981-20260725T131905Z-1-001\1981\Maharashtra\1981 Chandrapur.pdf,1981 Chandrapur.pdf,1981,Village/Town Directory volume,True,Directory volume contains or may contain the requested table groups.,English or bilingual,Opening pages contain English directory or publication signals.,430,15895842,bc62d32acef75c8250292f638967f370b29f11b6c2c50ec092c5717d34313106
Maharashtra,Maharashtra,Dhule,1981/Maharashtra/1981 Dhule.pdf,F:\1981-20260725T131905Z-1-001\1981\Maharashtra\1981 Dhule.pdf,1981 Dhule.pdf,1981,Village/Town Directory volume,True,Directory volume contains or may contain the requested table groups.,English or bilingual,Opening pages contain English directory or publication signals.,346,9571531,ecdf76e698ceda550276bb7b136812531bf9f85ebdeabf7316971ebf03f57ccb
Maharashtra,Maharashtra,Greater Maharashtra,1981/Maharashtra/1981 Greater Maharashtra.pdf,F:\1981-20260725T131905Z-1-001\1981\Maharashtra\1981 Greater Maharashtra.pdf,1981 Greater Maharashtra.pdf,1981,Village/Town Directory volume,True,Directory volume contains or may contain the requested table groups.,English or bilingual,Opening pages contain English directory or publication signals.,233,6830218,88f19819ead969ed9da11006a97b98288cf1b6f0e34dd3953ba9e65780bbfacd
Maharashtra,Maharashtra,Jalgaon,1981/Maharashtra/1981 Jalgaon.pdf,F:\1981-20260725T131905Z-1-001\1981\Maharashtra\1981 Jalgaon.pdf,1981 Jalgaon.pdf,1981,Village/Town Directory volume,True,Directory volume contains or may contain the requested table groups.,English or bilingual,Opening pages contain English directory or publication signals.,314,8666173,ec64436c17e7b4397861c79d417dfa3b0b7f942b79b9558003e6d5047eecc8bb
Maharashtra,Maharashtra,Kolhapur,1981/Maharashtra/1981 Kolhapur.pdf,F:\1981-20260725T131905Z-1-001\1981\Maharashtra\1981 Kolhapur.pdf,1981 Kolhapur.pdf,1981,Village/Town Directory volume,True,Directory volume contains or may contain the requested table groups.,English or bilingual,Opening pages contain English directory or publication signals.,242,9592529,9a2b0044e672c63503120059dbd208ae4cb79ade11ea03a583929376ca3ef1c4
Maharashtra,Maharashtra,Nagpur,1981/Maharashtra/1981 Nagpur.pdf,F:\1981-20260725T131905Z-1-001\1981\Maharashtra\1981 Nagpur.pdf,1981 Nagpur.pdf,1981,Village/Town Directory volume,True,Directory volume contains or may contain the requested table groups.,English or bilingual,Opening pages contain English directory or publication signals.,316,12106312,f9873562b5fb14f9a8161e7c761c6986d7a617a183d74d654568c6efdd65a944
Maharashtra,Maharashtra,Nanded,1981/Maharashtra/1981 Nanded.pdf,F:\1981-20260725T131905Z-1-001\1981\Maharashtra\1981 Nanded.pdf,1981 Nanded.pdf,1981,Village/Town Directory volume,True,Directory volume contains or may contain the requested table groups.,English or bilingual,Opening pages contain English directory or publication signals.,256,8935648,5b98cb7c13f875bf0a94a67aa6ee4ccd801bc8a58b1f65f0a7066ae2d384b93b
Maharashtra,Maharashtra,Nasik,1981/Maharashtra/1981 Nasik.pdf,F:\1981-20260725T131905Z-1-001\1981\Maharashtra\1981 Nasik.pdf,1981 Nasik.pdf,1981,Village/Town Directory volume,True,Directory volume contains or may contain the requested table groups.,English or bilingual,Opening pages contain English directory or publication signals.,416,13157167,faa5540f43b85ebd4da777651bfa1ea2ff77fd7ca1d1e54967b42f3cc88874fb
Maharashtra,Maharashtra,Osmanabad,1981/Maharashtra/1981 Osmanabad.pdf,F:\1981-20260725T131905Z-1-001\1981\Maharashtra\1981 Osmanabad.pdf,1981 Osmanabad.pdf,1981,Village/Town Directory volume,True,Directory volume contains or may contain the requested table groups.,English or bilingual,Opening pages contain English directory or publication signals.,294,9406034,b6ac82780d9cd1a37ea6deb98d842195c73fab7d7309c48da093abf5cf2bd28e
Maharashtra,Maharashtra,Parbhani,1981/Maharashtra/1981 Parbhani.pdf,F:\1981-20260725T131905Z-1-001\1981\Maharashtra\1981 Parbhani.pdf,1981 Parbhani.pdf,1981,Village/Town Directory volume,True,Directory volume contains or may contain the requested table groups.,English or bilingual,Opening pages contain English directory or publication signals.,344,9900892,7e55ab9096e9965e587e8fb5778fab247a1f15541d57f406366fce826028f1a4
Maharashtra,Maharashtra,Pune,1981/Maharashtra/1981 Pune.pdf,F:\1981-20260725T131905Z-1-001\1981\Maharashtra\1981 Pune.pdf,1981 Pune.pdf,1981,Village/Town Directory volume,True,Directory volume contains or may contain the requested table groups.,English or bilingual,Opening pages contain English directory or publication signals.,400,10273615,f23eea91c7865aa5d48de166b9ef3a3e3ff1ca800b160f1c2ac9ae2d21f4bff3
Maharashtra,Maharashtra,Ratnagiri,1981/Maharashtra/1981 Ratnagiri.pdf,F:\1981-20260725T131905Z-1-001\1981\Maharashtra\1981 Ratnagiri.pdf,1981 Ratnagiri.pdf,1981,Village/Town Directory volume,True,Directory volume contains or may contain the requested table groups.,English or bilingual,Opening pages contain English directory or publication signals.,326,10037260,d5cfb1cc800fdf7ed779bbb5a3bd86eb5833af87992aba424b00d06bdd1dbfae
Maharashtra,Maharashtra,Sangli,1981/Maharashtra/1981 Sangli.pdf,F:\1981-20260725T131905Z-1-001\1981\Maharashtra\1981 Sangli.pdf,1981 Sangli.pdf,1981,Village/Town Directory volume,True,Directory volume contains or may contain the requested table groups.,English or bilingual,Opening pages contain English directory or publication signals.,182,5661604,cde09958ef2518eec7efb696cd5a7fc845a8f7fb5e6e7affc28aa3d5a8a2a65c
Maharashtra,Maharashtra,Satara,1981/Maharashtra/1981 Satara.pdf,F:\1981-20260725T131905Z-1-001\1981\Maharashtra\1981 Satara.pdf,1981 Satara.pdf,1981,Village/Town Directory volume,True,Directory volume contains or may contain the requested table groups.,English or bilingual,Opening pages contain English directory or publication signals.,274,8516659,5a375b6d2b8ed0f1bbafe17592ea14ff2755a41ef7071e1de44356b279484f3f
Maharashtra,Maharashtra,Sholapur,1981/Maharashtra/1981 Sholapur.pdf,F:\1981-20260725T131905Z-1-001\1981\Maharashtra\1981 Sholapur.pdf,1981 Sholapur.pdf,1981,Village/Town Directory volume,True,Directory volume contains or may contain the requested table groups.,English or bilingual,Opening pages contain English directory or publication signals.,246,8283930,58fb3102186ef6bbddc8d966656d2036ce3af570f09ea63cc93393bae53ed336
Maharashtra,Maharashtra,Thane,1981/Maharashtra/1981 Thane.pdf,F:\1981-20260725T131905Z-1-001\1981\Maharashtra\1981 Thane.pdf,1981 Thane.pdf,1981,Village/Town Directory volume,True,Directory volume contains or may contain the requested table groups.,English or bilingual,Opening pages contain English directory or publication signals.,366,9750676,4e0cee35b4df4ddbbc36b37a2f3f07a3c5a7184a1ce05d6b014b9e40fdaae45f
Maharashtra,Maharashtra,Wardha,1981/Maharashtra/1981 Wardha.pdf,F:\1981-20260725T131905Z-1-001\1981\Maharashtra\1981 Wardha.pdf,1981 Wardha.pdf,1981,Village/Town Directory volume,True,Directory volume contains or may contain the requested table groups.,English or bilingual,Opening pages contain English directory or publication signals.,206,6949935,affdd25f5859d00b22f1fb9b93e8a88ba7ae6012a8b256e258ed5aaab46344c7
Maharashtra,Maharashtra,Yavatmal,1981/Maharashtra/1981 Yavatmal.pdf,F:\1981-20260725T131905Z-1-001\1981\Maharashtra\1981 Yavatmal.pdf,1981 Yavatmal.pdf,1981,Village/Town Directory volume,True,Directory volume contains or may contain the requested table groups.,English or bilingual,Opening pages contain English directory or publication signals.,296,10608031,480facf00a54bbd037fa8c6bc9d319cbeb3791a703665a1744d633abaf3f0643
Manipur,Manipur,Manipur Central,1981/Manipur/1981 Manipur Central.pdf,F:\1981-20260725T131905Z-1-001\1981\Manipur\1981 Manipur Central.pdf,1981 Manipur Central.pdf,1981,Village/Town Directory volume,True,Directory volume contains or may contain the requested table groups.,English or bilingual,Opening pages contain English directory or publication signals.,227,6094170,ea185c72754ff754b752c0961ed841d61c6a3d7954219b36f555f99d97000085
Manipur,Manipur,Manipur North,1981/Manipur/1981 Manipur North.pdf,F:\1981-20260725T131905Z-1-001\1981\Manipur\1981 Manipur North.pdf,1981 Manipur North.pdf,1981,Village/Town Directory volume,True,Directory volume contains or may contain the requested table groups.,English or bilingual,Opening pages contain English directory or publication signals.,159,3986362,2d2ea7a685ce17fe055c9527fc7c71c42d2da73fac7cbade090a80342d922d98
Manipur,Manipur,Tengnoupal,1981/Manipur/1981 Tengnoupal.pdf,F:\1981-20260725T131905Z-1-001\1981\Manipur\1981 Tengnoupal.pdf,1981 Tengnoupal.pdf,1981,Village/Town Directory volume,True,Directory volume contains or may contain the requested table groups.,English or bilingual,Opening pages contain English directory or publication signals.,137,3317399,3be7323b377b7d23c6c2455e0cb18157765d9e079cbd0b88309a8186dcf1f654
Meghalaya,Meghalaya,East Garo Hills,1981/Meghalaya/1981 East Garo Hills.pdf,F:\1981-20260725T131905Z-1-001\1981\Meghalaya\1981 East Garo Hills.pdf,1981 East Garo Hills.pdf,1981,Village/Town Directory volume,True,Directory volume contains or may contain the requested table groups.,English or bilingual,Opening pages contain English directory or publication signals.,221,5969811,40a096c2c013f210412e1d406c9414a8722b4376a5950d7c5868ff91c33d481e
Meghalaya,Meghalaya,Jaintia Khasi Hills,1981/Meghalaya/1981 Jaintia Khasi Hills.pdf,F:\1981-20260725T131905Z-1-001\1981\Meghalaya\1981 Jaintia Khasi Hills.pdf,1981 Jaintia Khasi Hills.pdf,1981,Village/Town Directory volume,True,Directory volume contains or may contain the requested table groups.,English or bilingual,Opening pages contain English directory or publication signals.,203,4666160,e84d9d98a1c994fbbb4682aa3bd2d7fc92cb71a6b4e596baff7ee41553f243a6
Meghalaya,Meghalaya,West Garo Hills,1981/Meghalaya/1981 West Garo Hills.pdf,F:\1981-20260725T131905Z-1-001\1981\Meghalaya\1981 West Garo Hills.pdf,1981 West Garo Hills.pdf,1981,Village/Town Directory volume,True,Directory volume contains or may contain the requested table groups.,English or bilingual,Opening pages contain English directory or publication signals.,634,18234612,ce9bc64a5917dd88d1b374a91b3d6ebcfdb3c63f530b66fab47aa8e3fdd98f31
Meghalaya,Meghalaya,West Khasi Hills,1981/Meghalaya/1981 West Khasi Hills.pdf,F:\1981-20260725T131905Z-1-001\1981\Meghalaya\1981 West Khasi Hills.pdf,1981 West Khasi Hills.pdf,1981,Village/Town Directory volume,True,Directory volume contains or may contain the requested table groups.,English or bilingual,Opening pages contain English directory or publication signals.,273,7351459,9c6a7fe1434a6ebbd98e2003d8ca8725c02bb711d2c4a2822f7367fbdaba7fc0
Mizoram,Mizoram,Aizawl,1981/Mizoram/1981 Aizawl.pdf,F:\1981-20260725T131905Z-1-001\1981\Mizoram\1981 Aizawl.pdf,1981 Aizawl.pdf,1981,Village/Town Directory volume,True,Directory volume contains or may contain the requested table groups.,English or bilingual,Opening pages contain English directory or publication signals.,199,5621337,8ba54cdd0fba20a1e2fbe55ca6b7aac6ffb13ad3382242899785ccb562bbe138
Mizoram,Mizoram,Chhimtuipui,1981/Mizoram/1981 Chhimtuipui.pdf,F:\1981-20260725T131905Z-1-001\1981\Mizoram\1981 Chhimtuipui.pdf,1981 Chhimtuipui.pdf,1981,Village/Town Directory volume,True,Directory volume contains or may contain the requested table groups.,English or bilingual,Opening pages contain English directory or publication signals.,107,2775638,09ff8979c11ca75ee9ee042a1bcfa591419b40abf69aab326927d51f58f3d3a6
Nagaland,Nagaland,Kohima,1981/Nagaland/1981 Kohima.pdf,F:\1981-20260725T131905Z-1-001\1981\Nagaland\1981 Kohima.pdf,1981 Kohima.pdf,1981,Village/Town Directory volume,True,Directory volume contains or may contain the requested table groups.,English or bilingual,Opening pages contain English directory or publication signals.,233,4941516,0492c4ea57fa61bb8986139cc4246dc2e5371c8b4f62c848a5b9bbd8ffb49e94
Nagaland,Nagaland,Mokokchung,1981/Nagaland/1981 Mokokchung.pdf,F:\1981-20260725T131905Z-1-001\1981\Nagaland\1981 Mokokchung.pdf,1981 Mokokchung.pdf,1981,Village/Town Directory volume,True,Directory volume contains or may contain the requested table groups.,English or bilingual,Opening pages contain English directory or publication signals.,141,2830605,8f60c4835598e8e7f9ff367e7e74f884c96f2b5a8e02408af518c4d45e63a663
Nagaland,Nagaland,Mon,1981/Nagaland/1981 Mon.pdf,F:\1981-20260725T131905Z-1-001\1981\Nagaland\1981 Mon.pdf,1981 Mon.pdf,1981,Part XIII-B primary census abstract,False,PCA-only volume; the requested town statements and amenities appendix are absent.,English or bilingual,Opening pages contain English directory or publication signals.,123,2627833,f35acc71b59e0abaf7152b978b1e2d76b119aaf0fc33263ff875f23ef5cae05a
Nagaland,Nagaland,Phek,1981/Nagaland/1981 Phek.pdf,F:\1981-20260725T131905Z-1-001\1981\Nagaland\1981 Phek.pdf,1981 Phek.pdf,1981,Village/Town Directory volume,True,Directory volume contains or may contain the requested table groups.,English or bilingual,Opening pages contain English directory or publication signals.,113,2126275,841d0b9098557463ab3814aa07c7b10a61ceb69ec62609ed33d730389a1fbc65
Nagaland,Nagaland,Tuensang,1981/Nagaland/1981 Tuensang.pdf,F:\1981-20260725T131905Z-1-001\1981\Nagaland\1981 Tuensang.pdf,1981 Tuensang.pdf,1981,Village/Town Directory volume,True,Directory volume contains or may contain the requested table groups.,English or bilingual,Opening pages contain English directory or publication signals.,222,4054227,b8d96cc74c23e1782da767dad87ed71522ed38a7676a91d5e1c40b24458b7a95
Nagaland,Nagaland,Zunhebota,1981/Nagaland/1981 Zunhebota.pdf,F:\1981-20260725T131905Z-1-001\1981\Nagaland\1981 Zunhebota.pdf,1981 Zunhebota.pdf,1981,Village/Town Directory volume,True,Directory volume contains or may contain the requested table groups.,English or bilingual,Opening pages contain English directory or publication signals.,153,3049063,6417ad8eaff004627bf95af88da05736eee4e18e3e60c361cec647768bcd6382
Orissa,Orissa,Balangir,1981/Orissa/1981 Balangir.pdf,F:\1981-20260725T131905Z-1-001\1981\Orissa\1981 Balangir.pdf,1981 Balangir.pdf,1981,Village/Town Directory volume,True,Directory volume contains or may contain the requested table groups.,English or bilingual,Opening pages contain English directory or publication signals.,546,15482209,d784feb27409667b49a13a996c61eaf911999e0daa313950c08fca20278e36fb
Orissa,Orissa,Baleshwar,1981/Orissa/1981 Baleshwar.pdf,F:\1981-20260725T131905Z-1-001\1981\Orissa\1981 Baleshwar.pdf,1981 Baleshwar.pdf,1981,Village/Town Directory volume,True,Directory volume contains or may contain the requested table groups.,English or bilingual,Opening pages contain English directory or publication signals.,721,21573579,7dd48b988c0f1d6b7fb82922da6156d6db738b1e2991fbee7639c922c8b05592
Orissa,Orissa,Cuttack,1981/Orissa/1981 Cuttack.pdf,F:\1981-20260725T131905Z-1-001\1981\Orissa\1981 Cuttack.pdf,1981 Cuttack.pdf,1981,Village/Town Directory volume,True,Directory volume contains or may contain the requested table groups.,English or bilingual,Opening pages contain English directory or publication signals.,992,21445796,322230cfc9040c98b9935756201aeb7739b8324d9b32eb01089bb7355391e249
Orissa,Orissa,Dhenkanal,1981/Orissa/1981 Dhenkanal.pdf,F:\1981-20260725T131905Z-1-001\1981\Orissa\1981 Dhenkanal.pdf,1981 Dhenkanal.pdf,1981,Village/Town Directory volume,True,Directory volume contains or may contain the requested table groups.,English or bilingual,Opening pages contain English directory or publication signals.,633,17704374,1ae535f9acbac5aa193f4f0ab1df27b36f54c74be0a408197c9a969be409f0bf
Orissa,Orissa,Ganjam,1981/Orissa/1981 Ganjam.pdf,F:\1981-20260725T131905Z-1-001\1981\Orissa\1981 Ganjam.pdf,1981 Ganjam.pdf,1981,Village/Town Directory volume,True,Directory volume contains or may contain the requested table groups.,English or bilingual,Opening pages contain English directory or publication signals.,952,26640222,d00541a79914a73b2007488817e5ffbdf866e284e8b96e7512c649fb4be44a69
Orissa,Orissa,Kalahandi,1981/Orissa/1981 Kalahandi.pdf,F:\1981-20260725T131905Z-1-001\1981\Orissa\1981 Kalahandi.pdf,1981 Kalahandi.pdf,1981,Village/Town Directory volume,True,Directory volume contains or may contain the requested table groups.,English or bilingual,Opening pages contain English directory or publication signals.,576,18313966,60e5e4c80fdbb49cc4cab682460bc8ef3b033cd0ab7bb69ec68fa0219f72b764
Orissa,Orissa,Kendujhar,"1981/Orissa/1981 Kendujhar,.pdf","F:\1981-20260725T131905Z-1-001\1981\Orissa\1981 Kendujhar,.pdf","1981 Kendujhar,.pdf",1981,Village/Town Directory volume,True,Directory volume contains or may contain the requested table groups.,English or bilingual,Opening pages contain English directory or publication signals.,424,12053611,2765841d83fb52c1d6b5f19c5cb7ce3e89d4bc5e77f411c0f47b47b389b6f92c
Orissa,Orissa,Mayurbhanj,1981/Orissa/1981 Mayurbhanj.pdf,F:\1981-20260725T131905Z-1-001\1981\Orissa\1981 Mayurbhanj.pdf,1981 Mayurbhanj.pdf,1981,Village/Town Directory volume,True,Directory volume contains or may contain the requested table groups.,English or bilingual,Opening pages contain English directory or publication signals.,557,11968000,4a26f26e646f4a8cbee6cac6c2787e3edf4e0bacdb5c00d2f6f29363d8c13ba7
Orissa,Orissa,Phulabani,1981/Orissa/1981 Phulabani.pdf,F:\1981-20260725T131905Z-1-001\1981\Orissa\1981 Phulabani.pdf,1981 Phulabani.pdf,1981,Part XIII-B primary census abstract,False,PCA-only volume; the requested town statements and amenities appendix are absent.,English or bilingual,Opening pages contain English directory or publication signals.,456,10661025,d69628f955a0956d963efd5fcad7322a8b91cf5c848731465d483f64890e55e4
Orissa,Orissa,Puri,1981/Orissa/1981 Puri.pdf,F:\1981-20260725T131905Z-1-001\1981\Orissa\1981 Puri.pdf,1981 Puri.pdf,1981,Village/Town Directory volume,True,Directory volume contains or may contain the requested table groups.,English or bilingual,Opening pages contain English directory or publication signals.,741,16315866,693d23b470b91925ece9caff21fc7b91732ccfa501d36865b83a7da48ed1923b
Orissa,Orissa,Sambalpur,1981/Orissa/1981 Sambalpur.pdf,F:\1981-20260725T131905Z-1-001\1981\Orissa\1981 Sambalpur.pdf,1981 Sambalpur.pdf,1981,Village/Town Directory volume,True,Directory volume contains or may contain the requested table groups.,English or bilingual,Opening pages contain English directory or publication signals.,783,21888872,05b7134af6fc891ad74fdd000a55b49c087a798e7ed18974e6c5ed4b4c5e6578
Orissa,Orissa,Sundargarh,1981/Orissa/1981 Sundargarh.pdf,F:\1981-20260725T131905Z-1-001\1981\Orissa\1981 Sundargarh.pdf,1981 Sundargarh.pdf,1981,Village/Town Directory volume,True,Directory volume contains or may contain the requested table groups.,English or bilingual,Opening pages contain English directory or publication signals.,472,10102173,e68c086b988f3fcf012ee8bf339181181e4529a4c4c43558969704ba12b3ff01
Punjab,Punjab,Amritsar,1981/Punjab/1981 Amritsar.pdf,F:\1981-20260725T131905Z-1-001\1981\Punjab\1981 Amritsar.pdf,1981 Amritsar.pdf,1981,Village/Town Directory volume,True,Directory volume contains or may contain the requested table groups.,English or bilingual,Opening pages contain English directory or publication signals.,331,8676549,4a1ea8a8992476a5b5cefe9c2102c6b48d5a18e30ca77a65c4c585f651d4f8f5
Punjab,Punjab,Bathinda,1981/Punjab/1981 Bathinda.pdf,F:\1981-20260725T131905Z-1-001\1981\Punjab\1981 Bathinda.pdf,1981 Bathinda.pdf,1981,Village/Town Directory volume,True,Directory volume contains or may contain the requested table groups.,English or bilingual,Opening pages contain English directory or publication signals.,260,5753600,05a9bceec845bb64d4e4de884001c0cf171d089ed9b08cd938b91285853eaa26
Punjab,Punjab,Faridkot,1981/Punjab/1981 Faridkot.pdf,F:\1981-20260725T131905Z-1-001\1981\Punjab\1981 Faridkot.pdf,1981 Faridkot.pdf,1981,Village/Town Directory volume,True,Directory volume contains or may contain the requested table groups.,English or bilingual,Opening pages contain English directory or publication signals.,238,6346828,7eba02ede9e4c9e0fb1368612e313194a31a66955f2b2590596fbb92d94f85e5
Punjab,Punjab,Firozpur,1981/Punjab/1981 Firozpur.pdf,F:\1981-20260725T131905Z-1-001\1981\Punjab\1981 Firozpur.pdf,1981 Firozpur.pdf,1981,Village/Town Directory volume,True,Directory volume contains or may contain the requested table groups.,English or bilingual,Opening pages contain English directory or publication signals.,284,9282831,1be943bd946f0558264189e9f360ecdef40dcca426628f1b9512a052816c10a3
Punjab,Punjab,Gurdaspur,1981/Punjab/1981 Gurdaspur.pdf,F:\1981-20260725T131905Z-1-001\1981\Punjab\1981 Gurdaspur.pdf,1981 Gurdaspur.pdf,1981,Village/Town Directory volume,True,Directory volume contains or may contain the requested table groups.,English or bilingual,Opening pages contain English directory or publication signals.,372,11323393,47a1687740b0a5bd7c47e56db16a10ff7d8e3aa8a4d59d3e86cb0cf2317540b6
Punjab,Punjab,Jalandhar,1981/Punjab/1981 Jalandhar.pdf,F:\1981-20260725T131905Z-1-001\1981\Punjab\1981 Jalandhar.pdf,1981 Jalandhar.pdf,1981,Village/Town Directory volume,True,Directory volume contains or may contain the requested table groups.,English or bilingual,Opening pages contain English directory or publication signals.,371,10062931,b20058738fcaeaaea253d61a4d0d2f53a8ee62f2f76c2401794ed3e777669166
Punjab,Punjab,Kapurthala,1981/Punjab/1981 Kapurthala.pdf,F:\1981-20260725T131905Z-1-001\1981\Punjab\1981 Kapurthala.pdf,1981 Kapurthala.pdf,1981,Village/Town Directory volume,True,Directory volume contains or may contain the requested table groups.,English or bilingual,Opening pages contain English directory or publication signals.,228,5086336,bc464e2549b3a8863d1a5c9b69b81c99fe8e5d8a3157f430a7fb5f67b516e95a
Punjab,Punjab,Ludhiana,1981/Punjab/1981 Ludhiana.pdf,F:\1981-20260725T131905Z-1-001\1981\Punjab\1981 Ludhiana.pdf,1981 Ludhiana.pdf,1981,Village/Town Directory volume,True,Directory volume contains or may contain the requested table groups.,English or bilingual,Opening pages contain English directory or publication signals.,290,8254415,c53218ca633905c22c8f3f09fc08b71779f49541069d7bf5cf4cca2a92d2bcf1
Punjab,Punjab,Patiala,1981/Punjab/1981 Patiala.pdf,F:\1981-20260725T131905Z-1-001\1981\Punjab\1981 Patiala.pdf,1981 Patiala.pdf,1981,Village/Town Directory volume,True,Directory volume contains or may contain the requested table groups.,English or bilingual,Opening pages contain English directory or publication signals.,413,10928603,f5c25c4944682b79d4b83480bcdd7164c7f909608caa0df2e84d88f2575b1969
Punjab,Punjab,Rupnagar,1981/Punjab/1981 Rupnagar.pdf,F:\1981-20260725T131905Z-1-001\1981\Punjab\1981 Rupnagar.pdf,1981 Rupnagar.pdf,1981,Village/Town Directory volume,True,Directory volume contains or may contain the requested table groups.,English or bilingual,Opening pages contain English directory or publication signals.,252,6611274,48d78ec702f6868a0c6eb0033ed43b268c110aba24d52e60c5d5a4b91f6f2a5c
Punjab,Punjab,Sangrur,1981/Punjab/1981 Sangrur.pdf,F:\1981-20260725T131905Z-1-001\1981\Punjab\1981 Sangrur.pdf,1981 Sangrur.pdf,1981,Village/Town Directory volume,True,Directory volume contains or may contain the requested table groups.,English or bilingual,Opening pages contain English directory or publication signals.,272,7179662,e8c7d606d62d68c1ff5931f70db6d6114b22ce5b41ba234eb9a4101e77c56cb2
Rajasthan,Rajasthan,Bhilwara,1981/Rajasthan/1981 Bhilwara.pdf,F:\1981-20260725T131905Z-1-001\1981\Rajasthan\1981 Bhilwara.pdf,1981 Bhilwara.pdf,1981,unclassified 1981 volume,False,Cover and opening pages do not establish an eligible directory volume.,English scan or image-only text,Opening pages contain no extractable text; visual table review remains required.,595,12900692,826f7b22b0b01ed9df660e1a285ab12dde9dab2dcc1d36f4b1ac72334260a5cf
Rajasthan,Rajasthan,Bikaner,1981/Rajasthan/1981 Bikaner.pdf,F:\1981-20260725T131905Z-1-001\1981\Rajasthan\1981 Bikaner.pdf,1981 Bikaner.pdf,1981,Village/Town Directory volume,True,Directory volume contains or may contain the requested table groups.,English or bilingual,Opening pages contain English directory or publication signals.,337,9886246,1f34be7b6c5b8cf706bb7226c6822fabf698df52250528982bdde2e8066175ba
Rajasthan,Rajasthan,Bundi,1981/Rajasthan/1981 Bundi.pdf,F:\1981-20260725T131905Z-1-001\1981\Rajasthan\1981 Bundi.pdf,1981 Bundi.pdf,1981,Village/Town Directory volume,True,Directory volume contains or may contain the requested table groups.,English or bilingual,Opening pages contain English directory or publication signals.,330,10510379,d69bab783dc8d621d1c67439d3e54e0abe51720133f4af3e6a2ac09ef0c6e4cc
Rajasthan,Rajasthan,Churu,1981/Rajasthan/1981 Churu.pdf,F:\1981-20260725T131905Z-1-001\1981\Rajasthan\1981 Churu.pdf,1981 Churu.pdf,1981,unclassified 1981 volume,False,Cover and opening pages do not establish an eligible directory volume.,English scan or image-only text,Opening pages contain no extractable text; visual table review remains required.,411,7539247,e71d3990ee0cd164278ebd1a427463d15bd02c94d2d5036a6f041f95ab74cb9b
Rajasthan,Rajasthan,Dungarpur,1981/Rajasthan/1981 Dungarpur.pdf,F:\1981-20260725T131905Z-1-001\1981\Rajasthan\1981 Dungarpur.pdf,1981 Dungarpur.pdf,1981,Village/Town Directory volume,True,Directory volume contains or may contain the requested table groups.,English or bilingual,Opening pages contain English directory or publication signals.,336,9560514,0be68f9bc75a03e1e5a5a0f37feaa6643511d10306826a7a2156e626f9426021
Rajasthan,Rajasthan,Jalor,1981/Rajasthan/1981 Jalor.pdf,F:\1981-20260725T131905Z-1-001\1981\Rajasthan\1981 Jalor.pdf,1981 Jalor.pdf,1981,Village/Town Directory volume,True,Directory volume contains or may contain the requested table groups.,English or bilingual,Opening pages contain English directory or publication signals.,332,9755569,7dc48355e1afcbddc3b2fca8cf8ce8641f70ee9afb18cd8f228bb1e2dde16395
Rajasthan,Rajasthan,Jaisalmer,1981/Rajasthan/1981 Jalsalmer.pdf,F:\1981-20260725T131905Z-1-001\1981\Rajasthan\1981 Jalsalmer.pdf,1981 Jalsalmer.pdf,1981,Village/Town Directory volume,True,Directory volume contains or may contain the requested table groups.,English or bilingual,Opening pages contain English directory or publication signals.,291,9133746,68331bfa4ddb5c44069ab0a41f6631371be6a48dfd6113002d23d479dd7bab01
Rajasthan,Rajasthan,Jhunjhunun,1981/Rajasthan/1981 Jhunjhunun.pdf,F:\1981-20260725T131905Z-1-001\1981\Rajasthan\1981 Jhunjhunun.pdf,1981 Jhunjhunun.pdf,1981,Village/Town Directory volume,True,Directory volume contains or may contain the requested table groups.,English or bilingual,Opening pages contain English directory or publication signals.,390,12579906,7294f8264eaa8b39200137ad27598ab10d1e58931cfc3d056c819bafbab54857
Rajasthan,Rajasthan,Nagaur,1981/Rajasthan/1981 Nagaur.pdf,F:\1981-20260725T131905Z-1-001\1981\Rajasthan\1981 Nagaur.pdf,1981 Nagaur.pdf,1981,unclassified 1981 volume,False,Cover and opening pages do not establish an eligible directory volume.,English scan or image-only text,Opening pages contain no extractable text; visual table review remains required.,498,11643132,eaf25659964fed0201a0398556fad6c49911277de697687d14db0f108027792c
Rajasthan,Rajasthan,Sirohi,1981/Rajasthan/1981 Sirohi.pdf,F:\1981-20260725T131905Z-1-001\1981\Rajasthan\1981 Sirohi.pdf,1981 Sirohi.pdf,1981,Village/Town Directory volume,True,Directory volume contains or may contain the requested table groups.,English or bilingual,Opening pages contain English directory or publication signals.,324,9650036,9bebb166c0158c479849359c77f50e4da7739642bc80577b1551c737b8b850cc
Sikkim,Sikkim,Sikkim,1981/Sikkim/1981 Sikkim.pdf,F:\1981-20260725T131905Z-1-001\1981\Sikkim\1981 Sikkim.pdf,1981 Sikkim.pdf,1981,Village/Town Directory volume,True,Directory volume contains or may contain the requested table groups.,English or bilingual,Opening pages contain English directory or publication signals.,272,6010488,64cffc3de43b42f5a33e67ac5e640dcf3603d94f0ce7dabc73e49595bc295923
Tamil Nadu,Tamil Nadu,Chengalpattu,1981/Tamil Nadu/1981 Chengalpattu.pdf,F:\1981-20260725T131905Z-1-001\1981\Tamil Nadu\1981 Chengalpattu.pdf,1981 Chengalpattu.pdf,1981,Village/Town Directory volume,True,Directory volume contains or may contain the requested table groups.,English or bilingual,Opening pages contain English directory or publication signals.,538,15034872,f1935c96ff65bdc719dd28cb41b5fe83657a553746a605fe9458badd55969965
Tamil Nadu,Tamil Nadu,Chennai,1981/Tamil Nadu/1981 Chennai.pdf,F:\1981-20260725T131905Z-1-001\1981\Tamil Nadu\1981 Chennai.pdf,1981 Chennai.pdf,1981,Village/Town Directory volume,True,Directory volume contains or may contain the requested table groups.,English or bilingual,Opening pages contain English directory or publication signals.,292,10157589,a5766be18086c2fc070c1457edcf4ab2d3bd614772a47b49c0f2339641a23c57
Tamil Nadu,Tamil Nadu,Coimbatore,1981/Tamil Nadu/1981 Coimbatore.pdf,F:\1981-20260725T131905Z-1-001\1981\Tamil Nadu\1981 Coimbatore.pdf,1981 Coimbatore.pdf,1981,Village/Town Directory volume,True,Directory volume contains or may contain the requested table groups.,English or bilingual,Opening pages contain English directory or publication signals.,359,6573020,cd30c58796ed0a209aa9fae4ce85a1d7e01b25be410d216fdbb36ae58cfbc93a
Tamil Nadu,Tamil Nadu,Dharmapuri,1981/Tamil Nadu/1981 Dharmapuri.pdf,F:\1981-20260725T131905Z-1-001\1981\Tamil Nadu\1981 Dharmapuri.pdf,1981 Dharmapuri.pdf,1981,Village/Town Directory volume,True,Directory volume contains or may contain the requested table groups.,English or bilingual,Opening pages contain English directory or publication signals.,603,21124170,2bc6b888f0066fbb411acec2574e4d1f5ae22fb763b73d976e4ad7e309acb3aa
Tamil Nadu,Tamil Nadu,Kanniyakumari,1981/Tamil Nadu/1981 Kanniyakumari.pdf,F:\1981-20260725T131905Z-1-001\1981\Tamil Nadu\1981 Kanniyakumari.pdf,1981 Kanniyakumari.pdf,1981,Village/Town Directory volume,True,Directory volume contains or may contain the requested table groups.,English or bilingual,Opening pages contain English directory or publication signals.,197,5573233,0936bd967edbc8a1213973bc053d8c35a22df2fe968360065b47c2e979d41db8
Tamil Nadu,Tamil Nadu,Madurai,1981/Tamil Nadu/1981 Madurai.pdf,F:\1981-20260725T131905Z-1-001\1981\Tamil Nadu\1981 Madurai.pdf,1981 Madurai.pdf,1981,Village/Town Directory volume,True,Directory volume contains or may contain the requested table groups.,English or bilingual,Opening pages contain English directory or publication signals.,389,14485281,e3db914d1a388d9d7fb71543f326f817e626970bf098876b2ebb1dc806474e5b
Tamil Nadu,Tamil Nadu,Nilgiri,1981/Tamil Nadu/1981 Nilgiri.pdf,F:\1981-20260725T131905Z-1-001\1981\Tamil Nadu\1981 Nilgiri.pdf,1981 Nilgiri.pdf,1981,Village/Town Directory volume,True,Directory volume contains or may contain the requested table groups.,English or bilingual,Opening pages contain English directory or publication signals.,184,4359738,044a0112ffa3d85f8d35f6c805644cf2b39a1649ef8c61ac7eda35472c75de9a
Tamil Nadu,Tamil Nadu,Periyar,1981/Tamil Nadu/1981 Periyar.pdf,F:\1981-20260725T131905Z-1-001\1981\Tamil Nadu\1981 Periyar.pdf,1981 Periyar.pdf,1981,Village/Town Directory volume,True,Directory volume contains or may contain the requested table groups.,English or bilingual,Opening pages contain English directory or publication signals.,224,8005816,073b3e1be2ae42825d4fb7232de0b0d65fdee5ac138b1d19befa2d5f81b084d3
Tamil Nadu,Tamil Nadu,Ramanathapuram,1981/Tamil Nadu/1981 Ramanathapuram.pdf,F:\1981-20260725T131905Z-1-001\1981\Tamil Nadu\1981 Ramanathapuram.pdf,1981 Ramanathapuram.pdf,1981,Village/Town Directory volume,True,Directory volume contains or may contain the requested table groups.,English or bilingual,Opening pages contain English directory or publication signals.,489,14082658,d51eeb649f8f83b52c43df63228588b7f0d62066dcd98dcda1ae97d2f00de3ab
Tamil Nadu,Tamil Nadu,Salem,1981/Tamil Nadu/1981 Salem.pdf,F:\1981-20260725T131905Z-1-001\1981\Tamil Nadu\1981 Salem.pdf,1981 Salem.pdf,1981,Village/Town Directory volume,True,Directory volume contains or may contain the requested table groups.,English or bilingual,Opening pages contain English directory or publication signals.,329,10228811,76d7873ded706aec0c8f2270445f9871fba7635b832d0ee0cd2fe1f8e1c9f800
Tamil Nadu,Tamil Nadu,South Arcot,1981/Tamil Nadu/1981 South Arcot.pdf,F:\1981-20260725T131905Z-1-001\1981\Tamil Nadu\1981 South Arcot.pdf,1981 South Arcot.pdf,1981,Village/Town Directory volume,True,Directory volume contains or may contain the requested table groups.,English or bilingual,Opening pages contain English directory or publication signals.,590,25129314,ab10b4882fe7dc19d08c1b1f6ebf24729a8e5153345c5b05e2d48d032357a6b6
Tamil Nadu,Tamil Nadu,Thanjavur,1981/Tamil Nadu/1981 Thanjavur.pdf,F:\1981-20260725T131905Z-1-001\1981\Tamil Nadu\1981 Thanjavur.pdf,1981 Thanjavur.pdf,1981,Village/Town Directory volume,True,Directory volume contains or may contain the requested table groups.,English or bilingual,Opening pages contain English directory or publication signals.,502,17870210,53ad33302d5b54d90184a6f0b229dbed41866fa7d12c888396a4cdd67069e557
Tamil Nadu,Tamil Nadu,Tiruchchirappalli,1981/Tamil Nadu/1981 Tiruchchirappalli.pdf,F:\1981-20260725T131905Z-1-001\1981\Tamil Nadu\1981 Tiruchchirappalli.pdf,1981 Tiruchchirappalli.pdf,1981,Village/Town Directory volume,True,Directory volume contains or may contain the requested table groups.,English or bilingual,Opening pages contain English directory or publication signals.,381,8269771,8276f31bf71af76602e3289c30443b838d353b394970207d67cd0d08f8026b6a
Tamil Nadu,Tamil Nadu,Tirunelveli,1981/Tamil Nadu/1981 Tirunelveli.pdf,F:\1981-20260725T131905Z-1-001\1981\Tamil Nadu\1981 Tirunelveli.pdf,1981 Tirunelveli.pdf,1981,Village/Town Directory volume,True,Directory volume contains or may contain the requested table groups.,English or bilingual,Opening pages contain English directory or publication signals.,534,13168292,1c54202715c2dea842fd888a6540ca8937b4e0825fcabd1605eaad3304a52b9e
Uttar Pradesh,Uttar Pradesh,Agra,1981/Uttar Pradesh/1981 Agra.pdf,F:\1981-20260725T131905Z-1-001\1981\Uttar Pradesh\1981 Agra.pdf,1981 Agra.pdf,1981,Part XIII-B primary census abstract,False,PCA-only volume; the requested town statements and amenities appendix are absent.,English or bilingual,Opening pages contain English directory or publication signals.,324,8181443,dfb8f57598a8a18b18764b3f48c092ca38890b952710c4f6d14fb117a5783ec9
Uttar Pradesh,Uttar Pradesh,Allahabad,1981/Uttar Pradesh/1981 Allahabad.pdf,F:\1981-20260725T131905Z-1-001\1981\Uttar Pradesh\1981 Allahabad.pdf,1981 Allahabad.pdf,1981,Village/Town Directory volume,True,Directory volume contains or may contain the requested table groups.,English or bilingual,Opening pages contain English directory or publication signals.,768,23389543,bc827be0b48f63950adf20cf99db893f314ed9d90218f592e537709dce8f4fbe
Uttar Pradesh,Uttar Pradesh,Aligarh,1981/Uttar Pradesh/1981 Allgarh.pdf,F:\1981-20260725T131905Z-1-001\1981\Uttar Pradesh\1981 Allgarh.pdf,1981 Allgarh.pdf,1981,Village/Town Directory volume,True,Directory volume contains or may contain the requested table groups.,English or bilingual,Opening pages contain English directory or publication signals.,400,11445367,4e0da58b252ddad97b14c34219f94cb46206a1705831e215d8508777de239724
Uttar Pradesh,Uttar Pradesh,Almora,1981/Uttar Pradesh/1981 Almora.pdf,F:\1981-20260725T131905Z-1-001\1981\Uttar Pradesh\1981 Almora.pdf,1981 Almora.pdf,1981,Village/Town Directory volume,True,Directory volume contains or may contain the requested table groups.,English or bilingual,Opening pages contain English directory or publication signals.,617,17744567,5fc86d1738a69e4fddf090fc85620ef87c6e8e9a889bb96697741b5e032a4bbe
Uttar Pradesh,Uttar Pradesh,Azamgarh,1981/Uttar Pradesh/1981 Azamgarh.pdf,F:\1981-20260725T131905Z-1-001\1981\Uttar Pradesh\1981 Azamgarh.pdf,1981 Azamgarh.pdf,1981,Village/Town Directory volume,True,Directory volume contains or may contain the requested table groups.,English or bilingual,Opening pages contain English directory or publication signals.,974,27833892,a244c3a9195cb7b51c3d07b30d97f4134c845b361e01258a4fcdf9aade7b7981
Uttar Pradesh,Uttar Pradesh,Bahraich,1981/Uttar Pradesh/1981 Bahraich.pdf,F:\1981-20260725T131905Z-1-001\1981\Uttar Pradesh\1981 Bahraich.pdf,1981 Bahraich.pdf,1981,Village/Town Directory volume,True,Directory volume contains or may contain the requested table groups.,English or bilingual,Opening pages contain English directory or publication signals.,412,11226137,5753386041cfad3544e68f8dc89a2eaa336d56f022dc7c82656417a0f53ecfe8
Uttar Pradesh,Uttar Pradesh,Banda,1981/Uttar Pradesh/1981 Banda.pdf,F:\1981-20260725T131905Z-1-001\1981\Uttar Pradesh\1981 Banda.pdf,1981 Banda.pdf,1981,Village/Town Directory volume,True,Directory volume contains or may contain the requested table groups.,English or bilingual,Opening pages contain English directory or publication signals.,322,8815527,efe7325728053260368d99e99767e12a1c8e3416f77028ad12fbe5f5e5e05764
Uttar Pradesh,Uttar Pradesh,Bareilly,1981/Uttar Pradesh/1981 Bareilly.pdf,F:\1981-20260725T131905Z-1-001\1981\Uttar Pradesh\1981 Bareilly.pdf,1981 Bareilly.pdf,1981,Village/Town Directory volume,True,Directory volume contains or may contain the requested table groups.,English or bilingual,Opening pages contain English directory or publication signals.,485,13195139,549b35e72b78bf5bd4f5e591bacab57dcd435069d04184f60d5df6a5bb1b849e
Uttar Pradesh,Uttar Pradesh,Basti,1981/Uttar Pradesh/1981 Basti.pdf,F:\1981-20260725T131905Z-1-001\1981\Uttar Pradesh\1981 Basti.pdf,1981 Basti.pdf,1981,Village/Town Directory volume,True,Directory volume contains or may contain the requested table groups.,English or bilingual,Opening pages contain English directory or publication signals.,1357,36434285,0bc2b7f7b27d0ac554dce19d2e6c5b2c015440a8f08edab5057c136907f62325
Uttar Pradesh,Uttar Pradesh,Bijnor,1981/Uttar Pradesh/1981 Bijnor.pdf,F:\1981-20260725T131905Z-1-001\1981\Uttar Pradesh\1981 Bijnor.pdf,1981 Bijnor.pdf,1981,Village/Town Directory volume,True,Directory volume contains or may contain the requested table groups.,English or bilingual,Opening pages contain English directory or publication signals.,622,17728796,60264a29bf5c2c2caab23ab42dcfcbfde456f836276ae2d8a9cd7492965538e1
Uttar Pradesh,Uttar Pradesh,Budaun,1981/Uttar Pradesh/1981 Budaun.pdf,F:\1981-20260725T131905Z-1-001\1981\Uttar Pradesh\1981 Budaun.pdf,1981 Budaun.pdf,1981,Village/Town Directory volume,True,Directory volume contains or may contain the requested table groups.,English or bilingual,Opening pages contain English directory or publication signals.,444,12651192,1f46f7719a185817ff1bf4e8cbd4b8a504c8066d14c67b8fbf8e5d1fc761335b
Uttar Pradesh,Uttar Pradesh,Bulandshahr,1981/Uttar Pradesh/1981 Bulandshahr.pdf,F:\1981-20260725T131905Z-1-001\1981\Uttar Pradesh\1981 Bulandshahr.pdf,1981 Bulandshahr.pdf,1981,Village/Town Directory volume,True,Directory volume contains or may contain the requested table groups.,English or bilingual,Opening pages contain English directory or publication signals.,346,9926131,0e4926d06fbbdb869abb5941f0a98d023a6c387eee7a50a1a05f06a98b2de89d
Uttar Pradesh,Uttar Pradesh,Chamoli,1981/Uttar Pradesh/1981 Chamoli.pdf,F:\1981-20260725T131905Z-1-001\1981\Uttar Pradesh\1981 Chamoli.pdf,1981 Chamoli.pdf,1981,Village/Town Directory volume,True,Directory volume contains or may contain the requested table groups.,English or bilingual,Opening pages contain English directory or publication signals.,362,9251519,6e1e34d5615f996b57bbd434edabba7191c92aea1c6cb9ca59c14bce35f9670e
Uttar Pradesh,Uttar Pradesh,Dehra Dun,1981/Uttar Pradesh/1981 Dehra Dun.pdf,F:\1981-20260725T131905Z-1-001\1981\Uttar Pradesh\1981 Dehra Dun.pdf,1981 Dehra Dun.pdf,1981,Village/Town Directory volume,True,Directory volume contains or may contain the requested table groups.,English or bilingual,Opening pages contain English directory or publication signals.,236,6019118,9032120ba1867a7e0e9c327fc1e8a7123678e3ce552a9fcf52593dbed2eacb97
Uttar Pradesh,Uttar Pradesh,Deoria,1981/Uttar Pradesh/1981 Deoria.pdf,F:\1981-20260725T131905Z-1-001\1981\Uttar Pradesh\1981 Deoria.pdf,1981 Deoria.pdf,1981,Village/Town Directory volume,True,Directory volume contains or may contain the requested table groups.,English or bilingual,Opening pages contain English directory or publication signals.,718,23212851,c65a5ad54b9acb736ccf8310ae50a7e9519a4a8883e6bd7e2d42a1b755b2eaea
Uttar Pradesh,Uttar Pradesh,Etawah,1981/Uttar Pradesh/1981 Etawah.pdf,F:\1981-20260725T131905Z-1-001\1981\Uttar Pradesh\1981 Etawah.pdf,1981 Etawah.pdf,1981,Village/Town Directory volume,True,Directory volume contains or may contain the requested table groups.,English or bilingual,Opening pages contain English directory or publication signals.,372,11078329,2850797b23c81fb24f3b2f81219b72159ea261c28e144831c4014b68b55aa416
Uttar Pradesh,Uttar Pradesh,Faizabad,1981/Uttar Pradesh/1981 Faizabad.pdf,F:\1981-20260725T131905Z-1-001\1981\Uttar Pradesh\1981 Faizabad.pdf,1981 Faizabad.pdf,1981,Village/Town Directory volume,True,Directory volume contains or may contain the requested table groups.,English or bilingual,Opening pages contain English directory or publication signals.,552,15755599,129b5824426879a93674edbc8a124877ebdd432dcdd3f050a1e76e04f467e333
Uttar Pradesh,Uttar Pradesh,Farrukhabad,1981/Uttar Pradesh/1981 Farrukhabad.pdf,F:\1981-20260725T131905Z-1-001\1981\Uttar Pradesh\1981 Farrukhabad.pdf,1981 Farrukhabad.pdf,1981,Village/Town Directory volume,True,Directory volume contains or may contain the requested table groups.,English or bilingual,Opening pages contain English directory or publication signals.,381,10167279,ce74214a284fc19903dccd18333c229373d20f2ce66b5ec820a553fae1725df1
Uttar Pradesh,Uttar Pradesh,Fatehpur,1981/Uttar Pradesh/1981 Fatehpur.pdf,F:\1981-20260725T131905Z-1-001\1981\Uttar Pradesh\1981 Fatehpur.pdf,1981 Fatehpur.pdf,1981,Village/Town Directory volume,True,Directory volume contains or may contain the requested table groups.,English or bilingual,Opening pages contain English directory or publication signals.,354,9773984,8e9f18f451dd3ed5aa383d054477dc7359b7009fcdc857395a5c19f43455ac03
Uttar Pradesh,Uttar Pradesh,Garhwal,1981/Uttar Pradesh/1981 Garhwal.pdf,F:\1981-20260725T131905Z-1-001\1981\Uttar Pradesh\1981 Garhwal.pdf,1981 Garhwal.pdf,1981,Village/Town Directory volume,True,Directory volume contains or may contain the requested table groups.,English or bilingual,Opening pages contain English directory or publication signals.,640,19002730,6c75fb9b8d3e29a14274f3bc99ac063e35ce374943f1ee61c694729a225a485b
Uttar Pradesh,Uttar Pradesh,Ghaziabad,1981/Uttar Pradesh/1981 Ghaziabad.pdf,F:\1981-20260725T131905Z-1-001\1981\Uttar Pradesh\1981 Ghaziabad.pdf,1981 Ghaziabad.pdf,1981,Village/Town Directory volume,True,Directory volume contains or may contain the requested table groups.,English or bilingual,Opening pages contain English directory or publication signals.,243,6440713,3e995fb1fbbb5c68a54f959467ceb6147cde085f02586855ae65be3f1dbb82bb
Uttar Pradesh,Uttar Pradesh,Ghazipur,1981/Uttar Pradesh/1981 Ghazipur.pdf,F:\1981-20260725T131905Z-1-001\1981\Uttar Pradesh\1981 Ghazipur.pdf,1981 Ghazipur.pdf,1981,Village/Town Directory volume,True,Directory volume contains or may contain the requested table groups.,English or bilingual,Opening pages contain English directory or publication signals.,599,17591466,1bbcd48a88b48546d35600048f1491a99cece2918657df633706a655ed8790b3
Uttar Pradesh,Uttar Pradesh,Gonda,1981/Uttar Pradesh/1981 Gonda.pdf,F:\1981-20260725T131905Z-1-001\1981\Uttar Pradesh\1981 Gonda.pdf,1981 Gonda.pdf,1981,Village/Town Directory volume,True,Directory volume contains or may contain the requested table groups.,English or bilingual,Opening pages contain English directory or publication signals.,568,16911846,f549d0e5ca33c9b06e896b8f0efa6ff05322fa3def97b6021464cee223642fea
Uttar Pradesh,Uttar Pradesh,Gorakhpur,1981/Uttar Pradesh/1981 Gorakhpur.pdf,F:\1981-20260725T131905Z-1-001\1981\Uttar Pradesh\1981 Gorakhpur.pdf,1981 Gorakhpur.pdf,1981,Village/Town Directory volume,True,Directory volume contains or may contain the requested table groups.,English or bilingual,Opening pages contain English directory or publication signals.,846,25544462,4fe80855b0fa01880e7c3e7a2aed6c212f1ec9ab29d871b8becb16c243189649
Uttar Pradesh,Uttar Pradesh,Hamirpur,1981/Uttar Pradesh/1981 Hamirpur.pdf,F:\1981-20260725T131905Z-1-001\1981\Uttar Pradesh\1981 Hamirpur.pdf,1981 Hamirpur.pdf,1981,Village/Town Directory volume,True,Directory volume contains or may contain the requested table groups.,English or bilingual,Opening pages contain English directory or publication signals.,302,7995633,c63cf91a2654231cb288ed38ba70c3de84e1976752986ed92364f175f413d53c
Uttar Pradesh,Uttar Pradesh,Hardoi,1981/Uttar Pradesh/1981 Hardoi.pdf,F:\1981-20260725T131905Z-1-001\1981\Uttar Pradesh\1981 Hardoi.pdf,1981 Hardoi.pdf,1981,Village/Town Directory volume,True,Directory volume contains or may contain the requested table groups.,English or bilingual,Opening pages contain English directory or publication signals.,436,14177418,8886e803b91fc82b5100c5c68123ba62d061e709e02eba696c52f026e19eda07
Uttar Pradesh,Uttar Pradesh,Jalaun,1981/Uttar Pradesh/1981 Jalaun.pdf,F:\1981-20260725T131905Z-1-001\1981\Uttar Pradesh\1981 Jalaun.pdf,1981 Jalaun.pdf,1981,Village/Town Directory volume,True,Directory volume contains or may contain the requested table groups.,English or bilingual,Opening pages contain English directory or publication signals.,283,7908808,44f5d0dfe063580ddc948f7318af1b08a772dd009d9923c2a53df962d84d8b3c
Uttar Pradesh,Uttar Pradesh,Jaunpur,1981/Uttar Pradesh/1981 Jaunpur.pdf,F:\1981-20260725T131905Z-1-001\1981\Uttar Pradesh\1981 Jaunpur.pdf,1981 Jaunpur.pdf,1981,Village/Town Directory volume,True,Directory volume contains or may contain the requested table groups.,English or bilingual,Opening pages contain English directory or publication signals.,635,17307092,65d8f4443f4a83a4b4eebc60cbb645bae6ef6f1dbc0c5463f1495f4cd080429b
Uttar Pradesh,Uttar Pradesh,Jhansi,1981/Uttar Pradesh/1981 Jhansi.pdf,F:\1981-20260725T131905Z-1-001\1981\Uttar Pradesh\1981 Jhansi.pdf,1981 Jhansi.pdf,1981,Village/Town Directory volume,True,Directory volume contains or may contain the requested table groups.,English or bilingual,Opening pages contain English directory or publication signals.,251,6297950,b66cbb899872882df485dd2ee9214deb8772d22ca0a0559886ba1527922cf3ea
Uttar Pradesh,Uttar Pradesh,Kanpur,1981/Uttar Pradesh/1981 Kanpur.pdf,F:\1981-20260725T131905Z-1-001\1981\Uttar Pradesh\1981 Kanpur.pdf,1981 Kanpur.pdf,1981,Village/Town Directory volume,True,Directory volume contains or may contain the requested table groups.,English or bilingual,Opening pages contain English directory or publication signals.,466,12204310,060ba6c99dd22a3dd5965bdad62798af1030cda3e5ec89e821ef17020184635c
Uttar Pradesh,Uttar Pradesh,Kheri,1981/Uttar Pradesh/1981 Kheri.pdf,F:\1981-20260725T131905Z-1-001\1981\Uttar Pradesh\1981 Kheri.pdf,1981 Kheri.pdf,1981,Village/Town Directory volume,True,Directory volume contains or may contain the requested table groups.,English or bilingual,Opening pages contain English directory or publication signals.,398,12926458,9addf878adbc9b6df86ce158082b6584621938d597598e502877992bc4cce0c9
Uttar Pradesh,Uttar Pradesh,Lalitpur,1981/Uttar Pradesh/1981 Lalitpur.pdf,F:\1981-20260725T131905Z-1-001\1981\Uttar Pradesh\1981 Lalitpur.pdf,1981 Lalitpur.pdf,1981,Village/Town Directory volume,True,Directory volume contains or may contain the requested table groups.,English or bilingual,Opening pages contain English directory or publication signals.,221,7853173,8961e79b3a64b204000fb3965c826b31b6b3b0db043a848513a6fb4c746e818c
Uttar Pradesh,Uttar Pradesh,Lucknow,1981/Uttar Pradesh/1981 Lucknow.pdf,F:\1981-20260725T131905Z-1-001\1981\Uttar Pradesh\1981 Lucknow.pdf,1981 Lucknow.pdf,1981,Village/Town Directory volume,True,Directory volume contains or may contain the requested table groups.,English or bilingual,Opening pages contain English directory or publication signals.,250,8298445,9a4ea3f751dfa5b69de0fd408459aef2eda6503733e2cd17fb2e7b38a41bcb6e
Uttar Pradesh,Uttar Pradesh,Mainpuri,1981/Uttar Pradesh/1981 Mainpuri.pdf,F:\1981-20260725T131905Z-1-001\1981\Uttar Pradesh\1981 Mainpuri.pdf,1981 Mainpuri.pdf,1981,Village/Town Directory volume,True,Directory volume contains or may contain the requested table groups.,English or bilingual,Opening pages contain English directory or publication signals.,403,13648164,68fa768cad914fbd204c4f5eeef14b4be15c7958dfa7d7bb742e4ccd79819149
Uttar Pradesh,Uttar Pradesh,Mathura,1981/Uttar Pradesh/1981 Mathura.pdf,F:\1981-20260725T131905Z-1-001\1981\Uttar Pradesh\1981 Mathura.pdf,1981 Mathura.pdf,1981,directory candidate,True,Requested directory headings are present in the opening pages.,English or bilingual,Opening pages contain English directory or publication signals.,280,8794291,fbb3f1d82e6e64f1245b48b330748db4dad8557777b70e0a0e7e74a47726a11f
Uttar Pradesh,Uttar Pradesh,Meerut,1981/Uttar Pradesh/1981 Meerut.pdf,F:\1981-20260725T131905Z-1-001\1981\Uttar Pradesh\1981 Meerut.pdf,1981 Meerut.pdf,1981,Village/Town Directory volume,True,Directory volume contains or may contain the requested table groups.,English or bilingual,Opening pages contain English directory or publication signals.,324,11573101,3f744a80adf3be17ccb66e41a7ef2192addd3947b7127fc8c7458de55189b699
Uttar Pradesh,Uttar Pradesh,Moradabad,1981/Uttar Pradesh/1981 Moradabad.pdf,F:\1981-20260725T131905Z-1-001\1981\Uttar Pradesh\1981 Moradabad.pdf,1981 Moradabad.pdf,1981,Village/Town Directory volume,True,Directory volume contains or may contain the requested table groups.,English or bilingual,Opening pages contain English directory or publication signals.,583,20916548,8bf5ee2014cca63d73cab97b5ca7df3d01766503fc16c7f52af5889cf675ff8f
Uttar Pradesh,Uttar Pradesh,Muzaffarnagar,1981/Uttar Pradesh/1981 Muzaffarnagar.pdf,F:\1981-20260725T131905Z-1-001\1981\Uttar Pradesh\1981 Muzaffarnagar.pdf,1981 Muzaffarnagar.pdf,1981,Village/Town Directory volume,True,Directory volume contains or may contain the requested table groups.,English or bilingual,Opening pages contain English directory or publication signals.,292,7616494,f251620417dc95ce8032d3842ca8783e5876775c4f5d349f07834348d9a20064
Uttar Pradesh,Uttar Pradesh,Nainital,1981/Uttar Pradesh/1981 Nainital.pdf,F:\1981-20260725T131905Z-1-001\1981\Uttar Pradesh\1981 Nainital.pdf,1981 Nainital.pdf,1981,Village/Town Directory volume,True,Directory volume contains or may contain the requested table groups.,English or bilingual,Opening pages contain English directory or publication signals.,430,14389637,40521b5a71f5327dd9f6d6e72931fe49529c721687851919dd4c94579f6a1dcf
Uttar Pradesh,Uttar Pradesh,Pilibhit,1981/Uttar Pradesh/1981 Peelibhit.pdf,F:\1981-20260725T131905Z-1-001\1981\Uttar Pradesh\1981 Peelibhit.pdf,1981 Peelibhit.pdf,1981,Village/Town Directory volume,True,Directory volume contains or may contain the requested table groups.,English or bilingual,Opening pages contain English directory or publication signals.,302,10607385,2f88578644f004472a7c5658726c617c1cb416f805e16d4a0d7021766bdb3133
Uttar Pradesh,Uttar Pradesh,Pithoragarh,1981/Uttar Pradesh/1981 Pithoragarh.pdf,F:\1981-20260725T131905Z-1-001\1981\Uttar Pradesh\1981 Pithoragarh.pdf,1981 Pithoragarh.pdf,1981,Village/Town Directory volume,True,Directory volume contains or may contain the requested table groups.,English or bilingual,Opening pages contain English directory or publication signals.,483,16245073,7a2b71ab8bd88e1e566ce3907f3f4ecae8abf736690ce2f076e4f37572dae11f
Uttar Pradesh,Uttar Pradesh,Rae Bareli,1981/Uttar Pradesh/1981 Rae Bareli.pdf,F:\1981-20260725T131905Z-1-001\1981\Uttar Pradesh\1981 Rae Bareli.pdf,1981 Rae Bareli.pdf,1981,Village/Town Directory volume,True,Directory volume contains or may contain the requested table groups.,English or bilingual,Opening pages contain English directory or publication signals.,387,11347027,4fb5e710e76b672bf351ab9690d47cac8bc1ef5b34dee3d5746e275d27c87170
Uttar Pradesh,Uttar Pradesh,Rampur,1981/Uttar Pradesh/1981 Rampur.pdf,F:\1981-20260725T131905Z-1-001\1981\Uttar Pradesh\1981 Rampur.pdf,1981 Rampur.pdf,1981,Village/Town Directory volume,True,Directory volume contains or may contain the requested table groups.,English or bilingual,Opening pages contain English directory or publication signals.,298,8839326,4aa9f11e277331a75b35b7fe7c9e18b2cabd88ce05856dfbb45569c49fa790dc
Uttar Pradesh,Uttar Pradesh,Saharanpur,1981/Uttar Pradesh/1981 Saharanpur.pdf,F:\1981-20260725T131905Z-1-001\1981\Uttar Pradesh\1981 Saharanpur.pdf,1981 Saharanpur.pdf,1981,directory candidate,True,Requested directory headings are present in the opening pages.,English or bilingual,Opening pages contain English directory or publication signals.,444,13936038,ec22046f6195e3e21928fcb5d174bbc1c81b012488cd623fbffeec2095c66bd5
Uttar Pradesh,Uttar Pradesh,Shahjahanpur,1981/Uttar Pradesh/1981 Shahjahanpur.pdf,F:\1981-20260725T131905Z-1-001\1981\Uttar Pradesh\1981 Shahjahanpur.pdf,1981 Shahjahanpur.pdf,1981,Village/Town Directory volume,True,Directory volume contains or may contain the requested table groups.,English or bilingual,Opening pages contain English directory or publication signals.,482,16896209,8dce72d7478d33fdbb3b73101aef822aa398a1a7dbff1f753a93ba6a6b9b0b1c
Uttar Pradesh,Uttar Pradesh,Sitapur,1981/Uttar Pradesh/1981 Sitapur.pdf,F:\1981-20260725T131905Z-1-001\1981\Uttar Pradesh\1981 Sitapur.pdf,1981 Sitapur.pdf,1981,Village/Town Directory volume,True,Directory volume contains or may contain the requested table groups.,English or bilingual,Opening pages contain English directory or publication signals.,350,11859985,dfa9493b8409da8d2c042427cc41a5af46e2a5c39fb4469dd2289e9327f61ced
Uttar Pradesh,Uttar Pradesh,Sultanpur,1981/Uttar Pradesh/1981 Sultanpur.pdf,F:\1981-20260725T131905Z-1-001\1981\Uttar Pradesh\1981 Sultanpur.pdf,1981 Sultanpur.pdf,1981,Village/Town Directory volume,True,Directory volume contains or may contain the requested table groups.,English or bilingual,Opening pages contain English directory or publication signals.,502,13371004,44388a0969cfd52c0e677eacc8c622b04d4b25fd31510c32e76614091ece4a83
Uttar Pradesh,Uttar Pradesh,Tehri Garhwal,1981/Uttar Pradesh/1981 Tehri Garhwal.pdf,F:\1981-20260725T131905Z-1-001\1981\Uttar Pradesh\1981 Tehri Garhwal.pdf,1981 Tehri Garhwal.pdf,1981,unclassified 1981 volume,False,Cover and opening pages do not establish an eligible directory volume.,English or bilingual,Opening pages contain English directory or publication signals.,445,12425526,42f7e97269aa0af35f3fa44d8e2c74c4838204bfcb254c6991160ee730ded3bb
Uttar Pradesh,Uttar Pradesh,Unnao,1981/Uttar Pradesh/1981 Unnao.pdf,F:\1981-20260725T131905Z-1-001\1981\Uttar Pradesh\1981 Unnao.pdf,1981 Unnao.pdf,1981,Village/Town Directory volume,True,Directory volume contains or may contain the requested table groups.,English or bilingual,Opening pages contain English directory or publication signals.,447,16274450,39b81a42e74e923a689427d81fbd805f833f4776b6c57633b1058ef4162929a6
Uttar Pradesh,Uttar Pradesh,Uttar Kashi,1981/Uttar Pradesh/1981 Uttar Kashi.pdf,F:\1981-20260725T131905Z-1-001\1981\Uttar Pradesh\1981 Uttar Kashi.pdf,1981 Uttar Kashi.pdf,1981,Village/Town Directory volume,True,Directory volume contains or may contain the requested table groups.,English or bilingual,Opening pages contain English directory or publication signals.,223,5260682,e8c315434718a6b59905b14ab7e6e7efece29809bd23aac3222c2902c7013f3a
Uttar Pradesh,Uttar Pradesh,Varanasi,1981/Uttar Pradesh/1981 Varanasi.pdf,F:\1981-20260725T131905Z-1-001\1981\Uttar Pradesh\1981 Varanasi.pdf,1981 Varanasi.pdf,1981,Village/Town Directory volume,True,Directory volume contains or may contain the requested table groups.,English or bilingual,Opening pages contain English directory or publication signals.,742,26600827,7035214c3062b7b96a013b698ed1a855cba4eb2a4ba1bcea46b581f8f2f2aa4e
West Bengal,West Bengal,Bankura,1981/West Bengal/1981 Bankura.pdf,F:\1981-20260725T131905Z-1-001\1981\West Bengal\1981 Bankura.pdf,1981 Bankura.pdf,1981,Village/Town Directory volume,True,Directory volume contains or may contain the requested table groups.,English or bilingual,Opening pages contain English directory or publication signals.,652,16601999,b2a4dddf91ba4ea687c8ed2b214fb9655e79307e48c9ea54ff8ff385657538f7
West Bengal,West Bengal,Barddhaman,1981/West Bengal/1981 Barddhaman.pdf,F:\1981-20260725T131905Z-1-001\1981\West Bengal\1981 Barddhaman.pdf,1981 Barddhaman.pdf,1981,Village/Town Directory volume,True,Directory volume contains or may contain the requested table groups.,English or bilingual,Opening pages contain English directory or publication signals.,579,14987268,6f0a235c331416bb1798f1df5916aaf182576a340965d41ba4dcbc70a6389535
West Bengal,West Bengal,Birbhum,1981/West Bengal/1981 Birbhum.pdf,F:\1981-20260725T131905Z-1-001\1981\West Bengal\1981 Birbhum.pdf,1981 Birbhum.pdf,1981,Village/Town Directory volume,True,Directory volume contains or may contain the requested table groups.,English or bilingual,Opening pages contain English directory or publication signals.,425,9826010,631f1f7040fd2ec2201fbbcae9d3b1167fcf752dc39492a3ba87d213115ceb0d
West Bengal,West Bengal,Calcutta,1981/West Bengal/1981 Calcutta.pdf,F:\1981-20260725T131905Z-1-001\1981\West Bengal\1981 Calcutta.pdf,1981 Calcutta.pdf,1981,Part XIII-B primary census abstract,False,PCA-only volume; the requested town statements and amenities appendix are absent.,English or bilingual,Opening pages contain English directory or publication signals.,426,7576950,8d7392ccb1e4093bf3b64eb5eb00be507d3e3edd857a20eddcae0d1170fbebd8
West Bengal,West Bengal,Darjiling,1981/West Bengal/1981 Darjiling.pdf,F:\1981-20260725T131905Z-1-001\1981\West Bengal\1981 Darjiling.pdf,1981 Darjiling.pdf,1981,Village/Town Directory volume,True,Directory volume contains or may contain the requested table groups.,English or bilingual,Opening pages contain English directory or publication signals.,211,4724312,fc5679733f8452c91b384f49194d2af62565baa0d258908883b7ee7f35513a82
West Bengal,West Bengal,Dinajpur,1981/West Bengal/1981 Dinajpur.pdf,F:\1981-20260725T131905Z-1-001\1981\West Bengal\1981 Dinajpur.pdf,1981 Dinajpur.pdf,1981,Village/Town Directory volume,True,Directory volume contains or may contain the requested table groups.,English or bilingual,Opening pages contain English directory or publication signals.,556,19544094,fdb3d17328a9997eee695a69fa89fc0c4cd3831c5653d943fb2f93fb85e3058b
West Bengal,West Bengal,Hugli,1981/West Bengal/1981 Hugli.pdf,F:\1981-20260725T131905Z-1-001\1981\West Bengal\1981 Hugli.pdf,1981 Hugli.pdf,1981,PCA-only / non-directory volume,False,Part XIII Village & Town-wise Primary Census Abstract volume; contents show no amenities appendix.,English or bilingual,Opening pages contain English directory or publication signals.,367,10655685,4fb4458b36f1a652afd3af80278c557db495ee480af4038189e06fcbdfa58976
West Bengal,West Bengal,Jalapiguri,1981/West Bengal/1981 Jalapiguri.pdf,F:\1981-20260725T131905Z-1-001\1981\West Bengal\1981 Jalapiguri.pdf,1981 Jalapiguri.pdf,1981,Part XIII-B primary census abstract,False,PCA-only volume; the requested town statements and amenities appendix are absent.,English or bilingual,Opening pages contain English directory or publication signals.,215,4569558,38057f26ce190a2dd6b79ad46ed8daf4af71f5d5101fe569cd3e6c954987b1d7
West Bengal,West Bengal,Koch Bihar,1981/West Bengal/1981 Koch Bihar.pdf,F:\1981-20260725T131905Z-1-001\1981\West Bengal\1981 Koch Bihar.pdf,1981 Koch Bihar.pdf,1981,Part XIII-B primary census abstract,False,PCA-only volume; the requested town statements and amenities appendix are absent.,English or bilingual,Opening pages contain English directory or publication signals.,92,1875814,18b59d7a3aa3a87514d0478f799b9468abf99de35749fe3670e81d8d4e536d73
West Bengal,West Bengal,Maldah,1981/West Bengal/1981 Maldah.pdf,F:\1981-20260725T131905Z-1-001\1981\West Bengal\1981 Maldah.pdf,1981 Maldah.pdf,1981,Part XIII-B primary census abstract,False,PCA-only volume; the requested town statements and amenities appendix are absent.,English or bilingual,Opening pages contain English directory or publication signals.,161,4321628,51529256fbcc1b0b0b9acd804feb3778963ff1b19bc188a7ac2f838382f4cad0
West Bengal,West Bengal,Midnapore,1981/West Bengal/1981 Midnapore.pdf,F:\1981-20260725T131905Z-1-001\1981\West Bengal\1981 Midnapore.pdf,1981 Midnapore.pdf,1981,Village/Town Directory volume,True,Directory volume contains or may contain the requested table groups.,English or bilingual,Opening pages contain English directory or publication signals.,1833,57638534,1429aa218c14081d02a32c45aaa51508ee6eaacc6399c00c1c5aeb3134ea01a0
West Bengal,West Bengal,Murshidabad,1981/West Bengal/1981 Murshidabad.pdf,F:\1981-20260725T131905Z-1-001\1981\West Bengal\1981 Murshidabad.pdf,1981 Murshidabad.pdf,1981,PCA-only / non-directory volume,False,Part XIII-B Village & Town-wise Primary Census Abstract volume; contents show no amenities appendix.,English or bilingual,Opening pages contain English directory or publication signals.,316,7443831,a78d049113725275b6860a477dba738e572726c378eb6fbc335dbf9c2b5f76e3
West Bengal,West Bengal,Nadia,1981/West Bengal/1981 Nadia.pdf,F:\1981-20260725T131905Z-1-001\1981\West Bengal\1981 Nadia.pdf,1981 Nadia.pdf,1981,Part XIII-B primary census abstract,False,PCA-only volume; the requested town statements and amenities appendix are absent.,English or bilingual,Opening pages contain English directory or publication signals.,273,5785588,f9448a71e20f55403b1630d42fea1080b03f34a916f9ade8ce56544b9ccb2727
West Bengal,West Bengal,Purullia,1981/West Bengal/1981 Purullia.pdf,F:\1981-20260725T131905Z-1-001\1981\West Bengal\1981 Purullia.pdf,1981 Purullia.pdf,1981,Village/Town Directory volume,True,Directory volume contains or may contain the requested table groups.,English or bilingual,Opening pages contain English directory or publication signals.,461,14055464,3532b5e174ce5aadaad8f9ab517ca1351d29929d9fbe6210bcd885cf1525cf53
West Bengal,West Bengal,Twenty Four Parganas,1981/West Bengal/1981 Twenty Four Parganas.pdf,F:\1981-20260725T131905Z-1-001\1981\West Bengal\1981 Twenty Four Parganas.pdf,1981 Twenty Four Parganas.pdf,1981,Village/Town Directory volume,True,Directory volume contains or may contain the requested table groups.,English or bilingual,Opening pages contain English directory or publication signals.,793,26724304,9b0393c2eeefb61832a7149608773c20e94fc416ce0c359cd81c833f74b352a9
