sl_no,sl_no_flag,town_name,town_name_flag,hospitals_dispensaries,hospitals_dispensaries_flag,med_beds,med_beds_flag,degree_colleges,degree_colleges_flag,medical_colleges,medical_colleges_flag,engg_colleges,engg_colleges_flag,polytechnics,polytechnics_flag,vocational_institutes,vocational_institutes_flag,higher_secondary_schools,higher_secondary_schools_flag,middle_schools,middle_schools_flag,primary_schools,primary_schools_flag,other_edu_institutions,other_edu_institutions_flag,stadia,stadia_flag,cinemas,cinemas_flag,auditoria,auditoria_flag,libraries,libraries_flag,row_type,reference_target,requires_review,parent_row_index,subrow_index,subrow_count,row_index,pdf_id,district,state,year,format_id,table_id,source_pdf,source_pdf_sha256,source_page_start,source_page_end,anchor_printed_page,continuation_printed_page,metadata_workbook,metadata_workbook_sha256,extracted_at
1,,Achhnera,,H (2),,7,,,,,,,,,,,,2,,2,,6,,...,,...,,...,,...,,PL (3),,ORDINARY,,False,0,0,4,0,agra_mededu_1971,Agra,Uttar Pradesh,1971,format_002,agra_mededu_001,agra_mededu_1971.pdf,b19834743e6608eeb713ec63b6d4ce1bcfc82813cdd6b32c41204553bd07401f,30,31,12,13,E:\Archival-Digitisation-Project\1971_Trimmed_PDF\Uttar_Pradesh\metadata\document.xlsx,4bf05d889c56070f43e73558469b6cab4e2a96f37cf6cc1e9a7aa54c7efd5abe,2026-08-30T19:24:36.810657+00:00
1,,Achhnera,,HC (1),,,,,,,,,,,,,,2,,2,,6,,...,,...,,...,,...,,PL (3),,ORDINARY,,False,0,1,4,1,agra_mededu_1971,Agra,Uttar Pradesh,1971,format_002,agra_mededu_001,agra_mededu_1971.pdf,b19834743e6608eeb713ec63b6d4ce1bcfc82813cdd6b32c41204553bd07401f,30,31,12,13,E:\Archival-Digitisation-Project\1971_Trimmed_PDF\Uttar_Pradesh\metadata\document.xlsx,4bf05d889c56070f43e73558469b6cab4e2a96f37cf6cc1e9a7aa54c7efd5abe,2026-08-30T19:24:36.810657+00:00
1,,Achhnera,,D (2),,,,,,,,,,,,,,2,,2,,6,,...,,...,,...,,...,,PL (3),,ORDINARY,,False,0,2,4,2,agra_mededu_1971,Agra,Uttar Pradesh,1971,format_002,agra_mededu_001,agra_mededu_1971.pdf,b19834743e6608eeb713ec63b6d4ce1bcfc82813cdd6b32c41204553bd07401f,30,31,12,13,E:\Archival-Digitisation-Project\1971_Trimmed_PDF\Uttar_Pradesh\metadata\document.xlsx,4bf05d889c56070f43e73558469b6cab4e2a96f37cf6cc1e9a7aa54c7efd5abe,2026-08-30T19:24:36.810657+00:00
1,,Achhnera,,FC (2),,4,,,,,,,,,,,,2,,2,,6,,...,,...,,...,,...,,PL (3),,ORDINARY,,False,0,3,4,3,agra_mededu_1971,Agra,Uttar Pradesh,1971,format_002,agra_mededu_001,agra_mededu_1971.pdf,b19834743e6608eeb713ec63b6d4ce1bcfc82813cdd6b32c41204553bd07401f,30,31,12,13,E:\Archival-Digitisation-Project\1971_Trimmed_PDF\Uttar_Pradesh\metadata\document.xlsx,4bf05d889c56070f43e73558469b6cab4e2a96f37cf6cc1e9a7aa54c7efd5abe,2026-08-30T19:24:36.810657+00:00
2,,Agra,,,,,,,,,,,,,,,,,,,,,,,,,,,,,,,,CROSS_REFERENCE,Agra City Urban Agglomeration,False,1,0,1,4,agra_mededu_1971,Agra,Uttar Pradesh,1971,format_002,agra_mededu_001,agra_mededu_1971.pdf,b19834743e6608eeb713ec63b6d4ce1bcfc82813cdd6b32c41204553bd07401f,30,31,12,13,E:\Archival-Digitisation-Project\1971_Trimmed_PDF\Uttar_Pradesh\metadata\document.xlsx,4bf05d889c56070f43e73558469b6cab4e2a96f37cf6cc1e9a7aa54c7efd5abe,2026-08-30T19:24:36.810657+00:00
,,,,H (14),,"2,187",,A (2) AS (2) ASL (1) ASC (1) SC (1),,1,,1,,1,,Sh. type (6) O (2),,46,,73,,173,,2,,1,,15,,...,,PL (51) RR (53),,AGGREGATE,,False,2,0,5,5,agra_mededu_1971,Agra,Uttar Pradesh,1971,format_002,agra_mededu_001,agra_mededu_1971.pdf,b19834743e6608eeb713ec63b6d4ce1bcfc82813cdd6b32c41204553bd07401f,30,31,12,13,E:\Archival-Digitisation-Project\1971_Trimmed_PDF\Uttar_Pradesh\metadata\document.xlsx,4bf05d889c56070f43e73558469b6cab4e2a96f37cf6cc1e9a7aa54c7efd5abe,2026-08-30T19:24:36.810657+00:00
,,,,D (19),,,,A (2) AS (2) ASL (1) ASC (1) SC (1),,1,,1,,1,,Sh. type (6) O (2),,46,,73,,173,,2,,1,,15,,...,,PL (51) RR (53),,AGGREGATE,,False,2,1,5,6,agra_mededu_1971,Agra,Uttar Pradesh,1971,format_002,agra_mededu_001,agra_mededu_1971.pdf,b19834743e6608eeb713ec63b6d4ce1bcfc82813cdd6b32c41204553bd07401f,30,31,12,13,E:\Archival-Digitisation-Project\1971_Trimmed_PDF\Uttar_Pradesh\metadata\document.xlsx,4bf05d889c56070f43e73558469b6cab4e2a96f37cf6cc1e9a7aa54c7efd5abe,2026-08-30T19:24:36.810657+00:00
,,,,TBC (1),,20,,A (2) AS (2) ASL (1) ASC (1) SC (1),,1,,1,,1,,Sh. type (6) O (2),,46,,73,,173,,2,,1,,15,,...,,PL (51) RR (53),,AGGREGATE,,False,2,2,5,7,agra_mededu_1971,Agra,Uttar Pradesh,1971,format_002,agra_mededu_001,agra_mededu_1971.pdf,b19834743e6608eeb713ec63b6d4ce1bcfc82813cdd6b32c41204553bd07401f,30,31,12,13,E:\Archival-Digitisation-Project\1971_Trimmed_PDF\Uttar_Pradesh\metadata\document.xlsx,4bf05d889c56070f43e73558469b6cab4e2a96f37cf6cc1e9a7aa54c7efd5abe,2026-08-30T19:24:36.810657+00:00
,,,,FC (8),,,,A (2) AS (2) ASL (1) ASC (1) SC (1),,1,,1,,1,,Sh. type (6) O (2),,46,,73,,173,,2,,1,,15,,...,,PL (51) RR (53),,AGGREGATE,,False,2,3,5,8,agra_mededu_1971,Agra,Uttar Pradesh,1971,format_002,agra_mededu_001,agra_mededu_1971.pdf,b19834743e6608eeb713ec63b6d4ce1bcfc82813cdd6b32c41204553bd07401f,30,31,12,13,E:\Archival-Digitisation-Project\1971_Trimmed_PDF\Uttar_Pradesh\metadata\document.xlsx,4bf05d889c56070f43e73558469b6cab4e2a96f37cf6cc1e9a7aa54c7efd5abe,2026-08-30T19:24:36.810657+00:00
,,,,*O (2),,20,,A (2) AS (2) ASL (1) ASC (1) SC (1),,1,,1,,1,,Sh. type (6) O (2),,46,,73,,173,,2,,1,,15,,...,,PL (51) RR (53),,AGGREGATE,,False,2,4,5,9,agra_mededu_1971,Agra,Uttar Pradesh,1971,format_002,agra_mededu_001,agra_mededu_1971.pdf,b19834743e6608eeb713ec63b6d4ce1bcfc82813cdd6b32c41204553bd07401f,30,31,12,13,E:\Archival-Digitisation-Project\1971_Trimmed_PDF\Uttar_Pradesh\metadata\document.xlsx,4bf05d889c56070f43e73558469b6cab4e2a96f37cf6cc1e9a7aa54c7efd5abe,2026-08-30T19:24:36.810657+00:00
,,Agra,,H (12),,"2,117",,A (1) ASL (1) ASC (1) AS (1),,,,,,,,Sh. type (3) O (2),,40,,70,,157,,...,,...,,13,,...,,PL (42) RR (47),,COMPONENT,,False,3,0,5,10,agra_mededu_1971,Agra,Uttar Pradesh,1971,format_002,agra_mededu_001,agra_mededu_1971.pdf,b19834743e6608eeb713ec63b6d4ce1bcfc82813cdd6b32c41204553bd07401f,30,31,12,13,E:\Archival-Digitisation-Project\1971_Trimmed_PDF\Uttar_Pradesh\metadata\document.xlsx,4bf05d889c56070f43e73558469b6cab4e2a96f37cf6cc1e9a7aa54c7efd5abe,2026-08-30T19:24:36.810657+00:00
,,Agra,,D (14),,,,A (1) ASL (1) ASC (1) AS (1),,,,,,,,Sh. type (3) O (2),,40,,70,,157,,...,,...,,13,,...,,PL (42) RR (47),,COMPONENT,,False,3,1,5,11,agra_mededu_1971,Agra,Uttar Pradesh,1971,format_002,agra_mededu_001,agra_mededu_1971.pdf,b19834743e6608eeb713ec63b6d4ce1bcfc82813cdd6b32c41204553bd07401f,30,31,12,13,E:\Archival-Digitisation-Project\1971_Trimmed_PDF\Uttar_Pradesh\metadata\document.xlsx,4bf05d889c56070f43e73558469b6cab4e2a96f37cf6cc1e9a7aa54c7efd5abe,2026-08-30T19:24:36.810657+00:00
,,Agra,,TBC (1),,20,,A (1) ASL (1) ASC (1) AS (1),,,,,,,,Sh. type (3) O (2),,40,,70,,157,,...,,...,,13,,...,,PL (42) RR (47),,COMPONENT,,False,3,2,5,12,agra_mededu_1971,Agra,Uttar Pradesh,1971,format_002,agra_mededu_001,agra_mededu_1971.pdf,b19834743e6608eeb713ec63b6d4ce1bcfc82813cdd6b32c41204553bd07401f,30,31,12,13,E:\Archival-Digitisation-Project\1971_Trimmed_PDF\Uttar_Pradesh\metadata\document.xlsx,4bf05d889c56070f43e73558469b6cab4e2a96f37cf6cc1e9a7aa54c7efd5abe,2026-08-30T19:24:36.810657+00:00
,,Agra,,FC (6),,,,A (1) ASL (1) ASC (1) AS (1),,,,,,,,Sh. type (3) O (2),,40,,70,,157,,...,,...,,13,,...,,PL (42) RR (47),,COMPONENT,,False,3,3,5,13,agra_mededu_1971,Agra,Uttar Pradesh,1971,format_002,agra_mededu_001,agra_mededu_1971.pdf,b19834743e6608eeb713ec63b6d4ce1bcfc82813cdd6b32c41204553bd07401f,30,31,12,13,E:\Archival-Digitisation-Project\1971_Trimmed_PDF\Uttar_Pradesh\metadata\document.xlsx,4bf05d889c56070f43e73558469b6cab4e2a96f37cf6cc1e9a7aa54c7efd5abe,2026-08-30T19:24:36.810657+00:00
,,Agra,,*O (2),,20,,A (1) ASL (1) ASC (1) AS (1),,,,,,,,Sh. type (3) O (2),,40,,70,,157,,...,,...,,13,,...,,PL (42) RR (47),,COMPONENT,,False,3,4,5,14,agra_mededu_1971,Agra,Uttar Pradesh,1971,format_002,agra_mededu_001,agra_mededu_1971.pdf,b19834743e6608eeb713ec63b6d4ce1bcfc82813cdd6b32c41204553bd07401f,30,31,12,13,E:\Archival-Digitisation-Project\1971_Trimmed_PDF\Uttar_Pradesh\metadata\document.xlsx,4bf05d889c56070f43e73558469b6cab4e2a96f37cf6cc1e9a7aa54c7efd5abe,2026-08-30T19:24:36.810657+00:00
,,Agra Cantt.,,H (1),,25,,AS (1),,,,,,,,Sh. type (2),,3,,3,,14,,...,,1,,2,,...,,PL (3),,COMPONENT,,False,4,0,2,15,agra_mededu_1971,Agra,Uttar Pradesh,1971,format_002,agra_mededu_001,agra_mededu_1971.pdf,b19834743e6608eeb713ec63b6d4ce1bcfc82813cdd6b32c41204553bd07401f,30,31,12,13,E:\Archival-Digitisation-Project\1971_Trimmed_PDF\Uttar_Pradesh\metadata\document.xlsx,4bf05d889c56070f43e73558469b6cab4e2a96f37cf6cc1e9a7aa54c7efd5abe,2026-08-30T19:24:36.810657+00:00
,,Agra Cantt.,,FC (1),,,,AS (1),,,,,,,,Sh. type (2),,3,,3,,14,,...,,1,,2,,...,,PL (3),,COMPONENT,,False,4,1,2,16,agra_mededu_1971,Agra,Uttar Pradesh,1971,format_002,agra_mededu_001,agra_mededu_1971.pdf,b19834743e6608eeb713ec63b6d4ce1bcfc82813cdd6b32c41204553bd07401f,30,31,12,13,E:\Archival-Digitisation-Project\1971_Trimmed_PDF\Uttar_Pradesh\metadata\document.xlsx,4bf05d889c56070f43e73558469b6cab4e2a96f37cf6cc1e9a7aa54c7efd5abe,2026-08-30T19:24:36.810657+00:00
,,Dayalbagh,,H (1),,45,,SC (1) A (1),,,,1,,1,,Sh. type (1),,2,,...,,2,,2,,...,,...,,...,,PL (6),,COMPONENT,,False,5,0,2,17,agra_mededu_1971,Agra,Uttar Pradesh,1971,format_002,agra_mededu_001,agra_mededu_1971.pdf,b19834743e6608eeb713ec63b6d4ce1bcfc82813cdd6b32c41204553bd07401f,30,31,12,13,E:\Archival-Digitisation-Project\1971_Trimmed_PDF\Uttar_Pradesh\metadata\document.xlsx,4bf05d889c56070f43e73558469b6cab4e2a96f37cf6cc1e9a7aa54c7efd5abe,2026-08-30T19:24:36.810657+00:00
,,Dayalbagh,,D (4),,,,SC (1) A (1),,,,1,,1,,Sh. type (1),,2,,...,,2,,2,,...,,...,,...,,PL (6),,COMPONENT,,False,5,1,2,18,agra_mededu_1971,Agra,Uttar Pradesh,1971,format_002,agra_mededu_001,agra_mededu_1971.pdf,b19834743e6608eeb713ec63b6d4ce1bcfc82813cdd6b32c41204553bd07401f,30,31,12,13,E:\Archival-Digitisation-Project\1971_Trimmed_PDF\Uttar_Pradesh\metadata\document.xlsx,4bf05d889c56070f43e73558469b6cab4e2a96f37cf6cc1e9a7aa54c7efd5abe,2026-08-30T19:24:36.810657+00:00
,,Swamibagh,,D (1),,,,,,,,,,,,,,1,,...,,...,,...,,...,,...,,...,,RR (6),,COMPONENT,,False,6,0,1,19,agra_mededu_1971,Agra,Uttar Pradesh,1971,format_002,agra_mededu_001,agra_mededu_1971.pdf,b19834743e6608eeb713ec63b6d4ce1bcfc82813cdd6b32c41204553bd07401f,30,31,12,13,E:\Archival-Digitisation-Project\1971_Trimmed_PDF\Uttar_Pradesh\metadata\document.xlsx,4bf05d889c56070f43e73558469b6cab4e2a96f37cf6cc1e9a7aa54c7efd5abe,2026-08-30T19:24:36.810657+00:00
4,,Bah,,H (1),,6,,,,,,,,,,,,1,,2,,2,,3,,...,,...,,...,,PL (1),,ORDINARY,,False,7,0,2,20,agra_mededu_1971,Agra,Uttar Pradesh,1971,format_002,agra_mededu_001,agra_mededu_1971.pdf,b19834743e6608eeb713ec63b6d4ce1bcfc82813cdd6b32c41204553bd07401f,30,31,12,13,E:\Archival-Digitisation-Project\1971_Trimmed_PDF\Uttar_Pradesh\metadata\document.xlsx,4bf05d889c56070f43e73558469b6cab4e2a96f37cf6cc1e9a7aa54c7efd5abe,2026-08-30T19:24:36.810657+00:00
4,,Bah,,FC (1),,,,,,,,,,,,,,1,,2,,2,,3,,...,,...,,...,,PL (1),,ORDINARY,,False,7,1,2,21,agra_mededu_1971,Agra,Uttar Pradesh,1971,format_002,agra_mededu_001,agra_mededu_1971.pdf,b19834743e6608eeb713ec63b6d4ce1bcfc82813cdd6b32c41204553bd07401f,30,31,12,13,E:\Archival-Digitisation-Project\1971_Trimmed_PDF\Uttar_Pradesh\metadata\document.xlsx,4bf05d889c56070f43e73558469b6cab4e2a96f37cf6cc1e9a7aa54c7efd5abe,2026-08-30T19:24:36.810657+00:00
5,,Dayalbagh,,,,,,,,,,,,,,,,,,,,,,,,,,,,,,,,CROSS_REFERENCE,Agra City Urban Agglomeration,False,8,0,1,22,agra_mededu_1971,Agra,Uttar Pradesh,1971,format_002,agra_mededu_001,agra_mededu_1971.pdf,b19834743e6608eeb713ec63b6d4ce1bcfc82813cdd6b32c41204553bd07401f,30,31,12,13,E:\Archival-Digitisation-Project\1971_Trimmed_PDF\Uttar_Pradesh\metadata\document.xlsx,4bf05d889c56070f43e73558469b6cab4e2a96f37cf6cc1e9a7aa54c7efd5abe,2026-08-30T19:24:36.810657+00:00
6,,Etmadpur,,H (1),,10,,,,,,,,,,,,,,1,,4,,...,,...,,...,,...,,PL (1),,ORDINARY,,False,9,0,2,23,agra_mededu_1971,Agra,Uttar Pradesh,1971,format_002,agra_mededu_001,agra_mededu_1971.pdf,b19834743e6608eeb713ec63b6d4ce1bcfc82813cdd6b32c41204553bd07401f,30,31,12,13,E:\Archival-Digitisation-Project\1971_Trimmed_PDF\Uttar_Pradesh\metadata\document.xlsx,4bf05d889c56070f43e73558469b6cab4e2a96f37cf6cc1e9a7aa54c7efd5abe,2026-08-30T19:24:36.810657+00:00
6,,Etmadpur,,FC (1),,1,,,,,,,,,,,,,,1,,4,,...,,...,,...,,...,,PL (1),,ORDINARY,,False,9,1,2,24,agra_mededu_1971,Agra,Uttar Pradesh,1971,format_002,agra_mededu_001,agra_mededu_1971.pdf,b19834743e6608eeb713ec63b6d4ce1bcfc82813cdd6b32c41204553bd07401f,30,31,12,13,E:\Archival-Digitisation-Project\1971_Trimmed_PDF\Uttar_Pradesh\metadata\document.xlsx,4bf05d889c56070f43e73558469b6cab4e2a96f37cf6cc1e9a7aa54c7efd5abe,2026-08-30T19:24:36.810657+00:00
7,,Fatehabad,,H (1),,7,,,,,,,,,,,,1,,3,,2,,...,,...,,...,,...,,PL (1),,ORDINARY,,False,10,0,3,25,agra_mededu_1971,Agra,Uttar Pradesh,1971,format_002,agra_mededu_001,agra_mededu_1971.pdf,b19834743e6608eeb713ec63b6d4ce1bcfc82813cdd6b32c41204553bd07401f,30,31,12,13,E:\Archival-Digitisation-Project\1971_Trimmed_PDF\Uttar_Pradesh\metadata\document.xlsx,4bf05d889c56070f43e73558469b6cab4e2a96f37cf6cc1e9a7aa54c7efd5abe,2026-08-30T19:24:36.810657+00:00
7,,Fatehabad,,FC (1),,3,,,,,,,,,,,,1,,3,,2,,...,,...,,...,,...,,PL (1),,ORDINARY,,False,10,1,3,26,agra_mededu_1971,Agra,Uttar Pradesh,1971,format_002,agra_mededu_001,agra_mededu_1971.pdf,b19834743e6608eeb713ec63b6d4ce1bcfc82813cdd6b32c41204553bd07401f,30,31,12,13,E:\Archival-Digitisation-Project\1971_Trimmed_PDF\Uttar_Pradesh\metadata\document.xlsx,4bf05d889c56070f43e73558469b6cab4e2a96f37cf6cc1e9a7aa54c7efd5abe,2026-08-30T19:24:36.810657+00:00
7,,Fatehabad,,HC (1),,,,,,,,,,,,,,1,,3,,2,,...,,...,,...,,...,,PL (1),,ORDINARY,,False,10,2,3,27,agra_mededu_1971,Agra,Uttar Pradesh,1971,format_002,agra_mededu_001,agra_mededu_1971.pdf,b19834743e6608eeb713ec63b6d4ce1bcfc82813cdd6b32c41204553bd07401f,30,31,12,13,E:\Archival-Digitisation-Project\1971_Trimmed_PDF\Uttar_Pradesh\metadata\document.xlsx,4bf05d889c56070f43e73558469b6cab4e2a96f37cf6cc1e9a7aa54c7efd5abe,2026-08-30T19:24:36.810657+00:00
8,,Fatehpur Sikri,,HC (1),,6,,,,,,,,,,,,1,,1,,11,,...,,...,,...,,...,,RR (1),,ORDINARY,,False,11,0,3,28,agra_mededu_1971,Agra,Uttar Pradesh,1971,format_002,agra_mededu_001,agra_mededu_1971.pdf,b19834743e6608eeb713ec63b6d4ce1bcfc82813cdd6b32c41204553bd07401f,30,31,12,13,E:\Archival-Digitisation-Project\1971_Trimmed_PDF\Uttar_Pradesh\metadata\document.xlsx,4bf05d889c56070f43e73558469b6cab4e2a96f37cf6cc1e9a7aa54c7efd5abe,2026-08-30T19:24:36.810657+00:00
8,,Fatehpur Sikri,,D (1),,,,,,,,,,,,,,1,,1,,11,,...,,...,,...,,...,,RR (1),,ORDINARY,,False,11,1,3,29,agra_mededu_1971,Agra,Uttar Pradesh,1971,format_002,agra_mededu_001,agra_mededu_1971.pdf,b19834743e6608eeb713ec63b6d4ce1bcfc82813cdd6b32c41204553bd07401f,30,31,12,13,E:\Archival-Digitisation-Project\1971_Trimmed_PDF\Uttar_Pradesh\metadata\document.xlsx,4bf05d889c56070f43e73558469b6cab4e2a96f37cf6cc1e9a7aa54c7efd5abe,2026-08-30T19:24:36.810657+00:00
8,,Fatehpur Sikri,,FC (1),,,,,,,,,,,,,,1,,1,,11,,...,,...,,...,,...,,RR (1),,ORDINARY,,False,11,2,3,30,agra_mededu_1971,Agra,Uttar Pradesh,1971,format_002,agra_mededu_001,agra_mededu_1971.pdf,b19834743e6608eeb713ec63b6d4ce1bcfc82813cdd6b32c41204553bd07401f,30,31,12,13,E:\Archival-Digitisation-Project\1971_Trimmed_PDF\Uttar_Pradesh\metadata\document.xlsx,4bf05d889c56070f43e73558469b6cab4e2a96f37cf6cc1e9a7aa54c7efd5abe,2026-08-30T19:24:36.810657+00:00
9,,Firozabad,,H (1),,240,,AS (1) AC (1) S (1),,,,,,,,,,11,,11,,54,,...,,...,,2,,...,,PL (7),,ORDINARY,,False,12,0,4,31,agra_mededu_1971,Agra,Uttar Pradesh,1971,format_002,agra_mededu_001,agra_mededu_1971.pdf,b19834743e6608eeb713ec63b6d4ce1bcfc82813cdd6b32c41204553bd07401f,30,31,12,13,E:\Archival-Digitisation-Project\1971_Trimmed_PDF\Uttar_Pradesh\metadata\document.xlsx,4bf05d889c56070f43e73558469b6cab4e2a96f37cf6cc1e9a7aa54c7efd5abe,2026-08-30T19:24:36.810657+00:00
9,,Firozabad,,D (2),,,,AS (1) AC (1) S (1),,,,,,,,,,11,,11,,54,,...,,...,,2,,...,,PL (7),,ORDINARY,,False,12,1,4,32,agra_mededu_1971,Agra,Uttar Pradesh,1971,format_002,agra_mededu_001,agra_mededu_1971.pdf,b19834743e6608eeb713ec63b6d4ce1bcfc82813cdd6b32c41204553bd07401f,30,31,12,13,E:\Archival-Digitisation-Project\1971_Trimmed_PDF\Uttar_Pradesh\metadata\document.xlsx,4bf05d889c56070f43e73558469b6cab4e2a96f37cf6cc1e9a7aa54c7efd5abe,2026-08-30T19:24:36.810657+00:00
9,,Firozabad,,FC (1),,,,AS (1) AC (1) S (1),,,,,,,,,,11,,11,,54,,...,,...,,2,,...,,PL (7),,ORDINARY,,False,12,2,4,33,agra_mededu_1971,Agra,Uttar Pradesh,1971,format_002,agra_mededu_001,agra_mededu_1971.pdf,b19834743e6608eeb713ec63b6d4ce1bcfc82813cdd6b32c41204553bd07401f,30,31,12,13,E:\Archival-Digitisation-Project\1971_Trimmed_PDF\Uttar_Pradesh\metadata\document.xlsx,4bf05d889c56070f43e73558469b6cab4e2a96f37cf6cc1e9a7aa54c7efd5abe,2026-08-30T19:24:36.810657+00:00
9,,Firozabad,,†O (1),,232,,AS (1) AC (1) S (1),,,,,,,,,,11,,11,,54,,...,,...,,2,,...,,PL (7),,ORDINARY,,False,12,3,4,34,agra_mededu_1971,Agra,Uttar Pradesh,1971,format_002,agra_mededu_001,agra_mededu_1971.pdf,b19834743e6608eeb713ec63b6d4ce1bcfc82813cdd6b32c41204553bd07401f,30,31,12,13,E:\Archival-Digitisation-Project\1971_Trimmed_PDF\Uttar_Pradesh\metadata\document.xlsx,4bf05d889c56070f43e73558469b6cab4e2a96f37cf6cc1e9a7aa54c7efd5abe,2026-08-30T19:24:36.810657+00:00
10,,Shamshabad,,H (1),,5,,,,,,,,,,,,2,,2,,1,,...,,...,,...,,...,,PL (1),,ORDINARY,,False,13,0,3,35,agra_mededu_1971,Agra,Uttar Pradesh,1971,format_002,agra_mededu_001,agra_mededu_1971.pdf,b19834743e6608eeb713ec63b6d4ce1bcfc82813cdd6b32c41204553bd07401f,30,31,12,13,E:\Archival-Digitisation-Project\1971_Trimmed_PDF\Uttar_Pradesh\metadata\document.xlsx,4bf05d889c56070f43e73558469b6cab4e2a96f37cf6cc1e9a7aa54c7efd5abe,2026-08-30T19:24:36.810657+00:00
10,,Shamshabad,,HC (1),,,,,,,,,,,,,,2,,2,,1,,...,,...,,...,,...,,PL (1),,ORDINARY,,False,13,1,3,36,agra_mededu_1971,Agra,Uttar Pradesh,1971,format_002,agra_mededu_001,agra_mededu_1971.pdf,b19834743e6608eeb713ec63b6d4ce1bcfc82813cdd6b32c41204553bd07401f,30,31,12,13,E:\Archival-Digitisation-Project\1971_Trimmed_PDF\Uttar_Pradesh\metadata\document.xlsx,4bf05d889c56070f43e73558469b6cab4e2a96f37cf6cc1e9a7aa54c7efd5abe,2026-08-30T19:24:36.810657+00:00
10,,Shamshabad,,FC (1),,2,,,,,,,,,,,,2,,2,,1,,...,,...,,...,,...,,PL (1),,ORDINARY,,False,13,2,3,37,agra_mededu_1971,Agra,Uttar Pradesh,1971,format_002,agra_mededu_001,agra_mededu_1971.pdf,b19834743e6608eeb713ec63b6d4ce1bcfc82813cdd6b32c41204553bd07401f,30,31,12,13,E:\Archival-Digitisation-Project\1971_Trimmed_PDF\Uttar_Pradesh\metadata\document.xlsx,4bf05d889c56070f43e73558469b6cab4e2a96f37cf6cc1e9a7aa54c7efd5abe,2026-08-30T19:24:36.810657+00:00
11,,Swamibagh,,,,,,,,,,,,,,,,,,,,,,,,,,,,,,,,CROSS_REFERENCE,Agra City Urban Agglomeration,False,14,0,1,38,agra_mededu_1971,Agra,Uttar Pradesh,1971,format_002,agra_mededu_001,agra_mededu_1971.pdf,b19834743e6608eeb713ec63b6d4ce1bcfc82813cdd6b32c41204553bd07401f,30,31,12,13,E:\Archival-Digitisation-Project\1971_Trimmed_PDF\Uttar_Pradesh\metadata\document.xlsx,4bf05d889c56070f43e73558469b6cab4e2a96f37cf6cc1e9a7aa54c7efd5abe,2026-08-30T19:24:36.810657+00:00
12,,Tundla,,,,,,,,,,,,,,,,,,,,,,,,,,,,,,,,CROSS_REFERENCE,Tundla Urban Agglomeration,False,15,0,1,39,agra_mededu_1971,Agra,Uttar Pradesh,1971,format_002,agra_mededu_001,agra_mededu_1971.pdf,b19834743e6608eeb713ec63b6d4ce1bcfc82813cdd6b32c41204553bd07401f,30,31,12,13,E:\Archival-Digitisation-Project\1971_Trimmed_PDF\Uttar_Pradesh\metadata\document.xlsx,4bf05d889c56070f43e73558469b6cab4e2a96f37cf6cc1e9a7aa54c7efd5abe,2026-08-30T19:24:36.810657+00:00
13,,Tundla Rly. Colony,,,,,,,,,,,,,,,,,,,,,,,,,,,,,,,,CROSS_REFERENCE,Tundla Urban Agglomeration,False,16,0,1,40,agra_mededu_1971,Agra,Uttar Pradesh,1971,format_002,agra_mededu_001,agra_mededu_1971.pdf,b19834743e6608eeb713ec63b6d4ce1bcfc82813cdd6b32c41204553bd07401f,30,31,12,13,E:\Archival-Digitisation-Project\1971_Trimmed_PDF\Uttar_Pradesh\metadata\document.xlsx,4bf05d889c56070f43e73558469b6cab4e2a96f37cf6cc1e9a7aa54c7efd5abe,2026-08-30T19:24:36.810657+00:00
,,,,H (1),,50,,,,,,,,,,,,4,,4,,13,,1,,...,,...,,1,,PL (3),,AGGREGATE,,False,17,0,3,41,agra_mededu_1971,Agra,Uttar Pradesh,1971,format_002,agra_mededu_001,agra_mededu_1971.pdf,b19834743e6608eeb713ec63b6d4ce1bcfc82813cdd6b32c41204553bd07401f,30,31,12,13,E:\Archival-Digitisation-Project\1971_Trimmed_PDF\Uttar_Pradesh\metadata\document.xlsx,4bf05d889c56070f43e73558469b6cab4e2a96f37cf6cc1e9a7aa54c7efd5abe,2026-08-30T19:24:36.810657+00:00
,,,,D (1),,4,,,,,,,,,,,,4,,4,,13,,1,,...,,...,,1,,PL (3),,AGGREGATE,,False,17,1,3,42,agra_mededu_1971,Agra,Uttar Pradesh,1971,format_002,agra_mededu_001,agra_mededu_1971.pdf,b19834743e6608eeb713ec63b6d4ce1bcfc82813cdd6b32c41204553bd07401f,30,31,12,13,E:\Archival-Digitisation-Project\1971_Trimmed_PDF\Uttar_Pradesh\metadata\document.xlsx,4bf05d889c56070f43e73558469b6cab4e2a96f37cf6cc1e9a7aa54c7efd5abe,2026-08-30T19:24:36.810657+00:00
,,,,FC (2),,,,,,,,,,,,,,4,,4,,13,,1,,...,,...,,1,,PL (3),,AGGREGATE,,False,17,2,3,43,agra_mededu_1971,Agra,Uttar Pradesh,1971,format_002,agra_mededu_001,agra_mededu_1971.pdf,b19834743e6608eeb713ec63b6d4ce1bcfc82813cdd6b32c41204553bd07401f,30,31,12,13,E:\Archival-Digitisation-Project\1971_Trimmed_PDF\Uttar_Pradesh\metadata\document.xlsx,4bf05d889c56070f43e73558469b6cab4e2a96f37cf6cc1e9a7aa54c7efd5abe,2026-08-30T19:24:36.810657+00:00
,,Tundla,,D (1),,,,,,,,,,,,,,3,,4,,9,,...,,...,,...,,...,,PL (1),,COMPONENT,,False,18,0,2,44,agra_mededu_1971,Agra,Uttar Pradesh,1971,format_002,agra_mededu_001,agra_mededu_1971.pdf,b19834743e6608eeb713ec63b6d4ce1bcfc82813cdd6b32c41204553bd07401f,30,31,12,13,E:\Archival-Digitisation-Project\1971_Trimmed_PDF\Uttar_Pradesh\metadata\document.xlsx,4bf05d889c56070f43e73558469b6cab4e2a96f37cf6cc1e9a7aa54c7efd5abe,2026-08-30T19:24:36.810657+00:00
,,Tundla,,FC (1),,4,,,,,,,,,,,,3,,4,,9,,...,,...,,...,,...,,PL (1),,COMPONENT,,False,18,1,2,45,agra_mededu_1971,Agra,Uttar Pradesh,1971,format_002,agra_mededu_001,agra_mededu_1971.pdf,b19834743e6608eeb713ec63b6d4ce1bcfc82813cdd6b32c41204553bd07401f,30,31,12,13,E:\Archival-Digitisation-Project\1971_Trimmed_PDF\Uttar_Pradesh\metadata\document.xlsx,4bf05d889c56070f43e73558469b6cab4e2a96f37cf6cc1e9a7aa54c7efd5abe,2026-08-30T19:24:36.810657+00:00
,,Tundla Rly. Colony,,H (1),,50,,,,,,,,,,,,1,,...,,4,,1,,...,,...,,1,,PL (2),,COMPONENT,,False,19,0,2,46,agra_mededu_1971,Agra,Uttar Pradesh,1971,format_002,agra_mededu_001,agra_mededu_1971.pdf,b19834743e6608eeb713ec63b6d4ce1bcfc82813cdd6b32c41204553bd07401f,30,31,12,13,E:\Archival-Digitisation-Project\1971_Trimmed_PDF\Uttar_Pradesh\metadata\document.xlsx,4bf05d889c56070f43e73558469b6cab4e2a96f37cf6cc1e9a7aa54c7efd5abe,2026-08-30T19:24:36.810657+00:00
,,Tundla Rly. Colony,,FC (1),,,,,,,,,,,,,,1,,...,,4,,1,,...,,...,,1,,PL (2),,COMPONENT,,False,19,1,2,47,agra_mededu_1971,Agra,Uttar Pradesh,1971,format_002,agra_mededu_001,agra_mededu_1971.pdf,b19834743e6608eeb713ec63b6d4ce1bcfc82813cdd6b32c41204553bd07401f,30,31,12,13,E:\Archival-Digitisation-Project\1971_Trimmed_PDF\Uttar_Pradesh\metadata\document.xlsx,4bf05d889c56070f43e73558469b6cab4e2a96f37cf6cc1e9a7aa54c7efd5abe,2026-08-30T19:24:36.810657+00:00
1,,Aligarh,,H(8),,712,,"AS(2), ASCL(1)",,1,,1,,1,,Sh. Type (1),,20,,7,,102,,9,,...,,5,,...,,PL(1),,ORDINARY,,False,0,0,3,0,aligarh_mededu_1971,Aligarh,Uttar Pradesh,1971,format_002,aligarh_mededu_001,aligarh_mededu_1971.pdf,c52c4590428e39479d5ff8883fd639ef3c6dd61dea70e91fa69dc88932aacf95,26,27,8,9,E:\Archival-Digitisation-Project\1971_Trimmed_PDF\Uttar_Pradesh\metadata\document.xlsx,4bf05d889c56070f43e73558469b6cab4e2a96f37cf6cc1e9a7aa54c7efd5abe,2026-08-29T15:08:55.038399+00:00
1,,Aligarh,,D(1),,...,,"AS(2), ASCL(1)",,1,,1,,1,,Sh. Type (1),,20,,7,,102,,9,,...,,5,,...,,PL(1),,ORDINARY,,False,0,1,3,1,aligarh_mededu_1971,Aligarh,Uttar Pradesh,1971,format_002,aligarh_mededu_001,aligarh_mededu_1971.pdf,c52c4590428e39479d5ff8883fd639ef3c6dd61dea70e91fa69dc88932aacf95,26,27,8,9,E:\Archival-Digitisation-Project\1971_Trimmed_PDF\Uttar_Pradesh\metadata\document.xlsx,4bf05d889c56070f43e73558469b6cab4e2a96f37cf6cc1e9a7aa54c7efd5abe,2026-08-29T15:08:55.038399+00:00
1,,Aligarh,,FC(4),,...,,"AS(2), ASCL(1)",,1,,1,,1,,Sh. Type (1),,20,,7,,102,,9,,...,,5,,...,,PL(1),,ORDINARY,,False,0,2,3,2,aligarh_mededu_1971,Aligarh,Uttar Pradesh,1971,format_002,aligarh_mededu_001,aligarh_mededu_1971.pdf,c52c4590428e39479d5ff8883fd639ef3c6dd61dea70e91fa69dc88932aacf95,26,27,8,9,E:\Archival-Digitisation-Project\1971_Trimmed_PDF\Uttar_Pradesh\metadata\document.xlsx,4bf05d889c56070f43e73558469b6cab4e2a96f37cf6cc1e9a7aa54c7efd5abe,2026-08-29T15:08:55.038399+00:00
2,,Atrauli,,H(1),,6,,...,,...,,...,,...,,...,,2,,2,,11,,2,,...,,...,,...,,PL(1),,ORDINARY,,False,1,0,2,3,aligarh_mededu_1971,Aligarh,Uttar Pradesh,1971,format_002,aligarh_mededu_001,aligarh_mededu_1971.pdf,c52c4590428e39479d5ff8883fd639ef3c6dd61dea70e91fa69dc88932aacf95,26,27,8,9,E:\Archival-Digitisation-Project\1971_Trimmed_PDF\Uttar_Pradesh\metadata\document.xlsx,4bf05d889c56070f43e73558469b6cab4e2a96f37cf6cc1e9a7aa54c7efd5abe,2026-08-29T15:08:55.038399+00:00
2,,Atrauli,,D(1),,...,,...,,...,,...,,...,,...,,2,,2,,11,,2,,...,,...,,...,,PL(1),,ORDINARY,,False,1,1,2,4,aligarh_mededu_1971,Aligarh,Uttar Pradesh,1971,format_002,aligarh_mededu_001,aligarh_mededu_1971.pdf,c52c4590428e39479d5ff8883fd639ef3c6dd61dea70e91fa69dc88932aacf95,26,27,8,9,E:\Archival-Digitisation-Project\1971_Trimmed_PDF\Uttar_Pradesh\metadata\document.xlsx,4bf05d889c56070f43e73558469b6cab4e2a96f37cf6cc1e9a7aa54c7efd5abe,2026-08-29T15:08:55.038399+00:00
3,,Hathras,,H(4),,337,,ASC(2),,...,,...,,1,,...,,9,,7,,29,,...,,...,,3,,...,,PL(1) RR(1),,ORDINARY,,False,2,0,5,5,aligarh_mededu_1971,Aligarh,Uttar Pradesh,1971,format_002,aligarh_mededu_001,aligarh_mededu_1971.pdf,c52c4590428e39479d5ff8883fd639ef3c6dd61dea70e91fa69dc88932aacf95,26,27,8,9,E:\Archival-Digitisation-Project\1971_Trimmed_PDF\Uttar_Pradesh\metadata\document.xlsx,4bf05d889c56070f43e73558469b6cab4e2a96f37cf6cc1e9a7aa54c7efd5abe,2026-08-29T15:08:55.038399+00:00
3,,Hathras,,D(2),,...,,ASC(2),,...,,...,,1,,...,,9,,7,,29,,...,,...,,3,,...,,PL(1) RR(1),,ORDINARY,,False,2,1,5,6,aligarh_mededu_1971,Aligarh,Uttar Pradesh,1971,format_002,aligarh_mededu_001,aligarh_mededu_1971.pdf,c52c4590428e39479d5ff8883fd639ef3c6dd61dea70e91fa69dc88932aacf95,26,27,8,9,E:\Archival-Digitisation-Project\1971_Trimmed_PDF\Uttar_Pradesh\metadata\document.xlsx,4bf05d889c56070f43e73558469b6cab4e2a96f37cf6cc1e9a7aa54c7efd5abe,2026-08-29T15:08:55.038399+00:00
3,,Hathras,,NH(1),,...,,ASC(2),,...,,...,,1,,...,,9,,7,,29,,...,,...,,3,,...,,PL(1) RR(1),,ORDINARY,,False,2,2,5,7,aligarh_mededu_1971,Aligarh,Uttar Pradesh,1971,format_002,aligarh_mededu_001,aligarh_mededu_1971.pdf,c52c4590428e39479d5ff8883fd639ef3c6dd61dea70e91fa69dc88932aacf95,26,27,8,9,E:\Archival-Digitisation-Project\1971_Trimmed_PDF\Uttar_Pradesh\metadata\document.xlsx,4bf05d889c56070f43e73558469b6cab4e2a96f37cf6cc1e9a7aa54c7efd5abe,2026-08-29T15:08:55.038399+00:00
3,,Hathras,,TBC(1),,25,,ASC(2),,...,,...,,1,,...,,9,,7,,29,,...,,...,,3,,...,,PL(1) RR(1),,ORDINARY,,False,2,3,5,8,aligarh_mededu_1971,Aligarh,Uttar Pradesh,1971,format_002,aligarh_mededu_001,aligarh_mededu_1971.pdf,c52c4590428e39479d5ff8883fd639ef3c6dd61dea70e91fa69dc88932aacf95,26,27,8,9,E:\Archival-Digitisation-Project\1971_Trimmed_PDF\Uttar_Pradesh\metadata\document.xlsx,4bf05d889c56070f43e73558469b6cab4e2a96f37cf6cc1e9a7aa54c7efd5abe,2026-08-29T15:08:55.038399+00:00
3,,Hathras,,FC(1),,...,,ASC(2),,...,,...,,1,,...,,9,,7,,29,,...,,...,,3,,...,,PL(1) RR(1),,ORDINARY,,False,2,4,5,9,aligarh_mededu_1971,Aligarh,Uttar Pradesh,1971,format_002,aligarh_mededu_001,aligarh_mededu_1971.pdf,c52c4590428e39479d5ff8883fd639ef3c6dd61dea70e91fa69dc88932aacf95,26,27,8,9,E:\Archival-Digitisation-Project\1971_Trimmed_PDF\Uttar_Pradesh\metadata\document.xlsx,4bf05d889c56070f43e73558469b6cab4e2a96f37cf6cc1e9a7aa54c7efd5abe,2026-08-29T15:08:55.038399+00:00
4,,Mursan,,H(1),,4,,...,,...,,...,,...,,...,,2,,...,,3,,...,,...,,...,,...,,...,,ORDINARY,,False,3,0,2,10,aligarh_mededu_1971,Aligarh,Uttar Pradesh,1971,format_002,aligarh_mededu_001,aligarh_mededu_1971.pdf,c52c4590428e39479d5ff8883fd639ef3c6dd61dea70e91fa69dc88932aacf95,26,27,8,9,E:\Archival-Digitisation-Project\1971_Trimmed_PDF\Uttar_Pradesh\metadata\document.xlsx,4bf05d889c56070f43e73558469b6cab4e2a96f37cf6cc1e9a7aa54c7efd5abe,2026-08-29T15:08:55.038399+00:00
4,,Mursan,,HC(1),,6,,...,,...,,...,,...,,...,,2,,...,,3,,...,,...,,...,,...,,...,,ORDINARY,,False,3,1,2,11,aligarh_mededu_1971,Aligarh,Uttar Pradesh,1971,format_002,aligarh_mededu_001,aligarh_mededu_1971.pdf,c52c4590428e39479d5ff8883fd639ef3c6dd61dea70e91fa69dc88932aacf95,26,27,8,9,E:\Archival-Digitisation-Project\1971_Trimmed_PDF\Uttar_Pradesh\metadata\document.xlsx,4bf05d889c56070f43e73558469b6cab4e2a96f37cf6cc1e9a7aa54c7efd5abe,2026-08-29T15:08:55.038399+00:00
5,,Sasni,,H(1),,4,,...,,...,,...,,...,,...,,2,,...,,4,,...,,...,,...,,...,,...,,ORDINARY,,False,4,0,2,12,aligarh_mededu_1971,Aligarh,Uttar Pradesh,1971,format_002,aligarh_mededu_001,aligarh_mededu_1971.pdf,c52c4590428e39479d5ff8883fd639ef3c6dd61dea70e91fa69dc88932aacf95,26,27,8,9,E:\Archival-Digitisation-Project\1971_Trimmed_PDF\Uttar_Pradesh\metadata\document.xlsx,4bf05d889c56070f43e73558469b6cab4e2a96f37cf6cc1e9a7aa54c7efd5abe,2026-08-29T15:08:55.038399+00:00
5,,Sasni,,*O(1),,...,,...,,...,,...,,...,,...,,2,,...,,4,,...,,...,,...,,...,,...,,ORDINARY,,False,4,1,2,13,aligarh_mededu_1971,Aligarh,Uttar Pradesh,1971,format_002,aligarh_mededu_001,aligarh_mededu_1971.pdf,c52c4590428e39479d5ff8883fd639ef3c6dd61dea70e91fa69dc88932aacf95,26,27,8,9,E:\Archival-Digitisation-Project\1971_Trimmed_PDF\Uttar_Pradesh\metadata\document.xlsx,4bf05d889c56070f43e73558469b6cab4e2a96f37cf6cc1e9a7aa54c7efd5abe,2026-08-29T15:08:55.038399+00:00
6,,Sikandra Rao,,H(2),,16,,...,,...,,...,,...,,...,,3,,3,,14,,1,,...,,1,,...,,PL(1) RR(1),,ORDINARY,,False,5,0,2,14,aligarh_mededu_1971,Aligarh,Uttar Pradesh,1971,format_002,aligarh_mededu_001,aligarh_mededu_1971.pdf,c52c4590428e39479d5ff8883fd639ef3c6dd61dea70e91fa69dc88932aacf95,26,27,8,9,E:\Archival-Digitisation-Project\1971_Trimmed_PDF\Uttar_Pradesh\metadata\document.xlsx,4bf05d889c56070f43e73558469b6cab4e2a96f37cf6cc1e9a7aa54c7efd5abe,2026-08-29T15:08:55.038399+00:00
6,,Sikandra Rao,,*O(1),,...,,...,,...,,...,,...,,...,,3,,3,,14,,1,,...,,1,,...,,PL(1) RR(1),,ORDINARY,,False,5,1,2,15,aligarh_mededu_1971,Aligarh,Uttar Pradesh,1971,format_002,aligarh_mededu_001,aligarh_mededu_1971.pdf,c52c4590428e39479d5ff8883fd639ef3c6dd61dea70e91fa69dc88932aacf95,26,27,8,9,E:\Archival-Digitisation-Project\1971_Trimmed_PDF\Uttar_Pradesh\metadata\document.xlsx,4bf05d889c56070f43e73558469b6cab4e2a96f37cf6cc1e9a7aa54c7efd5abe,2026-08-29T15:08:55.038399+00:00
1,,Allahabad See Allahabad City Urban Agglomeration,,,,,,,,,,,,,,,,,,,,,,,,,,,,,,,,CROSS_REFERENCE,Allahabad City Urban Agglomeration,False,0,0,1,0,allahabad_mededu_1971,Allahabad,Uttar Pradesh,1971,format_002,allahabad_mededu_001,allahabad_mededu_1971.pdf,986d5ce93c13c81ebcc49cf0e76efd61235c1fb132a969d895ee095df9c60ba3,27,28,8,9,E:\Archival-Digitisation-Project\1971_Trimmed_PDF\Uttar_Pradesh\metadata\document.xlsx,4bf05d889c56070f43e73558469b6cab4e2a96f37cf6cc1e9a7aa54c7efd5abe,2026-08-29T15:09:02.287504+00:00
2,,Allahabad Cantt. See Allahabad City Urban Agglomeration,,,,,,,,,,,,,,,,,,,,,,,,,,,,,,,,CROSS_REFERENCE,Allahabad City Urban Agglomeration,False,1,0,1,1,allahabad_mededu_1971,Allahabad,Uttar Pradesh,1971,format_002,allahabad_mededu_001,allahabad_mededu_1971.pdf,986d5ce93c13c81ebcc49cf0e76efd61235c1fb132a969d895ee095df9c60ba3,27,28,8,9,E:\Archival-Digitisation-Project\1971_Trimmed_PDF\Uttar_Pradesh\metadata\document.xlsx,4bf05d889c56070f43e73558469b6cab4e2a96f37cf6cc1e9a7aa54c7efd5abe,2026-08-29T15:09:02.287504+00:00
,,ALLAHABAD CITY URBAN AGGLOMERATION,,H (18),,"1,460",,A (3) AS (2) S (1),,1,,1,,3,,Sh. type (3),,26,,48,,307,,52,,3,,11,,7,,PL (20) RR (1),,AGGREGATE,,False,2,0,6,2,allahabad_mededu_1971,Allahabad,Uttar Pradesh,1971,format_002,allahabad_mededu_001,allahabad_mededu_1971.pdf,986d5ce93c13c81ebcc49cf0e76efd61235c1fb132a969d895ee095df9c60ba3,27,28,8,9,E:\Archival-Digitisation-Project\1971_Trimmed_PDF\Uttar_Pradesh\metadata\document.xlsx,4bf05d889c56070f43e73558469b6cab4e2a96f37cf6cc1e9a7aa54c7efd5abe,2026-08-29T15:09:02.287504+00:00
,,ALLAHABAD CITY URBAN AGGLOMERATION,,D (3),,...,,A (3) AS (2) S (1),,1,,1,,3,,Sh. type (3),,26,,48,,307,,52,,3,,11,,7,,PL (20) RR (1),,AGGREGATE,,False,2,1,6,3,allahabad_mededu_1971,Allahabad,Uttar Pradesh,1971,format_002,allahabad_mededu_001,allahabad_mededu_1971.pdf,986d5ce93c13c81ebcc49cf0e76efd61235c1fb132a969d895ee095df9c60ba3,27,28,8,9,E:\Archival-Digitisation-Project\1971_Trimmed_PDF\Uttar_Pradesh\metadata\document.xlsx,4bf05d889c56070f43e73558469b6cab4e2a96f37cf6cc1e9a7aa54c7efd5abe,2026-08-29T15:09:02.287504+00:00
,,ALLAHABAD CITY URBAN AGGLOMERATION,,TBC (2),,...,,A (3) AS (2) S (1),,1,,1,,3,,Sh. type (3),,26,,48,,307,,52,,3,,11,,7,,PL (20) RR (1),,AGGREGATE,,False,2,2,6,4,allahabad_mededu_1971,Allahabad,Uttar Pradesh,1971,format_002,allahabad_mededu_001,allahabad_mededu_1971.pdf,986d5ce93c13c81ebcc49cf0e76efd61235c1fb132a969d895ee095df9c60ba3,27,28,8,9,E:\Archival-Digitisation-Project\1971_Trimmed_PDF\Uttar_Pradesh\metadata\document.xlsx,4bf05d889c56070f43e73558469b6cab4e2a96f37cf6cc1e9a7aa54c7efd5abe,2026-08-29T15:09:02.287504+00:00
,,ALLAHABAD CITY URBAN AGGLOMERATION,,NH (1),,...,,A (3) AS (2) S (1),,1,,1,,3,,Sh. type (3),,26,,48,,307,,52,,3,,11,,7,,PL (20) RR (1),,AGGREGATE,,False,2,3,6,5,allahabad_mededu_1971,Allahabad,Uttar Pradesh,1971,format_002,allahabad_mededu_001,allahabad_mededu_1971.pdf,986d5ce93c13c81ebcc49cf0e76efd61235c1fb132a969d895ee095df9c60ba3,27,28,8,9,E:\Archival-Digitisation-Project\1971_Trimmed_PDF\Uttar_Pradesh\metadata\document.xlsx,4bf05d889c56070f43e73558469b6cab4e2a96f37cf6cc1e9a7aa54c7efd5abe,2026-08-29T15:09:02.287504+00:00
,,ALLAHABAD CITY URBAN AGGLOMERATION,,FC (4),,...,,A (3) AS (2) S (1),,1,,1,,3,,Sh. type (3),,26,,48,,307,,52,,3,,11,,7,,PL (20) RR (1),,AGGREGATE,,False,2,4,6,6,allahabad_mededu_1971,Allahabad,Uttar Pradesh,1971,format_002,allahabad_mededu_001,allahabad_mededu_1971.pdf,986d5ce93c13c81ebcc49cf0e76efd61235c1fb132a969d895ee095df9c60ba3,27,28,8,9,E:\Archival-Digitisation-Project\1971_Trimmed_PDF\Uttar_Pradesh\metadata\document.xlsx,4bf05d889c56070f43e73558469b6cab4e2a96f37cf6cc1e9a7aa54c7efd5abe,2026-08-29T15:09:02.287504+00:00
,,ALLAHABAD CITY URBAN AGGLOMERATION,,*O (1),,100,,A (3) AS (2) S (1),,1,,1,,3,,Sh. type (3),,26,,48,,307,,52,,3,,11,,7,,PL (20) RR (1),,AGGREGATE,,False,2,5,6,7,allahabad_mededu_1971,Allahabad,Uttar Pradesh,1971,format_002,allahabad_mededu_001,allahabad_mededu_1971.pdf,986d5ce93c13c81ebcc49cf0e76efd61235c1fb132a969d895ee095df9c60ba3,27,28,8,9,E:\Archival-Digitisation-Project\1971_Trimmed_PDF\Uttar_Pradesh\metadata\document.xlsx,4bf05d889c56070f43e73558469b6cab4e2a96f37cf6cc1e9a7aa54c7efd5abe,2026-08-29T15:09:02.287504+00:00
(i),,Allahabad,,H (17),,"1,436",,A (3) AS (2) S (1),,1,,1,,3,,Sh. type (3),,26,,47,,304,,52,,3,,11,,6,,PL (20),,COMPONENT,,False,3,0,6,8,allahabad_mededu_1971,Allahabad,Uttar Pradesh,1971,format_002,allahabad_mededu_001,allahabad_mededu_1971.pdf,986d5ce93c13c81ebcc49cf0e76efd61235c1fb132a969d895ee095df9c60ba3,27,28,8,9,E:\Archival-Digitisation-Project\1971_Trimmed_PDF\Uttar_Pradesh\metadata\document.xlsx,4bf05d889c56070f43e73558469b6cab4e2a96f37cf6cc1e9a7aa54c7efd5abe,2026-08-29T15:09:02.287504+00:00
(i),,Allahabad,,D (2),,...,,A (3) AS (2) S (1),,1,,1,,3,,Sh. type (3),,26,,47,,304,,52,,3,,11,,6,,PL (20),,COMPONENT,,False,3,1,6,9,allahabad_mededu_1971,Allahabad,Uttar Pradesh,1971,format_002,allahabad_mededu_001,allahabad_mededu_1971.pdf,986d5ce93c13c81ebcc49cf0e76efd61235c1fb132a969d895ee095df9c60ba3,27,28,8,9,E:\Archival-Digitisation-Project\1971_Trimmed_PDF\Uttar_Pradesh\metadata\document.xlsx,4bf05d889c56070f43e73558469b6cab4e2a96f37cf6cc1e9a7aa54c7efd5abe,2026-08-29T15:09:02.287504+00:00
(i),,Allahabad,,TBC (2),,...,,A (3) AS (2) S (1),,1,,1,,3,,Sh. type (3),,26,,47,,304,,52,,3,,11,,6,,PL (20),,COMPONENT,,False,3,2,6,10,allahabad_mededu_1971,Allahabad,Uttar Pradesh,1971,format_002,allahabad_mededu_001,allahabad_mededu_1971.pdf,986d5ce93c13c81ebcc49cf0e76efd61235c1fb132a969d895ee095df9c60ba3,27,28,8,9,E:\Archival-Digitisation-Project\1971_Trimmed_PDF\Uttar_Pradesh\metadata\document.xlsx,4bf05d889c56070f43e73558469b6cab4e2a96f37cf6cc1e9a7aa54c7efd5abe,2026-08-29T15:09:02.287504+00:00
(i),,Allahabad,,NH (1),,...,,A (3) AS (2) S (1),,1,,1,,3,,Sh. type (3),,26,,47,,304,,52,,3,,11,,6,,PL (20),,COMPONENT,,False,3,3,6,11,allahabad_mededu_1971,Allahabad,Uttar Pradesh,1971,format_002,allahabad_mededu_001,allahabad_mededu_1971.pdf,986d5ce93c13c81ebcc49cf0e76efd61235c1fb132a969d895ee095df9c60ba3,27,28,8,9,E:\Archival-Digitisation-Project\1971_Trimmed_PDF\Uttar_Pradesh\metadata\document.xlsx,4bf05d889c56070f43e73558469b6cab4e2a96f37cf6cc1e9a7aa54c7efd5abe,2026-08-29T15:09:02.287504+00:00
(i),,Allahabad,,FC (4),,...,,A (3) AS (2) S (1),,1,,1,,3,,Sh. type (3),,26,,47,,304,,52,,3,,11,,6,,PL (20),,COMPONENT,,False,3,4,6,12,allahabad_mededu_1971,Allahabad,Uttar Pradesh,1971,format_002,allahabad_mededu_001,allahabad_mededu_1971.pdf,986d5ce93c13c81ebcc49cf0e76efd61235c1fb132a969d895ee095df9c60ba3,27,28,8,9,E:\Archival-Digitisation-Project\1971_Trimmed_PDF\Uttar_Pradesh\metadata\document.xlsx,4bf05d889c56070f43e73558469b6cab4e2a96f37cf6cc1e9a7aa54c7efd5abe,2026-08-29T15:09:02.287504+00:00
(i),,Allahabad,,*O (1),,100,,A (3) AS (2) S (1),,1,,1,,3,,Sh. type (3),,26,,47,,304,,52,,3,,11,,6,,PL (20),,COMPONENT,,False,3,5,6,13,allahabad_mededu_1971,Allahabad,Uttar Pradesh,1971,format_002,allahabad_mededu_001,allahabad_mededu_1971.pdf,986d5ce93c13c81ebcc49cf0e76efd61235c1fb132a969d895ee095df9c60ba3,27,28,8,9,E:\Archival-Digitisation-Project\1971_Trimmed_PDF\Uttar_Pradesh\metadata\document.xlsx,4bf05d889c56070f43e73558469b6cab4e2a96f37cf6cc1e9a7aa54c7efd5abe,2026-08-29T15:09:02.287504+00:00
(ii),,Allahabad Cantt.,,H (1),,24,,...,,...,,...,,...,,...,,...,,1,,3,,...,,...,,...,,...,,RR (1),,COMPONENT,,False,4,0,1,14,allahabad_mededu_1971,Allahabad,Uttar Pradesh,1971,format_002,allahabad_mededu_001,allahabad_mededu_1971.pdf,986d5ce93c13c81ebcc49cf0e76efd61235c1fb132a969d895ee095df9c60ba3,27,28,8,9,E:\Archival-Digitisation-Project\1971_Trimmed_PDF\Uttar_Pradesh\metadata\document.xlsx,4bf05d889c56070f43e73558469b6cab4e2a96f37cf6cc1e9a7aa54c7efd5abe,2026-08-29T15:09:02.287504+00:00
(iii),,Subedarganj Rly. Colony,,D (1),,...,,...,,...,,...,,...,,...,,...,,...,,...,,...,,...,,...,,1,,...,,COMPONENT,,False,5,0,1,15,allahabad_mededu_1971,Allahabad,Uttar Pradesh,1971,format_002,allahabad_mededu_001,allahabad_mededu_1971.pdf,986d5ce93c13c81ebcc49cf0e76efd61235c1fb132a969d895ee095df9c60ba3,27,28,8,9,E:\Archival-Digitisation-Project\1971_Trimmed_PDF\Uttar_Pradesh\metadata\document.xlsx,4bf05d889c56070f43e73558469b6cab4e2a96f37cf6cc1e9a7aa54c7efd5abe,2026-08-29T15:09:02.287504+00:00
3,,Bharatganj,,D (1),,...,,...,,...,,...,,...,,...,,1,,...,,2,,...,,...,,...,,...,,...,,ORDINARY,,False,6,0,1,16,allahabad_mededu_1971,Allahabad,Uttar Pradesh,1971,format_002,allahabad_mededu_001,allahabad_mededu_1971.pdf,986d5ce93c13c81ebcc49cf0e76efd61235c1fb132a969d895ee095df9c60ba3,27,28,8,9,E:\Archival-Digitisation-Project\1971_Trimmed_PDF\Uttar_Pradesh\metadata\document.xlsx,4bf05d889c56070f43e73558469b6cab4e2a96f37cf6cc1e9a7aa54c7efd5abe,2026-08-29T15:09:02.287504+00:00
4,,Mauaima,,...,,...,,...,,...,,...,,...,,...,,1,,2,,1,,3,,...,,...,,...,,...,,ORDINARY,,False,7,0,1,17,allahabad_mededu_1971,Allahabad,Uttar Pradesh,1971,format_002,allahabad_mededu_001,allahabad_mededu_1971.pdf,986d5ce93c13c81ebcc49cf0e76efd61235c1fb132a969d895ee095df9c60ba3,27,28,8,9,E:\Archival-Digitisation-Project\1971_Trimmed_PDF\Uttar_Pradesh\metadata\document.xlsx,4bf05d889c56070f43e73558469b6cab4e2a96f37cf6cc1e9a7aa54c7efd5abe,2026-08-29T15:09:02.287504+00:00
5,,Phulpur,,H (1),,4,,...,,...,,...,,...,,...,,3,,1,,3,,...,,...,,...,,...,,PL (1),,ORDINARY,,False,8,0,2,18,allahabad_mededu_1971,Allahabad,Uttar Pradesh,1971,format_002,allahabad_mededu_001,allahabad_mededu_1971.pdf,986d5ce93c13c81ebcc49cf0e76efd61235c1fb132a969d895ee095df9c60ba3,27,28,8,9,E:\Archival-Digitisation-Project\1971_Trimmed_PDF\Uttar_Pradesh\metadata\document.xlsx,4bf05d889c56070f43e73558469b6cab4e2a96f37cf6cc1e9a7aa54c7efd5abe,2026-08-29T15:09:02.287504+00:00
5,,Phulpur,,HC (1),,...,,...,,...,,...,,...,,...,,3,,1,,3,,...,,...,,...,,...,,PL (1),,ORDINARY,,False,8,1,2,19,allahabad_mededu_1971,Allahabad,Uttar Pradesh,1971,format_002,allahabad_mededu_001,allahabad_mededu_1971.pdf,986d5ce93c13c81ebcc49cf0e76efd61235c1fb132a969d895ee095df9c60ba3,27,28,8,9,E:\Archival-Digitisation-Project\1971_Trimmed_PDF\Uttar_Pradesh\metadata\document.xlsx,4bf05d889c56070f43e73558469b6cab4e2a96f37cf6cc1e9a7aa54c7efd5abe,2026-08-29T15:09:02.287504+00:00
6,,Sirsa,,D (1),,4,,...,,...,,...,,...,,...,,3,,1,,3,,...,,...,,...,,...,,PL (1),,ORDINARY,,False,9,0,1,20,allahabad_mededu_1971,Allahabad,Uttar Pradesh,1971,format_002,allahabad_mededu_001,allahabad_mededu_1971.pdf,986d5ce93c13c81ebcc49cf0e76efd61235c1fb132a969d895ee095df9c60ba3,27,28,8,9,E:\Archival-Digitisation-Project\1971_Trimmed_PDF\Uttar_Pradesh\metadata\document.xlsx,4bf05d889c56070f43e73558469b6cab4e2a96f37cf6cc1e9a7aa54c7efd5abe,2026-08-29T15:09:02.287504+00:00
7,,Subedarganj Rly. Colony See Allahabad City Urban Agglomeration,,,,,,,,,,,,,,,,,,,,,,,,,,,,,,,,CROSS_REFERENCE,Allahabad City Urban Agglomeration,False,10,0,1,21,allahabad_mededu_1971,Allahabad,Uttar Pradesh,1971,format_002,allahabad_mededu_001,allahabad_mededu_1971.pdf,986d5ce93c13c81ebcc49cf0e76efd61235c1fb132a969d895ee095df9c60ba3,27,28,8,9,E:\Archival-Digitisation-Project\1971_Trimmed_PDF\Uttar_Pradesh\metadata\document.xlsx,4bf05d889c56070f43e73558469b6cab4e2a96f37cf6cc1e9a7aa54c7efd5abe,2026-08-29T15:09:02.287504+00:00
1,,Almora See Almora Urban Agglomeration,,,,,,,,,,,,,,,,,,,,,,,,,,,,,,,,CROSS_REFERENCE,Almora Urban Agglomeration,False,0,0,1,0,almora_mededu_1971,Almora,Uttar Pradesh,1971,format_002,almora_mededu_001,almora_mededu_1971.pdf,3766e7bd7375f3cdfc7d620138a5c99d6c8c86d8c30b9e12716e160531a1dd05,21,22,6,7,E:\Archival-Digitisation-Project\1971_Trimmed_PDF\Uttar_Pradesh\metadata\document.xlsx,4bf05d889c56070f43e73558469b6cab4e2a96f37cf6cc1e9a7aa54c7efd5abe,2026-08-29T15:09:05.790304+00:00
2,,Almora Cantt. See Almora Urban Agglomeration,,,,,,,,,,,,,,,,,,,,,,,,,,,,,,,,CROSS_REFERENCE,Almora Urban Agglomeration,False,1,0,1,1,almora_mededu_1971,Almora,Uttar Pradesh,1971,format_002,almora_mededu_001,almora_mededu_1971.pdf,3766e7bd7375f3cdfc7d620138a5c99d6c8c86d8c30b9e12716e160531a1dd05,21,22,6,7,E:\Archival-Digitisation-Project\1971_Trimmed_PDF\Uttar_Pradesh\metadata\document.xlsx,4bf05d889c56070f43e73558469b6cab4e2a96f37cf6cc1e9a7aa54c7efd5abe,2026-08-29T15:09:05.790304+00:00
,,Almora Urban Agglomeration,,H(5),,235,,ASC (1),,...,,...,,...,,Sh. type (1) O (1),,6,,1,,15,,...,,...,,2,,...,,PL (2) RR (2),,AGGREGATE,,False,2,0,4,2,almora_mededu_1971,Almora,Uttar Pradesh,1971,format_002,almora_mededu_001,almora_mededu_1971.pdf,3766e7bd7375f3cdfc7d620138a5c99d6c8c86d8c30b9e12716e160531a1dd05,21,22,6,7,E:\Archival-Digitisation-Project\1971_Trimmed_PDF\Uttar_Pradesh\metadata\document.xlsx,4bf05d889c56070f43e73558469b6cab4e2a96f37cf6cc1e9a7aa54c7efd5abe,2026-08-29T15:09:05.790304+00:00
,,Almora Urban Agglomeration,,TBC(1),,...,,ASC (1),,...,,...,,...,,Sh. type (1) O (1),,6,,1,,15,,...,,...,,2,,...,,PL (2) RR (2),,AGGREGATE,,False,2,1,4,3,almora_mededu_1971,Almora,Uttar Pradesh,1971,format_002,almora_mededu_001,almora_mededu_1971.pdf,3766e7bd7375f3cdfc7d620138a5c99d6c8c86d8c30b9e12716e160531a1dd05,21,22,6,7,E:\Archival-Digitisation-Project\1971_Trimmed_PDF\Uttar_Pradesh\metadata\document.xlsx,4bf05d889c56070f43e73558469b6cab4e2a96f37cf6cc1e9a7aa54c7efd5abe,2026-08-29T15:09:05.790304+00:00
,,Almora Urban Agglomeration,,FC(1),,...,,ASC (1),,...,,...,,...,,Sh. type (1) O (1),,6,,1,,15,,...,,...,,2,,...,,PL (2) RR (2),,AGGREGATE,,False,2,2,4,4,almora_mededu_1971,Almora,Uttar Pradesh,1971,format_002,almora_mededu_001,almora_mededu_1971.pdf,3766e7bd7375f3cdfc7d620138a5c99d6c8c86d8c30b9e12716e160531a1dd05,21,22,6,7,E:\Archival-Digitisation-Project\1971_Trimmed_PDF\Uttar_Pradesh\metadata\document.xlsx,4bf05d889c56070f43e73558469b6cab4e2a96f37cf6cc1e9a7aa54c7efd5abe,2026-08-29T15:09:05.790304+00:00
,,Almora Urban Agglomeration,,*O(1),,...,,ASC (1),,...,,...,,...,,Sh. type (1) O (1),,6,,1,,15,,...,,...,,2,,...,,PL (2) RR (2),,AGGREGATE,,False,2,3,4,5,almora_mededu_1971,Almora,Uttar Pradesh,1971,format_002,almora_mededu_001,almora_mededu_1971.pdf,3766e7bd7375f3cdfc7d620138a5c99d6c8c86d8c30b9e12716e160531a1dd05,21,22,6,7,E:\Archival-Digitisation-Project\1971_Trimmed_PDF\Uttar_Pradesh\metadata\document.xlsx,4bf05d889c56070f43e73558469b6cab4e2a96f37cf6cc1e9a7aa54c7efd5abe,2026-08-29T15:09:05.790304+00:00
(i),,Almora,,H(5),,235,,ASC (1),,...,,...,,...,,Sh. type (1) O (1),,6,,1,,15,,...,,...,,2,,...,,PL (2) RR (2),,COMPONENT,,False,3,0,4,6,almora_mededu_1971,Almora,Uttar Pradesh,1971,format_002,almora_mededu_001,almora_mededu_1971.pdf,3766e7bd7375f3cdfc7d620138a5c99d6c8c86d8c30b9e12716e160531a1dd05,21,22,6,7,E:\Archival-Digitisation-Project\1971_Trimmed_PDF\Uttar_Pradesh\metadata\document.xlsx,4bf05d889c56070f43e73558469b6cab4e2a96f37cf6cc1e9a7aa54c7efd5abe,2026-08-29T15:09:05.790304+00:00
(i),,Almora,,TBC(1),,...,,ASC (1),,...,,...,,...,,Sh. type (1) O (1),,6,,1,,15,,...,,...,,2,,...,,PL (2) RR (2),,COMPONENT,,False,3,1,4,7,almora_mededu_1971,Almora,Uttar Pradesh,1971,format_002,almora_mededu_001,almora_mededu_1971.pdf,3766e7bd7375f3cdfc7d620138a5c99d6c8c86d8c30b9e12716e160531a1dd05,21,22,6,7,E:\Archival-Digitisation-Project\1971_Trimmed_PDF\Uttar_Pradesh\metadata\document.xlsx,4bf05d889c56070f43e73558469b6cab4e2a96f37cf6cc1e9a7aa54c7efd5abe,2026-08-29T15:09:05.790304+00:00
(i),,Almora,,FC(1),,...,,ASC (1),,...,,...,,...,,Sh. type (1) O (1),,6,,1,,15,,...,,...,,2,,...,,PL (2) RR (2),,COMPONENT,,False,3,2,4,8,almora_mededu_1971,Almora,Uttar Pradesh,1971,format_002,almora_mededu_001,almora_mededu_1971.pdf,3766e7bd7375f3cdfc7d620138a5c99d6c8c86d8c30b9e12716e160531a1dd05,21,22,6,7,E:\Archival-Digitisation-Project\1971_Trimmed_PDF\Uttar_Pradesh\metadata\document.xlsx,4bf05d889c56070f43e73558469b6cab4e2a96f37cf6cc1e9a7aa54c7efd5abe,2026-08-29T15:09:05.790304+00:00
(i),,Almora,,*O(1),,...,,ASC (1),,...,,...,,...,,Sh. type (1) O (1),,6,,1,,15,,...,,...,,2,,...,,PL (2) RR (2),,COMPONENT,,False,3,3,4,9,almora_mededu_1971,Almora,Uttar Pradesh,1971,format_002,almora_mededu_001,almora_mededu_1971.pdf,3766e7bd7375f3cdfc7d620138a5c99d6c8c86d8c30b9e12716e160531a1dd05,21,22,6,7,E:\Archival-Digitisation-Project\1971_Trimmed_PDF\Uttar_Pradesh\metadata\document.xlsx,4bf05d889c56070f43e73558469b6cab4e2a96f37cf6cc1e9a7aa54c7efd5abe,2026-08-29T15:09:05.790304+00:00
(ii),,Almora Cantt.,,...,,...,,...,,...,,...,,...,,...,,...,,...,,...,,...,,...,,...,,...,,...,,COMPONENT,,False,4,0,1,10,almora_mededu_1971,Almora,Uttar Pradesh,1971,format_002,almora_mededu_001,almora_mededu_1971.pdf,3766e7bd7375f3cdfc7d620138a5c99d6c8c86d8c30b9e12716e160531a1dd05,21,22,6,7,E:\Archival-Digitisation-Project\1971_Trimmed_PDF\Uttar_Pradesh\metadata\document.xlsx,4bf05d889c56070f43e73558469b6cab4e2a96f37cf6cc1e9a7aa54c7efd5abe,2026-08-29T15:09:05.790304+00:00
3,,Bageshwar,,H(2),,12,,...,,...,,...,,...,,...,,1,,2,,6,,...,,...,,...,,...,,PL (1) RR (1),,ORDINARY,,False,5,0,2,11,almora_mededu_1971,Almora,Uttar Pradesh,1971,format_002,almora_mededu_001,almora_mededu_1971.pdf,3766e7bd7375f3cdfc7d620138a5c99d6c8c86d8c30b9e12716e160531a1dd05,21,22,6,7,E:\Archival-Digitisation-Project\1971_Trimmed_PDF\Uttar_Pradesh\metadata\document.xlsx,4bf05d889c56070f43e73558469b6cab4e2a96f37cf6cc1e9a7aa54c7efd5abe,2026-08-29T15:09:05.790304+00:00
3,,Bageshwar,,HC(1),,6,,...,,...,,...,,...,,...,,1,,2,,6,,...,,...,,...,,...,,PL (1) RR (1),,ORDINARY,,False,5,1,2,12,almora_mededu_1971,Almora,Uttar Pradesh,1971,format_002,almora_mededu_001,almora_mededu_1971.pdf,3766e7bd7375f3cdfc7d620138a5c99d6c8c86d8c30b9e12716e160531a1dd05,21,22,6,7,E:\Archival-Digitisation-Project\1971_Trimmed_PDF\Uttar_Pradesh\metadata\document.xlsx,4bf05d889c56070f43e73558469b6cab4e2a96f37cf6cc1e9a7aa54c7efd5abe,2026-08-29T15:09:05.790304+00:00
4,,Ranikhet Cantt.,,H (3),,45,,...,,...,,...,,...,,Sh. type (2) O (1),,4,,3,,6,,...,,...,,2,,1,,RR (1),,ORDINARY,,False,6,0,4,13,almora_mededu_1971,Almora,Uttar Pradesh,1971,format_002,almora_mededu_001,almora_mededu_1971.pdf,3766e7bd7375f3cdfc7d620138a5c99d6c8c86d8c30b9e12716e160531a1dd05,21,22,6,7,E:\Archival-Digitisation-Project\1971_Trimmed_PDF\Uttar_Pradesh\metadata\document.xlsx,4bf05d889c56070f43e73558469b6cab4e2a96f37cf6cc1e9a7aa54c7efd5abe,2026-08-29T15:09:05.790304+00:00
4,,Ranikhet Cantt.,,D (1),,...,,...,,...,,...,,...,,Sh. type (2) O (1),,4,,3,,6,,...,,...,,2,,1,,RR (1),,ORDINARY,,False,6,1,4,14,almora_mededu_1971,Almora,Uttar Pradesh,1971,format_002,almora_mededu_001,almora_mededu_1971.pdf,3766e7bd7375f3cdfc7d620138a5c99d6c8c86d8c30b9e12716e160531a1dd05,21,22,6,7,E:\Archival-Digitisation-Project\1971_Trimmed_PDF\Uttar_Pradesh\metadata\document.xlsx,4bf05d889c56070f43e73558469b6cab4e2a96f37cf6cc1e9a7aa54c7efd5abe,2026-08-29T15:09:05.790304+00:00
4,,Ranikhet Cantt.,,FC (1),,...,,...,,...,,...,,...,,Sh. type (2) O (1),,4,,3,,6,,...,,...,,2,,1,,RR (1),,ORDINARY,,False,6,2,4,15,almora_mededu_1971,Almora,Uttar Pradesh,1971,format_002,almora_mededu_001,almora_mededu_1971.pdf,3766e7bd7375f3cdfc7d620138a5c99d6c8c86d8c30b9e12716e160531a1dd05,21,22,6,7,E:\Archival-Digitisation-Project\1971_Trimmed_PDF\Uttar_Pradesh\metadata\document.xlsx,4bf05d889c56070f43e73558469b6cab4e2a96f37cf6cc1e9a7aa54c7efd5abe,2026-08-29T15:09:05.790304+00:00
4,,Ranikhet Cantt.,,*O (1),,...,,...,,...,,...,,...,,Sh. type (2) O (1),,4,,3,,6,,...,,...,,2,,1,,RR (1),,ORDINARY,,False,6,3,4,16,almora_mededu_1971,Almora,Uttar Pradesh,1971,format_002,almora_mededu_001,almora_mededu_1971.pdf,3766e7bd7375f3cdfc7d620138a5c99d6c8c86d8c30b9e12716e160531a1dd05,21,22,6,7,E:\Archival-Digitisation-Project\1971_Trimmed_PDF\Uttar_Pradesh\metadata\document.xlsx,4bf05d889c56070f43e73558469b6cab4e2a96f37cf6cc1e9a7aa54c7efd5abe,2026-08-29T15:09:05.790304+00:00
1,,Azamgarh,,H(2),,167,,ASC(3),,...,,...,,1,,...,,6,,5,,21,,1,,...,,2,,...,,PL (6),,ORDINARY,,False,0,0,5,0,azamgarh_mededu_1971,Azamgarh,Uttar Pradesh,1971,format_002,azamgarh_mededu_001,azamgarh_mededu_1971.pdf,d0c1df49df3072d58912faaea17a7f6b20a037b28b0acabada8b0a7b8dcd2db1,25,26,8,9,E:\Archival-Digitisation-Project\1971_Trimmed_PDF\Uttar_Pradesh\metadata\document.xlsx,4bf05d889c56070f43e73558469b6cab4e2a96f37cf6cc1e9a7aa54c7efd5abe,2026-08-29T15:09:16.998000+00:00
1,,Azamgarh,,D(2),,...,,ASC(3),,...,,...,,1,,...,,6,,5,,21,,1,,...,,2,,...,,PL (6),,ORDINARY,,False,0,1,5,1,azamgarh_mededu_1971,Azamgarh,Uttar Pradesh,1971,format_002,azamgarh_mededu_001,azamgarh_mededu_1971.pdf,d0c1df49df3072d58912faaea17a7f6b20a037b28b0acabada8b0a7b8dcd2db1,25,26,8,9,E:\Archival-Digitisation-Project\1971_Trimmed_PDF\Uttar_Pradesh\metadata\document.xlsx,4bf05d889c56070f43e73558469b6cab4e2a96f37cf6cc1e9a7aa54c7efd5abe,2026-08-29T15:09:16.998000+00:00
1,,Azamgarh,,TBC(1),,...,,ASC(3),,...,,...,,1,,...,,6,,5,,21,,1,,...,,2,,...,,PL (6),,ORDINARY,,False,0,2,5,2,azamgarh_mededu_1971,Azamgarh,Uttar Pradesh,1971,format_002,azamgarh_mededu_001,azamgarh_mededu_1971.pdf,d0c1df49df3072d58912faaea17a7f6b20a037b28b0acabada8b0a7b8dcd2db1,25,26,8,9,E:\Archival-Digitisation-Project\1971_Trimmed_PDF\Uttar_Pradesh\metadata\document.xlsx,4bf05d889c56070f43e73558469b6cab4e2a96f37cf6cc1e9a7aa54c7efd5abe,2026-08-29T15:09:16.998000+00:00
1,,Azamgarh,,HC(1),,...,,ASC(3),,...,,...,,1,,...,,6,,5,,21,,1,,...,,2,,...,,PL (6),,ORDINARY,,False,0,3,5,3,azamgarh_mededu_1971,Azamgarh,Uttar Pradesh,1971,format_002,azamgarh_mededu_001,azamgarh_mededu_1971.pdf,d0c1df49df3072d58912faaea17a7f6b20a037b28b0acabada8b0a7b8dcd2db1,25,26,8,9,E:\Archival-Digitisation-Project\1971_Trimmed_PDF\Uttar_Pradesh\metadata\document.xlsx,4bf05d889c56070f43e73558469b6cab4e2a96f37cf6cc1e9a7aa54c7efd5abe,2026-08-29T15:09:16.998000+00:00
1,,Azamgarh,,FC(1),,...,,ASC(3),,...,,...,,1,,...,,6,,5,,21,,1,,...,,2,,...,,PL (6),,ORDINARY,,False,0,4,5,4,azamgarh_mededu_1971,Azamgarh,Uttar Pradesh,1971,format_002,azamgarh_mededu_001,azamgarh_mededu_1971.pdf,d0c1df49df3072d58912faaea17a7f6b20a037b28b0acabada8b0a7b8dcd2db1,25,26,8,9,E:\Archival-Digitisation-Project\1971_Trimmed_PDF\Uttar_Pradesh\metadata\document.xlsx,4bf05d889c56070f43e73558469b6cab4e2a96f37cf6cc1e9a7aa54c7efd5abe,2026-08-29T15:09:16.998000+00:00
2,,Kopaganj,,H(1),,8,,...,,...,,...,,...,,...,,1,,1,,3,,4,,...,,...,,...,,...,,ORDINARY,,False,1,0,2,5,azamgarh_mededu_1971,Azamgarh,Uttar Pradesh,1971,format_002,azamgarh_mededu_001,azamgarh_mededu_1971.pdf,d0c1df49df3072d58912faaea17a7f6b20a037b28b0acabada8b0a7b8dcd2db1,25,26,8,9,E:\Archival-Digitisation-Project\1971_Trimmed_PDF\Uttar_Pradesh\metadata\document.xlsx,4bf05d889c56070f43e73558469b6cab4e2a96f37cf6cc1e9a7aa54c7efd5abe,2026-08-29T15:09:16.998000+00:00
2,,Kopaganj,,FC(1),,...,,...,,...,,...,,...,,...,,1,,1,,3,,4,,...,,...,,...,,...,,ORDINARY,,False,1,1,2,6,azamgarh_mededu_1971,Azamgarh,Uttar Pradesh,1971,format_002,azamgarh_mededu_001,azamgarh_mededu_1971.pdf,d0c1df49df3072d58912faaea17a7f6b20a037b28b0acabada8b0a7b8dcd2db1,25,26,8,9,E:\Archival-Digitisation-Project\1971_Trimmed_PDF\Uttar_Pradesh\metadata\document.xlsx,4bf05d889c56070f43e73558469b6cab4e2a96f37cf6cc1e9a7aa54c7efd5abe,2026-08-29T15:09:16.998000+00:00
3,,Maunath Bhanjan,,H(1),,12,,A (1),,...,,...,,...,,Sh. Type (1),,6,,2,,40,,1,,...,,2,,1,,PL (3),,ORDINARY,,False,2,0,3,7,azamgarh_mededu_1971,Azamgarh,Uttar Pradesh,1971,format_002,azamgarh_mededu_001,azamgarh_mededu_1971.pdf,d0c1df49df3072d58912faaea17a7f6b20a037b28b0acabada8b0a7b8dcd2db1,25,26,8,9,E:\Archival-Digitisation-Project\1971_Trimmed_PDF\Uttar_Pradesh\metadata\document.xlsx,4bf05d889c56070f43e73558469b6cab4e2a96f37cf6cc1e9a7aa54c7efd5abe,2026-08-29T15:09:16.998000+00:00
3,,Maunath Bhanjan,,TBC(1),,16,,A (1),,...,,...,,...,,Sh. Type (1),,6,,2,,40,,1,,...,,2,,1,,PL (3),,ORDINARY,,False,2,1,3,8,azamgarh_mededu_1971,Azamgarh,Uttar Pradesh,1971,format_002,azamgarh_mededu_001,azamgarh_mededu_1971.pdf,d0c1df49df3072d58912faaea17a7f6b20a037b28b0acabada8b0a7b8dcd2db1,25,26,8,9,E:\Archival-Digitisation-Project\1971_Trimmed_PDF\Uttar_Pradesh\metadata\document.xlsx,4bf05d889c56070f43e73558469b6cab4e2a96f37cf6cc1e9a7aa54c7efd5abe,2026-08-29T15:09:16.998000+00:00
3,,Maunath Bhanjan,,FC(1),,...,,A (1),,...,,...,,...,,Sh. Type (1),,6,,2,,40,,1,,...,,2,,1,,PL (3),,ORDINARY,,False,2,2,3,9,azamgarh_mededu_1971,Azamgarh,Uttar Pradesh,1971,format_002,azamgarh_mededu_001,azamgarh_mededu_1971.pdf,d0c1df49df3072d58912faaea17a7f6b20a037b28b0acabada8b0a7b8dcd2db1,25,26,8,9,E:\Archival-Digitisation-Project\1971_Trimmed_PDF\Uttar_Pradesh\metadata\document.xlsx,4bf05d889c56070f43e73558469b6cab4e2a96f37cf6cc1e9a7aa54c7efd5abe,2026-08-29T15:09:16.998000+00:00
4,,Mubarakpur,,H(1),,10,,...,,...,,...,,...,,...,,2,,1,,2,,15,,...,,...,,...,,...,,ORDINARY,,False,3,0,2,10,azamgarh_mededu_1971,Azamgarh,Uttar Pradesh,1971,format_002,azamgarh_mededu_001,azamgarh_mededu_1971.pdf,d0c1df49df3072d58912faaea17a7f6b20a037b28b0acabada8b0a7b8dcd2db1,25,26,8,9,E:\Archival-Digitisation-Project\1971_Trimmed_PDF\Uttar_Pradesh\metadata\document.xlsx,4bf05d889c56070f43e73558469b6cab4e2a96f37cf6cc1e9a7aa54c7efd5abe,2026-08-29T15:09:16.998000+00:00
4,,Mubarakpur,,FC(1),,...,,...,,...,,...,,...,,...,,2,,1,,2,,15,,...,,...,,...,,...,,ORDINARY,,False,3,1,2,11,azamgarh_mededu_1971,Azamgarh,Uttar Pradesh,1971,format_002,azamgarh_mededu_001,azamgarh_mededu_1971.pdf,d0c1df49df3072d58912faaea17a7f6b20a037b28b0acabada8b0a7b8dcd2db1,25,26,8,9,E:\Archival-Digitisation-Project\1971_Trimmed_PDF\Uttar_Pradesh\metadata\document.xlsx,4bf05d889c56070f43e73558469b6cab4e2a96f37cf6cc1e9a7aa54c7efd5abe,2026-08-29T15:09:16.998000+00:00
5,,Muhammadabad,,H(1),,3,,...,,...,,...,,...,,...,,1,,2,,2,,...,,...,,...,,...,,...,,ORDINARY,,False,4,0,2,12,azamgarh_mededu_1971,Azamgarh,Uttar Pradesh,1971,format_002,azamgarh_mededu_001,azamgarh_mededu_1971.pdf,d0c1df49df3072d58912faaea17a7f6b20a037b28b0acabada8b0a7b8dcd2db1,25,26,8,9,E:\Archival-Digitisation-Project\1971_Trimmed_PDF\Uttar_Pradesh\metadata\document.xlsx,4bf05d889c56070f43e73558469b6cab4e2a96f37cf6cc1e9a7aa54c7efd5abe,2026-08-29T15:09:16.998000+00:00
5,,Muhammadabad,,FC(1),,...,,...,,...,,...,,...,,...,,1,,2,,2,,...,,...,,...,,...,,...,,ORDINARY,,False,4,1,2,13,azamgarh_mededu_1971,Azamgarh,Uttar Pradesh,1971,format_002,azamgarh_mededu_001,azamgarh_mededu_1971.pdf,d0c1df49df3072d58912faaea17a7f6b20a037b28b0acabada8b0a7b8dcd2db1,25,26,8,9,E:\Archival-Digitisation-Project\1971_Trimmed_PDF\Uttar_Pradesh\metadata\document.xlsx,4bf05d889c56070f43e73558469b6cab4e2a96f37cf6cc1e9a7aa54c7efd5abe,2026-08-29T15:09:16.998000+00:00
1,,Bahraich,,H (6),,246,,AS (1),,...,,...,,...,,O (1),,8,,6,,28,,13,,...,,2,,...,,PL (1),,ORDINARY,,False,0,0,5,0,bahraich_mededu_1971,Bahraich,Uttar Pradesh,1971,format_002,bahraich_mededu_001,bahraich_mededu_1971.pdf,2e026e94b41d86876f149af48414efae94f630afd0d972bd5b4d88b14a984032,25,26,6,7,E:\Archival-Digitisation-Project\1971_Trimmed_PDF\Uttar_Pradesh\metadata\document.xlsx,4bf05d889c56070f43e73558469b6cab4e2a96f37cf6cc1e9a7aa54c7efd5abe,2026-08-29T15:09:22.174208+00:00
1,,Bahraich,,D (5),,...,,AS (1),,...,,...,,...,,O (1),,8,,6,,28,,13,,...,,2,,...,,PL (1),,ORDINARY,,False,0,1,5,1,bahraich_mededu_1971,Bahraich,Uttar Pradesh,1971,format_002,bahraich_mededu_001,bahraich_mededu_1971.pdf,2e026e94b41d86876f149af48414efae94f630afd0d972bd5b4d88b14a984032,25,26,6,7,E:\Archival-Digitisation-Project\1971_Trimmed_PDF\Uttar_Pradesh\metadata\document.xlsx,4bf05d889c56070f43e73558469b6cab4e2a96f37cf6cc1e9a7aa54c7efd5abe,2026-08-29T15:09:22.174208+00:00
1,,Bahraich,,TBC (1),,...,,AS (1),,...,,...,,...,,O (1),,8,,6,,28,,13,,...,,2,,...,,PL (1),,ORDINARY,,False,0,2,5,2,bahraich_mededu_1971,Bahraich,Uttar Pradesh,1971,format_002,bahraich_mededu_001,bahraich_mededu_1971.pdf,2e026e94b41d86876f149af48414efae94f630afd0d972bd5b4d88b14a984032,25,26,6,7,E:\Archival-Digitisation-Project\1971_Trimmed_PDF\Uttar_Pradesh\metadata\document.xlsx,4bf05d889c56070f43e73558469b6cab4e2a96f37cf6cc1e9a7aa54c7efd5abe,2026-08-29T15:09:22.174208+00:00
1,,Bahraich,,FC (1),,...,,AS (1),,...,,...,,...,,O (1),,8,,6,,28,,13,,...,,2,,...,,PL (1),,ORDINARY,,False,0,3,5,3,bahraich_mededu_1971,Bahraich,Uttar Pradesh,1971,format_002,bahraich_mededu_001,bahraich_mededu_1971.pdf,2e026e94b41d86876f149af48414efae94f630afd0d972bd5b4d88b14a984032,25,26,6,7,E:\Archival-Digitisation-Project\1971_Trimmed_PDF\Uttar_Pradesh\metadata\document.xlsx,4bf05d889c56070f43e73558469b6cab4e2a96f37cf6cc1e9a7aa54c7efd5abe,2026-08-29T15:09:22.174208+00:00
1,,Bahraich,,*O (1),,...,,AS (1),,...,,...,,...,,O (1),,8,,6,,28,,13,,...,,2,,...,,PL (1),,ORDINARY,,False,0,4,5,4,bahraich_mededu_1971,Bahraich,Uttar Pradesh,1971,format_002,bahraich_mededu_001,bahraich_mededu_1971.pdf,2e026e94b41d86876f149af48414efae94f630afd0d972bd5b4d88b14a984032,25,26,6,7,E:\Archival-Digitisation-Project\1971_Trimmed_PDF\Uttar_Pradesh\metadata\document.xlsx,4bf05d889c56070f43e73558469b6cab4e2a96f37cf6cc1e9a7aa54c7efd5abe,2026-08-29T15:09:22.174208+00:00
2,,Bhinga,,H (2),,18,,...,,...,,...,,...,,...,,1,,2,,5,,3,,...,,...,,...,,...,,ORDINARY,,False,1,0,3,5,bahraich_mededu_1971,Bahraich,Uttar Pradesh,1971,format_002,bahraich_mededu_001,bahraich_mededu_1971.pdf,2e026e94b41d86876f149af48414efae94f630afd0d972bd5b4d88b14a984032,25,26,6,7,E:\Archival-Digitisation-Project\1971_Trimmed_PDF\Uttar_Pradesh\metadata\document.xlsx,4bf05d889c56070f43e73558469b6cab4e2a96f37cf6cc1e9a7aa54c7efd5abe,2026-08-29T15:09:22.174208+00:00
2,,Bhinga,,D (1),,4,,...,,...,,...,,...,,...,,1,,2,,5,,3,,...,,...,,...,,...,,ORDINARY,,False,1,1,3,6,bahraich_mededu_1971,Bahraich,Uttar Pradesh,1971,format_002,bahraich_mededu_001,bahraich_mededu_1971.pdf,2e026e94b41d86876f149af48414efae94f630afd0d972bd5b4d88b14a984032,25,26,6,7,E:\Archival-Digitisation-Project\1971_Trimmed_PDF\Uttar_Pradesh\metadata\document.xlsx,4bf05d889c56070f43e73558469b6cab4e2a96f37cf6cc1e9a7aa54c7efd5abe,2026-08-29T15:09:22.174208+00:00
2,,Bhinga,,*O (1),,...,,...,,...,,...,,...,,...,,1,,2,,5,,3,,...,,...,,...,,...,,ORDINARY,,False,1,2,3,7,bahraich_mededu_1971,Bahraich,Uttar Pradesh,1971,format_002,bahraich_mededu_001,bahraich_mededu_1971.pdf,2e026e94b41d86876f149af48414efae94f630afd0d972bd5b4d88b14a984032,25,26,6,7,E:\Archival-Digitisation-Project\1971_Trimmed_PDF\Uttar_Pradesh\metadata\document.xlsx,4bf05d889c56070f43e73558469b6cab4e2a96f37cf6cc1e9a7aa54c7efd5abe,2026-08-29T15:09:22.174208+00:00
3,,Nanpara,,H (2),,14,,...,,...,,...,,...,,...,,4,,...,,4,,2,,...,,1,,...,,...,,ORDINARY,,False,2,0,2,8,bahraich_mededu_1971,Bahraich,Uttar Pradesh,1971,format_002,bahraich_mededu_001,bahraich_mededu_1971.pdf,2e026e94b41d86876f149af48414efae94f630afd0d972bd5b4d88b14a984032,25,26,6,7,E:\Archival-Digitisation-Project\1971_Trimmed_PDF\Uttar_Pradesh\metadata\document.xlsx,4bf05d889c56070f43e73558469b6cab4e2a96f37cf6cc1e9a7aa54c7efd5abe,2026-08-29T15:09:22.174208+00:00
3,,Nanpara,,FC (1),,...,,...,,...,,...,,...,,...,,4,,...,,4,,2,,...,,1,,...,,...,,ORDINARY,,False,2,1,2,9,bahraich_mededu_1971,Bahraich,Uttar Pradesh,1971,format_002,bahraich_mededu_001,bahraich_mededu_1971.pdf,2e026e94b41d86876f149af48414efae94f630afd0d972bd5b4d88b14a984032,25,26,6,7,E:\Archival-Digitisation-Project\1971_Trimmed_PDF\Uttar_Pradesh\metadata\document.xlsx,4bf05d889c56070f43e73558469b6cab4e2a96f37cf6cc1e9a7aa54c7efd5abe,2026-08-29T15:09:22.174208+00:00
1,,Ballia,,H(5),,165,,"AS(1), Ag C(1)",,...,,...,,1,,Sh. Type (2),,6,,8,,24,,...,,,,2,,2,,PL(1),,ORDINARY,,False,0,0,2,0,baliya_mededu_1971,Baliya,Uttar Pradesh,1971,format_002,baliya_mededu_001,baliya_mededu_1971.pdf,ac48b835d4b55d42e6db38401af75cdcebc2517bee608de5b649783a9570415a,27,28,6,7,E:\Archival-Digitisation-Project\1971_Trimmed_PDF\Uttar_Pradesh\metadata\document.xlsx,4bf05d889c56070f43e73558469b6cab4e2a96f37cf6cc1e9a7aa54c7efd5abe,2026-08-30T14:57:16.282458+00:00
1,,Ballia,,FC(1),,...,,"AS(1), Ag C(1)",,...,,...,,1,,Sh. Type (2),,6,,8,,24,,...,,,,2,,2,,PL(1),,ORDINARY,,False,0,1,2,1,baliya_mededu_1971,Baliya,Uttar Pradesh,1971,format_002,baliya_mededu_001,baliya_mededu_1971.pdf,ac48b835d4b55d42e6db38401af75cdcebc2517bee608de5b649783a9570415a,27,28,6,7,E:\Archival-Digitisation-Project\1971_Trimmed_PDF\Uttar_Pradesh\metadata\document.xlsx,4bf05d889c56070f43e73558469b6cab4e2a96f37cf6cc1e9a7aa54c7efd5abe,2026-08-30T14:57:16.282458+00:00
2,,Rasra,,H(2),,14,,A(1),,..,,...,,...,,-,,1,,3,,5,,...,,.,,.,,.,,PL(2),,ORDINARY,,False,1,0,2,2,baliya_mededu_1971,Baliya,Uttar Pradesh,1971,format_002,baliya_mededu_001,baliya_mededu_1971.pdf,ac48b835d4b55d42e6db38401af75cdcebc2517bee608de5b649783a9570415a,27,28,6,7,E:\Archival-Digitisation-Project\1971_Trimmed_PDF\Uttar_Pradesh\metadata\document.xlsx,4bf05d889c56070f43e73558469b6cab4e2a96f37cf6cc1e9a7aa54c7efd5abe,2026-08-30T14:57:16.282458+00:00
2,,Rasra,,FC(1),,...,,A(1),,..,,...,,...,,-,,1,,3,,5,,...,,.,,.,,.,,PL(2),,ORDINARY,,False,1,1,2,3,baliya_mededu_1971,Baliya,Uttar Pradesh,1971,format_002,baliya_mededu_001,baliya_mededu_1971.pdf,ac48b835d4b55d42e6db38401af75cdcebc2517bee608de5b649783a9570415a,27,28,6,7,E:\Archival-Digitisation-Project\1971_Trimmed_PDF\Uttar_Pradesh\metadata\document.xlsx,4bf05d889c56070f43e73558469b6cab4e2a96f37cf6cc1e9a7aa54c7efd5abe,2026-08-30T14:57:16.282458+00:00
3,,Reoti,,H(1),,4,,...,,..,,...,,...,,...,,1,,2,,2,,1,,...,,...,,...,,...,,ORDINARY,,False,2,0,3,4,baliya_mededu_1971,Baliya,Uttar Pradesh,1971,format_002,baliya_mededu_001,baliya_mededu_1971.pdf,ac48b835d4b55d42e6db38401af75cdcebc2517bee608de5b649783a9570415a,27,28,6,7,E:\Archival-Digitisation-Project\1971_Trimmed_PDF\Uttar_Pradesh\metadata\document.xlsx,4bf05d889c56070f43e73558469b6cab4e2a96f37cf6cc1e9a7aa54c7efd5abe,2026-08-30T14:57:16.282458+00:00
3,,Reoti,,HC(1),,...,,...,,..,,...,,...,,...,,1,,2,,2,,1,,...,,...,,...,,...,,ORDINARY,,False,2,1,3,5,baliya_mededu_1971,Baliya,Uttar Pradesh,1971,format_002,baliya_mededu_001,baliya_mededu_1971.pdf,ac48b835d4b55d42e6db38401af75cdcebc2517bee608de5b649783a9570415a,27,28,6,7,E:\Archival-Digitisation-Project\1971_Trimmed_PDF\Uttar_Pradesh\metadata\document.xlsx,4bf05d889c56070f43e73558469b6cab4e2a96f37cf6cc1e9a7aa54c7efd5abe,2026-08-30T14:57:16.282458+00:00
3,,Reoti,,FC(1),,...,,...,,..,,...,,...,,...,,1,,2,,2,,1,,...,,...,,...,,...,,ORDINARY,,False,2,2,3,6,baliya_mededu_1971,Baliya,Uttar Pradesh,1971,format_002,baliya_mededu_001,baliya_mededu_1971.pdf,ac48b835d4b55d42e6db38401af75cdcebc2517bee608de5b649783a9570415a,27,28,6,7,E:\Archival-Digitisation-Project\1971_Trimmed_PDF\Uttar_Pradesh\metadata\document.xlsx,4bf05d889c56070f43e73558469b6cab4e2a96f37cf6cc1e9a7aa54c7efd5abe,2026-08-30T14:57:16.282458+00:00
1,,Atarra,,H (2),,14,,A (1),,1**,,...,,...,,...,,2,,5,,5,,3,,...,,1,,...,,...,,ORDINARY,,False,0,0,2,0,banda_mededu_1971,Banda,Uttar Pradesh,1971,format_002,banda_mededu_001,banda_mededu_1971.pdf,24059d67a990af5ec06b5c86f1eaacea19a952d567473bb5dfc5a8d8f35440bb,22,23,6,7,E:\Archival-Digitisation-Project\1971_Trimmed_PDF\Uttar_Pradesh\metadata\document.xlsx,4bf05d889c56070f43e73558469b6cab4e2a96f37cf6cc1e9a7aa54c7efd5abe,2026-08-30T19:26:25.774933+00:00
1,,Atarra,,FC (1),,,,A (1),,1**,,...,,...,,...,,2,,5,,5,,3,,...,,1,,...,,...,,ORDINARY,,False,0,1,2,1,banda_mededu_1971,Banda,Uttar Pradesh,1971,format_002,banda_mededu_001,banda_mededu_1971.pdf,24059d67a990af5ec06b5c86f1eaacea19a952d567473bb5dfc5a8d8f35440bb,22,23,6,7,E:\Archival-Digitisation-Project\1971_Trimmed_PDF\Uttar_Pradesh\metadata\document.xlsx,4bf05d889c56070f43e73558469b6cab4e2a96f37cf6cc1e9a7aa54c7efd5abe,2026-08-30T19:26:25.774933+00:00
2,,Banda,,H (5),,103,,AS (1),,...,,...,,...,,...,,5,,5,,27,,4,,...,,3,,...,,PL (2) RR (2),,ORDINARY,,False,1,0,5,2,banda_mededu_1971,Banda,Uttar Pradesh,1971,format_002,banda_mededu_001,banda_mededu_1971.pdf,24059d67a990af5ec06b5c86f1eaacea19a952d567473bb5dfc5a8d8f35440bb,22,23,6,7,E:\Archival-Digitisation-Project\1971_Trimmed_PDF\Uttar_Pradesh\metadata\document.xlsx,4bf05d889c56070f43e73558469b6cab4e2a96f37cf6cc1e9a7aa54c7efd5abe,2026-08-30T19:26:25.774933+00:00
2,,Banda,,D (1),,,,AS (1),,...,,...,,...,,...,,5,,5,,27,,4,,...,,3,,...,,PL (2) RR (2),,ORDINARY,,False,1,1,5,3,banda_mededu_1971,Banda,Uttar Pradesh,1971,format_002,banda_mededu_001,banda_mededu_1971.pdf,24059d67a990af5ec06b5c86f1eaacea19a952d567473bb5dfc5a8d8f35440bb,22,23,6,7,E:\Archival-Digitisation-Project\1971_Trimmed_PDF\Uttar_Pradesh\metadata\document.xlsx,4bf05d889c56070f43e73558469b6cab4e2a96f37cf6cc1e9a7aa54c7efd5abe,2026-08-30T19:26:25.774933+00:00
2,,Banda,,*O (1),,20,,AS (1),,...,,...,,...,,...,,5,,5,,27,,4,,...,,3,,...,,PL (2) RR (2),,ORDINARY,,False,1,2,5,4,banda_mededu_1971,Banda,Uttar Pradesh,1971,format_002,banda_mededu_001,banda_mededu_1971.pdf,24059d67a990af5ec06b5c86f1eaacea19a952d567473bb5dfc5a8d8f35440bb,22,23,6,7,E:\Archival-Digitisation-Project\1971_Trimmed_PDF\Uttar_Pradesh\metadata\document.xlsx,4bf05d889c56070f43e73558469b6cab4e2a96f37cf6cc1e9a7aa54c7efd5abe,2026-08-30T19:26:25.774933+00:00
2,,Banda,,TBC (1),,,,AS (1),,...,,...,,...,,...,,5,,5,,27,,4,,...,,3,,...,,PL (2) RR (2),,ORDINARY,,False,1,3,5,5,banda_mededu_1971,Banda,Uttar Pradesh,1971,format_002,banda_mededu_001,banda_mededu_1971.pdf,24059d67a990af5ec06b5c86f1eaacea19a952d567473bb5dfc5a8d8f35440bb,22,23,6,7,E:\Archival-Digitisation-Project\1971_Trimmed_PDF\Uttar_Pradesh\metadata\document.xlsx,4bf05d889c56070f43e73558469b6cab4e2a96f37cf6cc1e9a7aa54c7efd5abe,2026-08-30T19:26:25.774933+00:00
2,,Banda,,FC (1),,,,AS (1),,...,,...,,...,,...,,5,,5,,27,,4,,...,,3,,...,,PL (2) RR (2),,ORDINARY,,False,1,4,5,6,banda_mededu_1971,Banda,Uttar Pradesh,1971,format_002,banda_mededu_001,banda_mededu_1971.pdf,24059d67a990af5ec06b5c86f1eaacea19a952d567473bb5dfc5a8d8f35440bb,22,23,6,7,E:\Archival-Digitisation-Project\1971_Trimmed_PDF\Uttar_Pradesh\metadata\document.xlsx,4bf05d889c56070f43e73558469b6cab4e2a96f37cf6cc1e9a7aa54c7efd5abe,2026-08-30T19:26:25.774933+00:00
3,,Chitrakut Dham,,H (1),,18,,...,,...,,...,,...,,...,,4,,3,,12,,4,,...,,...,,...,,PL (1),,ORDINARY,,False,2,0,4,7,banda_mededu_1971,Banda,Uttar Pradesh,1971,format_002,banda_mededu_001,banda_mededu_1971.pdf,24059d67a990af5ec06b5c86f1eaacea19a952d567473bb5dfc5a8d8f35440bb,22,23,6,7,E:\Archival-Digitisation-Project\1971_Trimmed_PDF\Uttar_Pradesh\metadata\document.xlsx,4bf05d889c56070f43e73558469b6cab4e2a96f37cf6cc1e9a7aa54c7efd5abe,2026-08-30T19:26:25.774933+00:00
3,,Chitrakut Dham,,*O (1),,8,,...,,...,,...,,...,,...,,4,,3,,12,,4,,...,,...,,...,,PL (1),,ORDINARY,,False,2,1,4,8,banda_mededu_1971,Banda,Uttar Pradesh,1971,format_002,banda_mededu_001,banda_mededu_1971.pdf,24059d67a990af5ec06b5c86f1eaacea19a952d567473bb5dfc5a8d8f35440bb,22,23,6,7,E:\Archival-Digitisation-Project\1971_Trimmed_PDF\Uttar_Pradesh\metadata\document.xlsx,4bf05d889c56070f43e73558469b6cab4e2a96f37cf6cc1e9a7aa54c7efd5abe,2026-08-30T19:26:25.774933+00:00
3,,Chitrakut Dham,,D (1),,4,,...,,...,,...,,...,,...,,4,,3,,12,,4,,...,,...,,...,,PL (1),,ORDINARY,,False,2,2,4,9,banda_mededu_1971,Banda,Uttar Pradesh,1971,format_002,banda_mededu_001,banda_mededu_1971.pdf,24059d67a990af5ec06b5c86f1eaacea19a952d567473bb5dfc5a8d8f35440bb,22,23,6,7,E:\Archival-Digitisation-Project\1971_Trimmed_PDF\Uttar_Pradesh\metadata\document.xlsx,4bf05d889c56070f43e73558469b6cab4e2a96f37cf6cc1e9a7aa54c7efd5abe,2026-08-30T19:26:25.774933+00:00
3,,Chitrakut Dham,,FC (1),,,,...,,...,,...,,...,,...,,4,,3,,12,,4,,...,,...,,...,,PL (1),,ORDINARY,,False,2,3,4,10,banda_mededu_1971,Banda,Uttar Pradesh,1971,format_002,banda_mededu_001,banda_mededu_1971.pdf,24059d67a990af5ec06b5c86f1eaacea19a952d567473bb5dfc5a8d8f35440bb,22,23,6,7,E:\Archival-Digitisation-Project\1971_Trimmed_PDF\Uttar_Pradesh\metadata\document.xlsx,4bf05d889c56070f43e73558469b6cab4e2a96f37cf6cc1e9a7aa54c7efd5abe,2026-08-30T19:26:25.774933+00:00
4,,Manikpur Sarhat,,H (1),,5,,...,,...,,...,,...,,...,,2,,2,,2,,1,,...,,...,,...,,...,,ORDINARY,,False,3,0,2,11,banda_mededu_1971,Banda,Uttar Pradesh,1971,format_002,banda_mededu_001,banda_mededu_1971.pdf,24059d67a990af5ec06b5c86f1eaacea19a952d567473bb5dfc5a8d8f35440bb,22,23,6,7,E:\Archival-Digitisation-Project\1971_Trimmed_PDF\Uttar_Pradesh\metadata\document.xlsx,4bf05d889c56070f43e73558469b6cab4e2a96f37cf6cc1e9a7aa54c7efd5abe,2026-08-30T19:26:25.774933+00:00
4,,Manikpur Sarhat,,FC (1),,,,...,,...,,...,,...,,...,,2,,2,,2,,1,,...,,...,,...,,...,,ORDINARY,,False,3,1,2,12,banda_mededu_1971,Banda,Uttar Pradesh,1971,format_002,banda_mededu_001,banda_mededu_1971.pdf,24059d67a990af5ec06b5c86f1eaacea19a952d567473bb5dfc5a8d8f35440bb,22,23,6,7,E:\Archival-Digitisation-Project\1971_Trimmed_PDF\Uttar_Pradesh\metadata\document.xlsx,4bf05d889c56070f43e73558469b6cab4e2a96f37cf6cc1e9a7aa54c7efd5abe,2026-08-30T19:26:25.774933+00:00
5,,Rajapur,,H (1),,6,,...,,...,,...,,...,,...,,8,,3,,2,,.,,...,,...,,...,,PL (1),,ORDINARY,,False,4,0,3,13,banda_mededu_1971,Banda,Uttar Pradesh,1971,format_002,banda_mededu_001,banda_mededu_1971.pdf,24059d67a990af5ec06b5c86f1eaacea19a952d567473bb5dfc5a8d8f35440bb,22,23,6,7,E:\Archival-Digitisation-Project\1971_Trimmed_PDF\Uttar_Pradesh\metadata\document.xlsx,4bf05d889c56070f43e73558469b6cab4e2a96f37cf6cc1e9a7aa54c7efd5abe,2026-08-30T19:26:25.774933+00:00
5,,Rajapur,,D (1),,5,,...,,...,,...,,...,,...,,8,,3,,2,,.,,...,,...,,...,,PL (1),,ORDINARY,,False,4,1,3,14,banda_mededu_1971,Banda,Uttar Pradesh,1971,format_002,banda_mededu_001,banda_mededu_1971.pdf,24059d67a990af5ec06b5c86f1eaacea19a952d567473bb5dfc5a8d8f35440bb,22,23,6,7,E:\Archival-Digitisation-Project\1971_Trimmed_PDF\Uttar_Pradesh\metadata\document.xlsx,4bf05d889c56070f43e73558469b6cab4e2a96f37cf6cc1e9a7aa54c7efd5abe,2026-08-30T19:26:25.774933+00:00
5,,Rajapur,,FC (1),,,,...,,...,,...,,...,,...,,8,,3,,2,,.,,...,,...,,...,,PL (1),,ORDINARY,,False,4,2,3,15,banda_mededu_1971,Banda,Uttar Pradesh,1971,format_002,banda_mededu_001,banda_mededu_1971.pdf,24059d67a990af5ec06b5c86f1eaacea19a952d567473bb5dfc5a8d8f35440bb,22,23,6,7,E:\Archival-Digitisation-Project\1971_Trimmed_PDF\Uttar_Pradesh\metadata\document.xlsx,4bf05d889c56070f43e73558469b6cab4e2a96f37cf6cc1e9a7aa54c7efd5abe,2026-08-30T19:26:25.774933+00:00
1,,Banki,,,,,,,,,,,,,,,,,,,,See Bara,,Banki Urban,,Aggiornamento,,,,,,,,CROSS_REFERENCE,Bara Banki Urban Agglomeration,False,0,0,1,0,bara_banki_mededu_1971,Bara Banki,Uttar Pradesh,1971,format_002,bara_banki_mededu_001,bara_banki_mededu_1971.pdf,86b686b3180774827c2ba3a16f36cc714890ef3bcc801ed2921a545c771d38a0,26,27,8,9,E:\Archival-Digitisation-Project\1971_Trimmed_PDF\Uttar_Pradesh\metadata\document.xlsx,4bf05d889c56070f43e73558469b6cab4e2a96f37cf6cc1e9a7aa54c7efd5abe,2026-08-30T19:29:25.276143+00:00
,,Bara Banki Urban Agglomeration,,H (5),,131,,,,,,,,,,,,4,,4,,23,,4,,...,,2,,...,,PL (3) RR (4),,AGGREGATE,,False,1,0,6,1,bara_banki_mededu_1971,Bara Banki,Uttar Pradesh,1971,format_002,bara_banki_mededu_001,bara_banki_mededu_1971.pdf,86b686b3180774827c2ba3a16f36cc714890ef3bcc801ed2921a545c771d38a0,26,27,8,9,E:\Archival-Digitisation-Project\1971_Trimmed_PDF\Uttar_Pradesh\metadata\document.xlsx,4bf05d889c56070f43e73558469b6cab4e2a96f37cf6cc1e9a7aa54c7efd5abe,2026-08-30T19:29:25.276143+00:00
,,Bara Banki Urban Agglomeration,,D (3),,,,,,,,,,,,,,4,,4,,23,,4,,...,,2,,...,,PL (3) RR (4),,AGGREGATE,,False,1,1,6,2,bara_banki_mededu_1971,Bara Banki,Uttar Pradesh,1971,format_002,bara_banki_mededu_001,bara_banki_mededu_1971.pdf,86b686b3180774827c2ba3a16f36cc714890ef3bcc801ed2921a545c771d38a0,26,27,8,9,E:\Archival-Digitisation-Project\1971_Trimmed_PDF\Uttar_Pradesh\metadata\document.xlsx,4bf05d889c56070f43e73558469b6cab4e2a96f37cf6cc1e9a7aa54c7efd5abe,2026-08-30T19:29:25.276143+00:00
,,Bara Banki Urban Agglomeration,,HC (1),,,,,,,,,,,,,,4,,4,,23,,4,,...,,2,,...,,PL (3) RR (4),,AGGREGATE,,False,1,2,6,3,bara_banki_mededu_1971,Bara Banki,Uttar Pradesh,1971,format_002,bara_banki_mededu_001,bara_banki_mededu_1971.pdf,86b686b3180774827c2ba3a16f36cc714890ef3bcc801ed2921a545c771d38a0,26,27,8,9,E:\Archival-Digitisation-Project\1971_Trimmed_PDF\Uttar_Pradesh\metadata\document.xlsx,4bf05d889c56070f43e73558469b6cab4e2a96f37cf6cc1e9a7aa54c7efd5abe,2026-08-30T19:29:25.276143+00:00
,,Bara Banki Urban Agglomeration,,FC (1),,,,,,,,,,,,,,4,,4,,23,,4,,...,,2,,...,,PL (3) RR (4),,AGGREGATE,,False,1,3,6,4,bara_banki_mededu_1971,Bara Banki,Uttar Pradesh,1971,format_002,bara_banki_mededu_001,bara_banki_mededu_1971.pdf,86b686b3180774827c2ba3a16f36cc714890ef3bcc801ed2921a545c771d38a0,26,27,8,9,E:\Archival-Digitisation-Project\1971_Trimmed_PDF\Uttar_Pradesh\metadata\document.xlsx,4bf05d889c56070f43e73558469b6cab4e2a96f37cf6cc1e9a7aa54c7efd5abe,2026-08-30T19:29:25.276143+00:00
,,Bara Banki Urban Agglomeration,,TBC (1),,,,,,,,,,,,,,4,,4,,23,,4,,...,,2,,...,,PL (3) RR (4),,AGGREGATE,,False,1,4,6,5,bara_banki_mededu_1971,Bara Banki,Uttar Pradesh,1971,format_002,bara_banki_mededu_001,bara_banki_mededu_1971.pdf,86b686b3180774827c2ba3a16f36cc714890ef3bcc801ed2921a545c771d38a0,26,27,8,9,E:\Archival-Digitisation-Project\1971_Trimmed_PDF\Uttar_Pradesh\metadata\document.xlsx,4bf05d889c56070f43e73558469b6cab4e2a96f37cf6cc1e9a7aa54c7efd5abe,2026-08-30T19:29:25.276143+00:00
,,Bara Banki Urban Agglomeration,,O (1),,,,,,,,,,,,,,4,,4,,23,,4,,...,,2,,...,,PL (3) RR (4),,AGGREGATE,,False,1,5,6,6,bara_banki_mededu_1971,Bara Banki,Uttar Pradesh,1971,format_002,bara_banki_mededu_001,bara_banki_mededu_1971.pdf,86b686b3180774827c2ba3a16f36cc714890ef3bcc801ed2921a545c771d38a0,26,27,8,9,E:\Archival-Digitisation-Project\1971_Trimmed_PDF\Uttar_Pradesh\metadata\document.xlsx,4bf05d889c56070f43e73558469b6cab4e2a96f37cf6cc1e9a7aa54c7efd5abe,2026-08-30T19:29:25.276143+00:00
,,Banki,,D (2),,,,,,,,,,,,,,.,,.,,1,,.,,.,,2,,.,,RR (1),,COMPONENT,,False,2,0,2,7,bara_banki_mededu_1971,Bara Banki,Uttar Pradesh,1971,format_002,bara_banki_mededu_001,bara_banki_mededu_1971.pdf,86b686b3180774827c2ba3a16f36cc714890ef3bcc801ed2921a545c771d38a0,26,27,8,9,E:\Archival-Digitisation-Project\1971_Trimmed_PDF\Uttar_Pradesh\metadata\document.xlsx,4bf05d889c56070f43e73558469b6cab4e2a96f37cf6cc1e9a7aa54c7efd5abe,2026-08-30T19:29:25.276143+00:00
,,Banki,,FC (1),,,,,,,,,,,,,,.,,.,,1,,.,,.,,2,,.,,RR (1),,COMPONENT,,False,2,1,2,8,bara_banki_mededu_1971,Bara Banki,Uttar Pradesh,1971,format_002,bara_banki_mededu_001,bara_banki_mededu_1971.pdf,86b686b3180774827c2ba3a16f36cc714890ef3bcc801ed2921a545c771d38a0,26,27,8,9,E:\Archival-Digitisation-Project\1971_Trimmed_PDF\Uttar_Pradesh\metadata\document.xlsx,4bf05d889c56070f43e73558469b6cab4e2a96f37cf6cc1e9a7aa54c7efd5abe,2026-08-30T19:29:25.276143+00:00
,,Military Petrol Depot,,HC (1),,,,,,,,,,,,,,.,,.,,.,,.,,.,,.,,.,,PL (1) RR (1),,COMPONENT,,False,3,0,1,9,bara_banki_mededu_1971,Bara Banki,Uttar Pradesh,1971,format_002,bara_banki_mededu_001,bara_banki_mededu_1971.pdf,86b686b3180774827c2ba3a16f36cc714890ef3bcc801ed2921a545c771d38a0,26,27,8,9,E:\Archival-Digitisation-Project\1971_Trimmed_PDF\Uttar_Pradesh\metadata\document.xlsx,4bf05d889c56070f43e73558469b6cab4e2a96f37cf6cc1e9a7aa54c7efd5abe,2026-08-30T19:29:25.276143+00:00
,,Nawabganj,,H (5),,131,,,,,,,,,,,,4,,4,,22,,4,,.,,.,,.,,PL (2) RR (2),,COMPONENT,,False,4,0,4,10,bara_banki_mededu_1971,Bara Banki,Uttar Pradesh,1971,format_002,bara_banki_mededu_001,bara_banki_mededu_1971.pdf,86b686b3180774827c2ba3a16f36cc714890ef3bcc801ed2921a545c771d38a0,26,27,8,9,E:\Archival-Digitisation-Project\1971_Trimmed_PDF\Uttar_Pradesh\metadata\document.xlsx,4bf05d889c56070f43e73558469b6cab4e2a96f37cf6cc1e9a7aa54c7efd5abe,2026-08-30T19:29:25.276143+00:00
,,Nawabganj,,D (1),,,,,,,,,,,,,,4,,4,,22,,4,,.,,.,,.,,PL (2) RR (2),,COMPONENT,,False,4,1,4,11,bara_banki_mededu_1971,Bara Banki,Uttar Pradesh,1971,format_002,bara_banki_mededu_001,bara_banki_mededu_1971.pdf,86b686b3180774827c2ba3a16f36cc714890ef3bcc801ed2921a545c771d38a0,26,27,8,9,E:\Archival-Digitisation-Project\1971_Trimmed_PDF\Uttar_Pradesh\metadata\document.xlsx,4bf05d889c56070f43e73558469b6cab4e2a96f37cf6cc1e9a7aa54c7efd5abe,2026-08-30T19:29:25.276143+00:00
,,Nawabganj,,TBC (1),,,,,,,,,,,,,,4,,4,,22,,4,,.,,.,,.,,PL (2) RR (2),,COMPONENT,,False,4,2,4,12,bara_banki_mededu_1971,Bara Banki,Uttar Pradesh,1971,format_002,bara_banki_mededu_001,bara_banki_mededu_1971.pdf,86b686b3180774827c2ba3a16f36cc714890ef3bcc801ed2921a545c771d38a0,26,27,8,9,E:\Archival-Digitisation-Project\1971_Trimmed_PDF\Uttar_Pradesh\metadata\document.xlsx,4bf05d889c56070f43e73558469b6cab4e2a96f37cf6cc1e9a7aa54c7efd5abe,2026-08-30T19:29:25.276143+00:00
,,Nawabganj,,O (1),,,,,,,,,,,,,,4,,4,,22,,4,,.,,.,,.,,PL (2) RR (2),,COMPONENT,,False,4,3,4,13,bara_banki_mededu_1971,Bara Banki,Uttar Pradesh,1971,format_002,bara_banki_mededu_001,bara_banki_mededu_1971.pdf,86b686b3180774827c2ba3a16f36cc714890ef3bcc801ed2921a545c771d38a0,26,27,8,9,E:\Archival-Digitisation-Project\1971_Trimmed_PDF\Uttar_Pradesh\metadata\document.xlsx,4bf05d889c56070f43e73558469b6cab4e2a96f37cf6cc1e9a7aa54c7efd5abe,2026-08-30T19:29:25.276143+00:00
2,,Fatehpur,,H (2),,4,,,,,,,,,,,,1,,3,,2,,.,,.,,.,,.,,PL (1) RR (1),,ORDINARY,,False,5,0,2,14,bara_banki_mededu_1971,Bara Banki,Uttar Pradesh,1971,format_002,bara_banki_mededu_001,bara_banki_mededu_1971.pdf,86b686b3180774827c2ba3a16f36cc714890ef3bcc801ed2921a545c771d38a0,26,27,8,9,E:\Archival-Digitisation-Project\1971_Trimmed_PDF\Uttar_Pradesh\metadata\document.xlsx,4bf05d889c56070f43e73558469b6cab4e2a96f37cf6cc1e9a7aa54c7efd5abe,2026-08-30T19:29:25.276143+00:00
2,,Fatehpur,,D (1),,4,,,,,,,,,,,,1,,3,,2,,.,,.,,.,,.,,PL (1) RR (1),,ORDINARY,,False,5,1,2,15,bara_banki_mededu_1971,Bara Banki,Uttar Pradesh,1971,format_002,bara_banki_mededu_001,bara_banki_mededu_1971.pdf,86b686b3180774827c2ba3a16f36cc714890ef3bcc801ed2921a545c771d38a0,26,27,8,9,E:\Archival-Digitisation-Project\1971_Trimmed_PDF\Uttar_Pradesh\metadata\document.xlsx,4bf05d889c56070f43e73558469b6cab4e2a96f37cf6cc1e9a7aa54c7efd5abe,2026-08-30T19:29:25.276143+00:00
3,,Military Petrol Depot,,,,,,,,,,,,,,,,,,,,See Bara,,Banki Urban,,Aggiornamento,,,,,,,,CROSS_REFERENCE,Bara Banki Urban Agglomeration,False,6,0,1,16,bara_banki_mededu_1971,Bara Banki,Uttar Pradesh,1971,format_002,bara_banki_mededu_001,bara_banki_mededu_1971.pdf,86b686b3180774827c2ba3a16f36cc714890ef3bcc801ed2921a545c771d38a0,26,27,8,9,E:\Archival-Digitisation-Project\1971_Trimmed_PDF\Uttar_Pradesh\metadata\document.xlsx,4bf05d889c56070f43e73558469b6cab4e2a96f37cf6cc1e9a7aa54c7efd5abe,2026-08-30T19:29:25.276143+00:00
4,,Nawabganj,,,,,,,,,,,,,,,,,,,,See Bara,,Banki Urban,,Aggiornamento,,,,,,,,CROSS_REFERENCE,Bara Banki Urban Agglomeration,False,7,0,1,17,bara_banki_mededu_1971,Bara Banki,Uttar Pradesh,1971,format_002,bara_banki_mededu_001,bara_banki_mededu_1971.pdf,86b686b3180774827c2ba3a16f36cc714890ef3bcc801ed2921a545c771d38a0,26,27,8,9,E:\Archival-Digitisation-Project\1971_Trimmed_PDF\Uttar_Pradesh\metadata\document.xlsx,4bf05d889c56070f43e73558469b6cab4e2a96f37cf6cc1e9a7aa54c7efd5abe,2026-08-30T19:29:25.276143+00:00
5,,Rampur Bhawanipur,,...,,..,,,,,,,,,,,,..,,..,,2,,...,,...,,.,,..,,...,,ORDINARY,,False,8,0,1,18,bara_banki_mededu_1971,Bara Banki,Uttar Pradesh,1971,format_002,bara_banki_mededu_001,bara_banki_mededu_1971.pdf,86b686b3180774827c2ba3a16f36cc714890ef3bcc801ed2921a545c771d38a0,26,27,8,9,E:\Archival-Digitisation-Project\1971_Trimmed_PDF\Uttar_Pradesh\metadata\document.xlsx,4bf05d889c56070f43e73558469b6cab4e2a96f37cf6cc1e9a7aa54c7efd5abe,2026-08-30T19:29:25.276143+00:00
6,,Rudauli,,H (1),,6,,,,,,,,,,,,1,,4,,9,,..,,.,,1,,1,,..,,ORDINARY,,False,9,0,4,19,bara_banki_mededu_1971,Bara Banki,Uttar Pradesh,1971,format_002,bara_banki_mededu_001,bara_banki_mededu_1971.pdf,86b686b3180774827c2ba3a16f36cc714890ef3bcc801ed2921a545c771d38a0,26,27,8,9,E:\Archival-Digitisation-Project\1971_Trimmed_PDF\Uttar_Pradesh\metadata\document.xlsx,4bf05d889c56070f43e73558469b6cab4e2a96f37cf6cc1e9a7aa54c7efd5abe,2026-08-30T19:29:25.276143+00:00
6,,Rudauli,,D (1),,4,,,,,,,,,,,,1,,4,,9,,..,,.,,1,,1,,..,,ORDINARY,,False,9,1,4,20,bara_banki_mededu_1971,Bara Banki,Uttar Pradesh,1971,format_002,bara_banki_mededu_001,bara_banki_mededu_1971.pdf,86b686b3180774827c2ba3a16f36cc714890ef3bcc801ed2921a545c771d38a0,26,27,8,9,E:\Archival-Digitisation-Project\1971_Trimmed_PDF\Uttar_Pradesh\metadata\document.xlsx,4bf05d889c56070f43e73558469b6cab4e2a96f37cf6cc1e9a7aa54c7efd5abe,2026-08-30T19:29:25.276143+00:00
6,,Rudauli,,HC (1),,,,,,,,,,,,,,1,,4,,9,,..,,.,,1,,1,,..,,ORDINARY,,False,9,2,4,21,bara_banki_mededu_1971,Bara Banki,Uttar Pradesh,1971,format_002,bara_banki_mededu_001,bara_banki_mededu_1971.pdf,86b686b3180774827c2ba3a16f36cc714890ef3bcc801ed2921a545c771d38a0,26,27,8,9,E:\Archival-Digitisation-Project\1971_Trimmed_PDF\Uttar_Pradesh\metadata\document.xlsx,4bf05d889c56070f43e73558469b6cab4e2a96f37cf6cc1e9a7aa54c7efd5abe,2026-08-30T19:29:25.276143+00:00
6,,Rudauli,,O (1),,2,,,,,,,,,,,,1,,4,,9,,..,,.,,1,,1,,..,,ORDINARY,,False,9,3,4,22,bara_banki_mededu_1971,Bara Banki,Uttar Pradesh,1971,format_002,bara_banki_mededu_001,bara_banki_mededu_1971.pdf,86b686b3180774827c2ba3a16f36cc714890ef3bcc801ed2921a545c771d38a0,26,27,8,9,E:\Archival-Digitisation-Project\1971_Trimmed_PDF\Uttar_Pradesh\metadata\document.xlsx,4bf05d889c56070f43e73558469b6cab4e2a96f37cf6cc1e9a7aa54c7efd5abe,2026-08-30T19:29:25.276143+00:00
7,,Zaidpur,,O (1),,2,,,,,,,,,,,,.,,3,,5,,..,,...,,.,,.,,...,,ORDINARY,,False,10,0,3,23,bara_banki_mededu_1971,Bara Banki,Uttar Pradesh,1971,format_002,bara_banki_mededu_001,bara_banki_mededu_1971.pdf,86b686b3180774827c2ba3a16f36cc714890ef3bcc801ed2921a545c771d38a0,26,27,8,9,E:\Archival-Digitisation-Project\1971_Trimmed_PDF\Uttar_Pradesh\metadata\document.xlsx,4bf05d889c56070f43e73558469b6cab4e2a96f37cf6cc1e9a7aa54c7efd5abe,2026-08-30T19:29:25.276143+00:00
7,,Zaidpur,,H (1),,2,,,,,,,,,,,,.,,3,,5,,..,,...,,.,,.,,...,,ORDINARY,,False,10,1,3,24,bara_banki_mededu_1971,Bara Banki,Uttar Pradesh,1971,format_002,bara_banki_mededu_001,bara_banki_mededu_1971.pdf,86b686b3180774827c2ba3a16f36cc714890ef3bcc801ed2921a545c771d38a0,26,27,8,9,E:\Archival-Digitisation-Project\1971_Trimmed_PDF\Uttar_Pradesh\metadata\document.xlsx,4bf05d889c56070f43e73558469b6cab4e2a96f37cf6cc1e9a7aa54c7efd5abe,2026-08-30T19:29:25.276143+00:00
7,,Zaidpur,,D (1),,4,,,,,,,,,,,,.,,3,,5,,..,,...,,.,,.,,...,,ORDINARY,,False,10,2,3,25,bara_banki_mededu_1971,Bara Banki,Uttar Pradesh,1971,format_002,bara_banki_mededu_001,bara_banki_mededu_1971.pdf,86b686b3180774827c2ba3a16f36cc714890ef3bcc801ed2921a545c771d38a0,26,27,8,9,E:\Archival-Digitisation-Project\1971_Trimmed_PDF\Uttar_Pradesh\metadata\document.xlsx,4bf05d889c56070f43e73558469b6cab4e2a96f37cf6cc1e9a7aa54c7efd5abe,2026-08-30T19:29:25.276143+00:00
1,,Aonla,,H (2),,21,,...,,...,,...,,...,,...,,1,,3,,12,,...,,.,,...,,...,,...,,ORDINARY,,False,0,0,3,0,bareilly_mededu_1971,Bareilly,Uttar Pradesh,1971,format_002,bareilly_mededu_001,bareilly_mededu_1971.pdf,cd516d887f1ab68e0e109809dbc37abd015fa7a268a3f11b32b0aff485859bd9,26,27,8,9,E:\Archival-Digitisation-Project\1971_Trimmed_PDF\Uttar_Pradesh\metadata\document.xlsx,4bf05d889c56070f43e73558469b6cab4e2a96f37cf6cc1e9a7aa54c7efd5abe,2026-08-30T19:33:32.194545+00:00
1,,Aonla,,O (1),,...,,...,,...,,...,,...,,...,,1,,3,,12,,...,,.,,...,,...,,...,,ORDINARY,,False,0,1,3,1,bareilly_mededu_1971,Bareilly,Uttar Pradesh,1971,format_002,bareilly_mededu_001,bareilly_mededu_1971.pdf,cd516d887f1ab68e0e109809dbc37abd015fa7a268a3f11b32b0aff485859bd9,26,27,8,9,E:\Archival-Digitisation-Project\1971_Trimmed_PDF\Uttar_Pradesh\metadata\document.xlsx,4bf05d889c56070f43e73558469b6cab4e2a96f37cf6cc1e9a7aa54c7efd5abe,2026-08-30T19:33:32.194545+00:00
1,,Aonla,,FC (1),,...,,...,,...,,...,,...,,...,,1,,3,,12,,...,,.,,...,,...,,...,,ORDINARY,,False,0,2,3,2,bareilly_mededu_1971,Bareilly,Uttar Pradesh,1971,format_002,bareilly_mededu_001,bareilly_mededu_1971.pdf,cd516d887f1ab68e0e109809dbc37abd015fa7a268a3f11b32b0aff485859bd9,26,27,8,9,E:\Archival-Digitisation-Project\1971_Trimmed_PDF\Uttar_Pradesh\metadata\document.xlsx,4bf05d889c56070f43e73558469b6cab4e2a96f37cf6cc1e9a7aa54c7efd5abe,2026-08-30T19:33:32.194545+00:00
2,,Baheri,,H (1),,24,,...,,...,,...,,...,,...,,2,,1,,4,,...,,...,,1,,...,,...,,ORDINARY,,False,1,0,4,3,bareilly_mededu_1971,Bareilly,Uttar Pradesh,1971,format_002,bareilly_mededu_001,bareilly_mededu_1971.pdf,cd516d887f1ab68e0e109809dbc37abd015fa7a268a3f11b32b0aff485859bd9,26,27,8,9,E:\Archival-Digitisation-Project\1971_Trimmed_PDF\Uttar_Pradesh\metadata\document.xlsx,4bf05d889c56070f43e73558469b6cab4e2a96f37cf6cc1e9a7aa54c7efd5abe,2026-08-30T19:33:32.194545+00:00
2,,Baheri,,D (1),,...,,...,,...,,...,,...,,...,,2,,1,,4,,...,,...,,1,,...,,...,,ORDINARY,,False,1,1,4,4,bareilly_mededu_1971,Bareilly,Uttar Pradesh,1971,format_002,bareilly_mededu_001,bareilly_mededu_1971.pdf,cd516d887f1ab68e0e109809dbc37abd015fa7a268a3f11b32b0aff485859bd9,26,27,8,9,E:\Archival-Digitisation-Project\1971_Trimmed_PDF\Uttar_Pradesh\metadata\document.xlsx,4bf05d889c56070f43e73558469b6cab4e2a96f37cf6cc1e9a7aa54c7efd5abe,2026-08-30T19:33:32.194545+00:00
2,,Baheri,,HC (1),,...,,...,,...,,...,,...,,...,,2,,1,,4,,...,,...,,1,,...,,...,,ORDINARY,,False,1,2,4,5,bareilly_mededu_1971,Bareilly,Uttar Pradesh,1971,format_002,bareilly_mededu_001,bareilly_mededu_1971.pdf,cd516d887f1ab68e0e109809dbc37abd015fa7a268a3f11b32b0aff485859bd9,26,27,8,9,E:\Archival-Digitisation-Project\1971_Trimmed_PDF\Uttar_Pradesh\metadata\document.xlsx,4bf05d889c56070f43e73558469b6cab4e2a96f37cf6cc1e9a7aa54c7efd5abe,2026-08-30T19:33:32.194545+00:00
2,,Baheri,,FC (1),,...,,...,,...,,...,,...,,...,,2,,1,,4,,...,,...,,1,,...,,...,,ORDINARY,,False,1,3,4,6,bareilly_mededu_1971,Bareilly,Uttar Pradesh,1971,format_002,bareilly_mededu_001,bareilly_mededu_1971.pdf,cd516d887f1ab68e0e109809dbc37abd015fa7a268a3f11b32b0aff485859bd9,26,27,8,9,E:\Archival-Digitisation-Project\1971_Trimmed_PDF\Uttar_Pradesh\metadata\document.xlsx,4bf05d889c56070f43e73558469b6cab4e2a96f37cf6cc1e9a7aa54c7efd5abe,2026-08-30T19:33:32.194545+00:00
3,,Bareilly Cantt.,,See,,,,,,,,,,,,,,,,,,,,,,,,,,,,,,CROSS_REFERENCE,Bareilly City Urban Agglomeration,False,2,0,1,7,bareilly_mededu_1971,Bareilly,Uttar Pradesh,1971,format_002,bareilly_mededu_001,bareilly_mededu_1971.pdf,cd516d887f1ab68e0e109809dbc37abd015fa7a268a3f11b32b0aff485859bd9,26,27,8,9,E:\Archival-Digitisation-Project\1971_Trimmed_PDF\Uttar_Pradesh\metadata\document.xlsx,4bf05d889c56070f43e73558469b6cab4e2a96f37cf6cc1e9a7aa54c7efd5abe,2026-08-30T19:33:32.194545+00:00
4,,Bareilly Cantt.,,See,,,,,,,,,,,,,,,,,,,,,,,,,,,,,,CROSS_REFERENCE,Bareilly City Urban Agglomeration,False,3,0,1,8,bareilly_mededu_1971,Bareilly,Uttar Pradesh,1971,format_002,bareilly_mededu_001,bareilly_mededu_1971.pdf,cd516d887f1ab68e0e109809dbc37abd015fa7a268a3f11b32b0aff485859bd9,26,27,8,9,E:\Archival-Digitisation-Project\1971_Trimmed_PDF\Uttar_Pradesh\metadata\document.xlsx,4bf05d889c56070f43e73558469b6cab4e2a96f37cf6cc1e9a7aa54c7efd5abe,2026-08-30T19:33:32.194545+00:00
,,Bareilly,,H (9),,887,,ASC (1) A (2),,**,,...,,1,,Sh. type (3) O (2),,3,,11,,101,,...,,1,,5,,...,,PL (7),,COMPONENT,,False,4,0,6,9,bareilly_mededu_1971,Bareilly,Uttar Pradesh,1971,format_002,bareilly_mededu_001,bareilly_mededu_1971.pdf,cd516d887f1ab68e0e109809dbc37abd015fa7a268a3f11b32b0aff485859bd9,26,27,8,9,E:\Archival-Digitisation-Project\1971_Trimmed_PDF\Uttar_Pradesh\metadata\document.xlsx,4bf05d889c56070f43e73558469b6cab4e2a96f37cf6cc1e9a7aa54c7efd5abe,2026-08-30T19:33:32.194545+00:00
,,Bareilly,,D (3),,...,,ASC (1) A (2),,**,,...,,1,,Sh. type (3) O (2),,3,,11,,101,,...,,1,,5,,...,,PL (7),,COMPONENT,,False,4,1,6,10,bareilly_mededu_1971,Bareilly,Uttar Pradesh,1971,format_002,bareilly_mededu_001,bareilly_mededu_1971.pdf,cd516d887f1ab68e0e109809dbc37abd015fa7a268a3f11b32b0aff485859bd9,26,27,8,9,E:\Archival-Digitisation-Project\1971_Trimmed_PDF\Uttar_Pradesh\metadata\document.xlsx,4bf05d889c56070f43e73558469b6cab4e2a96f37cf6cc1e9a7aa54c7efd5abe,2026-08-30T19:33:32.194545+00:00
,,Bareilly,,NH (1),,10,,ASC (1) A (2),,**,,...,,1,,Sh. type (3) O (2),,3,,11,,101,,...,,1,,5,,...,,PL (7),,COMPONENT,,False,4,2,6,11,bareilly_mededu_1971,Bareilly,Uttar Pradesh,1971,format_002,bareilly_mededu_001,bareilly_mededu_1971.pdf,cd516d887f1ab68e0e109809dbc37abd015fa7a268a3f11b32b0aff485859bd9,26,27,8,9,E:\Archival-Digitisation-Project\1971_Trimmed_PDF\Uttar_Pradesh\metadata\document.xlsx,4bf05d889c56070f43e73558469b6cab4e2a96f37cf6cc1e9a7aa54c7efd5abe,2026-08-30T19:33:32.194545+00:00
,,Bareilly,,HC (1),,...,,ASC (1) A (2),,**,,...,,1,,Sh. type (3) O (2),,3,,11,,101,,...,,1,,5,,...,,PL (7),,COMPONENT,,False,4,3,6,12,bareilly_mededu_1971,Bareilly,Uttar Pradesh,1971,format_002,bareilly_mededu_001,bareilly_mededu_1971.pdf,cd516d887f1ab68e0e109809dbc37abd015fa7a268a3f11b32b0aff485859bd9,26,27,8,9,E:\Archival-Digitisation-Project\1971_Trimmed_PDF\Uttar_Pradesh\metadata\document.xlsx,4bf05d889c56070f43e73558469b6cab4e2a96f37cf6cc1e9a7aa54c7efd5abe,2026-08-30T19:33:32.194545+00:00
,,Bareilly,,TBC (1),,...,,ASC (1) A (2),,**,,...,,1,,Sh. type (3) O (2),,3,,11,,101,,...,,1,,5,,...,,PL (7),,COMPONENT,,False,4,4,6,13,bareilly_mededu_1971,Bareilly,Uttar Pradesh,1971,format_002,bareilly_mededu_001,bareilly_mededu_1971.pdf,cd516d887f1ab68e0e109809dbc37abd015fa7a268a3f11b32b0aff485859bd9,26,27,8,9,E:\Archival-Digitisation-Project\1971_Trimmed_PDF\Uttar_Pradesh\metadata\document.xlsx,4bf05d889c56070f43e73558469b6cab4e2a96f37cf6cc1e9a7aa54c7efd5abe,2026-08-30T19:33:32.194545+00:00
,,Bareilly,,F (4),,...,,ASC (1) A (2),,**,,...,,1,,Sh. type (3) O (2),,3,,11,,101,,...,,1,,5,,...,,PL (7),,COMPONENT,,False,4,5,6,14,bareilly_mededu_1971,Bareilly,Uttar Pradesh,1971,format_002,bareilly_mededu_001,bareilly_mededu_1971.pdf,cd516d887f1ab68e0e109809dbc37abd015fa7a268a3f11b32b0aff485859bd9,26,27,8,9,E:\Archival-Digitisation-Project\1971_Trimmed_PDF\Uttar_Pradesh\metadata\document.xlsx,4bf05d889c56070f43e73558469b6cab4e2a96f37cf6cc1e9a7aa54c7efd5abe,2026-08-30T19:33:32.194545+00:00
,,Bareilly Cantt.,,H (1),,16,,...,,...,,...,,...,,...,,4,,...,,3,,...,,...,,1,,...,,RR (3),,COMPONENT,,False,5,0,2,15,bareilly_mededu_1971,Bareilly,Uttar Pradesh,1971,format_002,bareilly_mededu_001,bareilly_mededu_1971.pdf,cd516d887f1ab68e0e109809dbc37abd015fa7a268a3f11b32b0aff485859bd9,26,27,8,9,E:\Archival-Digitisation-Project\1971_Trimmed_PDF\Uttar_Pradesh\metadata\document.xlsx,4bf05d889c56070f43e73558469b6cab4e2a96f37cf6cc1e9a7aa54c7efd5abe,2026-08-30T19:33:32.194545+00:00
,,Bareilly Cantt.,,O (1),,2,,...,,...,,...,,...,,...,,4,,...,,3,,...,,...,,1,,...,,RR (3),,COMPONENT,,False,5,1,2,16,bareilly_mededu_1971,Bareilly,Uttar Pradesh,1971,format_002,bareilly_mededu_001,bareilly_mededu_1971.pdf,cd516d887f1ab68e0e109809dbc37abd015fa7a268a3f11b32b0aff485859bd9,26,27,8,9,E:\Archival-Digitisation-Project\1971_Trimmed_PDF\Uttar_Pradesh\metadata\document.xlsx,4bf05d889c56070f43e73558469b6cab4e2a96f37cf6cc1e9a7aa54c7efd5abe,2026-08-30T19:33:32.194545+00:00
,,Izatnagar Rly. Settlement,,H (1),,112,,...,,...,,...,,...,,...,,...,,1,,2,,1,,...,,...,,...,,...,,COMPONENT,,False,6,0,3,17,bareilly_mededu_1971,Bareilly,Uttar Pradesh,1971,format_002,bareilly_mededu_001,bareilly_mededu_1971.pdf,cd516d887f1ab68e0e109809dbc37abd015fa7a268a3f11b32b0aff485859bd9,26,27,8,9,E:\Archival-Digitisation-Project\1971_Trimmed_PDF\Uttar_Pradesh\metadata\document.xlsx,4bf05d889c56070f43e73558469b6cab4e2a96f37cf6cc1e9a7aa54c7efd5abe,2026-08-30T19:33:32.194545+00:00
,,Izatnagar Rly. Settlement,,D (2),,...,,...,,...,,...,,...,,...,,...,,1,,2,,1,,...,,...,,...,,...,,COMPONENT,,False,6,1,3,18,bareilly_mededu_1971,Bareilly,Uttar Pradesh,1971,format_002,bareilly_mededu_001,bareilly_mededu_1971.pdf,cd516d887f1ab68e0e109809dbc37abd015fa7a268a3f11b32b0aff485859bd9,26,27,8,9,E:\Archival-Digitisation-Project\1971_Trimmed_PDF\Uttar_Pradesh\metadata\document.xlsx,4bf05d889c56070f43e73558469b6cab4e2a96f37cf6cc1e9a7aa54c7efd5abe,2026-08-30T19:33:32.194545+00:00
,,Izatnagar Rly. Settlement,,FC (1),,2,,...,,...,,...,,...,,...,,...,,1,,2,,1,,...,,...,,...,,...,,COMPONENT,,False,6,2,3,19,bareilly_mededu_1971,Bareilly,Uttar Pradesh,1971,format_002,bareilly_mededu_001,bareilly_mededu_1971.pdf,cd516d887f1ab68e0e109809dbc37abd015fa7a268a3f11b32b0aff485859bd9,26,27,8,9,E:\Archival-Digitisation-Project\1971_Trimmed_PDF\Uttar_Pradesh\metadata\document.xlsx,4bf05d889c56070f43e73558469b6cab4e2a96f37cf6cc1e9a7aa54c7efd5abe,2026-08-30T19:33:32.194545+00:00
,,Northern Rly. Colony,,HC (1),,2,,...,,...,,...,,...,,...,,1,,...,,2,,...,,...,,...,,...,,...,,COMPONENT,,False,7,0,2,20,bareilly_mededu_1971,Bareilly,Uttar Pradesh,1971,format_002,bareilly_mededu_001,bareilly_mededu_1971.pdf,cd516d887f1ab68e0e109809dbc37abd015fa7a268a3f11b32b0aff485859bd9,26,27,8,9,E:\Archival-Digitisation-Project\1971_Trimmed_PDF\Uttar_Pradesh\metadata\document.xlsx,4bf05d889c56070f43e73558469b6cab4e2a96f37cf6cc1e9a7aa54c7efd5abe,2026-08-30T19:33:32.194545+00:00
,,Northern Rly. Colony,,FC (1),,...,,...,,...,,...,,...,,...,,1,,...,,2,,...,,...,,...,,...,,...,,COMPONENT,,False,7,1,2,21,bareilly_mededu_1971,Bareilly,Uttar Pradesh,1971,format_002,bareilly_mededu_001,bareilly_mededu_1971.pdf,cd516d887f1ab68e0e109809dbc37abd015fa7a268a3f11b32b0aff485859bd9,26,27,8,9,E:\Archival-Digitisation-Project\1971_Trimmed_PDF\Uttar_Pradesh\metadata\document.xlsx,4bf05d889c56070f43e73558469b6cab4e2a96f37cf6cc1e9a7aa54c7efd5abe,2026-08-30T19:33:32.194545+00:00
5,,Faridpur,,M (1),,12,,...,,...,,...,,...,,...,,1,,2,,3,,...,,...,,...,,...,,...,,ORDINARY,,False,8,0,2,22,bareilly_mededu_1971,Bareilly,Uttar Pradesh,1971,format_002,bareilly_mededu_001,bareilly_mededu_1971.pdf,cd516d887f1ab68e0e109809dbc37abd015fa7a268a3f11b32b0aff485859bd9,26,27,8,9,E:\Archival-Digitisation-Project\1971_Trimmed_PDF\Uttar_Pradesh\metadata\document.xlsx,4bf05d889c56070f43e73558469b6cab4e2a96f37cf6cc1e9a7aa54c7efd5abe,2026-08-30T19:33:32.194545+00:00
5,,Faridpur,,FC (1),,...,,...,,...,,...,,...,,...,,1,,2,,3,,...,,...,,...,,...,,...,,ORDINARY,,False,8,1,2,23,bareilly_mededu_1971,Bareilly,Uttar Pradesh,1971,format_002,bareilly_mededu_001,bareilly_mededu_1971.pdf,cd516d887f1ab68e0e109809dbc37abd015fa7a268a3f11b32b0aff485859bd9,26,27,8,9,E:\Archival-Digitisation-Project\1971_Trimmed_PDF\Uttar_Pradesh\metadata\document.xlsx,4bf05d889c56070f43e73558469b6cab4e2a96f37cf6cc1e9a7aa54c7efd5abe,2026-08-30T19:33:32.194545+00:00
6,,Izatnagar Rly. Settlement,,See,,,,,,,,,,,,,,,,,,,,,,,,,,,,,,CROSS_REFERENCE,Bareilly City Urban Agglomeration,False,9,0,1,24,bareilly_mededu_1971,Bareilly,Uttar Pradesh,1971,format_002,bareilly_mededu_001,bareilly_mededu_1971.pdf,cd516d887f1ab68e0e109809dbc37abd015fa7a268a3f11b32b0aff485859bd9,26,27,8,9,E:\Archival-Digitisation-Project\1971_Trimmed_PDF\Uttar_Pradesh\metadata\document.xlsx,4bf05d889c56070f43e73558469b6cab4e2a96f37cf6cc1e9a7aa54c7efd5abe,2026-08-30T19:33:32.194545+00:00
7,,Nawabganj,,HC (2),,...,,...,,...,,...,,...,,...,,1,,...,,2,,...,,...,,...,,...,,...,,ORDINARY,,False,10,0,2,25,bareilly_mededu_1971,Bareilly,Uttar Pradesh,1971,format_002,bareilly_mededu_001,bareilly_mededu_1971.pdf,cd516d887f1ab68e0e109809dbc37abd015fa7a268a3f11b32b0aff485859bd9,26,27,8,9,E:\Archival-Digitisation-Project\1971_Trimmed_PDF\Uttar_Pradesh\metadata\document.xlsx,4bf05d889c56070f43e73558469b6cab4e2a96f37cf6cc1e9a7aa54c7efd5abe,2026-08-30T19:33:32.194545+00:00
7,,Nawabganj,,HC (1),,14,,...,,...,,...,,...,,...,,1,,...,,2,,...,,...,,...,,...,,...,,ORDINARY,,False,10,1,2,26,bareilly_mededu_1971,Bareilly,Uttar Pradesh,1971,format_002,bareilly_mededu_001,bareilly_mededu_1971.pdf,cd516d887f1ab68e0e109809dbc37abd015fa7a268a3f11b32b0aff485859bd9,26,27,8,9,E:\Archival-Digitisation-Project\1971_Trimmed_PDF\Uttar_Pradesh\metadata\document.xlsx,4bf05d889c56070f43e73558469b6cab4e2a96f37cf6cc1e9a7aa54c7efd5abe,2026-08-30T19:33:32.194545+00:00
8,,Northern Rly. Colony,,See,,,,,,,,,,,,,,,,,,,,,,,,,,,,,,CROSS_REFERENCE,Bareilly City Urban Agglomeration,False,11,0,1,27,bareilly_mededu_1971,Bareilly,Uttar Pradesh,1971,format_002,bareilly_mededu_001,bareilly_mededu_1971.pdf,cd516d887f1ab68e0e109809dbc37abd015fa7a268a3f11b32b0aff485859bd9,26,27,8,9,E:\Archival-Digitisation-Project\1971_Trimmed_PDF\Uttar_Pradesh\metadata\document.xlsx,4bf05d889c56070f43e73558469b6cab4e2a96f37cf6cc1e9a7aa54c7efd5abe,2026-08-30T19:33:32.194545+00:00
1,,Bansi,,H (4),,57,,A (1),,...,,...,,...,,...,,2,,2,,2,,2,,...,,...,,...,,...,,ORDINARY,,False,0,0,3,0,basti_mededu_1971,Basti,Uttar Pradesh,1971,format_002,basti_mededu_001,basti_mededu_1971.pdf,7e2938d71c8e783b45b6e4afde27886a765a0d5899ec9a0e48859986d7cf199e,28,29,8,9,E:\Archival-Digitisation-Project\1971_Trimmed_PDF\Uttar_Pradesh\metadata\document.xlsx,4bf05d889c56070f43e73558469b6cab4e2a96f37cf6cc1e9a7aa54c7efd5abe,2026-08-30T14:58:02.759455+00:00
1,,Bansi,,FC (2),,...,,A (1),,...,,...,,...,,...,,2,,2,,2,,2,,...,,...,,...,,...,,ORDINARY,,False,0,1,3,1,basti_mededu_1971,Basti,Uttar Pradesh,1971,format_002,basti_mededu_001,basti_mededu_1971.pdf,7e2938d71c8e783b45b6e4afde27886a765a0d5899ec9a0e48859986d7cf199e,28,29,8,9,E:\Archival-Digitisation-Project\1971_Trimmed_PDF\Uttar_Pradesh\metadata\document.xlsx,4bf05d889c56070f43e73558469b6cab4e2a96f37cf6cc1e9a7aa54c7efd5abe,2026-08-30T14:58:02.759455+00:00
1,,Bansi,,*O (1),,...,,A (1),,...,,...,,...,,...,,2,,2,,2,,2,,...,,...,,...,,...,,ORDINARY,,False,0,2,3,2,basti_mededu_1971,Basti,Uttar Pradesh,1971,format_002,basti_mededu_001,basti_mededu_1971.pdf,7e2938d71c8e783b45b6e4afde27886a765a0d5899ec9a0e48859986d7cf199e,28,29,8,9,E:\Archival-Digitisation-Project\1971_Trimmed_PDF\Uttar_Pradesh\metadata\document.xlsx,4bf05d889c56070f43e73558469b6cab4e2a96f37cf6cc1e9a7aa54c7efd5abe,2026-08-30T14:58:02.759455+00:00
2,,Basti,,H (5),,325,,AS (1),,.,,...,,1,,Sh. Type (1) O (3),,9,,9,,33,,6,,1,,2,,...,,PL (2) RR (1),,ORDINARY,,False,1,0,4,3,basti_mededu_1971,Basti,Uttar Pradesh,1971,format_002,basti_mededu_001,basti_mededu_1971.pdf,7e2938d71c8e783b45b6e4afde27886a765a0d5899ec9a0e48859986d7cf199e,28,29,8,9,E:\Archival-Digitisation-Project\1971_Trimmed_PDF\Uttar_Pradesh\metadata\document.xlsx,4bf05d889c56070f43e73558469b6cab4e2a96f37cf6cc1e9a7aa54c7efd5abe,2026-08-30T14:58:02.759455+00:00
2,,Basti,,TBC (1),,...,,AS (1),,.,,...,,1,,Sh. Type (1) O (3),,9,,9,,33,,6,,1,,2,,...,,PL (2) RR (1),,ORDINARY,,False,1,1,4,4,basti_mededu_1971,Basti,Uttar Pradesh,1971,format_002,basti_mededu_001,basti_mededu_1971.pdf,7e2938d71c8e783b45b6e4afde27886a765a0d5899ec9a0e48859986d7cf199e,28,29,8,9,E:\Archival-Digitisation-Project\1971_Trimmed_PDF\Uttar_Pradesh\metadata\document.xlsx,4bf05d889c56070f43e73558469b6cab4e2a96f37cf6cc1e9a7aa54c7efd5abe,2026-08-30T14:58:02.759455+00:00
2,,Basti,,FC (2),,...,,AS (1),,.,,...,,1,,Sh. Type (1) O (3),,9,,9,,33,,6,,1,,2,,...,,PL (2) RR (1),,ORDINARY,,False,1,2,4,5,basti_mededu_1971,Basti,Uttar Pradesh,1971,format_002,basti_mededu_001,basti_mededu_1971.pdf,7e2938d71c8e783b45b6e4afde27886a765a0d5899ec9a0e48859986d7cf199e,28,29,8,9,E:\Archival-Digitisation-Project\1971_Trimmed_PDF\Uttar_Pradesh\metadata\document.xlsx,4bf05d889c56070f43e73558469b6cab4e2a96f37cf6cc1e9a7aa54c7efd5abe,2026-08-30T14:58:02.759455+00:00
2,,Basti,,*O (4),,30,,AS (1),,.,,...,,1,,Sh. Type (1) O (3),,9,,9,,33,,6,,1,,2,,...,,PL (2) RR (1),,ORDINARY,,False,1,3,4,6,basti_mededu_1971,Basti,Uttar Pradesh,1971,format_002,basti_mededu_001,basti_mededu_1971.pdf,7e2938d71c8e783b45b6e4afde27886a765a0d5899ec9a0e48859986d7cf199e,28,29,8,9,E:\Archival-Digitisation-Project\1971_Trimmed_PDF\Uttar_Pradesh\metadata\document.xlsx,4bf05d889c56070f43e73558469b6cab4e2a96f37cf6cc1e9a7aa54c7efd5abe,2026-08-30T14:58:02.759455+00:00
3,,Khalilabad,,H (2),,26,,AS (1),,...,,...,,...,,O (1),,3,,3,,7,,2,,.,,...,,...,,...,,ORDINARY,,False,2,0,4,7,basti_mededu_1971,Basti,Uttar Pradesh,1971,format_002,basti_mededu_001,basti_mededu_1971.pdf,7e2938d71c8e783b45b6e4afde27886a765a0d5899ec9a0e48859986d7cf199e,28,29,8,9,E:\Archival-Digitisation-Project\1971_Trimmed_PDF\Uttar_Pradesh\metadata\document.xlsx,4bf05d889c56070f43e73558469b6cab4e2a96f37cf6cc1e9a7aa54c7efd5abe,2026-08-30T14:58:02.759455+00:00
3,,Khalilabad,,TBC (1),,2,,AS (1),,...,,...,,...,,O (1),,3,,3,,7,,2,,.,,...,,...,,...,,ORDINARY,,False,2,1,4,8,basti_mededu_1971,Basti,Uttar Pradesh,1971,format_002,basti_mededu_001,basti_mededu_1971.pdf,7e2938d71c8e783b45b6e4afde27886a765a0d5899ec9a0e48859986d7cf199e,28,29,8,9,E:\Archival-Digitisation-Project\1971_Trimmed_PDF\Uttar_Pradesh\metadata\document.xlsx,4bf05d889c56070f43e73558469b6cab4e2a96f37cf6cc1e9a7aa54c7efd5abe,2026-08-30T14:58:02.759455+00:00
3,,Khalilabad,,D (2),,...,,AS (1),,...,,...,,...,,O (1),,3,,3,,7,,2,,.,,...,,...,,...,,ORDINARY,,False,2,2,4,9,basti_mededu_1971,Basti,Uttar Pradesh,1971,format_002,basti_mededu_001,basti_mededu_1971.pdf,7e2938d71c8e783b45b6e4afde27886a765a0d5899ec9a0e48859986d7cf199e,28,29,8,9,E:\Archival-Digitisation-Project\1971_Trimmed_PDF\Uttar_Pradesh\metadata\document.xlsx,4bf05d889c56070f43e73558469b6cab4e2a96f37cf6cc1e9a7aa54c7efd5abe,2026-08-30T14:58:02.759455+00:00
3,,Khalilabad,,FC (1),,...,,AS (1),,...,,...,,...,,O (1),,3,,3,,7,,2,,.,,...,,...,,...,,ORDINARY,,False,2,3,4,10,basti_mededu_1971,Basti,Uttar Pradesh,1971,format_002,basti_mededu_001,basti_mededu_1971.pdf,7e2938d71c8e783b45b6e4afde27886a765a0d5899ec9a0e48859986d7cf199e,28,29,8,9,E:\Archival-Digitisation-Project\1971_Trimmed_PDF\Uttar_Pradesh\metadata\document.xlsx,4bf05d889c56070f43e73558469b6cab4e2a96f37cf6cc1e9a7aa54c7efd5abe,2026-08-30T14:58:02.759455+00:00
1,,Afzalgarh,,D (1),,4,,...,,...,,...,,...,,...,,1,,1,,2,,5,,...,,...,,...,,...,,ORDINARY,,False,0,0,1,0,bijnor_mededu_1971,Bijnor,Uttar Pradesh,1971,format_002,bijnor_mededu_001,bijnor_mededu_1971.pdf,2b02d62b1eebbe742cddea722465c65dc627ce1580f81b8d5d3003eda04131b5,35,36,12,13,E:\Archival-Digitisation-Project\1971_Trimmed_PDF\Uttar_Pradesh\metadata\document.xlsx,4bf05d889c56070f43e73558469b6cab4e2a96f37cf6cc1e9a7aa54c7efd5abe,2026-08-30T19:37:09.704333+00:00
2,,Bijnor,,H (3),,132,,AS (1),,...,,...,,...,,...,,4,,1,,17,,...,,1,,2,,...,,PL (1) RR (1),,ORDINARY,,False,1,0,3,1,bijnor_mededu_1971,Bijnor,Uttar Pradesh,1971,format_002,bijnor_mededu_001,bijnor_mededu_1971.pdf,2b02d62b1eebbe742cddea722465c65dc627ce1580f81b8d5d3003eda04131b5,35,36,12,13,E:\Archival-Digitisation-Project\1971_Trimmed_PDF\Uttar_Pradesh\metadata\document.xlsx,4bf05d889c56070f43e73558469b6cab4e2a96f37cf6cc1e9a7aa54c7efd5abe,2026-08-30T19:37:09.704333+00:00
2,,Bijnor,,TBC (1),,...,,AS (1),,...,,...,,...,,...,,4,,1,,17,,...,,1,,2,,...,,PL (1) RR (1),,ORDINARY,,False,1,1,3,2,bijnor_mededu_1971,Bijnor,Uttar Pradesh,1971,format_002,bijnor_mededu_001,bijnor_mededu_1971.pdf,2b02d62b1eebbe742cddea722465c65dc627ce1580f81b8d5d3003eda04131b5,35,36,12,13,E:\Archival-Digitisation-Project\1971_Trimmed_PDF\Uttar_Pradesh\metadata\document.xlsx,4bf05d889c56070f43e73558469b6cab4e2a96f37cf6cc1e9a7aa54c7efd5abe,2026-08-30T19:37:09.704333+00:00
2,,Bijnor,,FC (1),,...,,AS (1),,...,,...,,...,,...,,4,,1,,17,,...,,1,,2,,...,,PL (1) RR (1),,ORDINARY,,False,1,2,3,3,bijnor_mededu_1971,Bijnor,Uttar Pradesh,1971,format_002,bijnor_mededu_001,bijnor_mededu_1971.pdf,2b02d62b1eebbe742cddea722465c65dc627ce1580f81b8d5d3003eda04131b5,35,36,12,13,E:\Archival-Digitisation-Project\1971_Trimmed_PDF\Uttar_Pradesh\metadata\document.xlsx,4bf05d889c56070f43e73558469b6cab4e2a96f37cf6cc1e9a7aa54c7efd5abe,2026-08-30T19:37:09.704333+00:00
3,,Chandpur,,H (2),,16,,A (1),,...,,...,,...,,...,,3,,2,,18,,...,,...,,2,,...,,PL (3) RR (2),,ORDINARY,,False,2,0,2,4,bijnor_mededu_1971,Bijnor,Uttar Pradesh,1971,format_002,bijnor_mededu_001,bijnor_mededu_1971.pdf,2b02d62b1eebbe742cddea722465c65dc627ce1580f81b8d5d3003eda04131b5,35,36,12,13,E:\Archival-Digitisation-Project\1971_Trimmed_PDF\Uttar_Pradesh\metadata\document.xlsx,4bf05d889c56070f43e73558469b6cab4e2a96f37cf6cc1e9a7aa54c7efd5abe,2026-08-30T19:37:09.704333+00:00
3,,Chandpur,,FC (1),,...,,A (1),,...,,...,,...,,...,,3,,2,,18,,...,,...,,2,,...,,PL (3) RR (2),,ORDINARY,,False,2,1,2,5,bijnor_mededu_1971,Bijnor,Uttar Pradesh,1971,format_002,bijnor_mededu_001,bijnor_mededu_1971.pdf,2b02d62b1eebbe742cddea722465c65dc627ce1580f81b8d5d3003eda04131b5,35,36,12,13,E:\Archival-Digitisation-Project\1971_Trimmed_PDF\Uttar_Pradesh\metadata\document.xlsx,4bf05d889c56070f43e73558469b6cab4e2a96f37cf6cc1e9a7aa54c7efd5abe,2026-08-30T19:37:09.704333+00:00
4,,Dhampur,,H (3),,41,,"A (1), S (1)",,...,,...,,...,,...,,3,,2,,14,,10,,...,,...,,1,,PL (1) RR (2),,ORDINARY,,False,3,0,2,6,bijnor_mededu_1971,Bijnor,Uttar Pradesh,1971,format_002,bijnor_mededu_001,bijnor_mededu_1971.pdf,2b02d62b1eebbe742cddea722465c65dc627ce1580f81b8d5d3003eda04131b5,35,36,12,13,E:\Archival-Digitisation-Project\1971_Trimmed_PDF\Uttar_Pradesh\metadata\document.xlsx,4bf05d889c56070f43e73558469b6cab4e2a96f37cf6cc1e9a7aa54c7efd5abe,2026-08-30T19:37:09.704333+00:00
4,,Dhampur,,FC (1),,...,,"A (1), S (1)",,...,,...,,...,,...,,3,,2,,14,,10,,...,,...,,1,,PL (1) RR (2),,ORDINARY,,False,3,1,2,7,bijnor_mededu_1971,Bijnor,Uttar Pradesh,1971,format_002,bijnor_mededu_001,bijnor_mededu_1971.pdf,2b02d62b1eebbe742cddea722465c65dc627ce1580f81b8d5d3003eda04131b5,35,36,12,13,E:\Archival-Digitisation-Project\1971_Trimmed_PDF\Uttar_Pradesh\metadata\document.xlsx,4bf05d889c56070f43e73558469b6cab4e2a96f37cf6cc1e9a7aa54c7efd5abe,2026-08-30T19:37:09.704333+00:00
5,,Kiratpur,,...,,...,,...,,...,,...,,...,,...,,2,,2,,10,,8,,...,,...,,...,,...,,ORDINARY,,False,4,0,1,8,bijnor_mededu_1971,Bijnor,Uttar Pradesh,1971,format_002,bijnor_mededu_001,bijnor_mededu_1971.pdf,2b02d62b1eebbe742cddea722465c65dc627ce1580f81b8d5d3003eda04131b5,35,36,12,13,E:\Archival-Digitisation-Project\1971_Trimmed_PDF\Uttar_Pradesh\metadata\document.xlsx,4bf05d889c56070f43e73558469b6cab4e2a96f37cf6cc1e9a7aa54c7efd5abe,2026-08-30T19:37:09.704333+00:00
6,,Mandawar,,D (1),,4,,...,,...,,...,,...,,...,,1,,...,,2,,2,,...,,...,,...,,...,,ORDINARY,,False,5,0,2,9,bijnor_mededu_1971,Bijnor,Uttar Pradesh,1971,format_002,bijnor_mededu_001,bijnor_mededu_1971.pdf,2b02d62b1eebbe742cddea722465c65dc627ce1580f81b8d5d3003eda04131b5,35,36,12,13,E:\Archival-Digitisation-Project\1971_Trimmed_PDF\Uttar_Pradesh\metadata\document.xlsx,4bf05d889c56070f43e73558469b6cab4e2a96f37cf6cc1e9a7aa54c7efd5abe,2026-08-30T19:37:09.704333+00:00
6,,Mandawar,,FC (1),,...,,...,,...,,...,,...,,...,,1,,...,,2,,2,,...,,...,,...,,...,,ORDINARY,,False,5,1,2,10,bijnor_mededu_1971,Bijnor,Uttar Pradesh,1971,format_002,bijnor_mededu_001,bijnor_mededu_1971.pdf,2b02d62b1eebbe742cddea722465c65dc627ce1580f81b8d5d3003eda04131b5,35,36,12,13,E:\Archival-Digitisation-Project\1971_Trimmed_PDF\Uttar_Pradesh\metadata\document.xlsx,4bf05d889c56070f43e73558469b6cab4e2a96f37cf6cc1e9a7aa54c7efd5abe,2026-08-30T19:37:09.704333+00:00
7,,Nagina,,H (3),,28,,...,,...,,...,,...,,...,,3,,3,,17,,5,,...,,1,,...,,...,,ORDINARY,,False,6,0,2,11,bijnor_mededu_1971,Bijnor,Uttar Pradesh,1971,format_002,bijnor_mededu_001,bijnor_mededu_1971.pdf,2b02d62b1eebbe742cddea722465c65dc627ce1580f81b8d5d3003eda04131b5,35,36,12,13,E:\Archival-Digitisation-Project\1971_Trimmed_PDF\Uttar_Pradesh\metadata\document.xlsx,4bf05d889c56070f43e73558469b6cab4e2a96f37cf6cc1e9a7aa54c7efd5abe,2026-08-30T19:37:09.704333+00:00
7,,Nagina,,FC (1),,...,,...,,...,,...,,...,,...,,3,,3,,17,,5,,...,,1,,...,,...,,ORDINARY,,False,6,1,2,12,bijnor_mededu_1971,Bijnor,Uttar Pradesh,1971,format_002,bijnor_mededu_001,bijnor_mededu_1971.pdf,2b02d62b1eebbe742cddea722465c65dc627ce1580f81b8d5d3003eda04131b5,35,36,12,13,E:\Archival-Digitisation-Project\1971_Trimmed_PDF\Uttar_Pradesh\metadata\document.xlsx,4bf05d889c56070f43e73558469b6cab4e2a96f37cf6cc1e9a7aa54c7efd5abe,2026-08-30T19:37:09.704333+00:00
8,,Najibabad,,H (3),,28,,AS (1),,...,,...,,...,,...,,5,,3,,18,,9,,...,,1,,...,,PL (1) RR (1),,ORDINARY,,False,7,0,3,13,bijnor_mededu_1971,Bijnor,Uttar Pradesh,1971,format_002,bijnor_mededu_001,bijnor_mededu_1971.pdf,2b02d62b1eebbe742cddea722465c65dc627ce1580f81b8d5d3003eda04131b5,35,36,12,13,E:\Archival-Digitisation-Project\1971_Trimmed_PDF\Uttar_Pradesh\metadata\document.xlsx,4bf05d889c56070f43e73558469b6cab4e2a96f37cf6cc1e9a7aa54c7efd5abe,2026-08-30T19:37:09.704333+00:00
8,,Najibabad,,D (1),,2,,AS (1),,...,,...,,...,,...,,5,,3,,18,,9,,...,,1,,...,,PL (1) RR (1),,ORDINARY,,False,7,1,3,14,bijnor_mededu_1971,Bijnor,Uttar Pradesh,1971,format_002,bijnor_mededu_001,bijnor_mededu_1971.pdf,2b02d62b1eebbe742cddea722465c65dc627ce1580f81b8d5d3003eda04131b5,35,36,12,13,E:\Archival-Digitisation-Project\1971_Trimmed_PDF\Uttar_Pradesh\metadata\document.xlsx,4bf05d889c56070f43e73558469b6cab4e2a96f37cf6cc1e9a7aa54c7efd5abe,2026-08-30T19:37:09.704333+00:00
8,,Najibabad,,FC (1),,...,,AS (1),,...,,...,,...,,...,,5,,3,,18,,9,,...,,1,,...,,PL (1) RR (1),,ORDINARY,,False,7,2,3,15,bijnor_mededu_1971,Bijnor,Uttar Pradesh,1971,format_002,bijnor_mededu_001,bijnor_mededu_1971.pdf,2b02d62b1eebbe742cddea722465c65dc627ce1580f81b8d5d3003eda04131b5,35,36,12,13,E:\Archival-Digitisation-Project\1971_Trimmed_PDF\Uttar_Pradesh\metadata\document.xlsx,4bf05d889c56070f43e73558469b6cab4e2a96f37cf6cc1e9a7aa54c7efd5abe,2026-08-30T19:37:09.704333+00:00
9,,Nahtaur,,D (1),,4,,...,,...,,...,,...,,...,,4,,1,,1,,5,,...,,1,,...,,...,,ORDINARY,,False,8,0,2,16,bijnor_mededu_1971,Bijnor,Uttar Pradesh,1971,format_002,bijnor_mededu_001,bijnor_mededu_1971.pdf,2b02d62b1eebbe742cddea722465c65dc627ce1580f81b8d5d3003eda04131b5,35,36,12,13,E:\Archival-Digitisation-Project\1971_Trimmed_PDF\Uttar_Pradesh\metadata\document.xlsx,4bf05d889c56070f43e73558469b6cab4e2a96f37cf6cc1e9a7aa54c7efd5abe,2026-08-30T19:37:09.704333+00:00
9,,Nahtaur,,FC (1),,...,,...,,...,,...,,...,,...,,4,,1,,1,,5,,...,,1,,...,,...,,ORDINARY,,False,8,1,2,17,bijnor_mededu_1971,Bijnor,Uttar Pradesh,1971,format_002,bijnor_mededu_001,bijnor_mededu_1971.pdf,2b02d62b1eebbe742cddea722465c65dc627ce1580f81b8d5d3003eda04131b5,35,36,12,13,E:\Archival-Digitisation-Project\1971_Trimmed_PDF\Uttar_Pradesh\metadata\document.xlsx,4bf05d889c56070f43e73558469b6cab4e2a96f37cf6cc1e9a7aa54c7efd5abe,2026-08-30T19:37:09.704333+00:00
10,,Seohara,,HC (1),,4,,...,,...,,...,,...,,...,,3,,...,,4,,4,,...,,...,,...,,...,,ORDINARY,,False,9,0,2,18,bijnor_mededu_1971,Bijnor,Uttar Pradesh,1971,format_002,bijnor_mededu_001,bijnor_mededu_1971.pdf,2b02d62b1eebbe742cddea722465c65dc627ce1580f81b8d5d3003eda04131b5,35,36,12,13,E:\Archival-Digitisation-Project\1971_Trimmed_PDF\Uttar_Pradesh\metadata\document.xlsx,4bf05d889c56070f43e73558469b6cab4e2a96f37cf6cc1e9a7aa54c7efd5abe,2026-08-30T19:37:09.704333+00:00
10,,Seohara,,D (1),,4,,...,,...,,...,,...,,...,,3,,...,,4,,4,,...,,...,,...,,...,,ORDINARY,,False,9,1,2,19,bijnor_mededu_1971,Bijnor,Uttar Pradesh,1971,format_002,bijnor_mededu_001,bijnor_mededu_1971.pdf,2b02d62b1eebbe742cddea722465c65dc627ce1580f81b8d5d3003eda04131b5,35,36,12,13,E:\Archival-Digitisation-Project\1971_Trimmed_PDF\Uttar_Pradesh\metadata\document.xlsx,4bf05d889c56070f43e73558469b6cab4e2a96f37cf6cc1e9a7aa54c7efd5abe,2026-08-30T19:37:09.704333+00:00
11,,Tajpur,,...,,...,,...,,...,,...,,...,,...,,1,,...,,3,,...,,...,,...,,...,,...,,ORDINARY,,False,10,0,1,20,bijnor_mededu_1971,Bijnor,Uttar Pradesh,1971,format_002,bijnor_mededu_001,bijnor_mededu_1971.pdf,2b02d62b1eebbe742cddea722465c65dc627ce1580f81b8d5d3003eda04131b5,35,36,12,13,E:\Archival-Digitisation-Project\1971_Trimmed_PDF\Uttar_Pradesh\metadata\document.xlsx,4bf05d889c56070f43e73558469b6cab4e2a96f37cf6cc1e9a7aa54c7efd5abe,2026-08-30T19:37:09.704333+00:00
1,,Bilsi,,H (2),,13,,...,,...,,...,,...,,...,,2,,1,,6,,...,,...,,...,,...,,...,,ORDINARY,,False,0,0,3,0,budaun_mededu_1971,Budaun,Uttar Pradesh,1971,format_002,budaun_mededu_001,budaun_mededu_1971.pdf,e44651bcb8175d6e05fb3bb91e06f0a7487894d4c6cc828fd6b768e3c8faebc7,26,27,8,9,E:\Archival-Digitisation-Project\1971_Trimmed_PDF\Uttar_Pradesh\metadata\document.xlsx,4bf05d889c56070f43e73558469b6cab4e2a96f37cf6cc1e9a7aa54c7efd5abe,2026-08-30T19:38:30.679249+00:00
1,,Bilsi,,HC (1),,4,,...,,...,,...,,...,,...,,2,,1,,6,,...,,...,,...,,...,,...,,ORDINARY,,False,0,1,3,1,budaun_mededu_1971,Budaun,Uttar Pradesh,1971,format_002,budaun_mededu_001,budaun_mededu_1971.pdf,e44651bcb8175d6e05fb3bb91e06f0a7487894d4c6cc828fd6b768e3c8faebc7,26,27,8,9,E:\Archival-Digitisation-Project\1971_Trimmed_PDF\Uttar_Pradesh\metadata\document.xlsx,4bf05d889c56070f43e73558469b6cab4e2a96f37cf6cc1e9a7aa54c7efd5abe,2026-08-30T19:38:30.679249+00:00
1,,Bilsi,,FC (1),,...,,...,,...,,...,,...,,...,,2,,1,,6,,...,,...,,...,,...,,...,,ORDINARY,,False,0,2,3,2,budaun_mededu_1971,Budaun,Uttar Pradesh,1971,format_002,budaun_mededu_001,budaun_mededu_1971.pdf,e44651bcb8175d6e05fb3bb91e06f0a7487894d4c6cc828fd6b768e3c8faebc7,26,27,8,9,E:\Archival-Digitisation-Project\1971_Trimmed_PDF\Uttar_Pradesh\metadata\document.xlsx,4bf05d889c56070f43e73558469b6cab4e2a96f37cf6cc1e9a7aa54c7efd5abe,2026-08-30T19:38:30.679249+00:00
2,,Budaun,,H (4),,169,,A (1),,...,,...,,...,,...,,7,,5,,41,,...,,...,,2,,...,,PL (5),,ORDINARY,,False,1,0,3,3,budaun_mededu_1971,Budaun,Uttar Pradesh,1971,format_002,budaun_mededu_001,budaun_mededu_1971.pdf,e44651bcb8175d6e05fb3bb91e06f0a7487894d4c6cc828fd6b768e3c8faebc7,26,27,8,9,E:\Archival-Digitisation-Project\1971_Trimmed_PDF\Uttar_Pradesh\metadata\document.xlsx,4bf05d889c56070f43e73558469b6cab4e2a96f37cf6cc1e9a7aa54c7efd5abe,2026-08-30T19:38:30.679249+00:00
2,,Budaun,,TBC (1),,...,,A (1),,...,,...,,...,,...,,7,,5,,41,,...,,...,,2,,...,,PL (5),,ORDINARY,,False,1,1,3,4,budaun_mededu_1971,Budaun,Uttar Pradesh,1971,format_002,budaun_mededu_001,budaun_mededu_1971.pdf,e44651bcb8175d6e05fb3bb91e06f0a7487894d4c6cc828fd6b768e3c8faebc7,26,27,8,9,E:\Archival-Digitisation-Project\1971_Trimmed_PDF\Uttar_Pradesh\metadata\document.xlsx,4bf05d889c56070f43e73558469b6cab4e2a96f37cf6cc1e9a7aa54c7efd5abe,2026-08-30T19:38:30.679249+00:00
2,,Budaun,,FC (1),,...,,A (1),,...,,...,,...,,...,,7,,5,,41,,...,,...,,2,,...,,PL (5),,ORDINARY,,False,1,2,3,5,budaun_mededu_1971,Budaun,Uttar Pradesh,1971,format_002,budaun_mededu_001,budaun_mededu_1971.pdf,e44651bcb8175d6e05fb3bb91e06f0a7487894d4c6cc828fd6b768e3c8faebc7,26,27,8,9,E:\Archival-Digitisation-Project\1971_Trimmed_PDF\Uttar_Pradesh\metadata\document.xlsx,4bf05d889c56070f43e73558469b6cab4e2a96f37cf6cc1e9a7aa54c7efd5abe,2026-08-30T19:38:30.679249+00:00
3,,Dataganj,,H (2),,12,,...,,...,,...,,...,,...,,...,,2,,3,,...,,...,,...,,...,,RR (1),,ORDINARY,,False,2,0,3,6,budaun_mededu_1971,Budaun,Uttar Pradesh,1971,format_002,budaun_mededu_001,budaun_mededu_1971.pdf,e44651bcb8175d6e05fb3bb91e06f0a7487894d4c6cc828fd6b768e3c8faebc7,26,27,8,9,E:\Archival-Digitisation-Project\1971_Trimmed_PDF\Uttar_Pradesh\metadata\document.xlsx,4bf05d889c56070f43e73558469b6cab4e2a96f37cf6cc1e9a7aa54c7efd5abe,2026-08-30T19:38:30.679249+00:00
3,,Dataganj,,HC (1),,8,,...,,...,,...,,...,,...,,...,,2,,3,,...,,...,,...,,...,,RR (1),,ORDINARY,,False,2,1,3,7,budaun_mededu_1971,Budaun,Uttar Pradesh,1971,format_002,budaun_mededu_001,budaun_mededu_1971.pdf,e44651bcb8175d6e05fb3bb91e06f0a7487894d4c6cc828fd6b768e3c8faebc7,26,27,8,9,E:\Archival-Digitisation-Project\1971_Trimmed_PDF\Uttar_Pradesh\metadata\document.xlsx,4bf05d889c56070f43e73558469b6cab4e2a96f37cf6cc1e9a7aa54c7efd5abe,2026-08-30T19:38:30.679249+00:00
3,,Dataganj,,FC (1),,...,,...,,...,,...,,...,,...,,...,,2,,3,,...,,...,,...,,...,,RR (1),,ORDINARY,,False,2,2,3,8,budaun_mededu_1971,Budaun,Uttar Pradesh,1971,format_002,budaun_mededu_001,budaun_mededu_1971.pdf,e44651bcb8175d6e05fb3bb91e06f0a7487894d4c6cc828fd6b768e3c8faebc7,26,27,8,9,E:\Archival-Digitisation-Project\1971_Trimmed_PDF\Uttar_Pradesh\metadata\document.xlsx,4bf05d889c56070f43e73558469b6cab4e2a96f37cf6cc1e9a7aa54c7efd5abe,2026-08-30T19:38:30.679249+00:00
4,,Kakrala,,...,,...,,...,,...,,...,,...,,...,,1,,1,,6,,...,,...,,...,,...,,...,,ORDINARY,,False,3,0,1,9,budaun_mededu_1971,Budaun,Uttar Pradesh,1971,format_002,budaun_mededu_001,budaun_mededu_1971.pdf,e44651bcb8175d6e05fb3bb91e06f0a7487894d4c6cc828fd6b768e3c8faebc7,26,27,8,9,E:\Archival-Digitisation-Project\1971_Trimmed_PDF\Uttar_Pradesh\metadata\document.xlsx,4bf05d889c56070f43e73558469b6cab4e2a96f37cf6cc1e9a7aa54c7efd5abe,2026-08-30T19:38:30.679249+00:00
5,,Sahaswan,,H (2),,18,,...,,...,,...,,...,,...,,1,,1,,14,,...,,...,,...,,...,,RR (2),,ORDINARY,,False,4,0,3,10,budaun_mededu_1971,Budaun,Uttar Pradesh,1971,format_002,budaun_mededu_001,budaun_mededu_1971.pdf,e44651bcb8175d6e05fb3bb91e06f0a7487894d4c6cc828fd6b768e3c8faebc7,26,27,8,9,E:\Archival-Digitisation-Project\1971_Trimmed_PDF\Uttar_Pradesh\metadata\document.xlsx,4bf05d889c56070f43e73558469b6cab4e2a96f37cf6cc1e9a7aa54c7efd5abe,2026-08-30T19:38:30.679249+00:00
5,,Sahaswan,,HC (1),,4,,...,,...,,...,,...,,...,,1,,1,,14,,...,,...,,...,,...,,RR (2),,ORDINARY,,False,4,1,3,11,budaun_mededu_1971,Budaun,Uttar Pradesh,1971,format_002,budaun_mededu_001,budaun_mededu_1971.pdf,e44651bcb8175d6e05fb3bb91e06f0a7487894d4c6cc828fd6b768e3c8faebc7,26,27,8,9,E:\Archival-Digitisation-Project\1971_Trimmed_PDF\Uttar_Pradesh\metadata\document.xlsx,4bf05d889c56070f43e73558469b6cab4e2a96f37cf6cc1e9a7aa54c7efd5abe,2026-08-30T19:38:30.679249+00:00
5,,Sahaswan,,FC (1),,...,,...,,...,,...,,...,,...,,1,,1,,14,,...,,...,,...,,...,,RR (2),,ORDINARY,,False,4,2,3,12,budaun_mededu_1971,Budaun,Uttar Pradesh,1971,format_002,budaun_mededu_001,budaun_mededu_1971.pdf,e44651bcb8175d6e05fb3bb91e06f0a7487894d4c6cc828fd6b768e3c8faebc7,26,27,8,9,E:\Archival-Digitisation-Project\1971_Trimmed_PDF\Uttar_Pradesh\metadata\document.xlsx,4bf05d889c56070f43e73558469b6cab4e2a96f37cf6cc1e9a7aa54c7efd5abe,2026-08-30T19:38:30.679249+00:00
6,,Ujhani,,H (1),,6,,...,,...,,...,,...,,...,,2,,1,,13,,...,,...,,1,,...,,PL (1),,ORDINARY,,False,5,0,5,13,budaun_mededu_1971,Budaun,Uttar Pradesh,1971,format_002,budaun_mededu_001,budaun_mededu_1971.pdf,e44651bcb8175d6e05fb3bb91e06f0a7487894d4c6cc828fd6b768e3c8faebc7,26,27,8,9,E:\Archival-Digitisation-Project\1971_Trimmed_PDF\Uttar_Pradesh\metadata\document.xlsx,4bf05d889c56070f43e73558469b6cab4e2a96f37cf6cc1e9a7aa54c7efd5abe,2026-08-30T19:38:30.679249+00:00
6,,Ujhani,,HC (1),,10,,...,,...,,...,,...,,...,,2,,1,,13,,...,,...,,1,,...,,PL (1),,ORDINARY,,False,5,1,5,14,budaun_mededu_1971,Budaun,Uttar Pradesh,1971,format_002,budaun_mededu_001,budaun_mededu_1971.pdf,e44651bcb8175d6e05fb3bb91e06f0a7487894d4c6cc828fd6b768e3c8faebc7,26,27,8,9,E:\Archival-Digitisation-Project\1971_Trimmed_PDF\Uttar_Pradesh\metadata\document.xlsx,4bf05d889c56070f43e73558469b6cab4e2a96f37cf6cc1e9a7aa54c7efd5abe,2026-08-30T19:38:30.679249+00:00
6,,Ujhani,,D (2),,...,,...,,...,,...,,...,,...,,2,,1,,13,,...,,...,,1,,...,,PL (1),,ORDINARY,,False,5,2,5,15,budaun_mededu_1971,Budaun,Uttar Pradesh,1971,format_002,budaun_mededu_001,budaun_mededu_1971.pdf,e44651bcb8175d6e05fb3bb91e06f0a7487894d4c6cc828fd6b768e3c8faebc7,26,27,8,9,E:\Archival-Digitisation-Project\1971_Trimmed_PDF\Uttar_Pradesh\metadata\document.xlsx,4bf05d889c56070f43e73558469b6cab4e2a96f37cf6cc1e9a7aa54c7efd5abe,2026-08-30T19:38:30.679249+00:00
6,,Ujhani,,FC (1),,...,,...,,...,,...,,...,,...,,2,,1,,13,,...,,...,,1,,...,,PL (1),,ORDINARY,,False,5,3,5,16,budaun_mededu_1971,Budaun,Uttar Pradesh,1971,format_002,budaun_mededu_001,budaun_mededu_1971.pdf,e44651bcb8175d6e05fb3bb91e06f0a7487894d4c6cc828fd6b768e3c8faebc7,26,27,8,9,E:\Archival-Digitisation-Project\1971_Trimmed_PDF\Uttar_Pradesh\metadata\document.xlsx,4bf05d889c56070f43e73558469b6cab4e2a96f37cf6cc1e9a7aa54c7efd5abe,2026-08-30T19:38:30.679249+00:00
6,,Ujhani,,*O (1),,...,,...,,...,,...,,...,,...,,2,,1,,13,,...,,...,,1,,...,,PL (1),,ORDINARY,,False,5,4,5,17,budaun_mededu_1971,Budaun,Uttar Pradesh,1971,format_002,budaun_mededu_001,budaun_mededu_1971.pdf,e44651bcb8175d6e05fb3bb91e06f0a7487894d4c6cc828fd6b768e3c8faebc7,26,27,8,9,E:\Archival-Digitisation-Project\1971_Trimmed_PDF\Uttar_Pradesh\metadata\document.xlsx,4bf05d889c56070f43e73558469b6cab4e2a96f37cf6cc1e9a7aa54c7efd5abe,2026-08-30T19:38:30.679249+00:00
1,,Anupshahr,,H (2),,40,,S (1),,...,,...,,...,,...,,3,,2,,11,,1,,...,,...,,...,,...,,ORDINARY,,False,0,0,1,0,bulandshahr_mededu_1971,Bulandshahr,Uttar Pradesh,1971,format_002,bulandshahr_mededu_001,bulandshahr_mededu_1971.pdf,3664a60bca304a10fb6ce9cf358ef31d53caa0b81d739924007e50576c41fa50,25,26,8,9,E:\Archival-Digitisation-Project\1971_Trimmed_PDF\Uttar_Pradesh\metadata\document.xlsx,4bf05d889c56070f43e73558469b6cab4e2a96f37cf6cc1e9a7aa54c7efd5abe,2026-08-30T19:43:36.310455+00:00
2,,Bugrasi,,HC (1),,...,,...,,...,,...,,...,,...,,8,,...,,2,,4,,...,,...,,...,,...,,ORDINARY,,False,1,0,2,1,bulandshahr_mededu_1971,Bulandshahr,Uttar Pradesh,1971,format_002,bulandshahr_mededu_001,bulandshahr_mededu_1971.pdf,3664a60bca304a10fb6ce9cf358ef31d53caa0b81d739924007e50576c41fa50,25,26,8,9,E:\Archival-Digitisation-Project\1971_Trimmed_PDF\Uttar_Pradesh\metadata\document.xlsx,4bf05d889c56070f43e73558469b6cab4e2a96f37cf6cc1e9a7aa54c7efd5abe,2026-08-30T19:43:36.310455+00:00
2,,Bugrasi,,*O (1),,...,,...,,...,,...,,...,,...,,8,,...,,2,,4,,...,,...,,...,,...,,ORDINARY,,False,1,1,2,2,bulandshahr_mededu_1971,Bulandshahr,Uttar Pradesh,1971,format_002,bulandshahr_mededu_001,bulandshahr_mededu_1971.pdf,3664a60bca304a10fb6ce9cf358ef31d53caa0b81d739924007e50576c41fa50,25,26,8,9,E:\Archival-Digitisation-Project\1971_Trimmed_PDF\Uttar_Pradesh\metadata\document.xlsx,4bf05d889c56070f43e73558469b6cab4e2a96f37cf6cc1e9a7aa54c7efd5abe,2026-08-30T19:43:36.310455+00:00
3,,Bulandshahr,,H (3),,236,,"A (1), S (1)",,...,,...,,...,,...,,5,,2,,24,,...,,1,,2,,...,,PL (3) RR (2),,ORDINARY,,False,2,0,4,3,bulandshahr_mededu_1971,Bulandshahr,Uttar Pradesh,1971,format_002,bulandshahr_mededu_001,bulandshahr_mededu_1971.pdf,3664a60bca304a10fb6ce9cf358ef31d53caa0b81d739924007e50576c41fa50,25,26,8,9,E:\Archival-Digitisation-Project\1971_Trimmed_PDF\Uttar_Pradesh\metadata\document.xlsx,4bf05d889c56070f43e73558469b6cab4e2a96f37cf6cc1e9a7aa54c7efd5abe,2026-08-30T19:43:36.310455+00:00
3,,Bulandshahr,,HC (1),,...,,"A (1), S (1)",,...,,...,,...,,...,,5,,2,,24,,...,,1,,2,,...,,PL (3) RR (2),,ORDINARY,,False,2,1,4,4,bulandshahr_mededu_1971,Bulandshahr,Uttar Pradesh,1971,format_002,bulandshahr_mededu_001,bulandshahr_mededu_1971.pdf,3664a60bca304a10fb6ce9cf358ef31d53caa0b81d739924007e50576c41fa50,25,26,8,9,E:\Archival-Digitisation-Project\1971_Trimmed_PDF\Uttar_Pradesh\metadata\document.xlsx,4bf05d889c56070f43e73558469b6cab4e2a96f37cf6cc1e9a7aa54c7efd5abe,2026-08-30T19:43:36.310455+00:00
3,,Bulandshahr,,FC (2),,...,,"A (1), S (1)",,...,,...,,...,,...,,5,,2,,24,,...,,1,,2,,...,,PL (3) RR (2),,ORDINARY,,False,2,2,4,5,bulandshahr_mededu_1971,Bulandshahr,Uttar Pradesh,1971,format_002,bulandshahr_mededu_001,bulandshahr_mededu_1971.pdf,3664a60bca304a10fb6ce9cf358ef31d53caa0b81d739924007e50576c41fa50,25,26,8,9,E:\Archival-Digitisation-Project\1971_Trimmed_PDF\Uttar_Pradesh\metadata\document.xlsx,4bf05d889c56070f43e73558469b6cab4e2a96f37cf6cc1e9a7aa54c7efd5abe,2026-08-30T19:43:36.310455+00:00
3,,Bulandshahr,,TBC (1),,23,,"A (1), S (1)",,...,,...,,...,,...,,5,,2,,24,,...,,1,,2,,...,,PL (3) RR (2),,ORDINARY,,False,2,3,4,6,bulandshahr_mededu_1971,Bulandshahr,Uttar Pradesh,1971,format_002,bulandshahr_mededu_001,bulandshahr_mededu_1971.pdf,3664a60bca304a10fb6ce9cf358ef31d53caa0b81d739924007e50576c41fa50,25,26,8,9,E:\Archival-Digitisation-Project\1971_Trimmed_PDF\Uttar_Pradesh\metadata\document.xlsx,4bf05d889c56070f43e73558469b6cab4e2a96f37cf6cc1e9a7aa54c7efd5abe,2026-08-30T19:43:36.310455+00:00
4,,Dadri,,H (1),,4,,A (1),,...,,...,,...,,...,,2,,2,,4,,...,,...,,...,,...,,...,,ORDINARY,,False,3,0,2,7,bulandshahr_mededu_1971,Bulandshahr,Uttar Pradesh,1971,format_002,bulandshahr_mededu_001,bulandshahr_mededu_1971.pdf,3664a60bca304a10fb6ce9cf358ef31d53caa0b81d739924007e50576c41fa50,25,26,8,9,E:\Archival-Digitisation-Project\1971_Trimmed_PDF\Uttar_Pradesh\metadata\document.xlsx,4bf05d889c56070f43e73558469b6cab4e2a96f37cf6cc1e9a7aa54c7efd5abe,2026-08-30T19:43:36.310455+00:00
4,,Dadri,,FC (1),,...,,A (1),,...,,...,,...,,...,,2,,2,,4,,...,,...,,...,,...,,...,,ORDINARY,,False,3,1,2,8,bulandshahr_mededu_1971,Bulandshahr,Uttar Pradesh,1971,format_002,bulandshahr_mededu_001,bulandshahr_mededu_1971.pdf,3664a60bca304a10fb6ce9cf358ef31d53caa0b81d739924007e50576c41fa50,25,26,8,9,E:\Archival-Digitisation-Project\1971_Trimmed_PDF\Uttar_Pradesh\metadata\document.xlsx,4bf05d889c56070f43e73558469b6cab4e2a96f37cf6cc1e9a7aa54c7efd5abe,2026-08-30T19:43:36.310455+00:00
5,,Dankaur,,H (1),,6,,...,,...,,...,,...,,...,,1,,2,,5,,...,,...,,...,,...,,...,,ORDINARY,,False,4,0,3,9,bulandshahr_mededu_1971,Bulandshahr,Uttar Pradesh,1971,format_002,bulandshahr_mededu_001,bulandshahr_mededu_1971.pdf,3664a60bca304a10fb6ce9cf358ef31d53caa0b81d739924007e50576c41fa50,25,26,8,9,E:\Archival-Digitisation-Project\1971_Trimmed_PDF\Uttar_Pradesh\metadata\document.xlsx,4bf05d889c56070f43e73558469b6cab4e2a96f37cf6cc1e9a7aa54c7efd5abe,2026-08-30T19:43:36.310455+00:00
5,,Dankaur,,FC (1),,...,,...,,...,,...,,...,,...,,1,,2,,5,,...,,...,,...,,...,,...,,ORDINARY,,False,4,1,3,10,bulandshahr_mededu_1971,Bulandshahr,Uttar Pradesh,1971,format_002,bulandshahr_mededu_001,bulandshahr_mededu_1971.pdf,3664a60bca304a10fb6ce9cf358ef31d53caa0b81d739924007e50576c41fa50,25,26,8,9,E:\Archival-Digitisation-Project\1971_Trimmed_PDF\Uttar_Pradesh\metadata\document.xlsx,4bf05d889c56070f43e73558469b6cab4e2a96f37cf6cc1e9a7aa54c7efd5abe,2026-08-30T19:43:36.310455+00:00
5,,Dankaur,,D (1),,...,,...,,...,,...,,...,,...,,1,,2,,5,,...,,...,,...,,...,,...,,ORDINARY,,False,4,2,3,11,bulandshahr_mededu_1971,Bulandshahr,Uttar Pradesh,1971,format_002,bulandshahr_mededu_001,bulandshahr_mededu_1971.pdf,3664a60bca304a10fb6ce9cf358ef31d53caa0b81d739924007e50576c41fa50,25,26,8,9,E:\Archival-Digitisation-Project\1971_Trimmed_PDF\Uttar_Pradesh\metadata\document.xlsx,4bf05d889c56070f43e73558469b6cab4e2a96f37cf6cc1e9a7aa54c7efd5abe,2026-08-30T19:43:36.310455+00:00
6,,Debai,,H (2),,26,,A (1),,...,,...,,...,,...,,3,,3,,13,,...,,...,,...,,...,,PL (1),,ORDINARY,,False,5,0,2,12,bulandshahr_mededu_1971,Bulandshahr,Uttar Pradesh,1971,format_002,bulandshahr_mededu_001,bulandshahr_mededu_1971.pdf,3664a60bca304a10fb6ce9cf358ef31d53caa0b81d739924007e50576c41fa50,25,26,8,9,E:\Archival-Digitisation-Project\1971_Trimmed_PDF\Uttar_Pradesh\metadata\document.xlsx,4bf05d889c56070f43e73558469b6cab4e2a96f37cf6cc1e9a7aa54c7efd5abe,2026-08-30T19:43:36.310455+00:00
6,,Debai,,FC (1),,...,,A (1),,...,,...,,...,,...,,3,,3,,13,,...,,...,,...,,...,,PL (1),,ORDINARY,,False,5,1,2,13,bulandshahr_mededu_1971,Bulandshahr,Uttar Pradesh,1971,format_002,bulandshahr_mededu_001,bulandshahr_mededu_1971.pdf,3664a60bca304a10fb6ce9cf358ef31d53caa0b81d739924007e50576c41fa50,25,26,8,9,E:\Archival-Digitisation-Project\1971_Trimmed_PDF\Uttar_Pradesh\metadata\document.xlsx,4bf05d889c56070f43e73558469b6cab4e2a96f37cf6cc1e9a7aa54c7efd5abe,2026-08-30T19:43:36.310455+00:00
7,,Gulaothi,,H (1),,10,,ASC (1),,...,,...,,...,,...,,3,,4,,11,,...,,...,,...,,...,,...,,ORDINARY,,False,6,0,3,14,bulandshahr_mededu_1971,Bulandshahr,Uttar Pradesh,1971,format_002,bulandshahr_mededu_001,bulandshahr_mededu_1971.pdf,3664a60bca304a10fb6ce9cf358ef31d53caa0b81d739924007e50576c41fa50,25,26,8,9,E:\Archival-Digitisation-Project\1971_Trimmed_PDF\Uttar_Pradesh\metadata\document.xlsx,4bf05d889c56070f43e73558469b6cab4e2a96f37cf6cc1e9a7aa54c7efd5abe,2026-08-30T19:43:36.310455+00:00
7,,Gulaothi,,HC (1),,...,,ASC (1),,...,,...,,...,,...,,3,,4,,11,,...,,...,,...,,...,,...,,ORDINARY,,False,6,1,3,15,bulandshahr_mededu_1971,Bulandshahr,Uttar Pradesh,1971,format_002,bulandshahr_mededu_001,bulandshahr_mededu_1971.pdf,3664a60bca304a10fb6ce9cf358ef31d53caa0b81d739924007e50576c41fa50,25,26,8,9,E:\Archival-Digitisation-Project\1971_Trimmed_PDF\Uttar_Pradesh\metadata\document.xlsx,4bf05d889c56070f43e73558469b6cab4e2a96f37cf6cc1e9a7aa54c7efd5abe,2026-08-30T19:43:36.310455+00:00
7,,Gulaothi,,FC (1),,...,,ASC (1),,...,,...,,...,,...,,3,,4,,11,,...,,...,,...,,...,,...,,ORDINARY,,False,6,2,3,16,bulandshahr_mededu_1971,Bulandshahr,Uttar Pradesh,1971,format_002,bulandshahr_mededu_001,bulandshahr_mededu_1971.pdf,3664a60bca304a10fb6ce9cf358ef31d53caa0b81d739924007e50576c41fa50,25,26,8,9,E:\Archival-Digitisation-Project\1971_Trimmed_PDF\Uttar_Pradesh\metadata\document.xlsx,4bf05d889c56070f43e73558469b6cab4e2a96f37cf6cc1e9a7aa54c7efd5abe,2026-08-30T19:43:36.310455+00:00
8,,Jahangirabad,,H (2),,20,,...,,...,,...,,...,,...,,2,,1,,13,,...,,...,,...,,...,,PL (1) RR (1),,ORDINARY,,False,7,0,3,17,bulandshahr_mededu_1971,Bulandshahr,Uttar Pradesh,1971,format_002,bulandshahr_mededu_001,bulandshahr_mededu_1971.pdf,3664a60bca304a10fb6ce9cf358ef31d53caa0b81d739924007e50576c41fa50,25,26,8,9,E:\Archival-Digitisation-Project\1971_Trimmed_PDF\Uttar_Pradesh\metadata\document.xlsx,4bf05d889c56070f43e73558469b6cab4e2a96f37cf6cc1e9a7aa54c7efd5abe,2026-08-30T19:43:36.310455+00:00
8,,Jahangirabad,,D (1),,...,,...,,...,,...,,...,,...,,2,,1,,13,,...,,...,,...,,...,,PL (1) RR (1),,ORDINARY,,False,7,1,3,18,bulandshahr_mededu_1971,Bulandshahr,Uttar Pradesh,1971,format_002,bulandshahr_mededu_001,bulandshahr_mededu_1971.pdf,3664a60bca304a10fb6ce9cf358ef31d53caa0b81d739924007e50576c41fa50,25,26,8,9,E:\Archival-Digitisation-Project\1971_Trimmed_PDF\Uttar_Pradesh\metadata\document.xlsx,4bf05d889c56070f43e73558469b6cab4e2a96f37cf6cc1e9a7aa54c7efd5abe,2026-08-30T19:43:36.310455+00:00
8,,Jahangirabad,,FC (1),,...,,...,,...,,...,,...,,...,,2,,1,,13,,...,,...,,...,,...,,PL (1) RR (1),,ORDINARY,,False,7,2,3,19,bulandshahr_mededu_1971,Bulandshahr,Uttar Pradesh,1971,format_002,bulandshahr_mededu_001,bulandshahr_mededu_1971.pdf,3664a60bca304a10fb6ce9cf358ef31d53caa0b81d739924007e50576c41fa50,25,26,8,9,E:\Archival-Digitisation-Project\1971_Trimmed_PDF\Uttar_Pradesh\metadata\document.xlsx,4bf05d889c56070f43e73558469b6cab4e2a96f37cf6cc1e9a7aa54c7efd5abe,2026-08-30T19:43:36.310455+00:00
9,,Khurja,,H (2),,120,,"A (1), SC (1)",,...,,...,,...,,Sh. Type (1),,3,,4,,25,,2,,...,,2,,...,,PL (2) RR (1),,ORDINARY,,False,8,0,2,20,bulandshahr_mededu_1971,Bulandshahr,Uttar Pradesh,1971,format_002,bulandshahr_mededu_001,bulandshahr_mededu_1971.pdf,3664a60bca304a10fb6ce9cf358ef31d53caa0b81d739924007e50576c41fa50,25,26,8,9,E:\Archival-Digitisation-Project\1971_Trimmed_PDF\Uttar_Pradesh\metadata\document.xlsx,4bf05d889c56070f43e73558469b6cab4e2a96f37cf6cc1e9a7aa54c7efd5abe,2026-08-30T19:43:36.310455+00:00
9,,Khurja,,FC (2),,...,,"A (1), SC (1)",,...,,...,,...,,Sh. Type (1),,3,,4,,25,,2,,...,,2,,...,,PL (2) RR (1),,ORDINARY,,False,8,1,2,21,bulandshahr_mededu_1971,Bulandshahr,Uttar Pradesh,1971,format_002,bulandshahr_mededu_001,bulandshahr_mededu_1971.pdf,3664a60bca304a10fb6ce9cf358ef31d53caa0b81d739924007e50576c41fa50,25,26,8,9,E:\Archival-Digitisation-Project\1971_Trimmed_PDF\Uttar_Pradesh\metadata\document.xlsx,4bf05d889c56070f43e73558469b6cab4e2a96f37cf6cc1e9a7aa54c7efd5abe,2026-08-30T19:43:36.310455+00:00
10,,Pahasu,,H (1),,6,,...,,...,,...,,...,,...,,1,,1,,2,,1,,...,,...,,...,,PL (1),,ORDINARY,,False,9,0,2,22,bulandshahr_mededu_1971,Bulandshahr,Uttar Pradesh,1971,format_002,bulandshahr_mededu_001,bulandshahr_mededu_1971.pdf,3664a60bca304a10fb6ce9cf358ef31d53caa0b81d739924007e50576c41fa50,25,26,8,9,E:\Archival-Digitisation-Project\1971_Trimmed_PDF\Uttar_Pradesh\metadata\document.xlsx,4bf05d889c56070f43e73558469b6cab4e2a96f37cf6cc1e9a7aa54c7efd5abe,2026-08-30T19:43:36.310455+00:00
10,,Pahasu,,FC (1),,...,,...,,...,,...,,...,,...,,1,,1,,2,,1,,...,,...,,...,,PL (1),,ORDINARY,,False,9,1,2,23,bulandshahr_mededu_1971,Bulandshahr,Uttar Pradesh,1971,format_002,bulandshahr_mededu_001,bulandshahr_mededu_1971.pdf,3664a60bca304a10fb6ce9cf358ef31d53caa0b81d739924007e50576c41fa50,25,26,8,9,E:\Archival-Digitisation-Project\1971_Trimmed_PDF\Uttar_Pradesh\metadata\document.xlsx,4bf05d889c56070f43e73558469b6cab4e2a96f37cf6cc1e9a7aa54c7efd5abe,2026-08-30T19:43:36.310455+00:00
11,,Shikarpur,,H (1),,12,,...,,...,,...,,...,,...,,3,,1,,5,,2,,...,,...,,...,,...,,ORDINARY,,False,10,0,1,24,bulandshahr_mededu_1971,Bulandshahr,Uttar Pradesh,1971,format_002,bulandshahr_mededu_001,bulandshahr_mededu_1971.pdf,3664a60bca304a10fb6ce9cf358ef31d53caa0b81d739924007e50576c41fa50,25,26,8,9,E:\Archival-Digitisation-Project\1971_Trimmed_PDF\Uttar_Pradesh\metadata\document.xlsx,4bf05d889c56070f43e73558469b6cab4e2a96f37cf6cc1e9a7aa54c7efd5abe,2026-08-30T19:43:36.310455+00:00
12,,Siana,,H (1),,8,,...,,...,,...,,...,,...,,2,,1,,8,,2,,...,,...,,...,,...,,ORDINARY,,False,11,0,2,25,bulandshahr_mededu_1971,Bulandshahr,Uttar Pradesh,1971,format_002,bulandshahr_mededu_001,bulandshahr_mededu_1971.pdf,3664a60bca304a10fb6ce9cf358ef31d53caa0b81d739924007e50576c41fa50,25,26,8,9,E:\Archival-Digitisation-Project\1971_Trimmed_PDF\Uttar_Pradesh\metadata\document.xlsx,4bf05d889c56070f43e73558469b6cab4e2a96f37cf6cc1e9a7aa54c7efd5abe,2026-08-30T19:43:36.310455+00:00
12,,Siana,,FC (1),,...,,...,,...,,...,,...,,...,,2,,1,,8,,2,,...,,...,,...,,...,,ORDINARY,,False,11,1,2,26,bulandshahr_mededu_1971,Bulandshahr,Uttar Pradesh,1971,format_002,bulandshahr_mededu_001,bulandshahr_mededu_1971.pdf,3664a60bca304a10fb6ce9cf358ef31d53caa0b81d739924007e50576c41fa50,25,26,8,9,E:\Archival-Digitisation-Project\1971_Trimmed_PDF\Uttar_Pradesh\metadata\document.xlsx,4bf05d889c56070f43e73558469b6cab4e2a96f37cf6cc1e9a7aa54c7efd5abe,2026-08-30T19:43:36.310455+00:00
13,,Sikandrabad,,H (2),,36,,A (1),,...,,...,,...,,...,,5,,1,,19,,...,,...,,1,,...,,PL (1),,ORDINARY,,False,12,0,2,27,bulandshahr_mededu_1971,Bulandshahr,Uttar Pradesh,1971,format_002,bulandshahr_mededu_001,bulandshahr_mededu_1971.pdf,3664a60bca304a10fb6ce9cf358ef31d53caa0b81d739924007e50576c41fa50,25,26,8,9,E:\Archival-Digitisation-Project\1971_Trimmed_PDF\Uttar_Pradesh\metadata\document.xlsx,4bf05d889c56070f43e73558469b6cab4e2a96f37cf6cc1e9a7aa54c7efd5abe,2026-08-30T19:43:36.310455+00:00
13,,Sikandrabad,,FC (1),,...,,A (1),,...,,...,,...,,...,,5,,1,,19,,...,,...,,1,,...,,PL (1),,ORDINARY,,False,12,1,2,28,bulandshahr_mededu_1971,Bulandshahr,Uttar Pradesh,1971,format_002,bulandshahr_mededu_001,bulandshahr_mededu_1971.pdf,3664a60bca304a10fb6ce9cf358ef31d53caa0b81d739924007e50576c41fa50,25,26,8,9,E:\Archival-Digitisation-Project\1971_Trimmed_PDF\Uttar_Pradesh\metadata\document.xlsx,4bf05d889c56070f43e73558469b6cab4e2a96f37cf6cc1e9a7aa54c7efd5abe,2026-08-30T19:43:36.310455+00:00
1,,Badrinathpuri,,H (1),,10,,...,,...,,...,,...,,...,,...,,1,,2,,...,,...,,...,,...,,...,,ORDINARY,,False,0,0,1,0,chamoli_mededu_1971,Chamoli,Uttar Pradesh,1971,format_002,chamoli_mededu_001,chamoli_mededu_1971.pdf,a97d8581509571c781cac5750e2bf07c50644e94b223b25ce733260e2e4cabc8,24,25,6,7,E:\Archival-Digitisation-Project\1971_Trimmed_PDF\Uttar_Pradesh\metadata\document.xlsx,4bf05d889c56070f43e73558469b6cab4e2a96f37cf6cc1e9a7aa54c7efd5abe,2026-08-30T19:46:39.736436+00:00
2,,Chamoli Gopeshwar,,H (3),,112,,ASC (1),,...,,...,,...,,...,,1,,1,,5,,...,,.,,...,,...,,PL (1) RR (1),,ORDINARY,,False,1,0,4,1,chamoli_mededu_1971,Chamoli,Uttar Pradesh,1971,format_002,chamoli_mededu_001,chamoli_mededu_1971.pdf,a97d8581509571c781cac5750e2bf07c50644e94b223b25ce733260e2e4cabc8,24,25,6,7,E:\Archival-Digitisation-Project\1971_Trimmed_PDF\Uttar_Pradesh\metadata\document.xlsx,4bf05d889c56070f43e73558469b6cab4e2a96f37cf6cc1e9a7aa54c7efd5abe,2026-08-30T19:46:39.736436+00:00
2,,Chamoli Gopeshwar,,TBC (1),,...,,ASC (1),,...,,...,,...,,...,,1,,1,,5,,...,,.,,...,,...,,PL (1) RR (1),,ORDINARY,,False,1,1,4,2,chamoli_mededu_1971,Chamoli,Uttar Pradesh,1971,format_002,chamoli_mededu_001,chamoli_mededu_1971.pdf,a97d8581509571c781cac5750e2bf07c50644e94b223b25ce733260e2e4cabc8,24,25,6,7,E:\Archival-Digitisation-Project\1971_Trimmed_PDF\Uttar_Pradesh\metadata\document.xlsx,4bf05d889c56070f43e73558469b6cab4e2a96f37cf6cc1e9a7aa54c7efd5abe,2026-08-30T19:46:39.736436+00:00
2,,Chamoli Gopeshwar,,D (1),,...,,ASC (1),,...,,...,,...,,...,,1,,1,,5,,...,,.,,...,,...,,PL (1) RR (1),,ORDINARY,,False,1,2,4,3,chamoli_mededu_1971,Chamoli,Uttar Pradesh,1971,format_002,chamoli_mededu_001,chamoli_mededu_1971.pdf,a97d8581509571c781cac5750e2bf07c50644e94b223b25ce733260e2e4cabc8,24,25,6,7,E:\Archival-Digitisation-Project\1971_Trimmed_PDF\Uttar_Pradesh\metadata\document.xlsx,4bf05d889c56070f43e73558469b6cab4e2a96f37cf6cc1e9a7aa54c7efd5abe,2026-08-30T19:46:39.736436+00:00
2,,Chamoli Gopeshwar,,FC (1),,...,,ASC (1),,...,,...,,...,,...,,1,,1,,5,,...,,.,,...,,...,,PL (1) RR (1),,ORDINARY,,False,1,3,4,4,chamoli_mededu_1971,Chamoli,Uttar Pradesh,1971,format_002,chamoli_mededu_001,chamoli_mededu_1971.pdf,a97d8581509571c781cac5750e2bf07c50644e94b223b25ce733260e2e4cabc8,24,25,6,7,E:\Archival-Digitisation-Project\1971_Trimmed_PDF\Uttar_Pradesh\metadata\document.xlsx,4bf05d889c56070f43e73558469b6cab4e2a96f37cf6cc1e9a7aa54c7efd5abe,2026-08-30T19:46:39.736436+00:00
3,,Joshimath,,H (1),,16,,...,,...,,...,,...,,...,,1,,1,,5,,1,,...,,1,,...,,...,,ORDINARY,,False,2,0,1,5,chamoli_mededu_1971,Chamoli,Uttar Pradesh,1971,format_002,chamoli_mededu_001,chamoli_mededu_1971.pdf,a97d8581509571c781cac5750e2bf07c50644e94b223b25ce733260e2e4cabc8,24,25,6,7,E:\Archival-Digitisation-Project\1971_Trimmed_PDF\Uttar_Pradesh\metadata\document.xlsx,4bf05d889c56070f43e73558469b6cab4e2a96f37cf6cc1e9a7aa54c7efd5abe,2026-08-30T19:46:39.736436+00:00
1,,Chakrata Cantt.,,H (1),,18,,...,,...,,...,,...,,...,,1,,...,,2,,...,,...,,...,,...,,PL (1),,ORDINARY,,False,0,0,2,0,dehra_dun_mededu_1971,Dehra Dun,Uttar Pradesh,1971,format_002,dehra_dun_mededu_001,dehra_dun_mededu_1971.pdf,d5625f3f982ac12935915f0d200d7af03d7e708f4d0db9b15aea82c9a3c2620b,33,34,12,13,E:\Archival-Digitisation-Project\1971_Trimmed_PDF\Uttar_Pradesh\metadata\document.xlsx,4bf05d889c56070f43e73558469b6cab4e2a96f37cf6cc1e9a7aa54c7efd5abe,2026-08-30T19:53:33.772858+00:00
1,,Chakrata Cantt.,,FC (1),,...,,...,,...,,...,,...,,...,,1,,...,,2,,...,,...,,...,,...,,PL (1),,ORDINARY,,False,0,1,2,1,dehra_dun_mededu_1971,Dehra Dun,Uttar Pradesh,1971,format_002,dehra_dun_mededu_001,dehra_dun_mededu_1971.pdf,d5625f3f982ac12935915f0d200d7af03d7e708f4d0db9b15aea82c9a3c2620b,33,34,12,13,E:\Archival-Digitisation-Project\1971_Trimmed_PDF\Uttar_Pradesh\metadata\document.xlsx,4bf05d889c56070f43e73558469b6cab4e2a96f37cf6cc1e9a7aa54c7efd5abe,2026-08-30T19:53:33.772858+00:00
2,,Clement Town Cantt.,,H (1),,10,,...,,...,,...,,...,,...,,...,,...,,1,,1,,...,,1,,...,,...,,ORDINARY,,False,1,0,1,2,dehra_dun_mededu_1971,Dehra Dun,Uttar Pradesh,1971,format_002,dehra_dun_mededu_001,dehra_dun_mededu_1971.pdf,d5625f3f982ac12935915f0d200d7af03d7e708f4d0db9b15aea82c9a3c2620b,33,34,12,13,E:\Archival-Digitisation-Project\1971_Trimmed_PDF\Uttar_Pradesh\metadata\document.xlsx,4bf05d889c56070f43e73558469b6cab4e2a96f37cf6cc1e9a7aa54c7efd5abe,2026-08-30T19:53:33.772858+00:00
3,,Dehra Dun,,,,,,,,,,,,,,,,,,,,,,,,,,,,,,,,CROSS_REFERENCE,Dehra Dun City Urban Agglomeration,False,2,0,1,3,dehra_dun_mededu_1971,Dehra Dun,Uttar Pradesh,1971,format_002,dehra_dun_mededu_001,dehra_dun_mededu_1971.pdf,d5625f3f982ac12935915f0d200d7af03d7e708f4d0db9b15aea82c9a3c2620b,33,34,12,13,E:\Archival-Digitisation-Project\1971_Trimmed_PDF\Uttar_Pradesh\metadata\document.xlsx,4bf05d889c56070f43e73558469b6cab4e2a96f37cf6cc1e9a7aa54c7efd5abe,2026-08-30T19:53:33.772858+00:00
4,,Dehra Dun Cantt.,,,,,,,,,,,,,,,,,,,,,,,,,,,,,,,,CROSS_REFERENCE,Dehra Dun City Urban Agglomeration,False,3,0,1,4,dehra_dun_mededu_1971,Dehra Dun,Uttar Pradesh,1971,format_002,dehra_dun_mededu_001,dehra_dun_mededu_1971.pdf,d5625f3f982ac12935915f0d200d7af03d7e708f4d0db9b15aea82c9a3c2620b,33,34,12,13,E:\Archival-Digitisation-Project\1971_Trimmed_PDF\Uttar_Pradesh\metadata\document.xlsx,4bf05d889c56070f43e73558469b6cab4e2a96f37cf6cc1e9a7aa54c7efd5abe,2026-08-30T19:53:33.772858+00:00
5,,Forest Research Institute & College Area,,,,,,,,,,,,,,,,,,,,,,,,,,,,,,,,CROSS_REFERENCE,Dehra Dun City Urban Agglomeration,False,4,0,1,5,dehra_dun_mededu_1971,Dehra Dun,Uttar Pradesh,1971,format_002,dehra_dun_mededu_001,dehra_dun_mededu_1971.pdf,d5625f3f982ac12935915f0d200d7af03d7e708f4d0db9b15aea82c9a3c2620b,33,34,12,13,E:\Archival-Digitisation-Project\1971_Trimmed_PDF\Uttar_Pradesh\metadata\document.xlsx,4bf05d889c56070f43e73558469b6cab4e2a96f37cf6cc1e9a7aa54c7efd5abe,2026-08-30T19:53:33.772858+00:00
,,Dehra Dun City Urban Agglomeration,,H (9),,433,,ASC (4),,...,,...,,2,,Sh. Type (2),,19,,9,,80,,17,,...,,9,,1,,PL (2) RR (4),,AGGREGATE,,False,5,0,5,6,dehra_dun_mededu_1971,Dehra Dun,Uttar Pradesh,1971,format_002,dehra_dun_mededu_001,dehra_dun_mededu_1971.pdf,d5625f3f982ac12935915f0d200d7af03d7e708f4d0db9b15aea82c9a3c2620b,33,34,12,13,E:\Archival-Digitisation-Project\1971_Trimmed_PDF\Uttar_Pradesh\metadata\document.xlsx,4bf05d889c56070f43e73558469b6cab4e2a96f37cf6cc1e9a7aa54c7efd5abe,2026-08-30T19:53:33.772858+00:00
,,Dehra Dun City Urban Agglomeration,,D (3),,...,,ASC (4),,...,,...,,2,,Sh. Type (2),,19,,9,,80,,17,,...,,9,,1,,PL (2) RR (4),,AGGREGATE,,False,5,1,5,7,dehra_dun_mededu_1971,Dehra Dun,Uttar Pradesh,1971,format_002,dehra_dun_mededu_001,dehra_dun_mededu_1971.pdf,d5625f3f982ac12935915f0d200d7af03d7e708f4d0db9b15aea82c9a3c2620b,33,34,12,13,E:\Archival-Digitisation-Project\1971_Trimmed_PDF\Uttar_Pradesh\metadata\document.xlsx,4bf05d889c56070f43e73558469b6cab4e2a96f37cf6cc1e9a7aa54c7efd5abe,2026-08-30T19:53:33.772858+00:00
,,Dehra Dun City Urban Agglomeration,,*O (1),,30,,ASC (4),,...,,...,,2,,Sh. Type (2),,19,,9,,80,,17,,...,,9,,1,,PL (2) RR (4),,AGGREGATE,,False,5,2,5,8,dehra_dun_mededu_1971,Dehra Dun,Uttar Pradesh,1971,format_002,dehra_dun_mededu_001,dehra_dun_mededu_1971.pdf,d5625f3f982ac12935915f0d200d7af03d7e708f4d0db9b15aea82c9a3c2620b,33,34,12,13,E:\Archival-Digitisation-Project\1971_Trimmed_PDF\Uttar_Pradesh\metadata\document.xlsx,4bf05d889c56070f43e73558469b6cab4e2a96f37cf6cc1e9a7aa54c7efd5abe,2026-08-30T19:53:33.772858+00:00
,,Dehra Dun City Urban Agglomeration,,TBC (1),,...,,ASC (4),,...,,...,,2,,Sh. Type (2),,19,,9,,80,,17,,...,,9,,1,,PL (2) RR (4),,AGGREGATE,,False,5,3,5,9,dehra_dun_mededu_1971,Dehra Dun,Uttar Pradesh,1971,format_002,dehra_dun_mededu_001,dehra_dun_mededu_1971.pdf,d5625f3f982ac12935915f0d200d7af03d7e708f4d0db9b15aea82c9a3c2620b,33,34,12,13,E:\Archival-Digitisation-Project\1971_Trimmed_PDF\Uttar_Pradesh\metadata\document.xlsx,4bf05d889c56070f43e73558469b6cab4e2a96f37cf6cc1e9a7aa54c7efd5abe,2026-08-30T19:53:33.772858+00:00
,,Dehra Dun City Urban Agglomeration,,FC (2),,...,,ASC (4),,...,,...,,2,,Sh. Type (2),,19,,9,,80,,17,,...,,9,,1,,PL (2) RR (4),,AGGREGATE,,False,5,4,5,10,dehra_dun_mededu_1971,Dehra Dun,Uttar Pradesh,1971,format_002,dehra_dun_mededu_001,dehra_dun_mededu_1971.pdf,d5625f3f982ac12935915f0d200d7af03d7e708f4d0db9b15aea82c9a3c2620b,33,34,12,13,E:\Archival-Digitisation-Project\1971_Trimmed_PDF\Uttar_Pradesh\metadata\document.xlsx,4bf05d889c56070f43e73558469b6cab4e2a96f37cf6cc1e9a7aa54c7efd5abe,2026-08-30T19:53:33.772858+00:00
(i),,Dehra Dun,,H (7),,415,,ASC (4),,...,,...,,2,,Sh. Type (2),,15,,7,,72,,15,,...,,9,,1,,PL (1) RR (4),,COMPONENT,,False,6,0,5,11,dehra_dun_mededu_1971,Dehra Dun,Uttar Pradesh,1971,format_002,dehra_dun_mededu_001,dehra_dun_mededu_1971.pdf,d5625f3f982ac12935915f0d200d7af03d7e708f4d0db9b15aea82c9a3c2620b,33,34,12,13,E:\Archival-Digitisation-Project\1971_Trimmed_PDF\Uttar_Pradesh\metadata\document.xlsx,4bf05d889c56070f43e73558469b6cab4e2a96f37cf6cc1e9a7aa54c7efd5abe,2026-08-30T19:53:33.772858+00:00
(i),,Dehra Dun,,D (2),,...,,ASC (4),,...,,...,,2,,Sh. Type (2),,15,,7,,72,,15,,...,,9,,1,,PL (1) RR (4),,COMPONENT,,False,6,1,5,12,dehra_dun_mededu_1971,Dehra Dun,Uttar Pradesh,1971,format_002,dehra_dun_mededu_001,dehra_dun_mededu_1971.pdf,d5625f3f982ac12935915f0d200d7af03d7e708f4d0db9b15aea82c9a3c2620b,33,34,12,13,E:\Archival-Digitisation-Project\1971_Trimmed_PDF\Uttar_Pradesh\metadata\document.xlsx,4bf05d889c56070f43e73558469b6cab4e2a96f37cf6cc1e9a7aa54c7efd5abe,2026-08-30T19:53:33.772858+00:00
(i),,Dehra Dun,,*O (1),,30,,ASC (4),,...,,...,,2,,Sh. Type (2),,15,,7,,72,,15,,...,,9,,1,,PL (1) RR (4),,COMPONENT,,False,6,2,5,13,dehra_dun_mededu_1971,Dehra Dun,Uttar Pradesh,1971,format_002,dehra_dun_mededu_001,dehra_dun_mededu_1971.pdf,d5625f3f982ac12935915f0d200d7af03d7e708f4d0db9b15aea82c9a3c2620b,33,34,12,13,E:\Archival-Digitisation-Project\1971_Trimmed_PDF\Uttar_Pradesh\metadata\document.xlsx,4bf05d889c56070f43e73558469b6cab4e2a96f37cf6cc1e9a7aa54c7efd5abe,2026-08-30T19:53:33.772858+00:00
(i),,Dehra Dun,,TBC (1),,...,,ASC (4),,...,,...,,2,,Sh. Type (2),,15,,7,,72,,15,,...,,9,,1,,PL (1) RR (4),,COMPONENT,,False,6,3,5,14,dehra_dun_mededu_1971,Dehra Dun,Uttar Pradesh,1971,format_002,dehra_dun_mededu_001,dehra_dun_mededu_1971.pdf,d5625f3f982ac12935915f0d200d7af03d7e708f4d0db9b15aea82c9a3c2620b,33,34,12,13,E:\Archival-Digitisation-Project\1971_Trimmed_PDF\Uttar_Pradesh\metadata\document.xlsx,4bf05d889c56070f43e73558469b6cab4e2a96f37cf6cc1e9a7aa54c7efd5abe,2026-08-30T19:53:33.772858+00:00
(i),,Dehra Dun,,FC (2),,...,,ASC (4),,...,,...,,2,,Sh. Type (2),,15,,7,,72,,15,,...,,9,,1,,PL (1) RR (4),,COMPONENT,,False,6,4,5,15,dehra_dun_mededu_1971,Dehra Dun,Uttar Pradesh,1971,format_002,dehra_dun_mededu_001,dehra_dun_mededu_1971.pdf,d5625f3f982ac12935915f0d200d7af03d7e708f4d0db9b15aea82c9a3c2620b,33,34,12,13,E:\Archival-Digitisation-Project\1971_Trimmed_PDF\Uttar_Pradesh\metadata\document.xlsx,4bf05d889c56070f43e73558469b6cab4e2a96f37cf6cc1e9a7aa54c7efd5abe,2026-08-30T19:53:33.772858+00:00
(ii),,Dehra Dun Cantt.,,H (1),,10,,...,,...,,...,,...,,...,,3,,2,,8,,2,,...,,...,,...,,PL (1),,COMPONENT,,False,7,0,2,16,dehra_dun_mededu_1971,Dehra Dun,Uttar Pradesh,1971,format_002,dehra_dun_mededu_001,dehra_dun_mededu_1971.pdf,d5625f3f982ac12935915f0d200d7af03d7e708f4d0db9b15aea82c9a3c2620b,33,34,12,13,E:\Archival-Digitisation-Project\1971_Trimmed_PDF\Uttar_Pradesh\metadata\document.xlsx,4bf05d889c56070f43e73558469b6cab4e2a96f37cf6cc1e9a7aa54c7efd5abe,2026-08-30T19:53:33.772858+00:00
(ii),,Dehra Dun Cantt.,,D (1),,...,,...,,...,,...,,...,,...,,3,,2,,8,,2,,...,,...,,...,,PL (1),,COMPONENT,,False,7,1,2,17,dehra_dun_mededu_1971,Dehra Dun,Uttar Pradesh,1971,format_002,dehra_dun_mededu_001,dehra_dun_mededu_1971.pdf,d5625f3f982ac12935915f0d200d7af03d7e708f4d0db9b15aea82c9a3c2620b,33,34,12,13,E:\Archival-Digitisation-Project\1971_Trimmed_PDF\Uttar_Pradesh\metadata\document.xlsx,4bf05d889c56070f43e73558469b6cab4e2a96f37cf6cc1e9a7aa54c7efd5abe,2026-08-30T19:53:33.772858+00:00
(iii),,Forest Research Institute & College Area,,H (1),,8,,...,,...,,...,,...,,...,,1,,...,,...,,2,,...,,...,,...,,...,,COMPONENT,,False,8,0,1,18,dehra_dun_mededu_1971,Dehra Dun,Uttar Pradesh,1971,format_002,dehra_dun_mededu_001,dehra_dun_mededu_1971.pdf,d5625f3f982ac12935915f0d200d7af03d7e708f4d0db9b15aea82c9a3c2620b,33,34,12,13,E:\Archival-Digitisation-Project\1971_Trimmed_PDF\Uttar_Pradesh\metadata\document.xlsx,4bf05d889c56070f43e73558469b6cab4e2a96f37cf6cc1e9a7aa54c7efd5abe,2026-08-30T19:53:33.772858+00:00
6,,Landour Cantt.,,...,,...,,...,,...,,...,,...,,...,,1,,...,,1,,...,,...,,...,,...,,...,,ORDINARY,,False,9,0,1,19,dehra_dun_mededu_1971,Dehra Dun,Uttar Pradesh,1971,format_002,dehra_dun_mededu_001,dehra_dun_mededu_1971.pdf,d5625f3f982ac12935915f0d200d7af03d7e708f4d0db9b15aea82c9a3c2620b,33,34,12,13,E:\Archival-Digitisation-Project\1971_Trimmed_PDF\Uttar_Pradesh\metadata\document.xlsx,4bf05d889c56070f43e73558469b6cab4e2a96f37cf6cc1e9a7aa54c7efd5abe,2026-08-30T19:53:33.772858+00:00
7,,Mussoorie,,H (5),,137,,AS (1),,...,,...,,...,,...,,11,,2,,21,,1,,...,,6,,1,,PL (2) RR (2),,ORDINARY,,False,10,0,4,20,dehra_dun_mededu_1971,Dehra Dun,Uttar Pradesh,1971,format_002,dehra_dun_mededu_001,dehra_dun_mededu_1971.pdf,d5625f3f982ac12935915f0d200d7af03d7e708f4d0db9b15aea82c9a3c2620b,33,34,12,13,E:\Archival-Digitisation-Project\1971_Trimmed_PDF\Uttar_Pradesh\metadata\document.xlsx,4bf05d889c56070f43e73558469b6cab4e2a96f37cf6cc1e9a7aa54c7efd5abe,2026-08-30T19:53:33.772858+00:00
7,,Mussoorie,,D (1),,...,,AS (1),,...,,...,,...,,...,,11,,2,,21,,1,,...,,6,,1,,PL (2) RR (2),,ORDINARY,,False,10,1,4,21,dehra_dun_mededu_1971,Dehra Dun,Uttar Pradesh,1971,format_002,dehra_dun_mededu_001,dehra_dun_mededu_1971.pdf,d5625f3f982ac12935915f0d200d7af03d7e708f4d0db9b15aea82c9a3c2620b,33,34,12,13,E:\Archival-Digitisation-Project\1971_Trimmed_PDF\Uttar_Pradesh\metadata\document.xlsx,4bf05d889c56070f43e73558469b6cab4e2a96f37cf6cc1e9a7aa54c7efd5abe,2026-08-30T19:53:33.772858+00:00
7,,Mussoorie,,HC (1),,...,,AS (1),,...,,...,,...,,...,,11,,2,,21,,1,,...,,6,,1,,PL (2) RR (2),,ORDINARY,,False,10,2,4,22,dehra_dun_mededu_1971,Dehra Dun,Uttar Pradesh,1971,format_002,dehra_dun_mededu_001,dehra_dun_mededu_1971.pdf,d5625f3f982ac12935915f0d200d7af03d7e708f4d0db9b15aea82c9a3c2620b,33,34,12,13,E:\Archival-Digitisation-Project\1971_Trimmed_PDF\Uttar_Pradesh\metadata\document.xlsx,4bf05d889c56070f43e73558469b6cab4e2a96f37cf6cc1e9a7aa54c7efd5abe,2026-08-30T19:53:33.772858+00:00
7,,Mussoorie,,FC (1),,...,,AS (1),,...,,...,,...,,...,,11,,2,,21,,1,,...,,6,,1,,PL (2) RR (2),,ORDINARY,,False,10,3,4,23,dehra_dun_mededu_1971,Dehra Dun,Uttar Pradesh,1971,format_002,dehra_dun_mededu_001,dehra_dun_mededu_1971.pdf,d5625f3f982ac12935915f0d200d7af03d7e708f4d0db9b15aea82c9a3c2620b,33,34,12,13,E:\Archival-Digitisation-Project\1971_Trimmed_PDF\Uttar_Pradesh\metadata\document.xlsx,4bf05d889c56070f43e73558469b6cab4e2a96f37cf6cc1e9a7aa54c7efd5abe,2026-08-30T19:53:33.772858+00:00
8,,Raipur,,H (1),,30,,...,,...,,...,,...,,...,,1,,...,,...,,1,,...,,...,,...,,RR (2),,ORDINARY,,False,11,0,3,24,dehra_dun_mededu_1971,Dehra Dun,Uttar Pradesh,1971,format_002,dehra_dun_mededu_001,dehra_dun_mededu_1971.pdf,d5625f3f982ac12935915f0d200d7af03d7e708f4d0db9b15aea82c9a3c2620b,33,34,12,13,E:\Archival-Digitisation-Project\1971_Trimmed_PDF\Uttar_Pradesh\metadata\document.xlsx,4bf05d889c56070f43e73558469b6cab4e2a96f37cf6cc1e9a7aa54c7efd5abe,2026-08-30T19:53:33.772858+00:00
8,,Raipur,,D (1),,...,,...,,...,,...,,...,,...,,1,,...,,...,,1,,...,,...,,...,,RR (2),,ORDINARY,,False,11,1,3,25,dehra_dun_mededu_1971,Dehra Dun,Uttar Pradesh,1971,format_002,dehra_dun_mededu_001,dehra_dun_mededu_1971.pdf,d5625f3f982ac12935915f0d200d7af03d7e708f4d0db9b15aea82c9a3c2620b,33,34,12,13,E:\Archival-Digitisation-Project\1971_Trimmed_PDF\Uttar_Pradesh\metadata\document.xlsx,4bf05d889c56070f43e73558469b6cab4e2a96f37cf6cc1e9a7aa54c7efd5abe,2026-08-30T19:53:33.772858+00:00
8,,Raipur,,FC (1),,...,,...,,...,,...,,...,,...,,1,,...,,...,,1,,...,,...,,...,,RR (2),,ORDINARY,,False,11,2,3,26,dehra_dun_mededu_1971,Dehra Dun,Uttar Pradesh,1971,format_002,dehra_dun_mededu_001,dehra_dun_mededu_1971.pdf,d5625f3f982ac12935915f0d200d7af03d7e708f4d0db9b15aea82c9a3c2620b,33,34,12,13,E:\Archival-Digitisation-Project\1971_Trimmed_PDF\Uttar_Pradesh\metadata\document.xlsx,4bf05d889c56070f43e73558469b6cab4e2a96f37cf6cc1e9a7aa54c7efd5abe,2026-08-30T19:53:33.772858+00:00
9,,Rishikesh,,H (3),,48,,...,,**,,...,,...,,...,,2,,3,,12,,1,,...,,1,,...,,PL (2) RR (3),,ORDINARY,,False,12,0,3,27,dehra_dun_mededu_1971,Dehra Dun,Uttar Pradesh,1971,format_002,dehra_dun_mededu_001,dehra_dun_mededu_1971.pdf,d5625f3f982ac12935915f0d200d7af03d7e708f4d0db9b15aea82c9a3c2620b,33,34,12,13,E:\Archival-Digitisation-Project\1971_Trimmed_PDF\Uttar_Pradesh\metadata\document.xlsx,4bf05d889c56070f43e73558469b6cab4e2a96f37cf6cc1e9a7aa54c7efd5abe,2026-08-30T19:53:33.772858+00:00
9,,Rishikesh,,D (2),,...,,...,,**,,...,,...,,...,,2,,3,,12,,1,,...,,1,,...,,PL (2) RR (3),,ORDINARY,,False,12,1,3,28,dehra_dun_mededu_1971,Dehra Dun,Uttar Pradesh,1971,format_002,dehra_dun_mededu_001,dehra_dun_mededu_1971.pdf,d5625f3f982ac12935915f0d200d7af03d7e708f4d0db9b15aea82c9a3c2620b,33,34,12,13,E:\Archival-Digitisation-Project\1971_Trimmed_PDF\Uttar_Pradesh\metadata\document.xlsx,4bf05d889c56070f43e73558469b6cab4e2a96f37cf6cc1e9a7aa54c7efd5abe,2026-08-30T19:53:33.772858+00:00
9,,Rishikesh,,TBC (1),,...,,...,,**,,...,,...,,...,,2,,3,,12,,1,,...,,1,,...,,PL (2) RR (3),,ORDINARY,,False,12,2,3,29,dehra_dun_mededu_1971,Dehra Dun,Uttar Pradesh,1971,format_002,dehra_dun_mededu_001,dehra_dun_mededu_1971.pdf,d5625f3f982ac12935915f0d200d7af03d7e708f4d0db9b15aea82c9a3c2620b,33,34,12,13,E:\Archival-Digitisation-Project\1971_Trimmed_PDF\Uttar_Pradesh\metadata\document.xlsx,4bf05d889c56070f43e73558469b6cab4e2a96f37cf6cc1e9a7aa54c7efd5abe,2026-08-30T19:53:33.772858+00:00
10,,Vikasnagar,,D (2),,4,,...,,...,,...,,...,,O (1),,1,,2,,4,,5,,...,,1,,...,,PL (1),,ORDINARY,,False,13,0,1,30,dehra_dun_mededu_1971,Dehra Dun,Uttar Pradesh,1971,format_002,dehra_dun_mededu_001,dehra_dun_mededu_1971.pdf,d5625f3f982ac12935915f0d200d7af03d7e708f4d0db9b15aea82c9a3c2620b,33,34,12,13,E:\Archival-Digitisation-Project\1971_Trimmed_PDF\Uttar_Pradesh\metadata\document.xlsx,4bf05d889c56070f43e73558469b6cab4e2a96f37cf6cc1e9a7aa54c7efd5abe,2026-08-30T19:53:33.772858+00:00
1,,Deoria,,H (5),,220,,ASC (1) A (1),,...,,...,,...,,Sh. Type (2) O (2),,9,,7,,26,,6,,...,,2,,...,,PL (3) PR (1),,ORDINARY,,False,0,0,5,0,deoria_mededu_1971,Deoria,Uttar Pradesh,1971,format_002,deoria_mededu_001,deoria_mededu_1971.pdf,9b3474074deffca098b04b76ad3939cec32038d00272be037d0c37e5bf0970f4,25,26,6,7,E:\Archival-Digitisation-Project\1971_Trimmed_PDF\Uttar_Pradesh\metadata\document.xlsx,4bf05d889c56070f43e73558469b6cab4e2a96f37cf6cc1e9a7aa54c7efd5abe,2026-08-30T19:55:39.139716+00:00
1,,Deoria,,D (2),,...,,ASC (1) A (1),,...,,...,,...,,Sh. Type (2) O (2),,9,,7,,26,,6,,...,,2,,...,,PL (3) PR (1),,ORDINARY,,False,0,1,5,1,deoria_mededu_1971,Deoria,Uttar Pradesh,1971,format_002,deoria_mededu_001,deoria_mededu_1971.pdf,9b3474074deffca098b04b76ad3939cec32038d00272be037d0c37e5bf0970f4,25,26,6,7,E:\Archival-Digitisation-Project\1971_Trimmed_PDF\Uttar_Pradesh\metadata\document.xlsx,4bf05d889c56070f43e73558469b6cab4e2a96f37cf6cc1e9a7aa54c7efd5abe,2026-08-30T19:55:39.139716+00:00
1,,Deoria,,TBC (1),,...,,ASC (1) A (1),,...,,...,,...,,Sh. Type (2) O (2),,9,,7,,26,,6,,...,,2,,...,,PL (3) PR (1),,ORDINARY,,False,0,2,5,2,deoria_mededu_1971,Deoria,Uttar Pradesh,1971,format_002,deoria_mededu_001,deoria_mededu_1971.pdf,9b3474074deffca098b04b76ad3939cec32038d00272be037d0c37e5bf0970f4,25,26,6,7,E:\Archival-Digitisation-Project\1971_Trimmed_PDF\Uttar_Pradesh\metadata\document.xlsx,4bf05d889c56070f43e73558469b6cab4e2a96f37cf6cc1e9a7aa54c7efd5abe,2026-08-30T19:55:39.139716+00:00
1,,Deoria,,FC (2),,...,,ASC (1) A (1),,...,,...,,...,,Sh. Type (2) O (2),,9,,7,,26,,6,,...,,2,,...,,PL (3) PR (1),,ORDINARY,,False,0,3,5,3,deoria_mededu_1971,Deoria,Uttar Pradesh,1971,format_002,deoria_mededu_001,deoria_mededu_1971.pdf,9b3474074deffca098b04b76ad3939cec32038d00272be037d0c37e5bf0970f4,25,26,6,7,E:\Archival-Digitisation-Project\1971_Trimmed_PDF\Uttar_Pradesh\metadata\document.xlsx,4bf05d889c56070f43e73558469b6cab4e2a96f37cf6cc1e9a7aa54c7efd5abe,2026-08-30T19:55:39.139716+00:00
1,,Deoria,,*O (3),,...,,ASC (1) A (1),,...,,...,,...,,Sh. Type (2) O (2),,9,,7,,26,,6,,...,,2,,...,,PL (3) PR (1),,ORDINARY,,False,0,4,5,4,deoria_mededu_1971,Deoria,Uttar Pradesh,1971,format_002,deoria_mededu_001,deoria_mededu_1971.pdf,9b3474074deffca098b04b76ad3939cec32038d00272be037d0c37e5bf0970f4,25,26,6,7,E:\Archival-Digitisation-Project\1971_Trimmed_PDF\Uttar_Pradesh\metadata\document.xlsx,4bf05d889c56070f43e73558469b6cab4e2a96f37cf6cc1e9a7aa54c7efd5abe,2026-08-30T19:55:39.139716+00:00
2,,Gaura Barhaj,,H (1),,8,,...,,...,,...,,...,,...,,3,,4,,12,,4,,.,,...,,...,,PL (2),,ORDINARY,,False,1,0,4,5,deoria_mededu_1971,Deoria,Uttar Pradesh,1971,format_002,deoria_mededu_001,deoria_mededu_1971.pdf,9b3474074deffca098b04b76ad3939cec32038d00272be037d0c37e5bf0970f4,25,26,6,7,E:\Archival-Digitisation-Project\1971_Trimmed_PDF\Uttar_Pradesh\metadata\document.xlsx,4bf05d889c56070f43e73558469b6cab4e2a96f37cf6cc1e9a7aa54c7efd5abe,2026-08-30T19:55:39.139716+00:00
2,,Gaura Barhaj,,D (1),,...,,...,,...,,...,,...,,...,,3,,4,,12,,4,,.,,...,,...,,PL (2),,ORDINARY,,False,1,1,4,6,deoria_mededu_1971,Deoria,Uttar Pradesh,1971,format_002,deoria_mededu_001,deoria_mededu_1971.pdf,9b3474074deffca098b04b76ad3939cec32038d00272be037d0c37e5bf0970f4,25,26,6,7,E:\Archival-Digitisation-Project\1971_Trimmed_PDF\Uttar_Pradesh\metadata\document.xlsx,4bf05d889c56070f43e73558469b6cab4e2a96f37cf6cc1e9a7aa54c7efd5abe,2026-08-30T19:55:39.139716+00:00
2,,Gaura Barhaj,,FC (1),,...,,...,,...,,...,,...,,...,,3,,4,,12,,4,,.,,...,,...,,PL (2),,ORDINARY,,False,1,2,4,7,deoria_mededu_1971,Deoria,Uttar Pradesh,1971,format_002,deoria_mededu_001,deoria_mededu_1971.pdf,9b3474074deffca098b04b76ad3939cec32038d00272be037d0c37e5bf0970f4,25,26,6,7,E:\Archival-Digitisation-Project\1971_Trimmed_PDF\Uttar_Pradesh\metadata\document.xlsx,4bf05d889c56070f43e73558469b6cab4e2a96f37cf6cc1e9a7aa54c7efd5abe,2026-08-30T19:55:39.139716+00:00
2,,Gaura Barhaj,,*O (1),,...,,...,,...,,...,,...,,...,,3,,4,,12,,4,,.,,...,,...,,PL (2),,ORDINARY,,False,1,3,4,8,deoria_mededu_1971,Deoria,Uttar Pradesh,1971,format_002,deoria_mededu_001,deoria_mededu_1971.pdf,9b3474074deffca098b04b76ad3939cec32038d00272be037d0c37e5bf0970f4,25,26,6,7,E:\Archival-Digitisation-Project\1971_Trimmed_PDF\Uttar_Pradesh\metadata\document.xlsx,4bf05d889c56070f43e73558469b6cab4e2a96f37cf6cc1e9a7aa54c7efd5abe,2026-08-30T19:55:39.139716+00:00
3,,Padrauna,,H (2),,49,,ASC (1),,...,,...,,...,,Sh. Type (1) O (1),,3,,7,,12,,2,,...,,2,,...,,PL (1),,ORDINARY,,False,2,0,4,9,deoria_mededu_1971,Deoria,Uttar Pradesh,1971,format_002,deoria_mededu_001,deoria_mededu_1971.pdf,9b3474074deffca098b04b76ad3939cec32038d00272be037d0c37e5bf0970f4,25,26,6,7,E:\Archival-Digitisation-Project\1971_Trimmed_PDF\Uttar_Pradesh\metadata\document.xlsx,4bf05d889c56070f43e73558469b6cab4e2a96f37cf6cc1e9a7aa54c7efd5abe,2026-08-30T19:55:39.139716+00:00
3,,Padrauna,,TBC (1),,...,,ASC (1),,...,,...,,...,,Sh. Type (1) O (1),,3,,7,,12,,2,,...,,2,,...,,PL (1),,ORDINARY,,False,2,1,4,10,deoria_mededu_1971,Deoria,Uttar Pradesh,1971,format_002,deoria_mededu_001,deoria_mededu_1971.pdf,9b3474074deffca098b04b76ad3939cec32038d00272be037d0c37e5bf0970f4,25,26,6,7,E:\Archival-Digitisation-Project\1971_Trimmed_PDF\Uttar_Pradesh\metadata\document.xlsx,4bf05d889c56070f43e73558469b6cab4e2a96f37cf6cc1e9a7aa54c7efd5abe,2026-08-30T19:55:39.139716+00:00
3,,Padrauna,,*O (1),,...,,ASC (1),,...,,...,,...,,Sh. Type (1) O (1),,3,,7,,12,,2,,...,,2,,...,,PL (1),,ORDINARY,,False,2,2,4,11,deoria_mededu_1971,Deoria,Uttar Pradesh,1971,format_002,deoria_mededu_001,deoria_mededu_1971.pdf,9b3474074deffca098b04b76ad3939cec32038d00272be037d0c37e5bf0970f4,25,26,6,7,E:\Archival-Digitisation-Project\1971_Trimmed_PDF\Uttar_Pradesh\metadata\document.xlsx,4bf05d889c56070f43e73558469b6cab4e2a96f37cf6cc1e9a7aa54c7efd5abe,2026-08-30T19:55:39.139716+00:00
3,,Padrauna,,FC (1),,...,,ASC (1),,...,,...,,...,,Sh. Type (1) O (1),,3,,7,,12,,2,,...,,2,,...,,PL (1),,ORDINARY,,False,2,3,4,12,deoria_mededu_1971,Deoria,Uttar Pradesh,1971,format_002,deoria_mededu_001,deoria_mededu_1971.pdf,9b3474074deffca098b04b76ad3939cec32038d00272be037d0c37e5bf0970f4,25,26,6,7,E:\Archival-Digitisation-Project\1971_Trimmed_PDF\Uttar_Pradesh\metadata\document.xlsx,4bf05d889c56070f43e73558469b6cab4e2a96f37cf6cc1e9a7aa54c7efd5abe,2026-08-30T19:55:39.139716+00:00
4,,Siwarhi,,...,,...,,...,,...,,...,,...,,...,,1,,...,,3,,...,,...,,...,,...,,PL (1),,ORDINARY,,False,3,0,1,13,deoria_mededu_1971,Deoria,Uttar Pradesh,1971,format_002,deoria_mededu_001,deoria_mededu_1971.pdf,9b3474074deffca098b04b76ad3939cec32038d00272be037d0c37e5bf0970f4,25,26,6,7,E:\Archival-Digitisation-Project\1971_Trimmed_PDF\Uttar_Pradesh\metadata\document.xlsx,4bf05d889c56070f43e73558469b6cab4e2a96f37cf6cc1e9a7aa54c7efd5abe,2026-08-30T19:55:39.139716+00:00
1,,Aliganj,,H (2),,22,,...,,...,,.,,.,,...,,1,,2,,3,,2,,...,,...,,...,,...,,ORDINARY,,False,0,0,3,0,etah_mededu_1971,Etah,Uttar Pradesh,1971,format_002,etah_mededu_001,etah_mededu_1971.pdf,29db352282c8e2a02c7138605e4ea9152e514ce54a24dad0c4b02fc8f825a079,27,28,8,9,E:\Archival-Digitisation-Project\1971_Trimmed_PDF\Uttar_Pradesh\metadata\document.xlsx,4bf05d889c56070f43e73558469b6cab4e2a96f37cf6cc1e9a7aa54c7efd5abe,2026-08-30T20:00:35.493218+00:00
1,,Aliganj,,NH (1),,4,,...,,...,,.,,.,,...,,1,,2,,3,,2,,...,,...,,...,,...,,ORDINARY,,False,0,1,3,1,etah_mededu_1971,Etah,Uttar Pradesh,1971,format_002,etah_mededu_001,etah_mededu_1971.pdf,29db352282c8e2a02c7138605e4ea9152e514ce54a24dad0c4b02fc8f825a079,27,28,8,9,E:\Archival-Digitisation-Project\1971_Trimmed_PDF\Uttar_Pradesh\metadata\document.xlsx,4bf05d889c56070f43e73558469b6cab4e2a96f37cf6cc1e9a7aa54c7efd5abe,2026-08-30T20:00:35.493218+00:00
1,,Aliganj,,FC (1),,...,,...,,...,,.,,.,,...,,1,,2,,3,,2,,...,,...,,...,,...,,ORDINARY,,False,0,2,3,2,etah_mededu_1971,Etah,Uttar Pradesh,1971,format_002,etah_mededu_001,etah_mededu_1971.pdf,29db352282c8e2a02c7138605e4ea9152e514ce54a24dad0c4b02fc8f825a079,27,28,8,9,E:\Archival-Digitisation-Project\1971_Trimmed_PDF\Uttar_Pradesh\metadata\document.xlsx,4bf05d889c56070f43e73558469b6cab4e2a96f37cf6cc1e9a7aa54c7efd5abe,2026-08-30T20:00:35.493218+00:00
2,,Etah,,H (5),,166,,A (1),,.,,...,,...,,...,,8,,3,,20,,4,,1,,1,,1,,PL (1) RR (1),,ORDINARY,,False,1,0,3,3,etah_mededu_1971,Etah,Uttar Pradesh,1971,format_002,etah_mededu_001,etah_mededu_1971.pdf,29db352282c8e2a02c7138605e4ea9152e514ce54a24dad0c4b02fc8f825a079,27,28,8,9,E:\Archival-Digitisation-Project\1971_Trimmed_PDF\Uttar_Pradesh\metadata\document.xlsx,4bf05d889c56070f43e73558469b6cab4e2a96f37cf6cc1e9a7aa54c7efd5abe,2026-08-30T20:00:35.493218+00:00
2,,Etah,,TBC (1),,10,,A (1),,.,,...,,...,,...,,8,,3,,20,,4,,1,,1,,1,,PL (1) RR (1),,ORDINARY,,False,1,1,3,4,etah_mededu_1971,Etah,Uttar Pradesh,1971,format_002,etah_mededu_001,etah_mededu_1971.pdf,29db352282c8e2a02c7138605e4ea9152e514ce54a24dad0c4b02fc8f825a079,27,28,8,9,E:\Archival-Digitisation-Project\1971_Trimmed_PDF\Uttar_Pradesh\metadata\document.xlsx,4bf05d889c56070f43e73558469b6cab4e2a96f37cf6cc1e9a7aa54c7efd5abe,2026-08-30T20:00:35.493218+00:00
2,,Etah,,FC (1),,...,,A (1),,.,,...,,...,,...,,8,,3,,20,,4,,1,,1,,1,,PL (1) RR (1),,ORDINARY,,False,1,2,3,5,etah_mededu_1971,Etah,Uttar Pradesh,1971,format_002,etah_mededu_001,etah_mededu_1971.pdf,29db352282c8e2a02c7138605e4ea9152e514ce54a24dad0c4b02fc8f825a079,27,28,8,9,E:\Archival-Digitisation-Project\1971_Trimmed_PDF\Uttar_Pradesh\metadata\document.xlsx,4bf05d889c56070f43e73558469b6cab4e2a96f37cf6cc1e9a7aa54c7efd5abe,2026-08-30T20:00:35.493218+00:00
3,,Ganj Dundwara,,H (1),,12,,AS (1),,.,,..,,...,,...,,3,,4,,11,,...,,...,,...,,...,,PL (1),,ORDINARY,,False,2,0,3,6,etah_mededu_1971,Etah,Uttar Pradesh,1971,format_002,etah_mededu_001,etah_mededu_1971.pdf,29db352282c8e2a02c7138605e4ea9152e514ce54a24dad0c4b02fc8f825a079,27,28,8,9,E:\Archival-Digitisation-Project\1971_Trimmed_PDF\Uttar_Pradesh\metadata\document.xlsx,4bf05d889c56070f43e73558469b6cab4e2a96f37cf6cc1e9a7aa54c7efd5abe,2026-08-30T20:00:35.493218+00:00
3,,Ganj Dundwara,,NH (1),,1,,AS (1),,.,,..,,...,,...,,3,,4,,11,,...,,...,,...,,...,,PL (1),,ORDINARY,,False,2,1,3,7,etah_mededu_1971,Etah,Uttar Pradesh,1971,format_002,etah_mededu_001,etah_mededu_1971.pdf,29db352282c8e2a02c7138605e4ea9152e514ce54a24dad0c4b02fc8f825a079,27,28,8,9,E:\Archival-Digitisation-Project\1971_Trimmed_PDF\Uttar_Pradesh\metadata\document.xlsx,4bf05d889c56070f43e73558469b6cab4e2a96f37cf6cc1e9a7aa54c7efd5abe,2026-08-30T20:00:35.493218+00:00
3,,Ganj Dundwara,,FC (1),,...,,AS (1),,.,,..,,...,,...,,3,,4,,11,,...,,...,,...,,...,,PL (1),,ORDINARY,,False,2,2,3,8,etah_mededu_1971,Etah,Uttar Pradesh,1971,format_002,etah_mededu_001,etah_mededu_1971.pdf,29db352282c8e2a02c7138605e4ea9152e514ce54a24dad0c4b02fc8f825a079,27,28,8,9,E:\Archival-Digitisation-Project\1971_Trimmed_PDF\Uttar_Pradesh\metadata\document.xlsx,4bf05d889c56070f43e73558469b6cab4e2a96f37cf6cc1e9a7aa54c7efd5abe,2026-08-30T20:00:35.493218+00:00
4,,Jalesar,,H (2),,16,,...,,...,,...,,...,,...,,1,,2,,9,,1,,...,,...,,...,,PL (2),,ORDINARY,,False,3,0,2,9,etah_mededu_1971,Etah,Uttar Pradesh,1971,format_002,etah_mededu_001,etah_mededu_1971.pdf,29db352282c8e2a02c7138605e4ea9152e514ce54a24dad0c4b02fc8f825a079,27,28,8,9,E:\Archival-Digitisation-Project\1971_Trimmed_PDF\Uttar_Pradesh\metadata\document.xlsx,4bf05d889c56070f43e73558469b6cab4e2a96f37cf6cc1e9a7aa54c7efd5abe,2026-08-30T20:00:35.493218+00:00
4,,Jalesar,,FC (1),,...,,...,,...,,...,,...,,...,,1,,2,,9,,1,,...,,...,,...,,PL (2),,ORDINARY,,False,3,1,2,10,etah_mededu_1971,Etah,Uttar Pradesh,1971,format_002,etah_mededu_001,etah_mededu_1971.pdf,29db352282c8e2a02c7138605e4ea9152e514ce54a24dad0c4b02fc8f825a079,27,28,8,9,E:\Archival-Digitisation-Project\1971_Trimmed_PDF\Uttar_Pradesh\metadata\document.xlsx,4bf05d889c56070f43e73558469b6cab4e2a96f37cf6cc1e9a7aa54c7efd5abe,2026-08-30T20:00:35.493218+00:00
5,,Kasganj,,H (3),,115,,A (1),,...,,...,,...,,...,,5,,3,,18,,1,,...,,2,,2,,PL (1) RR (1),,ORDINARY,,False,4,0,5,11,etah_mededu_1971,Etah,Uttar Pradesh,1971,format_002,etah_mededu_001,etah_mededu_1971.pdf,29db352282c8e2a02c7138605e4ea9152e514ce54a24dad0c4b02fc8f825a079,27,28,8,9,E:\Archival-Digitisation-Project\1971_Trimmed_PDF\Uttar_Pradesh\metadata\document.xlsx,4bf05d889c56070f43e73558469b6cab4e2a96f37cf6cc1e9a7aa54c7efd5abe,2026-08-30T20:00:35.493218+00:00
5,,Kasganj,,D (1),,...,,A (1),,...,,...,,...,,...,,5,,3,,18,,1,,...,,2,,2,,PL (1) RR (1),,ORDINARY,,False,4,1,5,12,etah_mededu_1971,Etah,Uttar Pradesh,1971,format_002,etah_mededu_001,etah_mededu_1971.pdf,29db352282c8e2a02c7138605e4ea9152e514ce54a24dad0c4b02fc8f825a079,27,28,8,9,E:\Archival-Digitisation-Project\1971_Trimmed_PDF\Uttar_Pradesh\metadata\document.xlsx,4bf05d889c56070f43e73558469b6cab4e2a96f37cf6cc1e9a7aa54c7efd5abe,2026-08-30T20:00:35.493218+00:00
5,,Kasganj,,NH (1),,...,,A (1),,...,,...,,...,,...,,5,,3,,18,,1,,...,,2,,2,,PL (1) RR (1),,ORDINARY,,False,4,2,5,13,etah_mededu_1971,Etah,Uttar Pradesh,1971,format_002,etah_mededu_001,etah_mededu_1971.pdf,29db352282c8e2a02c7138605e4ea9152e514ce54a24dad0c4b02fc8f825a079,27,28,8,9,E:\Archival-Digitisation-Project\1971_Trimmed_PDF\Uttar_Pradesh\metadata\document.xlsx,4bf05d889c56070f43e73558469b6cab4e2a96f37cf6cc1e9a7aa54c7efd5abe,2026-08-30T20:00:35.493218+00:00
5,,Kasganj,,FC (1),,...,,A (1),,...,,...,,...,,...,,5,,3,,18,,1,,...,,2,,2,,PL (1) RR (1),,ORDINARY,,False,4,3,5,14,etah_mededu_1971,Etah,Uttar Pradesh,1971,format_002,etah_mededu_001,etah_mededu_1971.pdf,29db352282c8e2a02c7138605e4ea9152e514ce54a24dad0c4b02fc8f825a079,27,28,8,9,E:\Archival-Digitisation-Project\1971_Trimmed_PDF\Uttar_Pradesh\metadata\document.xlsx,4bf05d889c56070f43e73558469b6cab4e2a96f37cf6cc1e9a7aa54c7efd5abe,2026-08-30T20:00:35.493218+00:00
5,,Kasganj,,TBC (1),,12,,A (1),,...,,...,,...,,...,,5,,3,,18,,1,,...,,2,,2,,PL (1) RR (1),,ORDINARY,,False,4,4,5,15,etah_mededu_1971,Etah,Uttar Pradesh,1971,format_002,etah_mededu_001,etah_mededu_1971.pdf,29db352282c8e2a02c7138605e4ea9152e514ce54a24dad0c4b02fc8f825a079,27,28,8,9,E:\Archival-Digitisation-Project\1971_Trimmed_PDF\Uttar_Pradesh\metadata\document.xlsx,4bf05d889c56070f43e73558469b6cab4e2a96f37cf6cc1e9a7aa54c7efd5abe,2026-08-30T20:00:35.493218+00:00
6,,Marehra,,H (1),,6,,...,,...,,..,,...,,...,,2,,1,,5,,2,,...,,...,,...,,PL (1),,ORDINARY,,False,5,0,2,16,etah_mededu_1971,Etah,Uttar Pradesh,1971,format_002,etah_mededu_001,etah_mededu_1971.pdf,29db352282c8e2a02c7138605e4ea9152e514ce54a24dad0c4b02fc8f825a079,27,28,8,9,E:\Archival-Digitisation-Project\1971_Trimmed_PDF\Uttar_Pradesh\metadata\document.xlsx,4bf05d889c56070f43e73558469b6cab4e2a96f37cf6cc1e9a7aa54c7efd5abe,2026-08-30T20:00:35.493218+00:00
6,,Marehra,,FC (1),,...,,...,,...,,..,,...,,...,,2,,1,,5,,2,,...,,...,,...,,PL (1),,ORDINARY,,False,5,1,2,17,etah_mededu_1971,Etah,Uttar Pradesh,1971,format_002,etah_mededu_001,etah_mededu_1971.pdf,29db352282c8e2a02c7138605e4ea9152e514ce54a24dad0c4b02fc8f825a079,27,28,8,9,E:\Archival-Digitisation-Project\1971_Trimmed_PDF\Uttar_Pradesh\metadata\document.xlsx,4bf05d889c56070f43e73558469b6cab4e2a96f37cf6cc1e9a7aa54c7efd5abe,2026-08-30T20:00:35.493218+00:00
7,,Soron,,D (1),,4,,...,,...,,...,,...,,...,,1,,1,,11,,3,,...,,...,,...,,RR (1),,ORDINARY,,False,6,0,2,18,etah_mededu_1971,Etah,Uttar Pradesh,1971,format_002,etah_mededu_001,etah_mededu_1971.pdf,29db352282c8e2a02c7138605e4ea9152e514ce54a24dad0c4b02fc8f825a079,27,28,8,9,E:\Archival-Digitisation-Project\1971_Trimmed_PDF\Uttar_Pradesh\metadata\document.xlsx,4bf05d889c56070f43e73558469b6cab4e2a96f37cf6cc1e9a7aa54c7efd5abe,2026-08-30T20:00:35.493218+00:00
7,,Soron,,FC (1),,...,,...,,...,,...,,...,,...,,1,,1,,11,,3,,...,,...,,...,,RR (1),,ORDINARY,,False,6,1,2,19,etah_mededu_1971,Etah,Uttar Pradesh,1971,format_002,etah_mededu_001,etah_mededu_1971.pdf,29db352282c8e2a02c7138605e4ea9152e514ce54a24dad0c4b02fc8f825a079,27,28,8,9,E:\Archival-Digitisation-Project\1971_Trimmed_PDF\Uttar_Pradesh\metadata\document.xlsx,4bf05d889c56070f43e73558469b6cab4e2a96f37cf6cc1e9a7aa54c7efd5abe,2026-08-30T20:00:35.493218+00:00
1,,Auraiya,,H (3),,43,,AC (1),,...,,...,,...,,Type (1),,4,,4,,15,,1,,...,,1,,...,,PL (1) RR (1),,ORDINARY,,False,0,0,3,0,etawah_mededu_1971,Etawah,Uttar Pradesh,1971,format_002,etawah_mededu_001,etawah_mededu_1971.pdf,2df4c7d73ae01349d6136f0d4374a719f4515d3018355230df50225542b0bd96,24,25,6,7,E:\Archival-Digitisation-Project\1971_Trimmed_PDF\Uttar_Pradesh\metadata\document.xlsx,4bf05d889c56070f43e73558469b6cab4e2a96f37cf6cc1e9a7aa54c7efd5abe,2026-08-30T20:03:30.308587+00:00
1,,Auraiya,,D (1),,...,,AC (1),,...,,...,,...,,Type (1),,4,,4,,15,,1,,...,,1,,...,,PL (1) RR (1),,ORDINARY,,False,0,1,3,1,etawah_mededu_1971,Etawah,Uttar Pradesh,1971,format_002,etawah_mededu_001,etawah_mededu_1971.pdf,2df4c7d73ae01349d6136f0d4374a719f4515d3018355230df50225542b0bd96,24,25,6,7,E:\Archival-Digitisation-Project\1971_Trimmed_PDF\Uttar_Pradesh\metadata\document.xlsx,4bf05d889c56070f43e73558469b6cab4e2a96f37cf6cc1e9a7aa54c7efd5abe,2026-08-30T20:03:30.308587+00:00
1,,Auraiya,,FC (1),,...,,AC (1),,...,,...,,...,,Type (1),,4,,4,,15,,1,,...,,1,,...,,PL (1) RR (1),,ORDINARY,,False,0,2,3,2,etawah_mededu_1971,Etawah,Uttar Pradesh,1971,format_002,etawah_mededu_001,etawah_mededu_1971.pdf,2df4c7d73ae01349d6136f0d4374a719f4515d3018355230df50225542b0bd96,24,25,6,7,E:\Archival-Digitisation-Project\1971_Trimmed_PDF\Uttar_Pradesh\metadata\document.xlsx,4bf05d889c56070f43e73558469b6cab4e2a96f37cf6cc1e9a7aa54c7efd5abe,2026-08-30T20:03:30.308587+00:00
2,,Bharthana,,H (2),,21,,A (1),,...,,...,,...,,...,,3,,2,,10,,3,,...,,...,,...,,PL (1) RR (1),,ORDINARY,,False,1,0,3,3,etawah_mededu_1971,Etawah,Uttar Pradesh,1971,format_002,etawah_mededu_001,etawah_mededu_1971.pdf,2df4c7d73ae01349d6136f0d4374a719f4515d3018355230df50225542b0bd96,24,25,6,7,E:\Archival-Digitisation-Project\1971_Trimmed_PDF\Uttar_Pradesh\metadata\document.xlsx,4bf05d889c56070f43e73558469b6cab4e2a96f37cf6cc1e9a7aa54c7efd5abe,2026-08-30T20:03:30.308587+00:00
2,,Bharthana,,HC (1),,...,,A (1),,...,,...,,...,,...,,3,,2,,10,,3,,...,,...,,...,,PL (1) RR (1),,ORDINARY,,False,1,1,3,4,etawah_mededu_1971,Etawah,Uttar Pradesh,1971,format_002,etawah_mededu_001,etawah_mededu_1971.pdf,2df4c7d73ae01349d6136f0d4374a719f4515d3018355230df50225542b0bd96,24,25,6,7,E:\Archival-Digitisation-Project\1971_Trimmed_PDF\Uttar_Pradesh\metadata\document.xlsx,4bf05d889c56070f43e73558469b6cab4e2a96f37cf6cc1e9a7aa54c7efd5abe,2026-08-30T20:03:30.308587+00:00
2,,Bharthana,,FC (1),,...,,A (1),,...,,...,,...,,...,,3,,2,,10,,3,,...,,...,,...,,PL (1) RR (1),,ORDINARY,,False,1,2,3,5,etawah_mededu_1971,Etawah,Uttar Pradesh,1971,format_002,etawah_mededu_001,etawah_mededu_1971.pdf,2df4c7d73ae01349d6136f0d4374a719f4515d3018355230df50225542b0bd96,24,25,6,7,E:\Archival-Digitisation-Project\1971_Trimmed_PDF\Uttar_Pradesh\metadata\document.xlsx,4bf05d889c56070f43e73558469b6cab4e2a96f37cf6cc1e9a7aa54c7efd5abe,2026-08-30T20:03:30.308587+00:00
3,,Etawah,,H (6),,248,,ASC (1),,...,,...,,...,,...,,10,,5,,40,,3,,...,,2,,...,,PL (1) RR (1),,ORDINARY,,False,2,0,5,6,etawah_mededu_1971,Etawah,Uttar Pradesh,1971,format_002,etawah_mededu_001,etawah_mededu_1971.pdf,2df4c7d73ae01349d6136f0d4374a719f4515d3018355230df50225542b0bd96,24,25,6,7,E:\Archival-Digitisation-Project\1971_Trimmed_PDF\Uttar_Pradesh\metadata\document.xlsx,4bf05d889c56070f43e73558469b6cab4e2a96f37cf6cc1e9a7aa54c7efd5abe,2026-08-30T20:03:30.308587+00:00
3,,Etawah,,TBC (1),,32,,ASC (1),,...,,...,,...,,...,,10,,5,,40,,3,,...,,2,,...,,PL (1) RR (1),,ORDINARY,,False,2,1,5,7,etawah_mededu_1971,Etawah,Uttar Pradesh,1971,format_002,etawah_mededu_001,etawah_mededu_1971.pdf,2df4c7d73ae01349d6136f0d4374a719f4515d3018355230df50225542b0bd96,24,25,6,7,E:\Archival-Digitisation-Project\1971_Trimmed_PDF\Uttar_Pradesh\metadata\document.xlsx,4bf05d889c56070f43e73558469b6cab4e2a96f37cf6cc1e9a7aa54c7efd5abe,2026-08-30T20:03:30.308587+00:00
3,,Etawah,,*O (1),,...,,ASC (1),,...,,...,,...,,...,,10,,5,,40,,3,,...,,2,,...,,PL (1) RR (1),,ORDINARY,,False,2,2,5,8,etawah_mededu_1971,Etawah,Uttar Pradesh,1971,format_002,etawah_mededu_001,etawah_mededu_1971.pdf,2df4c7d73ae01349d6136f0d4374a719f4515d3018355230df50225542b0bd96,24,25,6,7,E:\Archival-Digitisation-Project\1971_Trimmed_PDF\Uttar_Pradesh\metadata\document.xlsx,4bf05d889c56070f43e73558469b6cab4e2a96f37cf6cc1e9a7aa54c7efd5abe,2026-08-30T20:03:30.308587+00:00
3,,Etawah,,FC (1),,...,,ASC (1),,...,,...,,...,,...,,10,,5,,40,,3,,...,,2,,...,,PL (1) RR (1),,ORDINARY,,False,2,3,5,9,etawah_mededu_1971,Etawah,Uttar Pradesh,1971,format_002,etawah_mededu_001,etawah_mededu_1971.pdf,2df4c7d73ae01349d6136f0d4374a719f4515d3018355230df50225542b0bd96,24,25,6,7,E:\Archival-Digitisation-Project\1971_Trimmed_PDF\Uttar_Pradesh\metadata\document.xlsx,4bf05d889c56070f43e73558469b6cab4e2a96f37cf6cc1e9a7aa54c7efd5abe,2026-08-30T20:03:30.308587+00:00
3,,Etawah,,HC (1),,...,,ASC (1),,...,,...,,...,,...,,10,,5,,40,,3,,...,,2,,...,,PL (1) RR (1),,ORDINARY,,False,2,4,5,10,etawah_mededu_1971,Etawah,Uttar Pradesh,1971,format_002,etawah_mededu_001,etawah_mededu_1971.pdf,2df4c7d73ae01349d6136f0d4374a719f4515d3018355230df50225542b0bd96,24,25,6,7,E:\Archival-Digitisation-Project\1971_Trimmed_PDF\Uttar_Pradesh\metadata\document.xlsx,4bf05d889c56070f43e73558469b6cab4e2a96f37cf6cc1e9a7aa54c7efd5abe,2026-08-30T20:03:30.308587+00:00
4,,Jaswantnagar,,H (1),,5,,...,,...,,...,,...,,...,,2,,3,,3,,1,,...,,...,,...,,RR (1),,ORDINARY,,False,3,0,3,11,etawah_mededu_1971,Etawah,Uttar Pradesh,1971,format_002,etawah_mededu_001,etawah_mededu_1971.pdf,2df4c7d73ae01349d6136f0d4374a719f4515d3018355230df50225542b0bd96,24,25,6,7,E:\Archival-Digitisation-Project\1971_Trimmed_PDF\Uttar_Pradesh\metadata\document.xlsx,4bf05d889c56070f43e73558469b6cab4e2a96f37cf6cc1e9a7aa54c7efd5abe,2026-08-30T20:03:30.308587+00:00
4,,Jaswantnagar,,D (1),,...,,...,,...,,...,,...,,...,,2,,3,,3,,1,,...,,...,,...,,RR (1),,ORDINARY,,False,3,1,3,12,etawah_mededu_1971,Etawah,Uttar Pradesh,1971,format_002,etawah_mededu_001,etawah_mededu_1971.pdf,2df4c7d73ae01349d6136f0d4374a719f4515d3018355230df50225542b0bd96,24,25,6,7,E:\Archival-Digitisation-Project\1971_Trimmed_PDF\Uttar_Pradesh\metadata\document.xlsx,4bf05d889c56070f43e73558469b6cab4e2a96f37cf6cc1e9a7aa54c7efd5abe,2026-08-30T20:03:30.308587+00:00
4,,Jaswantnagar,,FC (1),,...,,...,,...,,...,,...,,...,,2,,3,,3,,1,,...,,...,,...,,RR (1),,ORDINARY,,False,3,2,3,13,etawah_mededu_1971,Etawah,Uttar Pradesh,1971,format_002,etawah_mededu_001,etawah_mededu_1971.pdf,2df4c7d73ae01349d6136f0d4374a719f4515d3018355230df50225542b0bd96,24,25,6,7,E:\Archival-Digitisation-Project\1971_Trimmed_PDF\Uttar_Pradesh\metadata\document.xlsx,4bf05d889c56070f43e73558469b6cab4e2a96f37cf6cc1e9a7aa54c7efd5abe,2026-08-30T20:03:30.308587+00:00
5,,Lakhna,,H (1),,13,,...,,...,,...,,...,,...,,1,,1,,2,,...,,...,,...,,...,,RR (1),,ORDINARY,,False,4,0,2,14,etawah_mededu_1971,Etawah,Uttar Pradesh,1971,format_002,etawah_mededu_001,etawah_mededu_1971.pdf,2df4c7d73ae01349d6136f0d4374a719f4515d3018355230df50225542b0bd96,24,25,6,7,E:\Archival-Digitisation-Project\1971_Trimmed_PDF\Uttar_Pradesh\metadata\document.xlsx,4bf05d889c56070f43e73558469b6cab4e2a96f37cf6cc1e9a7aa54c7efd5abe,2026-08-30T20:03:30.308587+00:00
5,,Lakhna,,FC (1),,...,,...,,...,,...,,...,,...,,1,,1,,2,,...,,...,,...,,...,,RR (1),,ORDINARY,,False,4,1,2,15,etawah_mededu_1971,Etawah,Uttar Pradesh,1971,format_002,etawah_mededu_001,etawah_mededu_1971.pdf,2df4c7d73ae01349d6136f0d4374a719f4515d3018355230df50225542b0bd96,24,25,6,7,E:\Archival-Digitisation-Project\1971_Trimmed_PDF\Uttar_Pradesh\metadata\document.xlsx,4bf05d889c56070f43e73558469b6cab4e2a96f37cf6cc1e9a7aa54c7efd5abe,2026-08-30T20:03:30.308587+00:00
1,,Akbarpur,,HC (1),,8,,A (1),,...,,...,,...,,...,,2,,1,,3,,4,,...,,...,,...,,...,,ORDINARY,,False,0,0,3,0,faizabad_mededu_1971,Faizabad,Uttar Pradesh,1971,format_002,faizabad_mededu_001,faizabad_mededu_1971.pdf,86b02eb84d110b8bb384740e2595a9e0a71dc52cbec3b24a2e68af0e6000e135,28,29,8,9,E:\Archival-Digitisation-Project\1971_Trimmed_PDF\Uttar_Pradesh\metadata\document.xlsx,4bf05d889c56070f43e73558469b6cab4e2a96f37cf6cc1e9a7aa54c7efd5abe,2026-08-30T20:06:48.950016+00:00
1,,Akbarpur,,FC (1),,...,,A (1),,...,,...,,...,,...,,2,,1,,3,,4,,...,,...,,...,,...,,ORDINARY,,False,0,1,3,1,faizabad_mededu_1971,Faizabad,Uttar Pradesh,1971,format_002,faizabad_mededu_001,faizabad_mededu_1971.pdf,86b02eb84d110b8bb384740e2595a9e0a71dc52cbec3b24a2e68af0e6000e135,28,29,8,9,E:\Archival-Digitisation-Project\1971_Trimmed_PDF\Uttar_Pradesh\metadata\document.xlsx,4bf05d889c56070f43e73558469b6cab4e2a96f37cf6cc1e9a7aa54c7efd5abe,2026-08-30T20:06:48.950016+00:00
1,,Akbarpur,,O (1),,...,,A (1),,...,,...,,...,,...,,2,,1,,3,,4,,...,,...,,...,,...,,ORDINARY,,False,0,2,3,2,faizabad_mededu_1971,Faizabad,Uttar Pradesh,1971,format_002,faizabad_mededu_001,faizabad_mededu_1971.pdf,86b02eb84d110b8bb384740e2595a9e0a71dc52cbec3b24a2e68af0e6000e135,28,29,8,9,E:\Archival-Digitisation-Project\1971_Trimmed_PDF\Uttar_Pradesh\metadata\document.xlsx,4bf05d889c56070f43e73558469b6cab4e2a96f37cf6cc1e9a7aa54c7efd5abe,2026-08-30T20:06:48.950016+00:00
2,,Faizabad Cantt.,,,,,,,,,,,,,,,,,,,,,,,,,,,,,,,,CROSS_REFERENCE,Faizabad City Urban Agglomeration,False,1,0,1,3,faizabad_mededu_1971,Faizabad,Uttar Pradesh,1971,format_002,faizabad_mededu_001,faizabad_mededu_1971.pdf,86b02eb84d110b8bb384740e2595a9e0a71dc52cbec3b24a2e68af0e6000e135,28,29,8,9,E:\Archival-Digitisation-Project\1971_Trimmed_PDF\Uttar_Pradesh\metadata\document.xlsx,4bf05d889c56070f43e73558469b6cab4e2a96f37cf6cc1e9a7aa54c7efd5abe,2026-08-30T20:06:48.950016+00:00
3,,Faizabad-cum-Ayodhya,,,,,,,,,,,,,,,,,,,,,,,,,,,,,,,,CROSS_REFERENCE,Faizabad City Urban Agglomeration,False,2,0,1,4,faizabad_mededu_1971,Faizabad,Uttar Pradesh,1971,format_002,faizabad_mededu_001,faizabad_mededu_1971.pdf,86b02eb84d110b8bb384740e2595a9e0a71dc52cbec3b24a2e68af0e6000e135,28,29,8,9,E:\Archival-Digitisation-Project\1971_Trimmed_PDF\Uttar_Pradesh\metadata\document.xlsx,4bf05d889c56070f43e73558469b6cab4e2a96f37cf6cc1e9a7aa54c7efd5abe,2026-08-30T20:06:48.950016+00:00
,,Faizabad City Urban Agglomeration,,H (8),,310,,AS (1),,...,,...,,1,,...,,16,,9,,55,,43,,...,,5,,...,,PL (4) RR (1),,AGGREGATE,,False,3,0,4,5,faizabad_mededu_1971,Faizabad,Uttar Pradesh,1971,format_002,faizabad_mededu_001,faizabad_mededu_1971.pdf,86b02eb84d110b8bb384740e2595a9e0a71dc52cbec3b24a2e68af0e6000e135,28,29,8,9,E:\Archival-Digitisation-Project\1971_Trimmed_PDF\Uttar_Pradesh\metadata\document.xlsx,4bf05d889c56070f43e73558469b6cab4e2a96f37cf6cc1e9a7aa54c7efd5abe,2026-08-30T20:06:48.950016+00:00
,,Faizabad City Urban Agglomeration,,TBC (1),,...,,AS (1),,...,,...,,1,,...,,16,,9,,55,,43,,...,,5,,...,,PL (4) RR (1),,AGGREGATE,,False,3,1,4,6,faizabad_mededu_1971,Faizabad,Uttar Pradesh,1971,format_002,faizabad_mededu_001,faizabad_mededu_1971.pdf,86b02eb84d110b8bb384740e2595a9e0a71dc52cbec3b24a2e68af0e6000e135,28,29,8,9,E:\Archival-Digitisation-Project\1971_Trimmed_PDF\Uttar_Pradesh\metadata\document.xlsx,4bf05d889c56070f43e73558469b6cab4e2a96f37cf6cc1e9a7aa54c7efd5abe,2026-08-30T20:06:48.950016+00:00
,,Faizabad City Urban Agglomeration,,FC (1),,...,,AS (1),,...,,...,,1,,...,,16,,9,,55,,43,,...,,5,,...,,PL (4) RR (1),,AGGREGATE,,False,3,2,4,7,faizabad_mededu_1971,Faizabad,Uttar Pradesh,1971,format_002,faizabad_mededu_001,faizabad_mededu_1971.pdf,86b02eb84d110b8bb384740e2595a9e0a71dc52cbec3b24a2e68af0e6000e135,28,29,8,9,E:\Archival-Digitisation-Project\1971_Trimmed_PDF\Uttar_Pradesh\metadata\document.xlsx,4bf05d889c56070f43e73558469b6cab4e2a96f37cf6cc1e9a7aa54c7efd5abe,2026-08-30T20:06:48.950016+00:00
,,Faizabad City Urban Agglomeration,,D (1),,...,,AS (1),,...,,...,,1,,...,,16,,9,,55,,43,,...,,5,,...,,PL (4) RR (1),,AGGREGATE,,False,3,3,4,8,faizabad_mededu_1971,Faizabad,Uttar Pradesh,1971,format_002,faizabad_mededu_001,faizabad_mededu_1971.pdf,86b02eb84d110b8bb384740e2595a9e0a71dc52cbec3b24a2e68af0e6000e135,28,29,8,9,E:\Archival-Digitisation-Project\1971_Trimmed_PDF\Uttar_Pradesh\metadata\document.xlsx,4bf05d889c56070f43e73558469b6cab4e2a96f37cf6cc1e9a7aa54c7efd5abe,2026-08-30T20:06:48.950016+00:00
(i),,Faizabad Cantt.,,D (1),,...,,...,,...,,...,,...,,...,,2,,1,,4,,...,,...,,...,,...,,RR (1),,COMPONENT,,False,4,0,1,9,faizabad_mededu_1971,Faizabad,Uttar Pradesh,1971,format_002,faizabad_mededu_001,faizabad_mededu_1971.pdf,86b02eb84d110b8bb384740e2595a9e0a71dc52cbec3b24a2e68af0e6000e135,28,29,8,9,E:\Archival-Digitisation-Project\1971_Trimmed_PDF\Uttar_Pradesh\metadata\document.xlsx,4bf05d889c56070f43e73558469b6cab4e2a96f37cf6cc1e9a7aa54c7efd5abe,2026-08-30T20:06:48.950016+00:00
(ii),,Faizabad-cum-Ayodhya,,H (8),,310,,AS (1),,...,,...,,1,,...,,14,,8,,51,,43,,...,,5,,...,,PL (4),,COMPONENT,,False,5,0,3,10,faizabad_mededu_1971,Faizabad,Uttar Pradesh,1971,format_002,faizabad_mededu_001,faizabad_mededu_1971.pdf,86b02eb84d110b8bb384740e2595a9e0a71dc52cbec3b24a2e68af0e6000e135,28,29,8,9,E:\Archival-Digitisation-Project\1971_Trimmed_PDF\Uttar_Pradesh\metadata\document.xlsx,4bf05d889c56070f43e73558469b6cab4e2a96f37cf6cc1e9a7aa54c7efd5abe,2026-08-30T20:06:48.950016+00:00
(ii),,Faizabad-cum-Ayodhya,,TBC (1),,...,,AS (1),,...,,...,,1,,...,,14,,8,,51,,43,,...,,5,,...,,PL (4),,COMPONENT,,False,5,1,3,11,faizabad_mededu_1971,Faizabad,Uttar Pradesh,1971,format_002,faizabad_mededu_001,faizabad_mededu_1971.pdf,86b02eb84d110b8bb384740e2595a9e0a71dc52cbec3b24a2e68af0e6000e135,28,29,8,9,E:\Archival-Digitisation-Project\1971_Trimmed_PDF\Uttar_Pradesh\metadata\document.xlsx,4bf05d889c56070f43e73558469b6cab4e2a96f37cf6cc1e9a7aa54c7efd5abe,2026-08-30T20:06:48.950016+00:00
(ii),,Faizabad-cum-Ayodhya,,FC (1),,...,,AS (1),,...,,...,,1,,...,,14,,8,,51,,43,,...,,5,,...,,PL (4),,COMPONENT,,False,5,2,3,12,faizabad_mededu_1971,Faizabad,Uttar Pradesh,1971,format_002,faizabad_mededu_001,faizabad_mededu_1971.pdf,86b02eb84d110b8bb384740e2595a9e0a71dc52cbec3b24a2e68af0e6000e135,28,29,8,9,E:\Archival-Digitisation-Project\1971_Trimmed_PDF\Uttar_Pradesh\metadata\document.xlsx,4bf05d889c56070f43e73558469b6cab4e2a96f37cf6cc1e9a7aa54c7efd5abe,2026-08-30T20:06:48.950016+00:00
4,,Gosainganj,,D (1),,4,,...,,...,,...,,...,,O (1),,2,,2,,2,,4,,...,,...,,...,,...,,ORDINARY,,False,6,0,2,13,faizabad_mededu_1971,Faizabad,Uttar Pradesh,1971,format_002,faizabad_mededu_001,faizabad_mededu_1971.pdf,86b02eb84d110b8bb384740e2595a9e0a71dc52cbec3b24a2e68af0e6000e135,28,29,8,9,E:\Archival-Digitisation-Project\1971_Trimmed_PDF\Uttar_Pradesh\metadata\document.xlsx,4bf05d889c56070f43e73558469b6cab4e2a96f37cf6cc1e9a7aa54c7efd5abe,2026-08-30T20:06:48.950016+00:00
4,,Gosainganj,,FC (1),,...,,...,,...,,...,,...,,O (1),,2,,2,,2,,4,,...,,...,,...,,...,,ORDINARY,,False,6,1,2,14,faizabad_mededu_1971,Faizabad,Uttar Pradesh,1971,format_002,faizabad_mededu_001,faizabad_mededu_1971.pdf,86b02eb84d110b8bb384740e2595a9e0a71dc52cbec3b24a2e68af0e6000e135,28,29,8,9,E:\Archival-Digitisation-Project\1971_Trimmed_PDF\Uttar_Pradesh\metadata\document.xlsx,4bf05d889c56070f43e73558469b6cab4e2a96f37cf6cc1e9a7aa54c7efd5abe,2026-08-30T20:06:48.950016+00:00
5,,Jalalpur,,HC (1),,8,,...,,...,,...,,...,,...,,1,,1,,2,,2,,...,,1,,...,,PL (2),,ORDINARY,,False,7,0,2,15,faizabad_mededu_1971,Faizabad,Uttar Pradesh,1971,format_002,faizabad_mededu_001,faizabad_mededu_1971.pdf,86b02eb84d110b8bb384740e2595a9e0a71dc52cbec3b24a2e68af0e6000e135,28,29,8,9,E:\Archival-Digitisation-Project\1971_Trimmed_PDF\Uttar_Pradesh\metadata\document.xlsx,4bf05d889c56070f43e73558469b6cab4e2a96f37cf6cc1e9a7aa54c7efd5abe,2026-08-30T20:06:48.950016+00:00
5,,Jalalpur,,FC (1),,...,,...,,...,,...,,...,,...,,1,,1,,2,,2,,...,,1,,...,,PL (2),,ORDINARY,,False,7,1,2,16,faizabad_mededu_1971,Faizabad,Uttar Pradesh,1971,format_002,faizabad_mededu_001,faizabad_mededu_1971.pdf,86b02eb84d110b8bb384740e2595a9e0a71dc52cbec3b24a2e68af0e6000e135,28,29,8,9,E:\Archival-Digitisation-Project\1971_Trimmed_PDF\Uttar_Pradesh\metadata\document.xlsx,4bf05d889c56070f43e73558469b6cab4e2a96f37cf6cc1e9a7aa54c7efd5abe,2026-08-30T20:06:48.950016+00:00
6,,Tanda,,H (1),,20,,A (1),,...,,...,,...,,...,,3,,3,,17,,5,,...,,2,,...,,PL (2),,ORDINARY,,False,8,0,2,17,faizabad_mededu_1971,Faizabad,Uttar Pradesh,1971,format_002,faizabad_mededu_001,faizabad_mededu_1971.pdf,86b02eb84d110b8bb384740e2595a9e0a71dc52cbec3b24a2e68af0e6000e135,28,29,8,9,E:\Archival-Digitisation-Project\1971_Trimmed_PDF\Uttar_Pradesh\metadata\document.xlsx,4bf05d889c56070f43e73558469b6cab4e2a96f37cf6cc1e9a7aa54c7efd5abe,2026-08-30T20:06:48.950016+00:00
6,,Tanda,,HC (1),,8,,A (1),,...,,...,,...,,...,,3,,3,,17,,5,,...,,2,,...,,PL (2),,ORDINARY,,False,8,1,2,18,faizabad_mededu_1971,Faizabad,Uttar Pradesh,1971,format_002,faizabad_mededu_001,faizabad_mededu_1971.pdf,86b02eb84d110b8bb384740e2595a9e0a71dc52cbec3b24a2e68af0e6000e135,28,29,8,9,E:\Archival-Digitisation-Project\1971_Trimmed_PDF\Uttar_Pradesh\metadata\document.xlsx,4bf05d889c56070f43e73558469b6cab4e2a96f37cf6cc1e9a7aa54c7efd5abe,2026-08-30T20:06:48.950016+00:00
1,,Chhibramau,,H (2),,32,,S (1),,...,,...,,...,,...,,3,,2,,5,,6,,...,,...,,.,,PL (1),,ORDINARY,,False,0,0,2,0,farrukhabad_mededu_1971,Farrukhabad,Uttar Pradesh,1971,format_002,farrukhabad_mededu_001,farrukhabad_mededu_1971.pdf,bab2ee421073f789316a22a8ab016faf829e145897cb34d2d53abfd8624f1b95,20,21,8,9,E:\Archival-Digitisation-Project\1971_Trimmed_PDF\Uttar_Pradesh\metadata\document.xlsx,4bf05d889c56070f43e73558469b6cab4e2a96f37cf6cc1e9a7aa54c7efd5abe,2026-08-30T20:12:43.185356+00:00
1,,Chhibramau,,FC (1),,...,,S (1),,...,,...,,...,,...,,3,,2,,5,,6,,...,,...,,.,,PL (1),,ORDINARY,,False,0,1,2,1,farrukhabad_mededu_1971,Farrukhabad,Uttar Pradesh,1971,format_002,farrukhabad_mededu_001,farrukhabad_mededu_1971.pdf,bab2ee421073f789316a22a8ab016faf829e145897cb34d2d53abfd8624f1b95,20,21,8,9,E:\Archival-Digitisation-Project\1971_Trimmed_PDF\Uttar_Pradesh\metadata\document.xlsx,4bf05d889c56070f43e73558469b6cab4e2a96f37cf6cc1e9a7aa54c7efd5abe,2026-08-30T20:12:43.185356+00:00
2,,Farrukhabad-cum-Fatehgarh,,,,,,,,,,,,,,,,,,,,,,,,,,,,,,,,CROSS_REFERENCE,Farrukhabad-cum-Fatehgarh City Urban Agglomeration,False,1,0,1,2,farrukhabad_mededu_1971,Farrukhabad,Uttar Pradesh,1971,format_002,farrukhabad_mededu_001,farrukhabad_mededu_1971.pdf,bab2ee421073f789316a22a8ab016faf829e145897cb34d2d53abfd8624f1b95,20,21,8,9,E:\Archival-Digitisation-Project\1971_Trimmed_PDF\Uttar_Pradesh\metadata\document.xlsx,4bf05d889c56070f43e73558469b6cab4e2a96f37cf6cc1e9a7aa54c7efd5abe,2026-08-30T20:12:43.185356+00:00
,,Farrukhabad-cum-Fatehgarh City Urban Agglomeration,,H (10),,610,,A (1) AC (1),,...,,...,,...,,Sh. Type (1),,10,,3,,55,,5,,1,,3,,1,,RR (2) PL (4),,AGGREGATE,,False,2,0,5,3,farrukhabad_mededu_1971,Farrukhabad,Uttar Pradesh,1971,format_002,farrukhabad_mededu_001,farrukhabad_mededu_1971.pdf,bab2ee421073f789316a22a8ab016faf829e145897cb34d2d53abfd8624f1b95,20,21,8,9,E:\Archival-Digitisation-Project\1971_Trimmed_PDF\Uttar_Pradesh\metadata\document.xlsx,4bf05d889c56070f43e73558469b6cab4e2a96f37cf6cc1e9a7aa54c7efd5abe,2026-08-30T20:12:43.185356+00:00
,,Farrukhabad-cum-Fatehgarh City Urban Agglomeration,,D (3),,9,,A (1) AC (1),,...,,...,,...,,Sh. Type (1),,10,,3,,55,,5,,1,,3,,1,,RR (2) PL (4),,AGGREGATE,,False,2,1,5,4,farrukhabad_mededu_1971,Farrukhabad,Uttar Pradesh,1971,format_002,farrukhabad_mededu_001,farrukhabad_mededu_1971.pdf,bab2ee421073f789316a22a8ab016faf829e145897cb34d2d53abfd8624f1b95,20,21,8,9,E:\Archival-Digitisation-Project\1971_Trimmed_PDF\Uttar_Pradesh\metadata\document.xlsx,4bf05d889c56070f43e73558469b6cab4e2a96f37cf6cc1e9a7aa54c7efd5abe,2026-08-30T20:12:43.185356+00:00
,,Farrukhabad-cum-Fatehgarh City Urban Agglomeration,,FC (2),,...,,A (1) AC (1),,...,,...,,...,,Sh. Type (1),,10,,3,,55,,5,,1,,3,,1,,RR (2) PL (4),,AGGREGATE,,False,2,2,5,5,farrukhabad_mededu_1971,Farrukhabad,Uttar Pradesh,1971,format_002,farrukhabad_mededu_001,farrukhabad_mededu_1971.pdf,bab2ee421073f789316a22a8ab016faf829e145897cb34d2d53abfd8624f1b95,20,21,8,9,E:\Archival-Digitisation-Project\1971_Trimmed_PDF\Uttar_Pradesh\metadata\document.xlsx,4bf05d889c56070f43e73558469b6cab4e2a96f37cf6cc1e9a7aa54c7efd5abe,2026-08-30T20:12:43.185356+00:00
,,Farrukhabad-cum-Fatehgarh City Urban Agglomeration,,*O (1),,...,,A (1) AC (1),,...,,...,,...,,Sh. Type (1),,10,,3,,55,,5,,1,,3,,1,,RR (2) PL (4),,AGGREGATE,,False,2,3,5,6,farrukhabad_mededu_1971,Farrukhabad,Uttar Pradesh,1971,format_002,farrukhabad_mededu_001,farrukhabad_mededu_1971.pdf,bab2ee421073f789316a22a8ab016faf829e145897cb34d2d53abfd8624f1b95,20,21,8,9,E:\Archival-Digitisation-Project\1971_Trimmed_PDF\Uttar_Pradesh\metadata\document.xlsx,4bf05d889c56070f43e73558469b6cab4e2a96f37cf6cc1e9a7aa54c7efd5abe,2026-08-30T20:12:43.185356+00:00
,,Farrukhabad-cum-Fatehgarh City Urban Agglomeration,,TBC (1),,...,,A (1) AC (1),,...,,...,,...,,Sh. Type (1),,10,,3,,55,,5,,1,,3,,1,,RR (2) PL (4),,AGGREGATE,,False,2,4,5,7,farrukhabad_mededu_1971,Farrukhabad,Uttar Pradesh,1971,format_002,farrukhabad_mededu_001,farrukhabad_mededu_1971.pdf,bab2ee421073f789316a22a8ab016faf829e145897cb34d2d53abfd8624f1b95,20,21,8,9,E:\Archival-Digitisation-Project\1971_Trimmed_PDF\Uttar_Pradesh\metadata\document.xlsx,4bf05d889c56070f43e73558469b6cab4e2a96f37cf6cc1e9a7aa54c7efd5abe,2026-08-30T20:12:43.185356+00:00
(i),,Farrukhabad-cum-Fatehgarh,,H (9),,545,,A (1) AC (1),,...,,...,,...,,Sh. Type (1),,9,,2,,53,,5,,...,,3,,...,,PL (4),,COMPONENT,,False,3,0,5,8,farrukhabad_mededu_1971,Farrukhabad,Uttar Pradesh,1971,format_002,farrukhabad_mededu_001,farrukhabad_mededu_1971.pdf,bab2ee421073f789316a22a8ab016faf829e145897cb34d2d53abfd8624f1b95,20,21,8,9,E:\Archival-Digitisation-Project\1971_Trimmed_PDF\Uttar_Pradesh\metadata\document.xlsx,4bf05d889c56070f43e73558469b6cab4e2a96f37cf6cc1e9a7aa54c7efd5abe,2026-08-30T20:12:43.185356+00:00
(i),,Farrukhabad-cum-Fatehgarh,,D (1),,...,,A (1) AC (1),,...,,...,,...,,Sh. Type (1),,9,,2,,53,,5,,...,,3,,...,,PL (4),,COMPONENT,,False,3,1,5,9,farrukhabad_mededu_1971,Farrukhabad,Uttar Pradesh,1971,format_002,farrukhabad_mededu_001,farrukhabad_mededu_1971.pdf,bab2ee421073f789316a22a8ab016faf829e145897cb34d2d53abfd8624f1b95,20,21,8,9,E:\Archival-Digitisation-Project\1971_Trimmed_PDF\Uttar_Pradesh\metadata\document.xlsx,4bf05d889c56070f43e73558469b6cab4e2a96f37cf6cc1e9a7aa54c7efd5abe,2026-08-30T20:12:43.185356+00:00
(i),,Farrukhabad-cum-Fatehgarh,,FC (1),,...,,A (1) AC (1),,...,,...,,...,,Sh. Type (1),,9,,2,,53,,5,,...,,3,,...,,PL (4),,COMPONENT,,False,3,2,5,10,farrukhabad_mededu_1971,Farrukhabad,Uttar Pradesh,1971,format_002,farrukhabad_mededu_001,farrukhabad_mededu_1971.pdf,bab2ee421073f789316a22a8ab016faf829e145897cb34d2d53abfd8624f1b95,20,21,8,9,E:\Archival-Digitisation-Project\1971_Trimmed_PDF\Uttar_Pradesh\metadata\document.xlsx,4bf05d889c56070f43e73558469b6cab4e2a96f37cf6cc1e9a7aa54c7efd5abe,2026-08-30T20:12:43.185356+00:00
(i),,Farrukhabad-cum-Fatehgarh,,*O (1),,...,,A (1) AC (1),,...,,...,,...,,Sh. Type (1),,9,,2,,53,,5,,...,,3,,...,,PL (4),,COMPONENT,,False,3,3,5,11,farrukhabad_mededu_1971,Farrukhabad,Uttar Pradesh,1971,format_002,farrukhabad_mededu_001,farrukhabad_mededu_1971.pdf,bab2ee421073f789316a22a8ab016faf829e145897cb34d2d53abfd8624f1b95,20,21,8,9,E:\Archival-Digitisation-Project\1971_Trimmed_PDF\Uttar_Pradesh\metadata\document.xlsx,4bf05d889c56070f43e73558469b6cab4e2a96f37cf6cc1e9a7aa54c7efd5abe,2026-08-30T20:12:43.185356+00:00
(i),,Farrukhabad-cum-Fatehgarh,,TBC (1),,...,,A (1) AC (1),,...,,...,,...,,Sh. Type (1),,9,,2,,53,,5,,...,,3,,...,,PL (4),,COMPONENT,,False,3,4,5,12,farrukhabad_mededu_1971,Farrukhabad,Uttar Pradesh,1971,format_002,farrukhabad_mededu_001,farrukhabad_mededu_1971.pdf,bab2ee421073f789316a22a8ab016faf829e145897cb34d2d53abfd8624f1b95,20,21,8,9,E:\Archival-Digitisation-Project\1971_Trimmed_PDF\Uttar_Pradesh\metadata\document.xlsx,4bf05d889c56070f43e73558469b6cab4e2a96f37cf6cc1e9a7aa54c7efd5abe,2026-08-30T20:12:43.185356+00:00
(ii),,Fatehgarh Cantt.,,H (1),,65,,...,,...,,...,,...,,...,,1,,1,,2,,...,,1,,...,,1,,RR (2),,COMPONENT,,False,4,0,3,13,farrukhabad_mededu_1971,Farrukhabad,Uttar Pradesh,1971,format_002,farrukhabad_mededu_001,farrukhabad_mededu_1971.pdf,bab2ee421073f789316a22a8ab016faf829e145897cb34d2d53abfd8624f1b95,20,21,8,9,E:\Archival-Digitisation-Project\1971_Trimmed_PDF\Uttar_Pradesh\metadata\document.xlsx,4bf05d889c56070f43e73558469b6cab4e2a96f37cf6cc1e9a7aa54c7efd5abe,2026-08-30T20:12:43.185356+00:00
(ii),,Fatehgarh Cantt.,,D (2),,9,,...,,...,,...,,...,,...,,1,,1,,2,,...,,1,,...,,1,,RR (2),,COMPONENT,,False,4,1,3,14,farrukhabad_mededu_1971,Farrukhabad,Uttar Pradesh,1971,format_002,farrukhabad_mededu_001,farrukhabad_mededu_1971.pdf,bab2ee421073f789316a22a8ab016faf829e145897cb34d2d53abfd8624f1b95,20,21,8,9,E:\Archival-Digitisation-Project\1971_Trimmed_PDF\Uttar_Pradesh\metadata\document.xlsx,4bf05d889c56070f43e73558469b6cab4e2a96f37cf6cc1e9a7aa54c7efd5abe,2026-08-30T20:12:43.185356+00:00
(ii),,Fatehgarh Cantt.,,FC (1),,...,,...,,...,,...,,...,,...,,1,,1,,2,,...,,1,,...,,1,,RR (2),,COMPONENT,,False,4,2,3,15,farrukhabad_mededu_1971,Farrukhabad,Uttar Pradesh,1971,format_002,farrukhabad_mededu_001,farrukhabad_mededu_1971.pdf,bab2ee421073f789316a22a8ab016faf829e145897cb34d2d53abfd8624f1b95,20,21,8,9,E:\Archival-Digitisation-Project\1971_Trimmed_PDF\Uttar_Pradesh\metadata\document.xlsx,4bf05d889c56070f43e73558469b6cab4e2a96f37cf6cc1e9a7aa54c7efd5abe,2026-08-30T20:12:43.185356+00:00
3,,Fatehgarh Cantt.,,,,,,,,,,,,,,,,,,,,,,,,,,,,,,,,CROSS_REFERENCE,Farrukhabad-cum-Fatehgarh City Urban Agglomeration,False,5,0,1,16,farrukhabad_mededu_1971,Farrukhabad,Uttar Pradesh,1971,format_002,farrukhabad_mededu_001,farrukhabad_mededu_1971.pdf,bab2ee421073f789316a22a8ab016faf829e145897cb34d2d53abfd8624f1b95,20,21,8,9,E:\Archival-Digitisation-Project\1971_Trimmed_PDF\Uttar_Pradesh\metadata\document.xlsx,4bf05d889c56070f43e73558469b6cab4e2a96f37cf6cc1e9a7aa54c7efd5abe,2026-08-30T20:12:43.185356+00:00
4,,Kaimganj,,H (2),,18,,...,,...,,...,,...,,...,,...,,4,,10,,...,,...,,...,,2,,PL (3),,ORDINARY,,False,6,0,2,17,farrukhabad_mededu_1971,Farrukhabad,Uttar Pradesh,1971,format_002,farrukhabad_mededu_001,farrukhabad_mededu_1971.pdf,bab2ee421073f789316a22a8ab016faf829e145897cb34d2d53abfd8624f1b95,20,21,8,9,E:\Archival-Digitisation-Project\1971_Trimmed_PDF\Uttar_Pradesh\metadata\document.xlsx,4bf05d889c56070f43e73558469b6cab4e2a96f37cf6cc1e9a7aa54c7efd5abe,2026-08-30T20:12:43.185356+00:00
4,,Kaimganj,,FC (1),,...,,...,,...,,...,,...,,...,,...,,4,,10,,...,,...,,...,,2,,PL (3),,ORDINARY,,False,6,1,2,18,farrukhabad_mededu_1971,Farrukhabad,Uttar Pradesh,1971,format_002,farrukhabad_mededu_001,farrukhabad_mededu_1971.pdf,bab2ee421073f789316a22a8ab016faf829e145897cb34d2d53abfd8624f1b95,20,21,8,9,E:\Archival-Digitisation-Project\1971_Trimmed_PDF\Uttar_Pradesh\metadata\document.xlsx,4bf05d889c56070f43e73558469b6cab4e2a96f37cf6cc1e9a7aa54c7efd5abe,2026-08-30T20:12:43.185356+00:00
5,,Kannauj,,H (2),,18,,...,,...,,...,,...,,...,,6,,3,,12,,4,,...,,...,,...,,PL (1),,ORDINARY,,False,7,0,3,19,farrukhabad_mededu_1971,Farrukhabad,Uttar Pradesh,1971,format_002,farrukhabad_mededu_001,farrukhabad_mededu_1971.pdf,bab2ee421073f789316a22a8ab016faf829e145897cb34d2d53abfd8624f1b95,20,21,8,9,E:\Archival-Digitisation-Project\1971_Trimmed_PDF\Uttar_Pradesh\metadata\document.xlsx,4bf05d889c56070f43e73558469b6cab4e2a96f37cf6cc1e9a7aa54c7efd5abe,2026-08-30T20:12:43.185356+00:00
5,,Kannauj,,HC (1),,4,,...,,...,,...,,...,,...,,6,,3,,12,,4,,...,,...,,...,,PL (1),,ORDINARY,,False,7,1,3,20,farrukhabad_mededu_1971,Farrukhabad,Uttar Pradesh,1971,format_002,farrukhabad_mededu_001,farrukhabad_mededu_1971.pdf,bab2ee421073f789316a22a8ab016faf829e145897cb34d2d53abfd8624f1b95,20,21,8,9,E:\Archival-Digitisation-Project\1971_Trimmed_PDF\Uttar_Pradesh\metadata\document.xlsx,4bf05d889c56070f43e73558469b6cab4e2a96f37cf6cc1e9a7aa54c7efd5abe,2026-08-30T20:12:43.185356+00:00
5,,Kannauj,,FC (1),,...,,...,,...,,...,,...,,...,,6,,3,,12,,4,,...,,...,,...,,PL (1),,ORDINARY,,False,7,2,3,21,farrukhabad_mededu_1971,Farrukhabad,Uttar Pradesh,1971,format_002,farrukhabad_mededu_001,farrukhabad_mededu_1971.pdf,bab2ee421073f789316a22a8ab016faf829e145897cb34d2d53abfd8624f1b95,20,21,8,9,E:\Archival-Digitisation-Project\1971_Trimmed_PDF\Uttar_Pradesh\metadata\document.xlsx,4bf05d889c56070f43e73558469b6cab4e2a96f37cf6cc1e9a7aa54c7efd5abe,2026-08-30T20:12:43.185356+00:00
1,,Bindki,,H (2),,12,,...,,...,,...,,...,,...,,3,,3,,15,,1,,...,,1,,...,,PL (1),,ORDINARY,,False,0,0,2,0,fatehpur_mededu_1971,Fatehpur,Uttar Pradesh,1971,format_002,fatehpur_mededu_001,fatehpur_mededu_1971.pdf,28b3c54efd25ba6621e641183bff4468a182a1332f72cd247d64161e1369b1ee,28,29,6,7,E:\Archival-Digitisation-Project\1971_Trimmed_PDF\Uttar_Pradesh\metadata\document.xlsx,4bf05d889c56070f43e73558469b6cab4e2a96f37cf6cc1e9a7aa54c7efd5abe,2026-08-30T20:15:07.539351+00:00
1,,Bindki,,FC (2),,...,,...,,...,,...,,...,,...,,3,,3,,15,,1,,...,,1,,...,,PL (1),,ORDINARY,,False,0,1,2,1,fatehpur_mededu_1971,Fatehpur,Uttar Pradesh,1971,format_002,fatehpur_mededu_001,fatehpur_mededu_1971.pdf,28b3c54efd25ba6621e641183bff4468a182a1332f72cd247d64161e1369b1ee,28,29,6,7,E:\Archival-Digitisation-Project\1971_Trimmed_PDF\Uttar_Pradesh\metadata\document.xlsx,4bf05d889c56070f43e73558469b6cab4e2a96f37cf6cc1e9a7aa54c7efd5abe,2026-08-30T20:15:07.539351+00:00
2,,Fatehpur,,H (5),,148,,A (1),,...,,.,,...,,...,,7,,4,,12,,2,,...,,2,,...,,PL (1),,ORDINARY,,False,1,0,4,2,fatehpur_mededu_1971,Fatehpur,Uttar Pradesh,1971,format_002,fatehpur_mededu_001,fatehpur_mededu_1971.pdf,28b3c54efd25ba6621e641183bff4468a182a1332f72cd247d64161e1369b1ee,28,29,6,7,E:\Archival-Digitisation-Project\1971_Trimmed_PDF\Uttar_Pradesh\metadata\document.xlsx,4bf05d889c56070f43e73558469b6cab4e2a96f37cf6cc1e9a7aa54c7efd5abe,2026-08-30T20:15:07.539351+00:00
2,,Fatehpur,,D (1),,2,,A (1),,...,,.,,...,,...,,7,,4,,12,,2,,...,,2,,...,,PL (1),,ORDINARY,,False,1,1,4,3,fatehpur_mededu_1971,Fatehpur,Uttar Pradesh,1971,format_002,fatehpur_mededu_001,fatehpur_mededu_1971.pdf,28b3c54efd25ba6621e641183bff4468a182a1332f72cd247d64161e1369b1ee,28,29,6,7,E:\Archival-Digitisation-Project\1971_Trimmed_PDF\Uttar_Pradesh\metadata\document.xlsx,4bf05d889c56070f43e73558469b6cab4e2a96f37cf6cc1e9a7aa54c7efd5abe,2026-08-30T20:15:07.539351+00:00
2,,Fatehpur,,TBC (1),,...,,A (1),,...,,.,,...,,...,,7,,4,,12,,2,,...,,2,,...,,PL (1),,ORDINARY,,False,1,2,4,4,fatehpur_mededu_1971,Fatehpur,Uttar Pradesh,1971,format_002,fatehpur_mededu_001,fatehpur_mededu_1971.pdf,28b3c54efd25ba6621e641183bff4468a182a1332f72cd247d64161e1369b1ee,28,29,6,7,E:\Archival-Digitisation-Project\1971_Trimmed_PDF\Uttar_Pradesh\metadata\document.xlsx,4bf05d889c56070f43e73558469b6cab4e2a96f37cf6cc1e9a7aa54c7efd5abe,2026-08-30T20:15:07.539351+00:00
2,,Fatehpur,,FC (2),,...,,A (1),,...,,.,,...,,...,,7,,4,,12,,2,,...,,2,,...,,PL (1),,ORDINARY,,False,1,3,4,5,fatehpur_mededu_1971,Fatehpur,Uttar Pradesh,1971,format_002,fatehpur_mededu_001,fatehpur_mededu_1971.pdf,28b3c54efd25ba6621e641183bff4468a182a1332f72cd247d64161e1369b1ee,28,29,6,7,E:\Archival-Digitisation-Project\1971_Trimmed_PDF\Uttar_Pradesh\metadata\document.xlsx,4bf05d889c56070f43e73558469b6cab4e2a96f37cf6cc1e9a7aa54c7efd5abe,2026-08-30T20:15:07.539351+00:00
1,,Bah Bazar,,...,,...,,...,,...,,...,,...,,...,,1,,...,,1,,...,,...,,...,,...,,...,,ORDINARY,,False,0,0,1,0,garhwal_mededu_1971,Garhwal,Uttar Pradesh,1971,format_002,garhwal_mededu_001,garhwal_mededu_1971.pdf,98444b690d81fd57bd6963cec11164c017804d4d0489ebb8736eee8c7aa501ce,27,28,8,9,E:\Archival-Digitisation-Project\1971_Trimmed_PDF\Uttar_Pradesh\metadata\document.xlsx,4bf05d889c56070f43e73558469b6cab4e2a96f37cf6cc1e9a7aa54c7efd5abe,2026-08-30T20:17:58.475298+00:00
2,,Dogadda,,H (2),,18,,...,,...,,...,,...,,...,,1,,1,,2,,...,,...,,...,,...,,...,,ORDINARY,,False,1,0,1,1,garhwal_mededu_1971,Garhwal,Uttar Pradesh,1971,format_002,garhwal_mededu_001,garhwal_mededu_1971.pdf,98444b690d81fd57bd6963cec11164c017804d4d0489ebb8736eee8c7aa501ce,27,28,8,9,E:\Archival-Digitisation-Project\1971_Trimmed_PDF\Uttar_Pradesh\metadata\document.xlsx,4bf05d889c56070f43e73558469b6cab4e2a96f37cf6cc1e9a7aa54c7efd5abe,2026-08-30T20:17:58.475298+00:00
3,,Kotdwara,,H (2),,46,,...,,...,,...,,...,,...,,2,,2,,10,,1,,...,,1,,...,,PL (1),,ORDINARY,,False,2,0,2,2,garhwal_mededu_1971,Garhwal,Uttar Pradesh,1971,format_002,garhwal_mededu_001,garhwal_mededu_1971.pdf,98444b690d81fd57bd6963cec11164c017804d4d0489ebb8736eee8c7aa501ce,27,28,8,9,E:\Archival-Digitisation-Project\1971_Trimmed_PDF\Uttar_Pradesh\metadata\document.xlsx,4bf05d889c56070f43e73558469b6cab4e2a96f37cf6cc1e9a7aa54c7efd5abe,2026-08-30T20:17:58.475298+00:00
3,,Kotdwara,,D (1),,4,,...,,...,,...,,...,,...,,2,,2,,10,,1,,...,,1,,...,,PL (1),,ORDINARY,,False,2,1,2,3,garhwal_mededu_1971,Garhwal,Uttar Pradesh,1971,format_002,garhwal_mededu_001,garhwal_mededu_1971.pdf,98444b690d81fd57bd6963cec11164c017804d4d0489ebb8736eee8c7aa501ce,27,28,8,9,E:\Archival-Digitisation-Project\1971_Trimmed_PDF\Uttar_Pradesh\metadata\document.xlsx,4bf05d889c56070f43e73558469b6cab4e2a96f37cf6cc1e9a7aa54c7efd5abe,2026-08-30T20:17:58.475298+00:00
4,,Lansdowne Cantt.,,H (1),,33,,...,,...,,...,,...,,...,,3,,...,,1,,...,,...,,1,,...,,PL (1),,ORDINARY,,False,3,0,1,4,garhwal_mededu_1971,Garhwal,Uttar Pradesh,1971,format_002,garhwal_mededu_001,garhwal_mededu_1971.pdf,98444b690d81fd57bd6963cec11164c017804d4d0489ebb8736eee8c7aa501ce,27,28,8,9,E:\Archival-Digitisation-Project\1971_Trimmed_PDF\Uttar_Pradesh\metadata\document.xlsx,4bf05d889c56070f43e73558469b6cab4e2a96f37cf6cc1e9a7aa54c7efd5abe,2026-08-30T20:17:58.475298+00:00
5,,Pauri,,H (3),,71,,...,,...,,...,,...,,...,,3,,3,,10,,1,,...,,...,,...,,PL (1) RR (1),,ORDINARY,,False,4,0,4,5,garhwal_mededu_1971,Garhwal,Uttar Pradesh,1971,format_002,garhwal_mededu_001,garhwal_mededu_1971.pdf,98444b690d81fd57bd6963cec11164c017804d4d0489ebb8736eee8c7aa501ce,27,28,8,9,E:\Archival-Digitisation-Project\1971_Trimmed_PDF\Uttar_Pradesh\metadata\document.xlsx,4bf05d889c56070f43e73558469b6cab4e2a96f37cf6cc1e9a7aa54c7efd5abe,2026-08-30T20:17:58.475298+00:00
5,,Pauri,,TBC (1),,...,,...,,...,,...,,...,,...,,3,,3,,10,,1,,...,,...,,...,,PL (1) RR (1),,ORDINARY,,False,4,1,4,6,garhwal_mededu_1971,Garhwal,Uttar Pradesh,1971,format_002,garhwal_mededu_001,garhwal_mededu_1971.pdf,98444b690d81fd57bd6963cec11164c017804d4d0489ebb8736eee8c7aa501ce,27,28,8,9,E:\Archival-Digitisation-Project\1971_Trimmed_PDF\Uttar_Pradesh\metadata\document.xlsx,4bf05d889c56070f43e73558469b6cab4e2a96f37cf6cc1e9a7aa54c7efd5abe,2026-08-30T20:17:58.475298+00:00
5,,Pauri,,D (1),,...,,...,,...,,...,,...,,...,,3,,3,,10,,1,,...,,...,,...,,PL (1) RR (1),,ORDINARY,,False,4,2,4,7,garhwal_mededu_1971,Garhwal,Uttar Pradesh,1971,format_002,garhwal_mededu_001,garhwal_mededu_1971.pdf,98444b690d81fd57bd6963cec11164c017804d4d0489ebb8736eee8c7aa501ce,27,28,8,9,E:\Archival-Digitisation-Project\1971_Trimmed_PDF\Uttar_Pradesh\metadata\document.xlsx,4bf05d889c56070f43e73558469b6cab4e2a96f37cf6cc1e9a7aa54c7efd5abe,2026-08-30T20:17:58.475298+00:00
5,,Pauri,,O (1),,...,,...,,...,,...,,...,,...,,3,,3,,10,,1,,...,,...,,...,,PL (1) RR (1),,ORDINARY,,False,4,3,4,8,garhwal_mededu_1971,Garhwal,Uttar Pradesh,1971,format_002,garhwal_mededu_001,garhwal_mededu_1971.pdf,98444b690d81fd57bd6963cec11164c017804d4d0489ebb8736eee8c7aa501ce,27,28,8,9,E:\Archival-Digitisation-Project\1971_Trimmed_PDF\Uttar_Pradesh\metadata\document.xlsx,4bf05d889c56070f43e73558469b6cab4e2a96f37cf6cc1e9a7aa54c7efd5abe,2026-08-30T20:17:58.475298+00:00
6,,Srinagar,,H (3),,37,,S (1),,...,,...,,1,,Sh. type (1),,2,,...,,1,,1,,...,,1,,...,,PL (1) RR (1),,ORDINARY,,False,5,0,2,9,garhwal_mededu_1971,Garhwal,Uttar Pradesh,1971,format_002,garhwal_mededu_001,garhwal_mededu_1971.pdf,98444b690d81fd57bd6963cec11164c017804d4d0489ebb8736eee8c7aa501ce,27,28,8,9,E:\Archival-Digitisation-Project\1971_Trimmed_PDF\Uttar_Pradesh\metadata\document.xlsx,4bf05d889c56070f43e73558469b6cab4e2a96f37cf6cc1e9a7aa54c7efd5abe,2026-08-30T20:17:58.475298+00:00
6,,Srinagar,,* O (1),,...,,S (1),,...,,...,,1,,Sh. type (1),,2,,...,,1,,1,,...,,1,,...,,PL (1) RR (1),,ORDINARY,,False,5,1,2,10,garhwal_mededu_1971,Garhwal,Uttar Pradesh,1971,format_002,garhwal_mededu_001,garhwal_mededu_1971.pdf,98444b690d81fd57bd6963cec11164c017804d4d0489ebb8736eee8c7aa501ce,27,28,8,9,E:\Archival-Digitisation-Project\1971_Trimmed_PDF\Uttar_Pradesh\metadata\document.xlsx,4bf05d889c56070f43e73558469b6cab4e2a96f37cf6cc1e9a7aa54c7efd5abe,2026-08-30T20:17:58.475298+00:00
1,,Balrampur,,H (2),,72,,AS (1),,...,,...,,...,,Sh. Type (1) O (1),,4,,6,,27,,8,,...,,1,,...,,...,,ORDINARY,,False,0,0,3,0,gonda_mededu_1971,Gonda,Uttar Pradesh,1971,format_002,gonda_mededu_001,gonda_mededu_1971.pdf,4ad67c907e1a57492e4cb39936a64dd88e8709b8ce311d8377dbfb993a4b8ce1,23,24,6,7,E:\Archival-Digitisation-Project\1971_Trimmed_PDF\Uttar_Pradesh\metadata\document.xlsx,4bf05d889c56070f43e73558469b6cab4e2a96f37cf6cc1e9a7aa54c7efd5abe,2026-08-30T20:20:47.246876+00:00
1,,Balrampur,,TBC (1),,8,,AS (1),,...,,...,,...,,Sh. Type (1) O (1),,4,,6,,27,,8,,...,,1,,...,,...,,ORDINARY,,False,0,1,3,1,gonda_mededu_1971,Gonda,Uttar Pradesh,1971,format_002,gonda_mededu_001,gonda_mededu_1971.pdf,4ad67c907e1a57492e4cb39936a64dd88e8709b8ce311d8377dbfb993a4b8ce1,23,24,6,7,E:\Archival-Digitisation-Project\1971_Trimmed_PDF\Uttar_Pradesh\metadata\document.xlsx,4bf05d889c56070f43e73558469b6cab4e2a96f37cf6cc1e9a7aa54c7efd5abe,2026-08-30T20:20:47.246876+00:00
1,,Balrampur,,FC (1),,...,,AS (1),,...,,...,,...,,Sh. Type (1) O (1),,4,,6,,27,,8,,...,,1,,...,,...,,ORDINARY,,False,0,2,3,2,gonda_mededu_1971,Gonda,Uttar Pradesh,1971,format_002,gonda_mededu_001,gonda_mededu_1971.pdf,4ad67c907e1a57492e4cb39936a64dd88e8709b8ce311d8377dbfb993a4b8ce1,23,24,6,7,E:\Archival-Digitisation-Project\1971_Trimmed_PDF\Uttar_Pradesh\metadata\document.xlsx,4bf05d889c56070f43e73558469b6cab4e2a96f37cf6cc1e9a7aa54c7efd5abe,2026-08-30T20:20:47.246876+00:00
2,,Colonelganj,,H (1),,6,,...,,...,,...,,...,,...,,2,,3,,8,,2,,...,,...,,...,,PL (1),,ORDINARY,,False,1,0,3,3,gonda_mededu_1971,Gonda,Uttar Pradesh,1971,format_002,gonda_mededu_001,gonda_mededu_1971.pdf,4ad67c907e1a57492e4cb39936a64dd88e8709b8ce311d8377dbfb993a4b8ce1,23,24,6,7,E:\Archival-Digitisation-Project\1971_Trimmed_PDF\Uttar_Pradesh\metadata\document.xlsx,4bf05d889c56070f43e73558469b6cab4e2a96f37cf6cc1e9a7aa54c7efd5abe,2026-08-30T20:20:47.246876+00:00
2,,Colonelganj,,FC (1),,...,,...,,...,,...,,...,,...,,2,,3,,8,,2,,...,,...,,...,,PL (1),,ORDINARY,,False,1,1,3,4,gonda_mededu_1971,Gonda,Uttar Pradesh,1971,format_002,gonda_mededu_001,gonda_mededu_1971.pdf,4ad67c907e1a57492e4cb39936a64dd88e8709b8ce311d8377dbfb993a4b8ce1,23,24,6,7,E:\Archival-Digitisation-Project\1971_Trimmed_PDF\Uttar_Pradesh\metadata\document.xlsx,4bf05d889c56070f43e73558469b6cab4e2a96f37cf6cc1e9a7aa54c7efd5abe,2026-08-30T20:20:47.246876+00:00
2,,Colonelganj,,O* (1),,...,,...,,...,,...,,...,,...,,2,,3,,8,,2,,...,,...,,...,,PL (1),,ORDINARY,,False,1,2,3,5,gonda_mededu_1971,Gonda,Uttar Pradesh,1971,format_002,gonda_mededu_001,gonda_mededu_1971.pdf,4ad67c907e1a57492e4cb39936a64dd88e8709b8ce311d8377dbfb993a4b8ce1,23,24,6,7,E:\Archival-Digitisation-Project\1971_Trimmed_PDF\Uttar_Pradesh\metadata\document.xlsx,4bf05d889c56070f43e73558469b6cab4e2a96f37cf6cc1e9a7aa54c7efd5abe,2026-08-30T20:20:47.246876+00:00
3,,Gonda,,H (7),,326,,A (1),,...,,...,,...,,Sh. Type (1) O (1),,3,,4,,29,,5,,...,,2,,...,,...,,ORDINARY,,False,2,0,4,6,gonda_mededu_1971,Gonda,Uttar Pradesh,1971,format_002,gonda_mededu_001,gonda_mededu_1971.pdf,4ad67c907e1a57492e4cb39936a64dd88e8709b8ce311d8377dbfb993a4b8ce1,23,24,6,7,E:\Archival-Digitisation-Project\1971_Trimmed_PDF\Uttar_Pradesh\metadata\document.xlsx,4bf05d889c56070f43e73558469b6cab4e2a96f37cf6cc1e9a7aa54c7efd5abe,2026-08-30T20:20:47.246876+00:00
3,,Gonda,,TBC (1),,3,,A (1),,...,,...,,...,,Sh. Type (1) O (1),,3,,4,,29,,5,,...,,2,,...,,...,,ORDINARY,,False,2,1,4,7,gonda_mededu_1971,Gonda,Uttar Pradesh,1971,format_002,gonda_mededu_001,gonda_mededu_1971.pdf,4ad67c907e1a57492e4cb39936a64dd88e8709b8ce311d8377dbfb993a4b8ce1,23,24,6,7,E:\Archival-Digitisation-Project\1971_Trimmed_PDF\Uttar_Pradesh\metadata\document.xlsx,4bf05d889c56070f43e73558469b6cab4e2a96f37cf6cc1e9a7aa54c7efd5abe,2026-08-30T20:20:47.246876+00:00
3,,Gonda,,FC (2),,...,,A (1),,...,,...,,...,,Sh. Type (1) O (1),,3,,4,,29,,5,,...,,2,,...,,...,,ORDINARY,,False,2,2,4,8,gonda_mededu_1971,Gonda,Uttar Pradesh,1971,format_002,gonda_mededu_001,gonda_mededu_1971.pdf,4ad67c907e1a57492e4cb39936a64dd88e8709b8ce311d8377dbfb993a4b8ce1,23,24,6,7,E:\Archival-Digitisation-Project\1971_Trimmed_PDF\Uttar_Pradesh\metadata\document.xlsx,4bf05d889c56070f43e73558469b6cab4e2a96f37cf6cc1e9a7aa54c7efd5abe,2026-08-30T20:20:47.246876+00:00
3,,Gonda,,O* (2),,...,,A (1),,...,,...,,...,,Sh. Type (1) O (1),,3,,4,,29,,5,,...,,2,,...,,...,,ORDINARY,,False,2,3,4,9,gonda_mededu_1971,Gonda,Uttar Pradesh,1971,format_002,gonda_mededu_001,gonda_mededu_1971.pdf,4ad67c907e1a57492e4cb39936a64dd88e8709b8ce311d8377dbfb993a4b8ce1,23,24,6,7,E:\Archival-Digitisation-Project\1971_Trimmed_PDF\Uttar_Pradesh\metadata\document.xlsx,4bf05d889c56070f43e73558469b6cab4e2a96f37cf6cc1e9a7aa54c7efd5abe,2026-08-30T20:20:47.246876+00:00
4,,Nawabganj,,H (1),,14,,...,,...,,...,,...,,...,,3,,...,,6,,3,,...,,...,,...,,...,,ORDINARY,,False,3,0,2,10,gonda_mededu_1971,Gonda,Uttar Pradesh,1971,format_002,gonda_mededu_001,gonda_mededu_1971.pdf,4ad67c907e1a57492e4cb39936a64dd88e8709b8ce311d8377dbfb993a4b8ce1,23,24,6,7,E:\Archival-Digitisation-Project\1971_Trimmed_PDF\Uttar_Pradesh\metadata\document.xlsx,4bf05d889c56070f43e73558469b6cab4e2a96f37cf6cc1e9a7aa54c7efd5abe,2026-08-30T20:20:47.246876+00:00
4,,Nawabganj,,O* (1),,...,,...,,...,,...,,...,,...,,3,,...,,6,,3,,...,,...,,...,,...,,ORDINARY,,False,3,1,2,11,gonda_mededu_1971,Gonda,Uttar Pradesh,1971,format_002,gonda_mededu_001,gonda_mededu_1971.pdf,4ad67c907e1a57492e4cb39936a64dd88e8709b8ce311d8377dbfb993a4b8ce1,23,24,6,7,E:\Archival-Digitisation-Project\1971_Trimmed_PDF\Uttar_Pradesh\metadata\document.xlsx,4bf05d889c56070f43e73558469b6cab4e2a96f37cf6cc1e9a7aa54c7efd5abe,2026-08-30T20:20:47.246876+00:00
5,,Tulsipur,,H (2),,15,,...,,...,,...,,...,,...,,2,,2,,3,,5,,...,,...,,...,,RR (1),,ORDINARY,,False,4,0,3,12,gonda_mededu_1971,Gonda,Uttar Pradesh,1971,format_002,gonda_mededu_001,gonda_mededu_1971.pdf,4ad67c907e1a57492e4cb39936a64dd88e8709b8ce311d8377dbfb993a4b8ce1,23,24,6,7,E:\Archival-Digitisation-Project\1971_Trimmed_PDF\Uttar_Pradesh\metadata\document.xlsx,4bf05d889c56070f43e73558469b6cab4e2a96f37cf6cc1e9a7aa54c7efd5abe,2026-08-30T20:20:47.246876+00:00
5,,Tulsipur,,FC (1),,...,,...,,...,,...,,...,,...,,2,,2,,3,,5,,...,,...,,...,,RR (1),,ORDINARY,,False,4,1,3,13,gonda_mededu_1971,Gonda,Uttar Pradesh,1971,format_002,gonda_mededu_001,gonda_mededu_1971.pdf,4ad67c907e1a57492e4cb39936a64dd88e8709b8ce311d8377dbfb993a4b8ce1,23,24,6,7,E:\Archival-Digitisation-Project\1971_Trimmed_PDF\Uttar_Pradesh\metadata\document.xlsx,4bf05d889c56070f43e73558469b6cab4e2a96f37cf6cc1e9a7aa54c7efd5abe,2026-08-30T20:20:47.246876+00:00
5,,Tulsipur,,O* (1),,...,,...,,...,,...,,...,,...,,2,,2,,3,,5,,...,,...,,...,,RR (1),,ORDINARY,,False,4,2,3,14,gonda_mededu_1971,Gonda,Uttar Pradesh,1971,format_002,gonda_mededu_001,gonda_mededu_1971.pdf,4ad67c907e1a57492e4cb39936a64dd88e8709b8ce311d8377dbfb993a4b8ce1,23,24,6,7,E:\Archival-Digitisation-Project\1971_Trimmed_PDF\Uttar_Pradesh\metadata\document.xlsx,4bf05d889c56070f43e73558469b6cab4e2a96f37cf6cc1e9a7aa54c7efd5abe,2026-08-30T20:20:47.246876+00:00
6,,Utraula,,H (1),,12,,...,,...,,...,,...,,...,,1,,3,,1,,5,,...,,...,,...,,...,,ORDINARY,,False,5,0,3,15,gonda_mededu_1971,Gonda,Uttar Pradesh,1971,format_002,gonda_mededu_001,gonda_mededu_1971.pdf,4ad67c907e1a57492e4cb39936a64dd88e8709b8ce311d8377dbfb993a4b8ce1,23,24,6,7,E:\Archival-Digitisation-Project\1971_Trimmed_PDF\Uttar_Pradesh\metadata\document.xlsx,4bf05d889c56070f43e73558469b6cab4e2a96f37cf6cc1e9a7aa54c7efd5abe,2026-08-30T20:20:47.246876+00:00
6,,Utraula,,FC (1),,...,,...,,...,,...,,...,,...,,1,,3,,1,,5,,...,,...,,...,,...,,ORDINARY,,False,5,1,3,16,gonda_mededu_1971,Gonda,Uttar Pradesh,1971,format_002,gonda_mededu_001,gonda_mededu_1971.pdf,4ad67c907e1a57492e4cb39936a64dd88e8709b8ce311d8377dbfb993a4b8ce1,23,24,6,7,E:\Archival-Digitisation-Project\1971_Trimmed_PDF\Uttar_Pradesh\metadata\document.xlsx,4bf05d889c56070f43e73558469b6cab4e2a96f37cf6cc1e9a7aa54c7efd5abe,2026-08-30T20:20:47.246876+00:00
6,,Utraula,,O* (2),,...,,...,,...,,...,,...,,...,,1,,3,,1,,5,,...,,...,,...,,...,,ORDINARY,,False,5,2,3,17,gonda_mededu_1971,Gonda,Uttar Pradesh,1971,format_002,gonda_mededu_001,gonda_mededu_1971.pdf,4ad67c907e1a57492e4cb39936a64dd88e8709b8ce311d8377dbfb993a4b8ce1,23,24,6,7,E:\Archival-Digitisation-Project\1971_Trimmed_PDF\Uttar_Pradesh\metadata\document.xlsx,4bf05d889c56070f43e73558469b6cab4e2a96f37cf6cc1e9a7aa54c7efd5abe,2026-08-30T20:20:47.246876+00:00
1,,Barhalganj,,H (1),,13,,AS (1),,...,,...,,...,,Sh. Type (1),,2,,2,,2,,2,,...,,...,,...,,...,,ORDINARY,,False,0,0,3,0,gorakhpur_mededu_1971,Gorakhpur,Uttar Pradesh,1971,format_002,gorakhpur_mededu_001,gorakhpur_mededu_1971.pdf,b8771cb6a81ada0253943d22848d684a0620bce41f2d83d5db9954645ef9d712,28,29,6,7,E:\Archival-Digitisation-Project\1971_Trimmed_PDF\Uttar_Pradesh\metadata\document.xlsx,4bf05d889c56070f43e73558469b6cab4e2a96f37cf6cc1e9a7aa54c7efd5abe,2026-08-30T20:22:55.501746+00:00
1,,Barhalganj,,HC (1),,...,,,,,,,,,,,,2,,2,,2,,2,,...,,...,,...,,...,,ORDINARY,,False,0,1,3,1,gorakhpur_mededu_1971,Gorakhpur,Uttar Pradesh,1971,format_002,gorakhpur_mededu_001,gorakhpur_mededu_1971.pdf,b8771cb6a81ada0253943d22848d684a0620bce41f2d83d5db9954645ef9d712,28,29,6,7,E:\Archival-Digitisation-Project\1971_Trimmed_PDF\Uttar_Pradesh\metadata\document.xlsx,4bf05d889c56070f43e73558469b6cab4e2a96f37cf6cc1e9a7aa54c7efd5abe,2026-08-30T20:22:55.501746+00:00
1,,Barhalganj,,FC (1),,...,,,,,,,,,,,,2,,2,,2,,2,,...,,...,,...,,...,,ORDINARY,,False,0,2,3,2,gorakhpur_mededu_1971,Gorakhpur,Uttar Pradesh,1971,format_002,gorakhpur_mededu_001,gorakhpur_mededu_1971.pdf,b8771cb6a81ada0253943d22848d684a0620bce41f2d83d5db9954645ef9d712,28,29,6,7,E:\Archival-Digitisation-Project\1971_Trimmed_PDF\Uttar_Pradesh\metadata\document.xlsx,4bf05d889c56070f43e73558469b6cab4e2a96f37cf6cc1e9a7aa54c7efd5abe,2026-08-30T20:22:55.501746+00:00
2,,Gorakhpur,,H (11),,"1,048",,AS (2) A (1) S (1),,...,,1,,2,,Sh. Type (3) O (9),,21,,20,,72,,38,,2,,10,,3,,PL (7),,ORDINARY,,False,1,0,5,3,gorakhpur_mededu_1971,Gorakhpur,Uttar Pradesh,1971,format_002,gorakhpur_mededu_001,gorakhpur_mededu_1971.pdf,b8771cb6a81ada0253943d22848d684a0620bce41f2d83d5db9954645ef9d712,28,29,6,7,E:\Archival-Digitisation-Project\1971_Trimmed_PDF\Uttar_Pradesh\metadata\document.xlsx,4bf05d889c56070f43e73558469b6cab4e2a96f37cf6cc1e9a7aa54c7efd5abe,2026-08-30T20:22:55.501746+00:00
2,,Gorakhpur,,TBC (1),,...,,AS (2) A (1) S (1),,...,,1,,2,,Sh. Type (3) O (9),,21,,20,,72,,38,,2,,10,,3,,PL (7),,ORDINARY,,False,1,1,5,4,gorakhpur_mededu_1971,Gorakhpur,Uttar Pradesh,1971,format_002,gorakhpur_mededu_001,gorakhpur_mededu_1971.pdf,b8771cb6a81ada0253943d22848d684a0620bce41f2d83d5db9954645ef9d712,28,29,6,7,E:\Archival-Digitisation-Project\1971_Trimmed_PDF\Uttar_Pradesh\metadata\document.xlsx,4bf05d889c56070f43e73558469b6cab4e2a96f37cf6cc1e9a7aa54c7efd5abe,2026-08-30T20:22:55.501746+00:00
2,,Gorakhpur,,D (13),,...,,AS (2) A (1) S (1),,...,,1,,2,,Sh. Type (3) O (9),,21,,20,,72,,38,,2,,10,,3,,PL (7),,ORDINARY,,False,1,2,5,5,gorakhpur_mededu_1971,Gorakhpur,Uttar Pradesh,1971,format_002,gorakhpur_mededu_001,gorakhpur_mededu_1971.pdf,b8771cb6a81ada0253943d22848d684a0620bce41f2d83d5db9954645ef9d712,28,29,6,7,E:\Archival-Digitisation-Project\1971_Trimmed_PDF\Uttar_Pradesh\metadata\document.xlsx,4bf05d889c56070f43e73558469b6cab4e2a96f37cf6cc1e9a7aa54c7efd5abe,2026-08-30T20:22:55.501746+00:00
2,,Gorakhpur,,*O (3),,...,,AS (2) A (1) S (1),,...,,1,,2,,Sh. Type (3) O (9),,21,,20,,72,,38,,2,,10,,3,,PL (7),,ORDINARY,,False,1,3,5,6,gorakhpur_mededu_1971,Gorakhpur,Uttar Pradesh,1971,format_002,gorakhpur_mededu_001,gorakhpur_mededu_1971.pdf,b8771cb6a81ada0253943d22848d684a0620bce41f2d83d5db9954645ef9d712,28,29,6,7,E:\Archival-Digitisation-Project\1971_Trimmed_PDF\Uttar_Pradesh\metadata\document.xlsx,4bf05d889c56070f43e73558469b6cab4e2a96f37cf6cc1e9a7aa54c7efd5abe,2026-08-30T20:22:55.501746+00:00
2,,Gorakhpur,,FC (6),,...,,AS (2) A (1) S (1),,...,,1,,2,,Sh. Type (3) O (9),,21,,20,,72,,38,,2,,10,,3,,PL (7),,ORDINARY,,False,1,4,5,7,gorakhpur_mededu_1971,Gorakhpur,Uttar Pradesh,1971,format_002,gorakhpur_mededu_001,gorakhpur_mededu_1971.pdf,b8771cb6a81ada0253943d22848d684a0620bce41f2d83d5db9954645ef9d712,28,29,6,7,E:\Archival-Digitisation-Project\1971_Trimmed_PDF\Uttar_Pradesh\metadata\document.xlsx,4bf05d889c56070f43e73558469b6cab4e2a96f37cf6cc1e9a7aa54c7efd5abe,2026-08-30T20:22:55.501746+00:00
1,,Charkhari,,H (2),,30,,...,,...,,...,,...,,...,,1,,4,,12,,2,,...,,...,,1,,RR (1),,ORDINARY,,False,0,0,2,0,hamirpur_mededu_1971,Hamirpur,Uttar Pradesh,1971,format_002,hamirpur_mededu_001,hamirpur_mededu_1971.pdf,ea7f25854089055025871d159b02c36927a0155f48090ba4ebc5477c2eadc55a,26,27,6,7,E:\Archival-Digitisation-Project\1971_Trimmed_PDF\Uttar_Pradesh\metadata\document.xlsx,4bf05d889c56070f43e73558469b6cab4e2a96f37cf6cc1e9a7aa54c7efd5abe,2026-08-30T20:25:05.573346+00:00
1,,Charkhari,,FC (1),,...,,...,,...,,...,,...,,...,,1,,4,,12,,2,,...,,...,,1,,RR (1),,ORDINARY,,False,0,1,2,1,hamirpur_mededu_1971,Hamirpur,Uttar Pradesh,1971,format_002,hamirpur_mededu_001,hamirpur_mededu_1971.pdf,ea7f25854089055025871d159b02c36927a0155f48090ba4ebc5477c2eadc55a,26,27,6,7,E:\Archival-Digitisation-Project\1971_Trimmed_PDF\Uttar_Pradesh\metadata\document.xlsx,4bf05d889c56070f43e73558469b6cab4e2a96f37cf6cc1e9a7aa54c7efd5abe,2026-08-30T20:25:05.573346+00:00
2,,Hamirpur,,H (4),,78,,...,,...,,...,,...,,...,,4,,2,,10,,2,,...,,...,,...,,PL (1),,ORDINARY,,False,1,0,3,2,hamirpur_mededu_1971,Hamirpur,Uttar Pradesh,1971,format_002,hamirpur_mededu_001,hamirpur_mededu_1971.pdf,ea7f25854089055025871d159b02c36927a0155f48090ba4ebc5477c2eadc55a,26,27,6,7,E:\Archival-Digitisation-Project\1971_Trimmed_PDF\Uttar_Pradesh\metadata\document.xlsx,4bf05d889c56070f43e73558469b6cab4e2a96f37cf6cc1e9a7aa54c7efd5abe,2026-08-30T20:25:05.573346+00:00
2,,Hamirpur,,TBC (1),,5,,...,,...,,...,,...,,...,,4,,2,,10,,2,,...,,...,,...,,PL (1),,ORDINARY,,False,1,1,3,3,hamirpur_mededu_1971,Hamirpur,Uttar Pradesh,1971,format_002,hamirpur_mededu_001,hamirpur_mededu_1971.pdf,ea7f25854089055025871d159b02c36927a0155f48090ba4ebc5477c2eadc55a,26,27,6,7,E:\Archival-Digitisation-Project\1971_Trimmed_PDF\Uttar_Pradesh\metadata\document.xlsx,4bf05d889c56070f43e73558469b6cab4e2a96f37cf6cc1e9a7aa54c7efd5abe,2026-08-30T20:25:05.573346+00:00
2,,Hamirpur,,FC (1),,...,,...,,...,,...,,...,,...,,4,,2,,10,,2,,...,,...,,...,,PL (1),,ORDINARY,,False,1,2,3,4,hamirpur_mededu_1971,Hamirpur,Uttar Pradesh,1971,format_002,hamirpur_mededu_001,hamirpur_mededu_1971.pdf,ea7f25854089055025871d159b02c36927a0155f48090ba4ebc5477c2eadc55a,26,27,6,7,E:\Archival-Digitisation-Project\1971_Trimmed_PDF\Uttar_Pradesh\metadata\document.xlsx,4bf05d889c56070f43e73558469b6cab4e2a96f37cf6cc1e9a7aa54c7efd5abe,2026-08-30T20:25:05.573346+00:00
3,,Mahoba,,H (3),,24,,...,,...,,...,,...,,...,,2,,5,,12,,5,,...,,1,,1,,...,,ORDINARY,,False,2,0,2,5,hamirpur_mededu_1971,Hamirpur,Uttar Pradesh,1971,format_002,hamirpur_mededu_001,hamirpur_mededu_1971.pdf,ea7f25854089055025871d159b02c36927a0155f48090ba4ebc5477c2eadc55a,26,27,6,7,E:\Archival-Digitisation-Project\1971_Trimmed_PDF\Uttar_Pradesh\metadata\document.xlsx,4bf05d889c56070f43e73558469b6cab4e2a96f37cf6cc1e9a7aa54c7efd5abe,2026-08-30T20:25:05.573346+00:00
3,,Mahoba,,D (1),,...,,...,,...,,...,,...,,...,,2,,5,,12,,5,,...,,1,,1,,...,,ORDINARY,,False,2,1,2,6,hamirpur_mededu_1971,Hamirpur,Uttar Pradesh,1971,format_002,hamirpur_mededu_001,hamirpur_mededu_1971.pdf,ea7f25854089055025871d159b02c36927a0155f48090ba4ebc5477c2eadc55a,26,27,6,7,E:\Archival-Digitisation-Project\1971_Trimmed_PDF\Uttar_Pradesh\metadata\document.xlsx,4bf05d889c56070f43e73558469b6cab4e2a96f37cf6cc1e9a7aa54c7efd5abe,2026-08-30T20:25:05.573346+00:00
4,,Maudaha,,FC (1),,...,,...,,...,,...,,...,,...,,2,,...,,5,,1,,...,,...,,...,,...,,ORDINARY,,False,3,0,3,7,hamirpur_mededu_1971,Hamirpur,Uttar Pradesh,1971,format_002,hamirpur_mededu_001,hamirpur_mededu_1971.pdf,ea7f25854089055025871d159b02c36927a0155f48090ba4ebc5477c2eadc55a,26,27,6,7,E:\Archival-Digitisation-Project\1971_Trimmed_PDF\Uttar_Pradesh\metadata\document.xlsx,4bf05d889c56070f43e73558469b6cab4e2a96f37cf6cc1e9a7aa54c7efd5abe,2026-08-30T20:25:05.573346+00:00
4,,Maudaha,,H (2),,6,,...,,...,,...,,...,,...,,2,,...,,5,,1,,...,,...,,...,,...,,ORDINARY,,False,3,1,3,8,hamirpur_mededu_1971,Hamirpur,Uttar Pradesh,1971,format_002,hamirpur_mededu_001,hamirpur_mededu_1971.pdf,ea7f25854089055025871d159b02c36927a0155f48090ba4ebc5477c2eadc55a,26,27,6,7,E:\Archival-Digitisation-Project\1971_Trimmed_PDF\Uttar_Pradesh\metadata\document.xlsx,4bf05d889c56070f43e73558469b6cab4e2a96f37cf6cc1e9a7aa54c7efd5abe,2026-08-30T20:25:05.573346+00:00
4,,Maudaha,,FC (1),,...,,...,,...,,...,,...,,...,,2,,...,,5,,1,,...,,...,,...,,...,,ORDINARY,,False,3,2,3,9,hamirpur_mededu_1971,Hamirpur,Uttar Pradesh,1971,format_002,hamirpur_mededu_001,hamirpur_mededu_1971.pdf,ea7f25854089055025871d159b02c36927a0155f48090ba4ebc5477c2eadc55a,26,27,6,7,E:\Archival-Digitisation-Project\1971_Trimmed_PDF\Uttar_Pradesh\metadata\document.xlsx,4bf05d889c56070f43e73558469b6cab4e2a96f37cf6cc1e9a7aa54c7efd5abe,2026-08-30T20:25:05.573346+00:00
5,,Rath,,H (3),,18,,Ag (1),,...,,...,,...,,...,,3,,3,,13,,3,,...,,...,,...,,...,,ORDINARY,,False,4,0,3,10,hamirpur_mededu_1971,Hamirpur,Uttar Pradesh,1971,format_002,hamirpur_mededu_001,hamirpur_mededu_1971.pdf,ea7f25854089055025871d159b02c36927a0155f48090ba4ebc5477c2eadc55a,26,27,6,7,E:\Archival-Digitisation-Project\1971_Trimmed_PDF\Uttar_Pradesh\metadata\document.xlsx,4bf05d889c56070f43e73558469b6cab4e2a96f37cf6cc1e9a7aa54c7efd5abe,2026-08-30T20:25:05.573346+00:00
5,,Rath,,D (2),,...,,Ag (1),,...,,...,,...,,...,,3,,3,,13,,3,,...,,...,,...,,...,,ORDINARY,,False,4,1,3,11,hamirpur_mededu_1971,Hamirpur,Uttar Pradesh,1971,format_002,hamirpur_mededu_001,hamirpur_mededu_1971.pdf,ea7f25854089055025871d159b02c36927a0155f48090ba4ebc5477c2eadc55a,26,27,6,7,E:\Archival-Digitisation-Project\1971_Trimmed_PDF\Uttar_Pradesh\metadata\document.xlsx,4bf05d889c56070f43e73558469b6cab4e2a96f37cf6cc1e9a7aa54c7efd5abe,2026-08-30T20:25:05.573346+00:00
5,,Rath,,FC (1),,...,,Ag (1),,...,,...,,...,,...,,3,,3,,13,,3,,...,,...,,...,,...,,ORDINARY,,False,4,2,3,12,hamirpur_mededu_1971,Hamirpur,Uttar Pradesh,1971,format_002,hamirpur_mededu_001,hamirpur_mededu_1971.pdf,ea7f25854089055025871d159b02c36927a0155f48090ba4ebc5477c2eadc55a,26,27,6,7,E:\Archival-Digitisation-Project\1971_Trimmed_PDF\Uttar_Pradesh\metadata\document.xlsx,4bf05d889c56070f43e73558469b6cab4e2a96f37cf6cc1e9a7aa54c7efd5abe,2026-08-30T20:25:05.573346+00:00
1,,Bilgram,,H (2),,20,,...,,...,,...,,...,,...,,1,,3,,6,,2,,...,,...,,...,,PL (1) RR (1),,ORDINARY,,False,0,0,3,0,hardoi_mededu_1971,Hardoi,Uttar Pradesh,1971,format_002,hardoi_mededu_001,hardoi_mededu_1971.pdf,ef2459749d4221e2025be23026c87b762f1e1073e8ad276fc9243d515330e77b,32,33,8,9,E:\Archival-Digitisation-Project\1971_Trimmed_PDF\Uttar_Pradesh\metadata\document.xlsx,4bf05d889c56070f43e73558469b6cab4e2a96f37cf6cc1e9a7aa54c7efd5abe,2026-08-30T20:29:11.506714+00:00
1,,Bilgram,,D (2),,6,,...,,...,,...,,...,,...,,1,,3,,6,,2,,...,,...,,...,,PL (1) RR (1),,ORDINARY,,False,0,1,3,1,hardoi_mededu_1971,Hardoi,Uttar Pradesh,1971,format_002,hardoi_mededu_001,hardoi_mededu_1971.pdf,ef2459749d4221e2025be23026c87b762f1e1073e8ad276fc9243d515330e77b,32,33,8,9,E:\Archival-Digitisation-Project\1971_Trimmed_PDF\Uttar_Pradesh\metadata\document.xlsx,4bf05d889c56070f43e73558469b6cab4e2a96f37cf6cc1e9a7aa54c7efd5abe,2026-08-30T20:29:11.506714+00:00
1,,Bilgram,,FC (1),,...,,...,,...,,...,,...,,...,,1,,3,,6,,2,,...,,...,,...,,PL (1) RR (1),,ORDINARY,,False,0,2,3,2,hardoi_mededu_1971,Hardoi,Uttar Pradesh,1971,format_002,hardoi_mededu_001,hardoi_mededu_1971.pdf,ef2459749d4221e2025be23026c87b762f1e1073e8ad276fc9243d515330e77b,32,33,8,9,E:\Archival-Digitisation-Project\1971_Trimmed_PDF\Uttar_Pradesh\metadata\document.xlsx,4bf05d889c56070f43e73558469b6cab4e2a96f37cf6cc1e9a7aa54c7efd5abe,2026-08-30T20:29:11.506714+00:00
2,,Hardoi,,H (5),,170,,A (1),,...,,...,,...,,O (1),,7,,3,,19,,5,,...,,1,,...,,PL (4) RR (4),,ORDINARY,,False,1,0,5,3,hardoi_mededu_1971,Hardoi,Uttar Pradesh,1971,format_002,hardoi_mededu_001,hardoi_mededu_1971.pdf,ef2459749d4221e2025be23026c87b762f1e1073e8ad276fc9243d515330e77b,32,33,8,9,E:\Archival-Digitisation-Project\1971_Trimmed_PDF\Uttar_Pradesh\metadata\document.xlsx,4bf05d889c56070f43e73558469b6cab4e2a96f37cf6cc1e9a7aa54c7efd5abe,2026-08-30T20:29:11.506714+00:00
2,,Hardoi,,TBC (1),,...,,A (1),,...,,...,,...,,O (1),,7,,3,,19,,5,,...,,1,,...,,PL (4) RR (4),,ORDINARY,,False,1,1,5,4,hardoi_mededu_1971,Hardoi,Uttar Pradesh,1971,format_002,hardoi_mededu_001,hardoi_mededu_1971.pdf,ef2459749d4221e2025be23026c87b762f1e1073e8ad276fc9243d515330e77b,32,33,8,9,E:\Archival-Digitisation-Project\1971_Trimmed_PDF\Uttar_Pradesh\metadata\document.xlsx,4bf05d889c56070f43e73558469b6cab4e2a96f37cf6cc1e9a7aa54c7efd5abe,2026-08-30T20:29:11.506714+00:00
2,,Hardoi,,D (1),,5,,A (1),,...,,...,,...,,O (1),,7,,3,,19,,5,,...,,1,,...,,PL (4) RR (4),,ORDINARY,,False,1,2,5,5,hardoi_mededu_1971,Hardoi,Uttar Pradesh,1971,format_002,hardoi_mededu_001,hardoi_mededu_1971.pdf,ef2459749d4221e2025be23026c87b762f1e1073e8ad276fc9243d515330e77b,32,33,8,9,E:\Archival-Digitisation-Project\1971_Trimmed_PDF\Uttar_Pradesh\metadata\document.xlsx,4bf05d889c56070f43e73558469b6cab4e2a96f37cf6cc1e9a7aa54c7efd5abe,2026-08-30T20:29:11.506714+00:00
2,,Hardoi,,MCW (1),,2,,A (1),,...,,...,,...,,O (1),,7,,3,,19,,5,,...,,1,,...,,PL (4) RR (4),,ORDINARY,,False,1,3,5,6,hardoi_mededu_1971,Hardoi,Uttar Pradesh,1971,format_002,hardoi_mededu_001,hardoi_mededu_1971.pdf,ef2459749d4221e2025be23026c87b762f1e1073e8ad276fc9243d515330e77b,32,33,8,9,E:\Archival-Digitisation-Project\1971_Trimmed_PDF\Uttar_Pradesh\metadata\document.xlsx,4bf05d889c56070f43e73558469b6cab4e2a96f37cf6cc1e9a7aa54c7efd5abe,2026-08-30T20:29:11.506714+00:00
2,,Hardoi,,FC (1),,...,,A (1),,...,,...,,...,,O (1),,7,,3,,19,,5,,...,,1,,...,,PL (4) RR (4),,ORDINARY,,False,1,4,5,7,hardoi_mededu_1971,Hardoi,Uttar Pradesh,1971,format_002,hardoi_mededu_001,hardoi_mededu_1971.pdf,ef2459749d4221e2025be23026c87b762f1e1073e8ad276fc9243d515330e77b,32,33,8,9,E:\Archival-Digitisation-Project\1971_Trimmed_PDF\Uttar_Pradesh\metadata\document.xlsx,4bf05d889c56070f43e73558469b6cab4e2a96f37cf6cc1e9a7aa54c7efd5abe,2026-08-30T20:29:11.506714+00:00
3,,Madhoganj,,D (1),,4,,...,,...,,...,,...,,...,,1,,2,,2,,1,,...,,...,,...,,...,,ORDINARY,,False,2,0,3,8,hardoi_mededu_1971,Hardoi,Uttar Pradesh,1971,format_002,hardoi_mededu_001,hardoi_mededu_1971.pdf,ef2459749d4221e2025be23026c87b762f1e1073e8ad276fc9243d515330e77b,32,33,8,9,E:\Archival-Digitisation-Project\1971_Trimmed_PDF\Uttar_Pradesh\metadata\document.xlsx,4bf05d889c56070f43e73558469b6cab4e2a96f37cf6cc1e9a7aa54c7efd5abe,2026-08-30T20:29:11.506714+00:00
3,,Madhoganj,,H (2),,6,,...,,...,,...,,...,,...,,1,,2,,2,,1,,...,,...,,...,,...,,ORDINARY,,False,2,1,3,9,hardoi_mededu_1971,Hardoi,Uttar Pradesh,1971,format_002,hardoi_mededu_001,hardoi_mededu_1971.pdf,ef2459749d4221e2025be23026c87b762f1e1073e8ad276fc9243d515330e77b,32,33,8,9,E:\Archival-Digitisation-Project\1971_Trimmed_PDF\Uttar_Pradesh\metadata\document.xlsx,4bf05d889c56070f43e73558469b6cab4e2a96f37cf6cc1e9a7aa54c7efd5abe,2026-08-30T20:29:11.506714+00:00
3,,Madhoganj,,FC (1),,...,,...,,...,,...,,...,,...,,1,,2,,2,,1,,...,,...,,...,,...,,ORDINARY,,False,2,2,3,10,hardoi_mededu_1971,Hardoi,Uttar Pradesh,1971,format_002,hardoi_mededu_001,hardoi_mededu_1971.pdf,ef2459749d4221e2025be23026c87b762f1e1073e8ad276fc9243d515330e77b,32,33,8,9,E:\Archival-Digitisation-Project\1971_Trimmed_PDF\Uttar_Pradesh\metadata\document.xlsx,4bf05d889c56070f43e73558469b6cab4e2a96f37cf6cc1e9a7aa54c7efd5abe,2026-08-30T20:29:11.506714+00:00
4,,Pihani,,H (2),,40,,...,,...,,...,,...,,...,,1,,3,,7,,3,,...,,...,,...,,...,,ORDINARY,,False,3,0,2,11,hardoi_mededu_1971,Hardoi,Uttar Pradesh,1971,format_002,hardoi_mededu_001,hardoi_mededu_1971.pdf,ef2459749d4221e2025be23026c87b762f1e1073e8ad276fc9243d515330e77b,32,33,8,9,E:\Archival-Digitisation-Project\1971_Trimmed_PDF\Uttar_Pradesh\metadata\document.xlsx,4bf05d889c56070f43e73558469b6cab4e2a96f37cf6cc1e9a7aa54c7efd5abe,2026-08-30T20:29:11.506714+00:00
4,,Pihani,,FC (1),,...,,...,,...,,...,,...,,...,,1,,3,,7,,3,,...,,...,,...,,...,,ORDINARY,,False,3,1,2,12,hardoi_mededu_1971,Hardoi,Uttar Pradesh,1971,format_002,hardoi_mededu_001,hardoi_mededu_1971.pdf,ef2459749d4221e2025be23026c87b762f1e1073e8ad276fc9243d515330e77b,32,33,8,9,E:\Archival-Digitisation-Project\1971_Trimmed_PDF\Uttar_Pradesh\metadata\document.xlsx,4bf05d889c56070f43e73558469b6cab4e2a96f37cf6cc1e9a7aa54c7efd5abe,2026-08-30T20:29:11.506714+00:00
5,,Sandi,,D (1),,6,,...,,...,,...,,...,,...,,1,,4,,6,,...,,...,,...,,...,,PL (1) RR (1),,ORDINARY,,False,4,0,2,13,hardoi_mededu_1971,Hardoi,Uttar Pradesh,1971,format_002,hardoi_mededu_001,hardoi_mededu_1971.pdf,ef2459749d4221e2025be23026c87b762f1e1073e8ad276fc9243d515330e77b,32,33,8,9,E:\Archival-Digitisation-Project\1971_Trimmed_PDF\Uttar_Pradesh\metadata\document.xlsx,4bf05d889c56070f43e73558469b6cab4e2a96f37cf6cc1e9a7aa54c7efd5abe,2026-08-30T20:29:11.506714+00:00
5,,Sandi,,FC (1),,...,,...,,...,,...,,...,,...,,1,,4,,6,,...,,...,,...,,...,,PL (1) RR (1),,ORDINARY,,False,4,1,2,14,hardoi_mededu_1971,Hardoi,Uttar Pradesh,1971,format_002,hardoi_mededu_001,hardoi_mededu_1971.pdf,ef2459749d4221e2025be23026c87b762f1e1073e8ad276fc9243d515330e77b,32,33,8,9,E:\Archival-Digitisation-Project\1971_Trimmed_PDF\Uttar_Pradesh\metadata\document.xlsx,4bf05d889c56070f43e73558469b6cab4e2a96f37cf6cc1e9a7aa54c7efd5abe,2026-08-30T20:29:11.506714+00:00
6,,Sandila,,H (3),,20,,...,,...,,...,,...,,...,,3,,2,,12,,4,,...,,1,,...,,PL (2) RR (2),,ORDINARY,,False,5,0,2,15,hardoi_mededu_1971,Hardoi,Uttar Pradesh,1971,format_002,hardoi_mededu_001,hardoi_mededu_1971.pdf,ef2459749d4221e2025be23026c87b762f1e1073e8ad276fc9243d515330e77b,32,33,8,9,E:\Archival-Digitisation-Project\1971_Trimmed_PDF\Uttar_Pradesh\metadata\document.xlsx,4bf05d889c56070f43e73558469b6cab4e2a96f37cf6cc1e9a7aa54c7efd5abe,2026-08-30T20:29:11.506714+00:00
6,,Sandila,,FC (1),,...,,...,,...,,...,,...,,...,,3,,2,,12,,4,,...,,1,,...,,PL (2) RR (2),,ORDINARY,,False,5,1,2,16,hardoi_mededu_1971,Hardoi,Uttar Pradesh,1971,format_002,hardoi_mededu_001,hardoi_mededu_1971.pdf,ef2459749d4221e2025be23026c87b762f1e1073e8ad276fc9243d515330e77b,32,33,8,9,E:\Archival-Digitisation-Project\1971_Trimmed_PDF\Uttar_Pradesh\metadata\document.xlsx,4bf05d889c56070f43e73558469b6cab4e2a96f37cf6cc1e9a7aa54c7efd5abe,2026-08-30T20:29:11.506714+00:00
7,,Shahabad,,H (2),,16,,...,,...,,...,,...,,...,,2,,3,,15,,3,,...,,...,,...,,PL (2) RR (2),,ORDINARY,,False,6,0,3,17,hardoi_mededu_1971,Hardoi,Uttar Pradesh,1971,format_002,hardoi_mededu_001,hardoi_mededu_1971.pdf,ef2459749d4221e2025be23026c87b762f1e1073e8ad276fc9243d515330e77b,32,33,8,9,E:\Archival-Digitisation-Project\1971_Trimmed_PDF\Uttar_Pradesh\metadata\document.xlsx,4bf05d889c56070f43e73558469b6cab4e2a96f37cf6cc1e9a7aa54c7efd5abe,2026-08-30T20:29:11.506714+00:00
7,,Shahabad,,HC (1),,...,,...,,...,,...,,...,,...,,2,,3,,15,,3,,...,,...,,...,,PL (2) RR (2),,ORDINARY,,False,6,1,3,18,hardoi_mededu_1971,Hardoi,Uttar Pradesh,1971,format_002,hardoi_mededu_001,hardoi_mededu_1971.pdf,ef2459749d4221e2025be23026c87b762f1e1073e8ad276fc9243d515330e77b,32,33,8,9,E:\Archival-Digitisation-Project\1971_Trimmed_PDF\Uttar_Pradesh\metadata\document.xlsx,4bf05d889c56070f43e73558469b6cab4e2a96f37cf6cc1e9a7aa54c7efd5abe,2026-08-30T20:29:11.506714+00:00
7,,Shahabad,,FC (1),,...,,...,,...,,...,,...,,...,,2,,3,,15,,3,,...,,...,,...,,PL (2) RR (2),,ORDINARY,,False,6,2,3,19,hardoi_mededu_1971,Hardoi,Uttar Pradesh,1971,format_002,hardoi_mededu_001,hardoi_mededu_1971.pdf,ef2459749d4221e2025be23026c87b762f1e1073e8ad276fc9243d515330e77b,32,33,8,9,E:\Archival-Digitisation-Project\1971_Trimmed_PDF\Uttar_Pradesh\metadata\document.xlsx,4bf05d889c56070f43e73558469b6cab4e2a96f37cf6cc1e9a7aa54c7efd5abe,2026-08-30T20:29:11.506714+00:00
1,,Jalaun,,H (2),,30,,...,,...,,...,,...,,...,,2,,4,,13,,...,,...,,...,,...,,...,,ORDINARY,,False,0,0,3,0,jalaun_mededu_1971,Jalaun,Uttar Pradesh,1971,format_002,jalaun_mededu_001,jalaun_mededu_1971.pdf,6e5015df9f62994895bf6f313292f48f667c28de74a37e6f752548a28c90c3e9,27,28,8,9,E:\Archival-Digitisation-Project\1971_Trimmed_PDF\Uttar_Pradesh\metadata\document.xlsx,4bf05d889c56070f43e73558469b6cab4e2a96f37cf6cc1e9a7aa54c7efd5abe,2026-08-30T20:33:08.091712+00:00
1,,Jalaun,,FC (1),,...,,...,,...,,...,,...,,...,,2,,4,,13,,...,,...,,...,,...,,...,,ORDINARY,,False,0,1,3,1,jalaun_mededu_1971,Jalaun,Uttar Pradesh,1971,format_002,jalaun_mededu_001,jalaun_mededu_1971.pdf,6e5015df9f62994895bf6f313292f48f667c28de74a37e6f752548a28c90c3e9,27,28,8,9,E:\Archival-Digitisation-Project\1971_Trimmed_PDF\Uttar_Pradesh\metadata\document.xlsx,4bf05d889c56070f43e73558469b6cab4e2a96f37cf6cc1e9a7aa54c7efd5abe,2026-08-30T20:33:08.091712+00:00
1,,Jalaun,,*O (1),,4,,...,,...,,...,,...,,...,,2,,4,,13,,...,,...,,...,,...,,...,,ORDINARY,,False,0,2,3,2,jalaun_mededu_1971,Jalaun,Uttar Pradesh,1971,format_002,jalaun_mededu_001,jalaun_mededu_1971.pdf,6e5015df9f62994895bf6f313292f48f667c28de74a37e6f752548a28c90c3e9,27,28,8,9,E:\Archival-Digitisation-Project\1971_Trimmed_PDF\Uttar_Pradesh\metadata\document.xlsx,4bf05d889c56070f43e73558469b6cab4e2a96f37cf6cc1e9a7aa54c7efd5abe,2026-08-30T20:33:08.091712+00:00
2,,Kalpi,,H (2),,20,,...,,...,,...,,...,,...,,4,,2,,13,,...,,...,,1,,...,,PL (2),,ORDINARY,,False,1,0,3,3,jalaun_mededu_1971,Jalaun,Uttar Pradesh,1971,format_002,jalaun_mededu_001,jalaun_mededu_1971.pdf,6e5015df9f62994895bf6f313292f48f667c28de74a37e6f752548a28c90c3e9,27,28,8,9,E:\Archival-Digitisation-Project\1971_Trimmed_PDF\Uttar_Pradesh\metadata\document.xlsx,4bf05d889c56070f43e73558469b6cab4e2a96f37cf6cc1e9a7aa54c7efd5abe,2026-08-30T20:33:08.091712+00:00
2,,Kalpi,,HC (1),,...,,...,,...,,...,,...,,...,,4,,2,,13,,...,,...,,1,,...,,PL (2),,ORDINARY,,False,1,1,3,4,jalaun_mededu_1971,Jalaun,Uttar Pradesh,1971,format_002,jalaun_mededu_001,jalaun_mededu_1971.pdf,6e5015df9f62994895bf6f313292f48f667c28de74a37e6f752548a28c90c3e9,27,28,8,9,E:\Archival-Digitisation-Project\1971_Trimmed_PDF\Uttar_Pradesh\metadata\document.xlsx,4bf05d889c56070f43e73558469b6cab4e2a96f37cf6cc1e9a7aa54c7efd5abe,2026-08-30T20:33:08.091712+00:00
2,,Kalpi,,FC (1),,...,,...,,...,,...,,...,,...,,4,,2,,13,,...,,...,,1,,...,,PL (2),,ORDINARY,,False,1,2,3,5,jalaun_mededu_1971,Jalaun,Uttar Pradesh,1971,format_002,jalaun_mededu_001,jalaun_mededu_1971.pdf,6e5015df9f62994895bf6f313292f48f667c28de74a37e6f752548a28c90c3e9,27,28,8,9,E:\Archival-Digitisation-Project\1971_Trimmed_PDF\Uttar_Pradesh\metadata\document.xlsx,4bf05d889c56070f43e73558469b6cab4e2a96f37cf6cc1e9a7aa54c7efd5abe,2026-08-30T20:33:08.091712+00:00
3,,Konch,,H (2),,28,,...,,...,,...,,...,,...,,4,,3,,21,,...,,...,,...,,...,,PL (3),,ORDINARY,,False,2,0,3,6,jalaun_mededu_1971,Jalaun,Uttar Pradesh,1971,format_002,jalaun_mededu_001,jalaun_mededu_1971.pdf,6e5015df9f62994895bf6f313292f48f667c28de74a37e6f752548a28c90c3e9,27,28,8,9,E:\Archival-Digitisation-Project\1971_Trimmed_PDF\Uttar_Pradesh\metadata\document.xlsx,4bf05d889c56070f43e73558469b6cab4e2a96f37cf6cc1e9a7aa54c7efd5abe,2026-08-30T20:33:08.091712+00:00
3,,Konch,,D (2),,...,,...,,...,,...,,...,,...,,4,,3,,21,,...,,...,,...,,...,,PL (3),,ORDINARY,,False,2,1,3,7,jalaun_mededu_1971,Jalaun,Uttar Pradesh,1971,format_002,jalaun_mededu_001,jalaun_mededu_1971.pdf,6e5015df9f62994895bf6f313292f48f667c28de74a37e6f752548a28c90c3e9,27,28,8,9,E:\Archival-Digitisation-Project\1971_Trimmed_PDF\Uttar_Pradesh\metadata\document.xlsx,4bf05d889c56070f43e73558469b6cab4e2a96f37cf6cc1e9a7aa54c7efd5abe,2026-08-30T20:33:08.091712+00:00
3,,Konch,,FC (1),,...,,...,,...,,...,,...,,...,,4,,3,,21,,...,,...,,...,,...,,PL (3),,ORDINARY,,False,2,2,3,8,jalaun_mededu_1971,Jalaun,Uttar Pradesh,1971,format_002,jalaun_mededu_001,jalaun_mededu_1971.pdf,6e5015df9f62994895bf6f313292f48f667c28de74a37e6f752548a28c90c3e9,27,28,8,9,E:\Archival-Digitisation-Project\1971_Trimmed_PDF\Uttar_Pradesh\metadata\document.xlsx,4bf05d889c56070f43e73558469b6cab4e2a96f37cf6cc1e9a7aa54c7efd5abe,2026-08-30T20:33:08.091712+00:00
4,,Orai,,H (4),,101,,A (1) AS (1),,...,,...,,...,,Sh. Type (2),,7,,3,,23,,1,,1,,2,,...,,PL (1),,ORDINARY,,False,3,0,4,9,jalaun_mededu_1971,Jalaun,Uttar Pradesh,1971,format_002,jalaun_mededu_001,jalaun_mededu_1971.pdf,6e5015df9f62994895bf6f313292f48f667c28de74a37e6f752548a28c90c3e9,27,28,8,9,E:\Archival-Digitisation-Project\1971_Trimmed_PDF\Uttar_Pradesh\metadata\document.xlsx,4bf05d889c56070f43e73558469b6cab4e2a96f37cf6cc1e9a7aa54c7efd5abe,2026-08-30T20:33:08.091712+00:00
4,,Orai,,D (1),,19,,A (1) AS (1),,...,,...,,...,,Sh. Type (2),,7,,3,,23,,1,,1,,2,,...,,PL (1),,ORDINARY,,False,3,1,4,10,jalaun_mededu_1971,Jalaun,Uttar Pradesh,1971,format_002,jalaun_mededu_001,jalaun_mededu_1971.pdf,6e5015df9f62994895bf6f313292f48f667c28de74a37e6f752548a28c90c3e9,27,28,8,9,E:\Archival-Digitisation-Project\1971_Trimmed_PDF\Uttar_Pradesh\metadata\document.xlsx,4bf05d889c56070f43e73558469b6cab4e2a96f37cf6cc1e9a7aa54c7efd5abe,2026-08-30T20:33:08.091712+00:00
4,,Orai,,FC (1),,...,,A (1) AS (1),,...,,...,,...,,Sh. Type (2),,7,,3,,23,,1,,1,,2,,...,,PL (1),,ORDINARY,,False,3,2,4,11,jalaun_mededu_1971,Jalaun,Uttar Pradesh,1971,format_002,jalaun_mededu_001,jalaun_mededu_1971.pdf,6e5015df9f62994895bf6f313292f48f667c28de74a37e6f752548a28c90c3e9,27,28,8,9,E:\Archival-Digitisation-Project\1971_Trimmed_PDF\Uttar_Pradesh\metadata\document.xlsx,4bf05d889c56070f43e73558469b6cab4e2a96f37cf6cc1e9a7aa54c7efd5abe,2026-08-30T20:33:08.091712+00:00
4,,Orai,,TBC (1),,4,,A (1) AS (1),,...,,...,,...,,Sh. Type (2),,7,,3,,23,,1,,1,,2,,...,,PL (1),,ORDINARY,,False,3,3,4,12,jalaun_mededu_1971,Jalaun,Uttar Pradesh,1971,format_002,jalaun_mededu_001,jalaun_mededu_1971.pdf,6e5015df9f62994895bf6f313292f48f667c28de74a37e6f752548a28c90c3e9,27,28,8,9,E:\Archival-Digitisation-Project\1971_Trimmed_PDF\Uttar_Pradesh\metadata\document.xlsx,4bf05d889c56070f43e73558469b6cab4e2a96f37cf6cc1e9a7aa54c7efd5abe,2026-08-30T20:33:08.091712+00:00
1,,Jaunpur,,H (6),,223,,AC (1) AS (1),,...,,...,,...,,Sh. Type (2),,6,,6,,36,,...,,...,,3,,2,,PL (2),,ORDINARY,,False,0,0,4,0,jaunpur_mededu_1971,Jaunpur,Uttar Pradesh,1971,format_002,jaunpur_mededu_001,jaunpur_mededu_1971.pdf,47685b75d88808656702e7741d7450df82500e7e3c35af6c777ec43724ebbca4,29,30,8,9,E:\Archival-Digitisation-Project\1971_Trimmed_PDF\Uttar_Pradesh\metadata\document.xlsx,4bf05d889c56070f43e73558469b6cab4e2a96f37cf6cc1e9a7aa54c7efd5abe,2026-08-30T20:36:11.513195+00:00
1,,Jaunpur,,D (1),,...,,AC (1) AS (1),,...,,...,,...,,Sh. Type (2),,6,,6,,36,,...,,...,,3,,2,,PL (2),,ORDINARY,,False,0,1,4,1,jaunpur_mededu_1971,Jaunpur,Uttar Pradesh,1971,format_002,jaunpur_mededu_001,jaunpur_mededu_1971.pdf,47685b75d88808656702e7741d7450df82500e7e3c35af6c777ec43724ebbca4,29,30,8,9,E:\Archival-Digitisation-Project\1971_Trimmed_PDF\Uttar_Pradesh\metadata\document.xlsx,4bf05d889c56070f43e73558469b6cab4e2a96f37cf6cc1e9a7aa54c7efd5abe,2026-08-30T20:36:11.513195+00:00
1,,Jaunpur,,FC (1),,...,,AC (1) AS (1),,...,,...,,...,,Sh. Type (2),,6,,6,,36,,...,,...,,3,,2,,PL (2),,ORDINARY,,False,0,2,4,2,jaunpur_mededu_1971,Jaunpur,Uttar Pradesh,1971,format_002,jaunpur_mededu_001,jaunpur_mededu_1971.pdf,47685b75d88808656702e7741d7450df82500e7e3c35af6c777ec43724ebbca4,29,30,8,9,E:\Archival-Digitisation-Project\1971_Trimmed_PDF\Uttar_Pradesh\metadata\document.xlsx,4bf05d889c56070f43e73558469b6cab4e2a96f37cf6cc1e9a7aa54c7efd5abe,2026-08-30T20:36:11.513195+00:00
1,,Jaunpur,,TBC (1),,...,,AC (1) AS (1),,...,,...,,...,,Sh. Type (2),,6,,6,,36,,...,,...,,3,,2,,PL (2),,ORDINARY,,False,0,3,4,3,jaunpur_mededu_1971,Jaunpur,Uttar Pradesh,1971,format_002,jaunpur_mededu_001,jaunpur_mededu_1971.pdf,47685b75d88808656702e7741d7450df82500e7e3c35af6c777ec43724ebbca4,29,30,8,9,E:\Archival-Digitisation-Project\1971_Trimmed_PDF\Uttar_Pradesh\metadata\document.xlsx,4bf05d889c56070f43e73558469b6cab4e2a96f37cf6cc1e9a7aa54c7efd5abe,2026-08-30T20:36:11.513195+00:00
2,,Kerakat,,...,,...,,...,,...,,...,,...,,...,,1,,1,,1,,...,,...,,...,,...,,...,,ORDINARY,,False,1,0,1,4,jaunpur_mededu_1971,Jaunpur,Uttar Pradesh,1971,format_002,jaunpur_mededu_001,jaunpur_mededu_1971.pdf,47685b75d88808656702e7741d7450df82500e7e3c35af6c777ec43724ebbca4,29,30,8,9,E:\Archival-Digitisation-Project\1971_Trimmed_PDF\Uttar_Pradesh\metadata\document.xlsx,4bf05d889c56070f43e73558469b6cab4e2a96f37cf6cc1e9a7aa54c7efd5abe,2026-08-30T20:36:11.513195+00:00
3,,Machhlishahr,,HC (1),,12,,...,,...,,...,,...,,...,,1,,1,,2,,...,,...,,...,,...,,...,,ORDINARY,,False,2,0,2,5,jaunpur_mededu_1971,Jaunpur,Uttar Pradesh,1971,format_002,jaunpur_mededu_001,jaunpur_mededu_1971.pdf,47685b75d88808656702e7741d7450df82500e7e3c35af6c777ec43724ebbca4,29,30,8,9,E:\Archival-Digitisation-Project\1971_Trimmed_PDF\Uttar_Pradesh\metadata\document.xlsx,4bf05d889c56070f43e73558469b6cab4e2a96f37cf6cc1e9a7aa54c7efd5abe,2026-08-30T20:36:11.513195+00:00
3,,Machhlishahr,,FC (1),,...,,...,,...,,...,,...,,...,,1,,1,,2,,...,,...,,...,,...,,...,,ORDINARY,,False,2,1,2,6,jaunpur_mededu_1971,Jaunpur,Uttar Pradesh,1971,format_002,jaunpur_mededu_001,jaunpur_mededu_1971.pdf,47685b75d88808656702e7741d7450df82500e7e3c35af6c777ec43724ebbca4,29,30,8,9,E:\Archival-Digitisation-Project\1971_Trimmed_PDF\Uttar_Pradesh\metadata\document.xlsx,4bf05d889c56070f43e73558469b6cab4e2a96f37cf6cc1e9a7aa54c7efd5abe,2026-08-30T20:36:11.513195+00:00
4,,Mariahu,,H (1),,10,,A (1),,...,,...,,...,,...,,3,,2,,4,,...,,...,,...,,...,,...,,ORDINARY,,False,3,0,2,7,jaunpur_mededu_1971,Jaunpur,Uttar Pradesh,1971,format_002,jaunpur_mededu_001,jaunpur_mededu_1971.pdf,47685b75d88808656702e7741d7450df82500e7e3c35af6c777ec43724ebbca4,29,30,8,9,E:\Archival-Digitisation-Project\1971_Trimmed_PDF\Uttar_Pradesh\metadata\document.xlsx,4bf05d889c56070f43e73558469b6cab4e2a96f37cf6cc1e9a7aa54c7efd5abe,2026-08-30T20:36:11.513195+00:00
4,,Mariahu,,FC (1),,...,,A (1),,...,,...,,...,,...,,3,,2,,4,,...,,...,,...,,...,,...,,ORDINARY,,False,3,1,2,8,jaunpur_mededu_1971,Jaunpur,Uttar Pradesh,1971,format_002,jaunpur_mededu_001,jaunpur_mededu_1971.pdf,47685b75d88808656702e7741d7450df82500e7e3c35af6c777ec43724ebbca4,29,30,8,9,E:\Archival-Digitisation-Project\1971_Trimmed_PDF\Uttar_Pradesh\metadata\document.xlsx,4bf05d889c56070f43e73558469b6cab4e2a96f37cf6cc1e9a7aa54c7efd5abe,2026-08-30T20:36:11.513195+00:00
5,,Mongra Badshahpur,,HC (1),,6,,...,,...,,...,,...,,...,,2,,...,,2,,...,,...,,...,,...,,PL (2),,ORDINARY,,False,4,0,2,9,jaunpur_mededu_1971,Jaunpur,Uttar Pradesh,1971,format_002,jaunpur_mededu_001,jaunpur_mededu_1971.pdf,47685b75d88808656702e7741d7450df82500e7e3c35af6c777ec43724ebbca4,29,30,8,9,E:\Archival-Digitisation-Project\1971_Trimmed_PDF\Uttar_Pradesh\metadata\document.xlsx,4bf05d889c56070f43e73558469b6cab4e2a96f37cf6cc1e9a7aa54c7efd5abe,2026-08-30T20:36:11.513195+00:00
5,,Mongra Badshahpur,,FC (1),,...,,...,,...,,...,,...,,...,,2,,...,,2,,...,,...,,...,,...,,PL (2),,ORDINARY,,False,4,1,2,10,jaunpur_mededu_1971,Jaunpur,Uttar Pradesh,1971,format_002,jaunpur_mededu_001,jaunpur_mededu_1971.pdf,47685b75d88808656702e7741d7450df82500e7e3c35af6c777ec43724ebbca4,29,30,8,9,E:\Archival-Digitisation-Project\1971_Trimmed_PDF\Uttar_Pradesh\metadata\document.xlsx,4bf05d889c56070f43e73558469b6cab4e2a96f37cf6cc1e9a7aa54c7efd5abe,2026-08-30T20:36:11.513195+00:00
6,,Shahganj,,H (2),,22,,...,,...,,...,,...,,...,,1,,2,,3,,1,,...,,2,,...,,PL (1),,ORDINARY,,False,5,0,2,11,jaunpur_mededu_1971,Jaunpur,Uttar Pradesh,1971,format_002,jaunpur_mededu_001,jaunpur_mededu_1971.pdf,47685b75d88808656702e7741d7450df82500e7e3c35af6c777ec43724ebbca4,29,30,8,9,E:\Archival-Digitisation-Project\1971_Trimmed_PDF\Uttar_Pradesh\metadata\document.xlsx,4bf05d889c56070f43e73558469b6cab4e2a96f37cf6cc1e9a7aa54c7efd5abe,2026-08-30T20:36:11.513195+00:00
6,,Shahganj,,FC (1),,...,,...,,...,,...,,...,,...,,1,,2,,3,,1,,...,,2,,...,,PL (1),,ORDINARY,,False,5,1,2,12,jaunpur_mededu_1971,Jaunpur,Uttar Pradesh,1971,format_002,jaunpur_mededu_001,jaunpur_mededu_1971.pdf,47685b75d88808656702e7741d7450df82500e7e3c35af6c777ec43724ebbca4,29,30,8,9,E:\Archival-Digitisation-Project\1971_Trimmed_PDF\Uttar_Pradesh\metadata\document.xlsx,4bf05d889c56070f43e73558469b6cab4e2a96f37cf6cc1e9a7aa54c7efd5abe,2026-08-30T20:36:11.513195+00:00
1,,Babina Cantt.,,H (1),,10,,...,,...,,...,,...,,...,,1,,2,,5,,...,,...,,2,,...,,...,,ORDINARY,,False,0,0,2,0,jhansi_mededu_1971,Jhansi,Uttar Pradesh,1971,format_002,jhansi_mededu_001,jhansi_mededu_1971.pdf,4dcb97076a4d1a758886f3c44aa7d22239fc800856581af553537b3b0c241536,37,38,12,13,E:\Archival-Digitisation-Project\1971_Trimmed_PDF\Uttar_Pradesh\metadata\document.xlsx,4bf05d889c56070f43e73558469b6cab4e2a96f37cf6cc1e9a7aa54c7efd5abe,2026-08-30T20:43:31.831963+00:00
1,,Babina Cantt.,,DO (1),,6,,...,,...,,...,,...,,...,,1,,2,,5,,...,,...,,2,,...,,...,,ORDINARY,,False,0,1,2,1,jhansi_mededu_1971,Jhansi,Uttar Pradesh,1971,format_002,jhansi_mededu_001,jhansi_mededu_1971.pdf,4dcb97076a4d1a758886f3c44aa7d22239fc800856581af553537b3b0c241536,37,38,12,13,E:\Archival-Digitisation-Project\1971_Trimmed_PDF\Uttar_Pradesh\metadata\document.xlsx,4bf05d889c56070f43e73558469b6cab4e2a96f37cf6cc1e9a7aa54c7efd5abe,2026-08-30T20:43:31.831963+00:00
2,,Chirgaon,,H (1),,8,,...,,...,,...,,...,,...,,1,,1,,3,,...,,...,,...,,...,,PL (1),,ORDINARY,,False,1,0,5,2,jhansi_mededu_1971,Jhansi,Uttar Pradesh,1971,format_002,jhansi_mededu_001,jhansi_mededu_1971.pdf,4dcb97076a4d1a758886f3c44aa7d22239fc800856581af553537b3b0c241536,37,38,12,13,E:\Archival-Digitisation-Project\1971_Trimmed_PDF\Uttar_Pradesh\metadata\document.xlsx,4bf05d889c56070f43e73558469b6cab4e2a96f37cf6cc1e9a7aa54c7efd5abe,2026-08-30T20:43:31.831963+00:00
2,,Chirgaon,,D (6),,...,,...,,...,,...,,...,,...,,1,,1,,3,,...,,...,,...,,...,,PL (1),,ORDINARY,,False,1,1,5,3,jhansi_mededu_1971,Jhansi,Uttar Pradesh,1971,format_002,jhansi_mededu_001,jhansi_mededu_1971.pdf,4dcb97076a4d1a758886f3c44aa7d22239fc800856581af553537b3b0c241536,37,38,12,13,E:\Archival-Digitisation-Project\1971_Trimmed_PDF\Uttar_Pradesh\metadata\document.xlsx,4bf05d889c56070f43e73558469b6cab4e2a96f37cf6cc1e9a7aa54c7efd5abe,2026-08-30T20:43:31.831963+00:00
2,,Chirgaon,,HC (1),,...,,...,,...,,...,,...,,...,,1,,1,,3,,...,,...,,...,,...,,PL (1),,ORDINARY,,False,1,2,5,4,jhansi_mededu_1971,Jhansi,Uttar Pradesh,1971,format_002,jhansi_mededu_001,jhansi_mededu_1971.pdf,4dcb97076a4d1a758886f3c44aa7d22239fc800856581af553537b3b0c241536,37,38,12,13,E:\Archival-Digitisation-Project\1971_Trimmed_PDF\Uttar_Pradesh\metadata\document.xlsx,4bf05d889c56070f43e73558469b6cab4e2a96f37cf6cc1e9a7aa54c7efd5abe,2026-08-30T20:43:31.831963+00:00
2,,Chirgaon,,NH (1),,...,,...,,...,,...,,...,,...,,1,,1,,3,,...,,...,,...,,...,,PL (1),,ORDINARY,,False,1,3,5,5,jhansi_mededu_1971,Jhansi,Uttar Pradesh,1971,format_002,jhansi_mededu_001,jhansi_mededu_1971.pdf,4dcb97076a4d1a758886f3c44aa7d22239fc800856581af553537b3b0c241536,37,38,12,13,E:\Archival-Digitisation-Project\1971_Trimmed_PDF\Uttar_Pradesh\metadata\document.xlsx,4bf05d889c56070f43e73558469b6cab4e2a96f37cf6cc1e9a7aa54c7efd5abe,2026-08-30T20:43:31.831963+00:00
2,,Chirgaon,,FC (1),,...,,...,,...,,...,,...,,...,,1,,1,,3,,...,,...,,...,,...,,PL (1),,ORDINARY,,False,1,4,5,6,jhansi_mededu_1971,Jhansi,Uttar Pradesh,1971,format_002,jhansi_mededu_001,jhansi_mededu_1971.pdf,4dcb97076a4d1a758886f3c44aa7d22239fc800856581af553537b3b0c241536,37,38,12,13,E:\Archival-Digitisation-Project\1971_Trimmed_PDF\Uttar_Pradesh\metadata\document.xlsx,4bf05d889c56070f43e73558469b6cab4e2a96f37cf6cc1e9a7aa54c7efd5abe,2026-08-30T20:43:31.831963+00:00
3,,Gursarai,,H (1),,5,,...,,...,,...,,...,,...,,1,,1,,5,,...,,...,,...,,...,,...,,ORDINARY,,False,2,0,4,7,jhansi_mededu_1971,Jhansi,Uttar Pradesh,1971,format_002,jhansi_mededu_001,jhansi_mededu_1971.pdf,4dcb97076a4d1a758886f3c44aa7d22239fc800856581af553537b3b0c241536,37,38,12,13,E:\Archival-Digitisation-Project\1971_Trimmed_PDF\Uttar_Pradesh\metadata\document.xlsx,4bf05d889c56070f43e73558469b6cab4e2a96f37cf6cc1e9a7aa54c7efd5abe,2026-08-30T20:43:31.831963+00:00
3,,Gursarai,,TBC (1),,1,,...,,...,,...,,...,,...,,1,,1,,5,,...,,...,,...,,...,,...,,ORDINARY,,False,2,1,4,8,jhansi_mededu_1971,Jhansi,Uttar Pradesh,1971,format_002,jhansi_mededu_001,jhansi_mededu_1971.pdf,4dcb97076a4d1a758886f3c44aa7d22239fc800856581af553537b3b0c241536,37,38,12,13,E:\Archival-Digitisation-Project\1971_Trimmed_PDF\Uttar_Pradesh\metadata\document.xlsx,4bf05d889c56070f43e73558469b6cab4e2a96f37cf6cc1e9a7aa54c7efd5abe,2026-08-30T20:43:31.831963+00:00
3,,Gursarai,,HC (1),,...,,...,,...,,...,,...,,...,,1,,1,,5,,...,,...,,...,,...,,...,,ORDINARY,,False,2,2,4,9,jhansi_mededu_1971,Jhansi,Uttar Pradesh,1971,format_002,jhansi_mededu_001,jhansi_mededu_1971.pdf,4dcb97076a4d1a758886f3c44aa7d22239fc800856581af553537b3b0c241536,37,38,12,13,E:\Archival-Digitisation-Project\1971_Trimmed_PDF\Uttar_Pradesh\metadata\document.xlsx,4bf05d889c56070f43e73558469b6cab4e2a96f37cf6cc1e9a7aa54c7efd5abe,2026-08-30T20:43:31.831963+00:00
3,,Gursarai,,FC (1),,...,,...,,...,,...,,...,,...,,1,,1,,5,,...,,...,,...,,...,,...,,ORDINARY,,False,2,3,4,10,jhansi_mededu_1971,Jhansi,Uttar Pradesh,1971,format_002,jhansi_mededu_001,jhansi_mededu_1971.pdf,4dcb97076a4d1a758886f3c44aa7d22239fc800856581af553537b3b0c241536,37,38,12,13,E:\Archival-Digitisation-Project\1971_Trimmed_PDF\Uttar_Pradesh\metadata\document.xlsx,4bf05d889c56070f43e73558469b6cab4e2a96f37cf6cc1e9a7aa54c7efd5abe,2026-08-30T20:43:31.831963+00:00
4,,Hansari Gird,,D (3),,...,,...,,...,,...,,...,,...,,...,,2,,2,,...,,...,,...,,...,,...,,ORDINARY,,False,3,0,1,11,jhansi_mededu_1971,Jhansi,Uttar Pradesh,1971,format_002,jhansi_mededu_001,jhansi_mededu_1971.pdf,4dcb97076a4d1a758886f3c44aa7d22239fc800856581af553537b3b0c241536,37,38,12,13,E:\Archival-Digitisation-Project\1971_Trimmed_PDF\Uttar_Pradesh\metadata\document.xlsx,4bf05d889c56070f43e73558469b6cab4e2a96f37cf6cc1e9a7aa54c7efd5abe,2026-08-30T20:43:31.831963+00:00
5,,Jhansi,,See,,,,,,,,,,,,,,,,,,,,,,,,,,,,,,CROSS_REFERENCE,Jhansi City Urban Agglomeration,False,4,0,1,12,jhansi_mededu_1971,Jhansi,Uttar Pradesh,1971,format_002,jhansi_mededu_001,jhansi_mededu_1971.pdf,4dcb97076a4d1a758886f3c44aa7d22239fc800856581af553537b3b0c241536,37,38,12,13,E:\Archival-Digitisation-Project\1971_Trimmed_PDF\Uttar_Pradesh\metadata\document.xlsx,4bf05d889c56070f43e73558469b6cab4e2a96f37cf6cc1e9a7aa54c7efd5abe,2026-08-30T20:43:31.831963+00:00
6,,Jhansi Cantt.,,See,,,,,,,,,,,,,,,,,,,,,,,,,,,,,,CROSS_REFERENCE,Jhansi City Urban Agglomeration,False,5,0,1,13,jhansi_mededu_1971,Jhansi,Uttar Pradesh,1971,format_002,jhansi_mededu_001,jhansi_mededu_1971.pdf,4dcb97076a4d1a758886f3c44aa7d22239fc800856581af553537b3b0c241536,37,38,12,13,E:\Archival-Digitisation-Project\1971_Trimmed_PDF\Uttar_Pradesh\metadata\document.xlsx,4bf05d889c56070f43e73558469b6cab4e2a96f37cf6cc1e9a7aa54c7efd5abe,2026-08-30T20:43:31.831963+00:00
7,,Jhansi Rly. Settlement,,See,,,,,,,,,,,,,,,,,,,,,,,,,,,,,,CROSS_REFERENCE,Jhansi City Urban Agglomeration,False,6,0,1,14,jhansi_mededu_1971,Jhansi,Uttar Pradesh,1971,format_002,jhansi_mededu_001,jhansi_mededu_1971.pdf,4dcb97076a4d1a758886f3c44aa7d22239fc800856581af553537b3b0c241536,37,38,12,13,E:\Archival-Digitisation-Project\1971_Trimmed_PDF\Uttar_Pradesh\metadata\document.xlsx,4bf05d889c56070f43e73558469b6cab4e2a96f37cf6cc1e9a7aa54c7efd5abe,2026-08-30T20:43:31.831963+00:00
,,Jhansi City Urban Agglomeration,,H (13),,975,,ASC (2),,...,,...,,...,,...,,31,,67,,98,,2,,2,,7,,9,,PL (4),,AGGREGATE,,False,7,0,6,15,jhansi_mededu_1971,Jhansi,Uttar Pradesh,1971,format_002,jhansi_mededu_001,jhansi_mededu_1971.pdf,4dcb97076a4d1a758886f3c44aa7d22239fc800856581af553537b3b0c241536,37,38,12,13,E:\Archival-Digitisation-Project\1971_Trimmed_PDF\Uttar_Pradesh\metadata\document.xlsx,4bf05d889c56070f43e73558469b6cab4e2a96f37cf6cc1e9a7aa54c7efd5abe,2026-08-30T20:43:31.831963+00:00
,,Jhansi City Urban Agglomeration,,D (4),,...,,ASC (2),,...,,...,,...,,...,,31,,67,,98,,2,,2,,7,,9,,PL (4),,AGGREGATE,,False,7,1,6,16,jhansi_mededu_1971,Jhansi,Uttar Pradesh,1971,format_002,jhansi_mededu_001,jhansi_mededu_1971.pdf,4dcb97076a4d1a758886f3c44aa7d22239fc800856581af553537b3b0c241536,37,38,12,13,E:\Archival-Digitisation-Project\1971_Trimmed_PDF\Uttar_Pradesh\metadata\document.xlsx,4bf05d889c56070f43e73558469b6cab4e2a96f37cf6cc1e9a7aa54c7efd5abe,2026-08-30T20:43:31.831963+00:00
,,Jhansi City Urban Agglomeration,,HC (3),,...,,ASC (2),,...,,...,,...,,...,,31,,67,,98,,2,,2,,7,,9,,PL (4),,AGGREGATE,,False,7,2,6,17,jhansi_mededu_1971,Jhansi,Uttar Pradesh,1971,format_002,jhansi_mededu_001,jhansi_mededu_1971.pdf,4dcb97076a4d1a758886f3c44aa7d22239fc800856581af553537b3b0c241536,37,38,12,13,E:\Archival-Digitisation-Project\1971_Trimmed_PDF\Uttar_Pradesh\metadata\document.xlsx,4bf05d889c56070f43e73558469b6cab4e2a96f37cf6cc1e9a7aa54c7efd5abe,2026-08-30T20:43:31.831963+00:00
,,Jhansi City Urban Agglomeration,,O (2),,20,,ASC (2),,...,,...,,...,,...,,31,,67,,98,,2,,2,,7,,9,,PL (4),,AGGREGATE,,False,7,3,6,18,jhansi_mededu_1971,Jhansi,Uttar Pradesh,1971,format_002,jhansi_mededu_001,jhansi_mededu_1971.pdf,4dcb97076a4d1a758886f3c44aa7d22239fc800856581af553537b3b0c241536,37,38,12,13,E:\Archival-Digitisation-Project\1971_Trimmed_PDF\Uttar_Pradesh\metadata\document.xlsx,4bf05d889c56070f43e73558469b6cab4e2a96f37cf6cc1e9a7aa54c7efd5abe,2026-08-30T20:43:31.831963+00:00
,,Jhansi City Urban Agglomeration,,TEC (1),,20,,ASC (2),,...,,...,,...,,...,,31,,67,,98,,2,,2,,7,,9,,PL (4),,AGGREGATE,,False,7,4,6,19,jhansi_mededu_1971,Jhansi,Uttar Pradesh,1971,format_002,jhansi_mededu_001,jhansi_mededu_1971.pdf,4dcb97076a4d1a758886f3c44aa7d22239fc800856581af553537b3b0c241536,37,38,12,13,E:\Archival-Digitisation-Project\1971_Trimmed_PDF\Uttar_Pradesh\metadata\document.xlsx,4bf05d889c56070f43e73558469b6cab4e2a96f37cf6cc1e9a7aa54c7efd5abe,2026-08-30T20:43:31.831963+00:00
,,Jhansi City Urban Agglomeration,,FC (3),,...,,ASC (2),,...,,...,,...,,...,,31,,67,,98,,2,,2,,7,,9,,PL (4),,AGGREGATE,,False,7,5,6,20,jhansi_mededu_1971,Jhansi,Uttar Pradesh,1971,format_002,jhansi_mededu_001,jhansi_mededu_1971.pdf,4dcb97076a4d1a758886f3c44aa7d22239fc800856581af553537b3b0c241536,37,38,12,13,E:\Archival-Digitisation-Project\1971_Trimmed_PDF\Uttar_Pradesh\metadata\document.xlsx,4bf05d889c56070f43e73558469b6cab4e2a96f37cf6cc1e9a7aa54c7efd5abe,2026-08-30T20:43:31.831963+00:00
(i),,Jhansi,,H (7),,362,,ASC (2),,...,,...,,...,,...,,21,,43,,60,,...,,1,,6,,...,,PL (1),,COMPONENT,,False,8,0,6,21,jhansi_mededu_1971,Jhansi,Uttar Pradesh,1971,format_002,jhansi_mededu_001,jhansi_mededu_1971.pdf,4dcb97076a4d1a758886f3c44aa7d22239fc800856581af553537b3b0c241536,37,38,12,13,E:\Archival-Digitisation-Project\1971_Trimmed_PDF\Uttar_Pradesh\metadata\document.xlsx,4bf05d889c56070f43e73558469b6cab4e2a96f37cf6cc1e9a7aa54c7efd5abe,2026-08-30T20:43:31.831963+00:00
(i),,Jhansi,,O (2),,20,,ASC (2),,...,,...,,...,,...,,21,,43,,60,,...,,1,,6,,...,,PL (1),,COMPONENT,,False,8,1,6,22,jhansi_mededu_1971,Jhansi,Uttar Pradesh,1971,format_002,jhansi_mededu_001,jhansi_mededu_1971.pdf,4dcb97076a4d1a758886f3c44aa7d22239fc800856581af553537b3b0c241536,37,38,12,13,E:\Archival-Digitisation-Project\1971_Trimmed_PDF\Uttar_Pradesh\metadata\document.xlsx,4bf05d889c56070f43e73558469b6cab4e2a96f37cf6cc1e9a7aa54c7efd5abe,2026-08-30T20:43:31.831963+00:00
(i),,Jhansi,,D (2),,...,,ASC (2),,...,,...,,...,,...,,21,,43,,60,,...,,1,,6,,...,,PL (1),,COMPONENT,,False,8,2,6,23,jhansi_mededu_1971,Jhansi,Uttar Pradesh,1971,format_002,jhansi_mededu_001,jhansi_mededu_1971.pdf,4dcb97076a4d1a758886f3c44aa7d22239fc800856581af553537b3b0c241536,37,38,12,13,E:\Archival-Digitisation-Project\1971_Trimmed_PDF\Uttar_Pradesh\metadata\document.xlsx,4bf05d889c56070f43e73558469b6cab4e2a96f37cf6cc1e9a7aa54c7efd5abe,2026-08-30T20:43:31.831963+00:00
(i),,Jhansi,,HC (3),,...,,ASC (2),,...,,...,,...,,...,,21,,43,,60,,...,,1,,6,,...,,PL (1),,COMPONENT,,False,8,3,6,24,jhansi_mededu_1971,Jhansi,Uttar Pradesh,1971,format_002,jhansi_mededu_001,jhansi_mededu_1971.pdf,4dcb97076a4d1a758886f3c44aa7d22239fc800856581af553537b3b0c241536,37,38,12,13,E:\Archival-Digitisation-Project\1971_Trimmed_PDF\Uttar_Pradesh\metadata\document.xlsx,4bf05d889c56070f43e73558469b6cab4e2a96f37cf6cc1e9a7aa54c7efd5abe,2026-08-30T20:43:31.831963+00:00
(i),,Jhansi,,FC (3),,...,,ASC (2),,...,,...,,...,,...,,21,,43,,60,,...,,1,,6,,...,,PL (1),,COMPONENT,,False,8,4,6,25,jhansi_mededu_1971,Jhansi,Uttar Pradesh,1971,format_002,jhansi_mededu_001,jhansi_mededu_1971.pdf,4dcb97076a4d1a758886f3c44aa7d22239fc800856581af553537b3b0c241536,37,38,12,13,E:\Archival-Digitisation-Project\1971_Trimmed_PDF\Uttar_Pradesh\metadata\document.xlsx,4bf05d889c56070f43e73558469b6cab4e2a96f37cf6cc1e9a7aa54c7efd5abe,2026-08-30T20:43:31.831963+00:00
(i),,Jhansi,,TBC (1),,20,,ASC (2),,...,,...,,...,,...,,21,,43,,60,,...,,1,,6,,...,,PL (1),,COMPONENT,,False,8,5,6,26,jhansi_mededu_1971,Jhansi,Uttar Pradesh,1971,format_002,jhansi_mededu_001,jhansi_mededu_1971.pdf,4dcb97076a4d1a758886f3c44aa7d22239fc800856581af553537b3b0c241536,37,38,12,13,E:\Archival-Digitisation-Project\1971_Trimmed_PDF\Uttar_Pradesh\metadata\document.xlsx,4bf05d889c56070f43e73558469b6cab4e2a96f37cf6cc1e9a7aa54c7efd5abe,2026-08-30T20:43:31.831963+00:00
(ii),,Jhansi Cantt.,,D (2),,...,,...,,...,,...,,...,,...,,10,,24,,34,,1,,...,,1,,...,,PL (1),,COMPONENT,,False,9,0,2,27,jhansi_mededu_1971,Jhansi,Uttar Pradesh,1971,format_002,jhansi_mededu_001,jhansi_mededu_1971.pdf,4dcb97076a4d1a758886f3c44aa7d22239fc800856581af553537b3b0c241536,37,38,12,13,E:\Archival-Digitisation-Project\1971_Trimmed_PDF\Uttar_Pradesh\metadata\document.xlsx,4bf05d889c56070f43e73558469b6cab4e2a96f37cf6cc1e9a7aa54c7efd5abe,2026-08-30T20:43:31.831963+00:00
(ii),,Jhansi Cantt.,,H (2),,468,,...,,...,,...,,...,,...,,10,,24,,34,,1,,...,,1,,...,,PL (1),,COMPONENT,,False,9,1,2,28,jhansi_mededu_1971,Jhansi,Uttar Pradesh,1971,format_002,jhansi_mededu_001,jhansi_mededu_1971.pdf,4dcb97076a4d1a758886f3c44aa7d22239fc800856581af553537b3b0c241536,37,38,12,13,E:\Archival-Digitisation-Project\1971_Trimmed_PDF\Uttar_Pradesh\metadata\document.xlsx,4bf05d889c56070f43e73558469b6cab4e2a96f37cf6cc1e9a7aa54c7efd5abe,2026-08-30T20:43:31.831963+00:00
(iii),,Jhansi Rly. Settlement,,H (4),,145,,...,,...,,...,,...,,...,,...,,...,,4,,1,,1,,...,,3,,PL (2),,COMPONENT,,False,10,0,2,29,jhansi_mededu_1971,Jhansi,Uttar Pradesh,1971,format_002,jhansi_mededu_001,jhansi_mededu_1971.pdf,4dcb97076a4d1a758886f3c44aa7d22239fc800856581af553537b3b0c241536,37,38,12,13,E:\Archival-Digitisation-Project\1971_Trimmed_PDF\Uttar_Pradesh\metadata\document.xlsx,4bf05d889c56070f43e73558469b6cab4e2a96f37cf6cc1e9a7aa54c7efd5abe,2026-08-30T20:43:31.831963+00:00
(iii),,Jhansi Rly. Settlement,,FC (2),,...,,...,,...,,...,,...,,...,,...,,...,,4,,1,,1,,...,,3,,PL (2),,COMPONENT,,False,10,1,2,30,jhansi_mededu_1971,Jhansi,Uttar Pradesh,1971,format_002,jhansi_mededu_001,jhansi_mededu_1971.pdf,4dcb97076a4d1a758886f3c44aa7d22239fc800856581af553537b3b0c241536,37,38,12,13,E:\Archival-Digitisation-Project\1971_Trimmed_PDF\Uttar_Pradesh\metadata\document.xlsx,4bf05d889c56070f43e73558469b6cab4e2a96f37cf6cc1e9a7aa54c7efd5abe,2026-08-30T20:43:31.831963+00:00
8,,Lalitpur,,H (3),,90,,...,,...,,...,,...,,...,,4,,6,,24,,2,,...,,1,,...,,PL (1) RR (1),,ORDINARY,,False,11,0,2,31,jhansi_mededu_1971,Jhansi,Uttar Pradesh,1971,format_002,jhansi_mededu_001,jhansi_mededu_1971.pdf,4dcb97076a4d1a758886f3c44aa7d22239fc800856581af553537b3b0c241536,37,38,12,13,E:\Archival-Digitisation-Project\1971_Trimmed_PDF\Uttar_Pradesh\metadata\document.xlsx,4bf05d889c56070f43e73558469b6cab4e2a96f37cf6cc1e9a7aa54c7efd5abe,2026-08-30T20:43:31.831963+00:00
8,,Lalitpur,,FC (2),,...,,...,,...,,...,,...,,...,,4,,6,,24,,2,,...,,1,,...,,PL (1) RR (1),,ORDINARY,,False,11,1,2,32,jhansi_mededu_1971,Jhansi,Uttar Pradesh,1971,format_002,jhansi_mededu_001,jhansi_mededu_1971.pdf,4dcb97076a4d1a758886f3c44aa7d22239fc800856581af553537b3b0c241536,37,38,12,13,E:\Archival-Digitisation-Project\1971_Trimmed_PDF\Uttar_Pradesh\metadata\document.xlsx,4bf05d889c56070f43e73558469b6cab4e2a96f37cf6cc1e9a7aa54c7efd5abe,2026-08-30T20:43:31.831963+00:00
9,,Mauranipur,,H (2),,30,,...,,...,,...,,...,,...,,3,,2,,11,,1,,...,,1,,...,,PL (1),,ORDINARY,,False,12,0,2,33,jhansi_mededu_1971,Jhansi,Uttar Pradesh,1971,format_002,jhansi_mededu_001,jhansi_mededu_1971.pdf,4dcb97076a4d1a758886f3c44aa7d22239fc800856581af553537b3b0c241536,37,38,12,13,E:\Archival-Digitisation-Project\1971_Trimmed_PDF\Uttar_Pradesh\metadata\document.xlsx,4bf05d889c56070f43e73558469b6cab4e2a96f37cf6cc1e9a7aa54c7efd5abe,2026-08-30T20:43:31.831963+00:00
9,,Mauranipur,,FC (1),,...,,...,,...,,...,,...,,...,,3,,2,,11,,1,,...,,1,,...,,PL (1),,ORDINARY,,False,12,1,2,34,jhansi_mededu_1971,Jhansi,Uttar Pradesh,1971,format_002,jhansi_mededu_001,jhansi_mededu_1971.pdf,4dcb97076a4d1a758886f3c44aa7d22239fc800856581af553537b3b0c241536,37,38,12,13,E:\Archival-Digitisation-Project\1971_Trimmed_PDF\Uttar_Pradesh\metadata\document.xlsx,4bf05d889c56070f43e73558469b6cab4e2a96f37cf6cc1e9a7aa54c7efd5abe,2026-08-30T20:43:31.831963+00:00
10,,Ranipur,,...,,...,,...,,...,,...,,...,,...,,...,,1,,11,,...,,...,,...,,...,,...,,ORDINARY,,False,13,0,1,35,jhansi_mededu_1971,Jhansi,Uttar Pradesh,1971,format_002,jhansi_mededu_001,jhansi_mededu_1971.pdf,4dcb97076a4d1a758886f3c44aa7d22239fc800856581af553537b3b0c241536,37,38,12,13,E:\Archival-Digitisation-Project\1971_Trimmed_PDF\Uttar_Pradesh\metadata\document.xlsx,4bf05d889c56070f43e73558469b6cab4e2a96f37cf6cc1e9a7aa54c7efd5abe,2026-08-30T20:43:31.831963+00:00
11,,Samthar,,H (2),,16,,...,,...,,...,,...,,...,,1,,2,,6,,5,,...,,...,,...,,RR (1),,ORDINARY,,False,14,0,4,36,jhansi_mededu_1971,Jhansi,Uttar Pradesh,1971,format_002,jhansi_mededu_001,jhansi_mededu_1971.pdf,4dcb97076a4d1a758886f3c44aa7d22239fc800856581af553537b3b0c241536,37,38,12,13,E:\Archival-Digitisation-Project\1971_Trimmed_PDF\Uttar_Pradesh\metadata\document.xlsx,4bf05d889c56070f43e73558469b6cab4e2a96f37cf6cc1e9a7aa54c7efd5abe,2026-08-30T20:43:31.831963+00:00
11,,Samthar,,D (5),,...,,...,,...,,...,,...,,...,,1,,2,,6,,5,,...,,...,,...,,RR (1),,ORDINARY,,False,14,1,4,37,jhansi_mededu_1971,Jhansi,Uttar Pradesh,1971,format_002,jhansi_mededu_001,jhansi_mededu_1971.pdf,4dcb97076a4d1a758886f3c44aa7d22239fc800856581af553537b3b0c241536,37,38,12,13,E:\Archival-Digitisation-Project\1971_Trimmed_PDF\Uttar_Pradesh\metadata\document.xlsx,4bf05d889c56070f43e73558469b6cab4e2a96f37cf6cc1e9a7aa54c7efd5abe,2026-08-30T20:43:31.831963+00:00
11,,Samthar,,NH (3),,...,,...,,...,,...,,...,,...,,1,,2,,6,,5,,...,,...,,...,,RR (1),,ORDINARY,,False,14,2,4,38,jhansi_mededu_1971,Jhansi,Uttar Pradesh,1971,format_002,jhansi_mededu_001,jhansi_mededu_1971.pdf,4dcb97076a4d1a758886f3c44aa7d22239fc800856581af553537b3b0c241536,37,38,12,13,E:\Archival-Digitisation-Project\1971_Trimmed_PDF\Uttar_Pradesh\metadata\document.xlsx,4bf05d889c56070f43e73558469b6cab4e2a96f37cf6cc1e9a7aa54c7efd5abe,2026-08-30T20:43:31.831963+00:00
11,,Samthar,,HC (2),,...,,...,,...,,...,,...,,...,,1,,2,,6,,5,,...,,...,,...,,RR (1),,ORDINARY,,False,14,3,4,39,jhansi_mededu_1971,Jhansi,Uttar Pradesh,1971,format_002,jhansi_mededu_001,jhansi_mededu_1971.pdf,4dcb97076a4d1a758886f3c44aa7d22239fc800856581af553537b3b0c241536,37,38,12,13,E:\Archival-Digitisation-Project\1971_Trimmed_PDF\Uttar_Pradesh\metadata\document.xlsx,4bf05d889c56070f43e73558469b6cab4e2a96f37cf6cc1e9a7aa54c7efd5abe,2026-08-30T20:43:31.831963+00:00
12,,Talbehat,,H (1),,6,,...,,...,,...,,...,,...,,2,,1,,8,,1,,...,,...,,...,,RR (1),,ORDINARY,,False,15,0,1,40,jhansi_mededu_1971,Jhansi,Uttar Pradesh,1971,format_002,jhansi_mededu_001,jhansi_mededu_1971.pdf,4dcb97076a4d1a758886f3c44aa7d22239fc800856581af553537b3b0c241536,37,38,12,13,E:\Archival-Digitisation-Project\1971_Trimmed_PDF\Uttar_Pradesh\metadata\document.xlsx,4bf05d889c56070f43e73558469b6cab4e2a96f37cf6cc1e9a7aa54c7efd5abe,2026-08-30T20:43:31.831963+00:00
1,,Armapur Estate,,See,,,,,,,,,,,,,,,,,,,,City Urban,,,,,,,,,,CROSS_REFERENCE,Kanpur City Urban Agglomeration,False,0,0,1,0,kanpur_mededu_1971,Kanpur,Uttar Pradesh,1971,format_002,kanpur_mededu_001,kanpur_mededu_1971.pdf,62d4364d192dfc4dd16f3e9080a1abac1d334125a89289b57101ed6ea0dddb2e,33,34,12,13,E:\Archival-Digitisation-Project\1971_Trimmed_PDF\Uttar_Pradesh\metadata\document.xlsx,4bf05d889c56070f43e73558469b6cab4e2a96f37cf6cc1e9a7aa54c7efd5abe,2026-08-30T20:50:35.301311+00:00
2,,Central Rly. Colony,,See,,,,,,,,,,,,,,,,,,,,City Urban,,,,,,,,,,CROSS_REFERENCE,Kanpur City Urban Agglomeration,False,1,0,1,1,kanpur_mededu_1971,Kanpur,Uttar Pradesh,1971,format_002,kanpur_mededu_001,kanpur_mededu_1971.pdf,62d4364d192dfc4dd16f3e9080a1abac1d334125a89289b57101ed6ea0dddb2e,33,34,12,13,E:\Archival-Digitisation-Project\1971_Trimmed_PDF\Uttar_Pradesh\metadata\document.xlsx,4bf05d889c56070f43e73558469b6cab4e2a96f37cf6cc1e9a7aa54c7efd5abe,2026-08-30T20:50:35.301311+00:00
3,,Chakeri,,See,,,,,,,,,,,,,,,,,,,,City Urban,,,,,,,,,,CROSS_REFERENCE,Kanpur City Urban Agglomeration,False,2,0,1,2,kanpur_mededu_1971,Kanpur,Uttar Pradesh,1971,format_002,kanpur_mededu_001,kanpur_mededu_1971.pdf,62d4364d192dfc4dd16f3e9080a1abac1d334125a89289b57101ed6ea0dddb2e,33,34,12,13,E:\Archival-Digitisation-Project\1971_Trimmed_PDF\Uttar_Pradesh\metadata\document.xlsx,4bf05d889c56070f43e73558469b6cab4e2a96f37cf6cc1e9a7aa54c7efd5abe,2026-08-30T20:50:35.301311+00:00
4,,I. I. T.,,See,,,,,,,,,,,,,,,,,,,,City Urban,,,,,,,,,,CROSS_REFERENCE,Kanpur City Urban Agglomeration,False,3,0,1,3,kanpur_mededu_1971,Kanpur,Uttar Pradesh,1971,format_002,kanpur_mededu_001,kanpur_mededu_1971.pdf,62d4364d192dfc4dd16f3e9080a1abac1d334125a89289b57101ed6ea0dddb2e,33,34,12,13,E:\Archival-Digitisation-Project\1971_Trimmed_PDF\Uttar_Pradesh\metadata\document.xlsx,4bf05d889c56070f43e73558469b6cab4e2a96f37cf6cc1e9a7aa54c7efd5abe,2026-08-30T20:50:35.301311+00:00
5,,Kanpur,,See,,,,,,,,,,,,,,,,,,,,City Urban,,,,,,,,,,CROSS_REFERENCE,Kanpur City Urban Agglomeration,False,4,0,1,4,kanpur_mededu_1971,Kanpur,Uttar Pradesh,1971,format_002,kanpur_mededu_001,kanpur_mededu_1971.pdf,62d4364d192dfc4dd16f3e9080a1abac1d334125a89289b57101ed6ea0dddb2e,33,34,12,13,E:\Archival-Digitisation-Project\1971_Trimmed_PDF\Uttar_Pradesh\metadata\document.xlsx,4bf05d889c56070f43e73558469b6cab4e2a96f37cf6cc1e9a7aa54c7efd5abe,2026-08-30T20:50:35.301311+00:00
6,,Kanpur Cantt.,,See,,,,,,,,,,,,,,,,,,,,City Urban,,,,,,,,,,CROSS_REFERENCE,Kanpur City Urban Agglomeration,False,5,0,1,5,kanpur_mededu_1971,Kanpur,Uttar Pradesh,1971,format_002,kanpur_mededu_001,kanpur_mededu_1971.pdf,62d4364d192dfc4dd16f3e9080a1abac1d334125a89289b57101ed6ea0dddb2e,33,34,12,13,E:\Archival-Digitisation-Project\1971_Trimmed_PDF\Uttar_Pradesh\metadata\document.xlsx,4bf05d889c56070f43e73558469b6cab4e2a96f37cf6cc1e9a7aa54c7efd5abe,2026-08-30T20:50:35.301311+00:00
,,Kanpur City Urban Agglomeration,,H (20),,"2,581",,A (4) ASL (1) AS (5) ASC (3) ASCL (1) L (1),,1,,4,,3,,Sh. Type (5),,36,,103,,495,,465,,1,,24,,4,,PL (20) RR (16),,AGGREGATE,,False,6,0,6,6,kanpur_mededu_1971,Kanpur,Uttar Pradesh,1971,format_002,kanpur_mededu_001,kanpur_mededu_1971.pdf,62d4364d192dfc4dd16f3e9080a1abac1d334125a89289b57101ed6ea0dddb2e,33,34,12,13,E:\Archival-Digitisation-Project\1971_Trimmed_PDF\Uttar_Pradesh\metadata\document.xlsx,4bf05d889c56070f43e73558469b6cab4e2a96f37cf6cc1e9a7aa54c7efd5abe,2026-08-30T20:50:35.301311+00:00
,,Kanpur City Urban Agglomeration,,D (72),,...,,A (4) ASL (1) AS (5) ASC (3) ASCL (1) L (1),,1,,4,,3,,Sh. Type (5),,36,,103,,495,,465,,1,,24,,4,,PL (20) RR (16),,AGGREGATE,,False,6,1,6,7,kanpur_mededu_1971,Kanpur,Uttar Pradesh,1971,format_002,kanpur_mededu_001,kanpur_mededu_1971.pdf,62d4364d192dfc4dd16f3e9080a1abac1d334125a89289b57101ed6ea0dddb2e,33,34,12,13,E:\Archival-Digitisation-Project\1971_Trimmed_PDF\Uttar_Pradesh\metadata\document.xlsx,4bf05d889c56070f43e73558469b6cab4e2a96f37cf6cc1e9a7aa54c7efd5abe,2026-08-30T20:50:35.301311+00:00
,,Kanpur City Urban Agglomeration,,HC (3),,30,,A (4) ASL (1) AS (5) ASC (3) ASCL (1) L (1),,1,,4,,3,,Sh. Type (5),,36,,103,,495,,465,,1,,24,,4,,PL (20) RR (16),,AGGREGATE,,False,6,2,6,8,kanpur_mededu_1971,Kanpur,Uttar Pradesh,1971,format_002,kanpur_mededu_001,kanpur_mededu_1971.pdf,62d4364d192dfc4dd16f3e9080a1abac1d334125a89289b57101ed6ea0dddb2e,33,34,12,13,E:\Archival-Digitisation-Project\1971_Trimmed_PDF\Uttar_Pradesh\metadata\document.xlsx,4bf05d889c56070f43e73558469b6cab4e2a96f37cf6cc1e9a7aa54c7efd5abe,2026-08-30T20:50:35.301311+00:00
,,Kanpur City Urban Agglomeration,,TBC (5),,118,,A (4) ASL (1) AS (5) ASC (3) ASCL (1) L (1),,1,,4,,3,,Sh. Type (5),,36,,103,,495,,465,,1,,24,,4,,PL (20) RR (16),,AGGREGATE,,False,6,3,6,9,kanpur_mededu_1971,Kanpur,Uttar Pradesh,1971,format_002,kanpur_mededu_001,kanpur_mededu_1971.pdf,62d4364d192dfc4dd16f3e9080a1abac1d334125a89289b57101ed6ea0dddb2e,33,34,12,13,E:\Archival-Digitisation-Project\1971_Trimmed_PDF\Uttar_Pradesh\metadata\document.xlsx,4bf05d889c56070f43e73558469b6cab4e2a96f37cf6cc1e9a7aa54c7efd5abe,2026-08-30T20:50:35.301311+00:00
,,Kanpur City Urban Agglomeration,,*O (9),,250,,A (4) ASL (1) AS (5) ASC (3) ASCL (1) L (1),,1,,4,,3,,Sh. Type (5),,36,,103,,495,,465,,1,,24,,4,,PL (20) RR (16),,AGGREGATE,,False,6,4,6,10,kanpur_mededu_1971,Kanpur,Uttar Pradesh,1971,format_002,kanpur_mededu_001,kanpur_mededu_1971.pdf,62d4364d192dfc4dd16f3e9080a1abac1d334125a89289b57101ed6ea0dddb2e,33,34,12,13,E:\Archival-Digitisation-Project\1971_Trimmed_PDF\Uttar_Pradesh\metadata\document.xlsx,4bf05d889c56070f43e73558469b6cab4e2a96f37cf6cc1e9a7aa54c7efd5abe,2026-08-30T20:50:35.301311+00:00
,,Kanpur City Urban Agglomeration,,FC (17),,...,,A (4) ASL (1) AS (5) ASC (3) ASCL (1) L (1),,1,,4,,3,,Sh. Type (5),,36,,103,,495,,465,,1,,24,,4,,PL (20) RR (16),,AGGREGATE,,False,6,5,6,11,kanpur_mededu_1971,Kanpur,Uttar Pradesh,1971,format_002,kanpur_mededu_001,kanpur_mededu_1971.pdf,62d4364d192dfc4dd16f3e9080a1abac1d334125a89289b57101ed6ea0dddb2e,33,34,12,13,E:\Archival-Digitisation-Project\1971_Trimmed_PDF\Uttar_Pradesh\metadata\document.xlsx,4bf05d889c56070f43e73558469b6cab4e2a96f37cf6cc1e9a7aa54c7efd5abe,2026-08-30T20:50:35.301311+00:00
(i),,Armapur Estate,,H (1),,60,,...,,...,,...,,...,,...,,1,,4,,4,,...,,...,,1,,...,,PL (1),,COMPONENT,,False,7,0,3,12,kanpur_mededu_1971,Kanpur,Uttar Pradesh,1971,format_002,kanpur_mededu_001,kanpur_mededu_1971.pdf,62d4364d192dfc4dd16f3e9080a1abac1d334125a89289b57101ed6ea0dddb2e,33,34,12,13,E:\Archival-Digitisation-Project\1971_Trimmed_PDF\Uttar_Pradesh\metadata\document.xlsx,4bf05d889c56070f43e73558469b6cab4e2a96f37cf6cc1e9a7aa54c7efd5abe,2026-08-30T20:50:35.301311+00:00
(i),,Armapur Estate,,D (3),,...,,...,,...,,...,,...,,...,,1,,4,,4,,...,,...,,1,,...,,PL (1),,COMPONENT,,False,7,1,3,13,kanpur_mededu_1971,Kanpur,Uttar Pradesh,1971,format_002,kanpur_mededu_001,kanpur_mededu_1971.pdf,62d4364d192dfc4dd16f3e9080a1abac1d334125a89289b57101ed6ea0dddb2e,33,34,12,13,E:\Archival-Digitisation-Project\1971_Trimmed_PDF\Uttar_Pradesh\metadata\document.xlsx,4bf05d889c56070f43e73558469b6cab4e2a96f37cf6cc1e9a7aa54c7efd5abe,2026-08-30T20:50:35.301311+00:00
(i),,Armapur Estate,,FC (1),,...,,...,,...,,...,,...,,...,,1,,4,,4,,...,,...,,1,,...,,PL (1),,COMPONENT,,False,7,2,3,14,kanpur_mededu_1971,Kanpur,Uttar Pradesh,1971,format_002,kanpur_mededu_001,kanpur_mededu_1971.pdf,62d4364d192dfc4dd16f3e9080a1abac1d334125a89289b57101ed6ea0dddb2e,33,34,12,13,E:\Archival-Digitisation-Project\1971_Trimmed_PDF\Uttar_Pradesh\metadata\document.xlsx,4bf05d889c56070f43e73558469b6cab4e2a96f37cf6cc1e9a7aa54c7efd5abe,2026-08-30T20:50:35.301311+00:00
(ii),,Central Rly. Colony,,D (2),,...,,,,,,,,,,,,,,,,,,City Urban,,,,,,,,,,COMPONENT,,False,8,0,1,15,kanpur_mededu_1971,Kanpur,Uttar Pradesh,1971,format_002,kanpur_mededu_001,kanpur_mededu_1971.pdf,62d4364d192dfc4dd16f3e9080a1abac1d334125a89289b57101ed6ea0dddb2e,33,34,12,13,E:\Archival-Digitisation-Project\1971_Trimmed_PDF\Uttar_Pradesh\metadata\document.xlsx,4bf05d889c56070f43e73558469b6cab4e2a96f37cf6cc1e9a7aa54c7efd5abe,2026-08-30T20:50:35.301311+00:00
(iii),,Chakeri,,Not Available,,,,,,,,,,,,,,Not Available,,,,,,City Urban,,,,Not Available,,,,,,COMPONENT,,False,9,0,1,16,kanpur_mededu_1971,Kanpur,Uttar Pradesh,1971,format_002,kanpur_mededu_001,kanpur_mededu_1971.pdf,62d4364d192dfc4dd16f3e9080a1abac1d334125a89289b57101ed6ea0dddb2e,33,34,12,13,E:\Archival-Digitisation-Project\1971_Trimmed_PDF\Uttar_Pradesh\metadata\document.xlsx,4bf05d889c56070f43e73558469b6cab4e2a96f37cf6cc1e9a7aa54c7efd5abe,2026-08-30T20:50:35.301311+00:00
(iv),,I. I. T.,,HC (1),,30,,...,,...,,...,,...,,...,,1,,...,,1,,2,,...,,...,,...,,...,,COMPONENT,,False,10,0,1,17,kanpur_mededu_1971,Kanpur,Uttar Pradesh,1971,format_002,kanpur_mededu_001,kanpur_mededu_1971.pdf,62d4364d192dfc4dd16f3e9080a1abac1d334125a89289b57101ed6ea0dddb2e,33,34,12,13,E:\Archival-Digitisation-Project\1971_Trimmed_PDF\Uttar_Pradesh\metadata\document.xlsx,4bf05d889c56070f43e73558469b6cab4e2a96f37cf6cc1e9a7aa54c7efd5abe,2026-08-30T20:50:35.301311+00:00
(v),,Kanpur,,H (17),,"2,461",,LA (3) L (1) AS (5) ASC (3) ASCL (1),,1,,3,,3,,Sh. Type (5),,77,,95,,476,,463,,1,,20,,3,,PL (15),,COMPONENT,,False,11,0,5,18,kanpur_mededu_1971,Kanpur,Uttar Pradesh,1971,format_002,kanpur_mededu_001,kanpur_mededu_1971.pdf,62d4364d192dfc4dd16f3e9080a1abac1d334125a89289b57101ed6ea0dddb2e,33,34,12,13,E:\Archival-Digitisation-Project\1971_Trimmed_PDF\Uttar_Pradesh\metadata\document.xlsx,4bf05d889c56070f43e73558469b6cab4e2a96f37cf6cc1e9a7aa54c7efd5abe,2026-08-30T20:50:35.301311+00:00
(v),,Kanpur,,D (63),,...,,LA (3) L (1) AS (5) ASC (3) ASCL (1),,1,,3,,3,,Sh. Type (5),,77,,95,,476,,463,,1,,20,,3,,PL (15),,COMPONENT,,False,11,1,5,19,kanpur_mededu_1971,Kanpur,Uttar Pradesh,1971,format_002,kanpur_mededu_001,kanpur_mededu_1971.pdf,62d4364d192dfc4dd16f3e9080a1abac1d334125a89289b57101ed6ea0dddb2e,33,34,12,13,E:\Archival-Digitisation-Project\1971_Trimmed_PDF\Uttar_Pradesh\metadata\document.xlsx,4bf05d889c56070f43e73558469b6cab4e2a96f37cf6cc1e9a7aa54c7efd5abe,2026-08-30T20:50:35.301311+00:00
(v),,Kanpur,,TBC (5),,118,,LA (3) L (1) AS (5) ASC (3) ASCL (1),,1,,3,,3,,Sh. Type (5),,77,,95,,476,,463,,1,,20,,3,,PL (15),,COMPONENT,,False,11,2,5,20,kanpur_mededu_1971,Kanpur,Uttar Pradesh,1971,format_002,kanpur_mededu_001,kanpur_mededu_1971.pdf,62d4364d192dfc4dd16f3e9080a1abac1d334125a89289b57101ed6ea0dddb2e,33,34,12,13,E:\Archival-Digitisation-Project\1971_Trimmed_PDF\Uttar_Pradesh\metadata\document.xlsx,4bf05d889c56070f43e73558469b6cab4e2a96f37cf6cc1e9a7aa54c7efd5abe,2026-08-30T20:50:35.301311+00:00
(v),,Kanpur,,*O (9),,250,,LA (3) L (1) AS (5) ASC (3) ASCL (1),,1,,3,,3,,Sh. Type (5),,77,,95,,476,,463,,1,,20,,3,,PL (15),,COMPONENT,,False,11,3,5,21,kanpur_mededu_1971,Kanpur,Uttar Pradesh,1971,format_002,kanpur_mededu_001,kanpur_mededu_1971.pdf,62d4364d192dfc4dd16f3e9080a1abac1d334125a89289b57101ed6ea0dddb2e,33,34,12,13,E:\Archival-Digitisation-Project\1971_Trimmed_PDF\Uttar_Pradesh\metadata\document.xlsx,4bf05d889c56070f43e73558469b6cab4e2a96f37cf6cc1e9a7aa54c7efd5abe,2026-08-30T20:50:35.301311+00:00
(v),,Kanpur,,FC (14),,...,,LA (3) L (1) AS (5) ASC (3) ASCL (1),,1,,3,,3,,Sh. Type (5),,77,,95,,476,,463,,1,,20,,3,,PL (15),,COMPONENT,,False,11,4,5,22,kanpur_mededu_1971,Kanpur,Uttar Pradesh,1971,format_002,kanpur_mededu_001,kanpur_mededu_1971.pdf,62d4364d192dfc4dd16f3e9080a1abac1d334125a89289b57101ed6ea0dddb2e,33,34,12,13,E:\Archival-Digitisation-Project\1971_Trimmed_PDF\Uttar_Pradesh\metadata\document.xlsx,4bf05d889c56070f43e73558469b6cab4e2a96f37cf6cc1e9a7aa54c7efd5abe,2026-08-30T20:50:35.301311+00:00
(vi),,Kanpur Cantt.,,H (1),,30,,A (1) ASL (1),,...,,...,,...,,...,,7,,4,,9,,...,,...,,3,,...,,RR (13),,COMPONENT,,False,12,0,2,23,kanpur_mededu_1971,Kanpur,Uttar Pradesh,1971,format_002,kanpur_mededu_001,kanpur_mededu_1971.pdf,62d4364d192dfc4dd16f3e9080a1abac1d334125a89289b57101ed6ea0dddb2e,33,34,12,13,E:\Archival-Digitisation-Project\1971_Trimmed_PDF\Uttar_Pradesh\metadata\document.xlsx,4bf05d889c56070f43e73558469b6cab4e2a96f37cf6cc1e9a7aa54c7efd5abe,2026-08-30T20:50:35.301311+00:00
(vi),,Kanpur Cantt.,,D (1),,...,,A (1) ASL (1),,...,,...,,...,,...,,7,,4,,9,,...,,...,,3,,...,,RR (13),,COMPONENT,,False,12,1,2,24,kanpur_mededu_1971,Kanpur,Uttar Pradesh,1971,format_002,kanpur_mededu_001,kanpur_mededu_1971.pdf,62d4364d192dfc4dd16f3e9080a1abac1d334125a89289b57101ed6ea0dddb2e,33,34,12,13,E:\Archival-Digitisation-Project\1971_Trimmed_PDF\Uttar_Pradesh\metadata\document.xlsx,4bf05d889c56070f43e73558469b6cab4e2a96f37cf6cc1e9a7aa54c7efd5abe,2026-08-30T20:50:35.301311+00:00
(vii),,Northern Rly. Colony,,H (1),,30,,...,,...,,...,,...,,...,,...,,...,,5,,...,,...,,2,,...,,PL (3),,COMPONENT,,False,13,0,4,25,kanpur_mededu_1971,Kanpur,Uttar Pradesh,1971,format_002,kanpur_mededu_001,kanpur_mededu_1971.pdf,62d4364d192dfc4dd16f3e9080a1abac1d334125a89289b57101ed6ea0dddb2e,33,34,12,13,E:\Archival-Digitisation-Project\1971_Trimmed_PDF\Uttar_Pradesh\metadata\document.xlsx,4bf05d889c56070f43e73558469b6cab4e2a96f37cf6cc1e9a7aa54c7efd5abe,2026-08-30T20:50:35.301311+00:00
(vii),,Northern Rly. Colony,,D (3),,...,,...,,...,,...,,...,,...,,...,,...,,5,,...,,...,,2,,...,,PL (3),,COMPONENT,,False,13,1,4,26,kanpur_mededu_1971,Kanpur,Uttar Pradesh,1971,format_002,kanpur_mededu_001,kanpur_mededu_1971.pdf,62d4364d192dfc4dd16f3e9080a1abac1d334125a89289b57101ed6ea0dddb2e,33,34,12,13,E:\Archival-Digitisation-Project\1971_Trimmed_PDF\Uttar_Pradesh\metadata\document.xlsx,4bf05d889c56070f43e73558469b6cab4e2a96f37cf6cc1e9a7aa54c7efd5abe,2026-08-30T20:50:35.301311+00:00
(vii),,Northern Rly. Colony,,HC (1),,...,,...,,...,,...,,...,,...,,...,,...,,5,,...,,...,,2,,...,,PL (3),,COMPONENT,,False,13,2,4,27,kanpur_mededu_1971,Kanpur,Uttar Pradesh,1971,format_002,kanpur_mededu_001,kanpur_mededu_1971.pdf,62d4364d192dfc4dd16f3e9080a1abac1d334125a89289b57101ed6ea0dddb2e,33,34,12,13,E:\Archival-Digitisation-Project\1971_Trimmed_PDF\Uttar_Pradesh\metadata\document.xlsx,4bf05d889c56070f43e73558469b6cab4e2a96f37cf6cc1e9a7aa54c7efd5abe,2026-08-30T20:50:35.301311+00:00
(vii),,Northern Rly. Colony,,FC (1),,...,,...,,...,,...,,...,,...,,...,,...,,5,,...,,...,,2,,...,,PL (3),,COMPONENT,,False,13,3,4,28,kanpur_mededu_1971,Kanpur,Uttar Pradesh,1971,format_002,kanpur_mededu_001,kanpur_mededu_1971.pdf,62d4364d192dfc4dd16f3e9080a1abac1d334125a89289b57101ed6ea0dddb2e,33,34,12,13,E:\Archival-Digitisation-Project\1971_Trimmed_PDF\Uttar_Pradesh\metadata\document.xlsx,4bf05d889c56070f43e73558469b6cab4e2a96f37cf6cc1e9a7aa54c7efd5abe,2026-08-30T20:50:35.301311+00:00
(viii),,Rawatpur Station Yard,,HC (1),,...,,...,,...,,...,,...,,...,,...,,...,,1,,...,,...,,...,,...,,RR (3),,COMPONENT,,False,14,0,2,29,kanpur_mededu_1971,Kanpur,Uttar Pradesh,1971,format_002,kanpur_mededu_001,kanpur_mededu_1971.pdf,62d4364d192dfc4dd16f3e9080a1abac1d334125a89289b57101ed6ea0dddb2e,33,34,12,13,E:\Archival-Digitisation-Project\1971_Trimmed_PDF\Uttar_Pradesh\metadata\document.xlsx,4bf05d889c56070f43e73558469b6cab4e2a96f37cf6cc1e9a7aa54c7efd5abe,2026-08-30T20:50:35.301311+00:00
(viii),,Rawatpur Station Yard,,FC (1),,...,,...,,...,,...,,...,,...,,...,,...,,1,,...,,...,,...,,...,,RR (3),,COMPONENT,,False,14,1,2,30,kanpur_mededu_1971,Kanpur,Uttar Pradesh,1971,format_002,kanpur_mededu_001,kanpur_mededu_1971.pdf,62d4364d192dfc4dd16f3e9080a1abac1d334125a89289b57101ed6ea0dddb2e,33,34,12,13,E:\Archival-Digitisation-Project\1971_Trimmed_PDF\Uttar_Pradesh\metadata\document.xlsx,4bf05d889c56070f43e73558469b6cab4e2a96f37cf6cc1e9a7aa54c7efd5abe,2026-08-30T20:50:35.301311+00:00
7,,Northern Rly. Colony,,See,,,,,,,,,,,,,,,,,,,,City Urban,,,,,,,,,,CROSS_REFERENCE,Kanpur City Urban Agglomeration,False,15,0,1,31,kanpur_mededu_1971,Kanpur,Uttar Pradesh,1971,format_002,kanpur_mededu_001,kanpur_mededu_1971.pdf,62d4364d192dfc4dd16f3e9080a1abac1d334125a89289b57101ed6ea0dddb2e,33,34,12,13,E:\Archival-Digitisation-Project\1971_Trimmed_PDF\Uttar_Pradesh\metadata\document.xlsx,4bf05d889c56070f43e73558469b6cab4e2a96f37cf6cc1e9a7aa54c7efd5abe,2026-08-30T20:50:35.301311+00:00
8,,Pukhrayan,,D (1),,8,,A (1),,...,,...,,...,,...,,5,,2,,3,,...,,...,,...,,...,,PL (4),,ORDINARY,,False,16,0,2,32,kanpur_mededu_1971,Kanpur,Uttar Pradesh,1971,format_002,kanpur_mededu_001,kanpur_mededu_1971.pdf,62d4364d192dfc4dd16f3e9080a1abac1d334125a89289b57101ed6ea0dddb2e,33,34,12,13,E:\Archival-Digitisation-Project\1971_Trimmed_PDF\Uttar_Pradesh\metadata\document.xlsx,4bf05d889c56070f43e73558469b6cab4e2a96f37cf6cc1e9a7aa54c7efd5abe,2026-08-30T20:50:35.301311+00:00
8,,Pukhrayan,,FC (1),,...,,A (1),,...,,...,,...,,...,,5,,2,,3,,...,,...,,...,,...,,PL (4),,ORDINARY,,False,16,1,2,33,kanpur_mededu_1971,Kanpur,Uttar Pradesh,1971,format_002,kanpur_mededu_001,kanpur_mededu_1971.pdf,62d4364d192dfc4dd16f3e9080a1abac1d334125a89289b57101ed6ea0dddb2e,33,34,12,13,E:\Archival-Digitisation-Project\1971_Trimmed_PDF\Uttar_Pradesh\metadata\document.xlsx,4bf05d889c56070f43e73558469b6cab4e2a96f37cf6cc1e9a7aa54c7efd5abe,2026-08-30T20:50:35.301311+00:00
9,,Rawatpur Station Yard,,See,,,,,,,,,,,,,,,,,,,,City Urban,,,,,,,,,,CROSS_REFERENCE,Kanpur City Urban Agglomeration,False,17,0,1,34,kanpur_mededu_1971,Kanpur,Uttar Pradesh,1971,format_002,kanpur_mededu_001,kanpur_mededu_1971.pdf,62d4364d192dfc4dd16f3e9080a1abac1d334125a89289b57101ed6ea0dddb2e,33,34,12,13,E:\Archival-Digitisation-Project\1971_Trimmed_PDF\Uttar_Pradesh\metadata\document.xlsx,4bf05d889c56070f43e73558469b6cab4e2a96f37cf6cc1e9a7aa54c7efd5abe,2026-08-30T20:50:35.301311+00:00
1,,Gola Gokaran Nath,,H (4),,45,,A (1),,...,,...,,...,,...,,3,,3,,9,,1,,...,,2,,...,,PL (1) RR (1),,ORDINARY,,False,0,0,4,0,kheri_mededu_1971,Kheri,Uttar Pradesh,1971,format_002,kheri_mededu_001,kheri_mededu_1971.pdf,3ff8b29bb398bf4cee5a944079cbe64105bea3c2115a569ad6d94b0fac04c856,27,28,6,7,E:\Archival-Digitisation-Project\1971_Trimmed_PDF\Uttar_Pradesh\metadata\document.xlsx,4bf05d889c56070f43e73558469b6cab4e2a96f37cf6cc1e9a7aa54c7efd5abe,2026-08-30T20:54:42.905756+00:00
1,,Gola Gokaran Nath,,D (7),,58,,A (1),,...,,...,,...,,...,,3,,3,,9,,1,,...,,2,,...,,PL (1) RR (1),,ORDINARY,,False,0,1,4,1,kheri_mededu_1971,Kheri,Uttar Pradesh,1971,format_002,kheri_mededu_001,kheri_mededu_1971.pdf,3ff8b29bb398bf4cee5a944079cbe64105bea3c2115a569ad6d94b0fac04c856,27,28,6,7,E:\Archival-Digitisation-Project\1971_Trimmed_PDF\Uttar_Pradesh\metadata\document.xlsx,4bf05d889c56070f43e73558469b6cab4e2a96f37cf6cc1e9a7aa54c7efd5abe,2026-08-30T20:54:42.905756+00:00
1,,Gola Gokaran Nath,,FC (1),,...,,A (1),,...,,...,,...,,...,,3,,3,,9,,1,,...,,2,,...,,PL (1) RR (1),,ORDINARY,,False,0,2,4,2,kheri_mededu_1971,Kheri,Uttar Pradesh,1971,format_002,kheri_mededu_001,kheri_mededu_1971.pdf,3ff8b29bb398bf4cee5a944079cbe64105bea3c2115a569ad6d94b0fac04c856,27,28,6,7,E:\Archival-Digitisation-Project\1971_Trimmed_PDF\Uttar_Pradesh\metadata\document.xlsx,4bf05d889c56070f43e73558469b6cab4e2a96f37cf6cc1e9a7aa54c7efd5abe,2026-08-30T20:54:42.905756+00:00
1,,Gola Gokaran Nath,,O (1),,...,,A (1),,...,,...,,...,,...,,3,,3,,9,,1,,...,,2,,...,,PL (1) RR (1),,ORDINARY,,False,0,3,4,3,kheri_mededu_1971,Kheri,Uttar Pradesh,1971,format_002,kheri_mededu_001,kheri_mededu_1971.pdf,3ff8b29bb398bf4cee5a944079cbe64105bea3c2115a569ad6d94b0fac04c856,27,28,6,7,E:\Archival-Digitisation-Project\1971_Trimmed_PDF\Uttar_Pradesh\metadata\document.xlsx,4bf05d889c56070f43e73558469b6cab4e2a96f37cf6cc1e9a7aa54c7efd5abe,2026-08-30T20:54:42.905756+00:00
2,,Kheri,,D (1),,...,,...,,...,,...,,...,,...,,...,,2,,2,,...,,...,,...,,...,,...,,ORDINARY,,False,1,0,5,4,kheri_mededu_1971,Kheri,Uttar Pradesh,1971,format_002,kheri_mededu_001,kheri_mededu_1971.pdf,3ff8b29bb398bf4cee5a944079cbe64105bea3c2115a569ad6d94b0fac04c856,27,28,6,7,E:\Archival-Digitisation-Project\1971_Trimmed_PDF\Uttar_Pradesh\metadata\document.xlsx,4bf05d889c56070f43e73558469b6cab4e2a96f37cf6cc1e9a7aa54c7efd5abe,2026-08-30T20:54:42.905756+00:00
2,,Kheri,,H (1),,...,,...,,...,,...,,...,,...,,...,,2,,2,,...,,...,,...,,...,,...,,ORDINARY,,False,1,1,5,5,kheri_mededu_1971,Kheri,Uttar Pradesh,1971,format_002,kheri_mededu_001,kheri_mededu_1971.pdf,3ff8b29bb398bf4cee5a944079cbe64105bea3c2115a569ad6d94b0fac04c856,27,28,6,7,E:\Archival-Digitisation-Project\1971_Trimmed_PDF\Uttar_Pradesh\metadata\document.xlsx,4bf05d889c56070f43e73558469b6cab4e2a96f37cf6cc1e9a7aa54c7efd5abe,2026-08-30T20:54:42.905756+00:00
2,,Kheri,,O (1),,...,,...,,...,,...,,...,,...,,...,,2,,2,,...,,...,,...,,...,,...,,ORDINARY,,False,1,2,5,6,kheri_mededu_1971,Kheri,Uttar Pradesh,1971,format_002,kheri_mededu_001,kheri_mededu_1971.pdf,3ff8b29bb398bf4cee5a944079cbe64105bea3c2115a569ad6d94b0fac04c856,27,28,6,7,E:\Archival-Digitisation-Project\1971_Trimmed_PDF\Uttar_Pradesh\metadata\document.xlsx,4bf05d889c56070f43e73558469b6cab4e2a96f37cf6cc1e9a7aa54c7efd5abe,2026-08-30T20:54:42.905756+00:00
2,,Kheri,,TBC (1),,...,,...,,...,,...,,...,,...,,...,,2,,2,,...,,...,,...,,...,,...,,ORDINARY,,False,1,3,5,7,kheri_mededu_1971,Kheri,Uttar Pradesh,1971,format_002,kheri_mededu_001,kheri_mededu_1971.pdf,3ff8b29bb398bf4cee5a944079cbe64105bea3c2115a569ad6d94b0fac04c856,27,28,6,7,E:\Archival-Digitisation-Project\1971_Trimmed_PDF\Uttar_Pradesh\metadata\document.xlsx,4bf05d889c56070f43e73558469b6cab4e2a96f37cf6cc1e9a7aa54c7efd5abe,2026-08-30T20:54:42.905756+00:00
2,,Kheri,,O (1),,...,,...,,...,,...,,...,,...,,...,,2,,2,,...,,...,,...,,...,,...,,ORDINARY,,False,1,4,5,8,kheri_mededu_1971,Kheri,Uttar Pradesh,1971,format_002,kheri_mededu_001,kheri_mededu_1971.pdf,3ff8b29bb398bf4cee5a944079cbe64105bea3c2115a569ad6d94b0fac04c856,27,28,6,7,E:\Archival-Digitisation-Project\1971_Trimmed_PDF\Uttar_Pradesh\metadata\document.xlsx,4bf05d889c56070f43e73558469b6cab4e2a96f37cf6cc1e9a7aa54c7efd5abe,2026-08-30T20:54:42.905756+00:00
3,,Lakhimpur,,H (8),,198,,A (1) ASC (1),,...,,...,,...,,Sh. Type O (2),,7,,5,,16,,4,,...,,2,,...,,PL (4),,ORDINARY,,False,2,0,3,9,kheri_mededu_1971,Kheri,Uttar Pradesh,1971,format_002,kheri_mededu_001,kheri_mededu_1971.pdf,3ff8b29bb398bf4cee5a944079cbe64105bea3c2115a569ad6d94b0fac04c856,27,28,6,7,E:\Archival-Digitisation-Project\1971_Trimmed_PDF\Uttar_Pradesh\metadata\document.xlsx,4bf05d889c56070f43e73558469b6cab4e2a96f37cf6cc1e9a7aa54c7efd5abe,2026-08-30T20:54:42.905756+00:00
3,,Lakhimpur,,FC (1),,...,,A (1) ASC (1),,...,,...,,...,,Sh. Type O (2),,7,,5,,16,,4,,...,,2,,...,,PL (4),,ORDINARY,,False,2,1,3,10,kheri_mededu_1971,Kheri,Uttar Pradesh,1971,format_002,kheri_mededu_001,kheri_mededu_1971.pdf,3ff8b29bb398bf4cee5a944079cbe64105bea3c2115a569ad6d94b0fac04c856,27,28,6,7,E:\Archival-Digitisation-Project\1971_Trimmed_PDF\Uttar_Pradesh\metadata\document.xlsx,4bf05d889c56070f43e73558469b6cab4e2a96f37cf6cc1e9a7aa54c7efd5abe,2026-08-30T20:54:42.905756+00:00
3,,Lakhimpur,,TBC (1),,...,,A (1) ASC (1),,...,,...,,...,,Sh. Type O (2),,7,,5,,16,,4,,...,,2,,...,,PL (4),,ORDINARY,,False,2,2,3,11,kheri_mededu_1971,Kheri,Uttar Pradesh,1971,format_002,kheri_mededu_001,kheri_mededu_1971.pdf,3ff8b29bb398bf4cee5a944079cbe64105bea3c2115a569ad6d94b0fac04c856,27,28,6,7,E:\Archival-Digitisation-Project\1971_Trimmed_PDF\Uttar_Pradesh\metadata\document.xlsx,4bf05d889c56070f43e73558469b6cab4e2a96f37cf6cc1e9a7aa54c7efd5abe,2026-08-30T20:54:42.905756+00:00
4,,Mohamdi,,H (1),,18,,...,,...,,...,,...,,...,,2,,3,,5,,...,,...,,...,,...,,...,,ORDINARY,,False,3,0,2,12,kheri_mededu_1971,Kheri,Uttar Pradesh,1971,format_002,kheri_mededu_001,kheri_mededu_1971.pdf,3ff8b29bb398bf4cee5a944079cbe64105bea3c2115a569ad6d94b0fac04c856,27,28,6,7,E:\Archival-Digitisation-Project\1971_Trimmed_PDF\Uttar_Pradesh\metadata\document.xlsx,4bf05d889c56070f43e73558469b6cab4e2a96f37cf6cc1e9a7aa54c7efd5abe,2026-08-30T20:54:42.905756+00:00
4,,Mohamdi,,D (1),,...,,...,,...,,...,,...,,...,,2,,3,,5,,...,,...,,...,,...,,...,,ORDINARY,,False,3,1,2,13,kheri_mededu_1971,Kheri,Uttar Pradesh,1971,format_002,kheri_mededu_001,kheri_mededu_1971.pdf,3ff8b29bb398bf4cee5a944079cbe64105bea3c2115a569ad6d94b0fac04c856,27,28,6,7,E:\Archival-Digitisation-Project\1971_Trimmed_PDF\Uttar_Pradesh\metadata\document.xlsx,4bf05d889c56070f43e73558469b6cab4e2a96f37cf6cc1e9a7aa54c7efd5abe,2026-08-30T20:54:42.905756+00:00
1,,Charbagh-Alambagh,,,,,,,,,,,,,,,,,,,,,,,,,,,,,,,,CROSS_REFERENCE,Lucknow City Urban Agglomeration,False,0,0,1,0,lucknow_mededu_1971,Lucknow,Uttar Pradesh,1971,format_002,lucknow_mededu_001,lucknow_mededu_1971.pdf,af004de9d583f5fdcb3683b1da4861da9e66ffb9a2b66944e6fb622253c2bbb8,26,27,8,9,E:\Archival-Digitisation-Project\1971_Trimmed_PDF\Uttar_Pradesh\metadata\document.xlsx,4bf05d889c56070f43e73558469b6cab4e2a96f37cf6cc1e9a7aa54c7efd5abe,2026-08-30T20:59:08.658639+00:00
2,,Lucknow,,,,,,,,,,,,,,,,,,,,,,,,,,,,,,,,CROSS_REFERENCE,Lucknow City Urban Agglomeration,False,1,0,1,1,lucknow_mededu_1971,Lucknow,Uttar Pradesh,1971,format_002,lucknow_mededu_001,lucknow_mededu_1971.pdf,af004de9d583f5fdcb3683b1da4861da9e66ffb9a2b66944e6fb622253c2bbb8,26,27,8,9,E:\Archival-Digitisation-Project\1971_Trimmed_PDF\Uttar_Pradesh\metadata\document.xlsx,4bf05d889c56070f43e73558469b6cab4e2a96f37cf6cc1e9a7aa54c7efd5abe,2026-08-30T20:59:08.658639+00:00
3,,Lucknow Cantt.,,,,,,,,,,,,,,,,,,,,,,,,,,,,,,,,CROSS_REFERENCE,Lucknow City Urban Agglomeration,False,2,0,1,2,lucknow_mededu_1971,Lucknow,Uttar Pradesh,1971,format_002,lucknow_mededu_001,lucknow_mededu_1971.pdf,af004de9d583f5fdcb3683b1da4861da9e66ffb9a2b66944e6fb622253c2bbb8,26,27,8,9,E:\Archival-Digitisation-Project\1971_Trimmed_PDF\Uttar_Pradesh\metadata\document.xlsx,4bf05d889c56070f43e73558469b6cab4e2a96f37cf6cc1e9a7aa54c7efd5abe,2026-08-30T20:59:08.658639+00:00
,,Lucknow City Urban Agglomeration,,H (18),,"2,272",,A (7) AS (6) ASC (2),,5**,,...,,4,,Sh. Type (14) O (11),,123,,57,,471,,24,,2,,18,,7,,PL (10) RR (23),,AGGREGATE,,False,3,0,5,3,lucknow_mededu_1971,Lucknow,Uttar Pradesh,1971,format_002,lucknow_mededu_001,lucknow_mededu_1971.pdf,af004de9d583f5fdcb3683b1da4861da9e66ffb9a2b66944e6fb622253c2bbb8,26,27,8,9,E:\Archival-Digitisation-Project\1971_Trimmed_PDF\Uttar_Pradesh\metadata\document.xlsx,4bf05d889c56070f43e73558469b6cab4e2a96f37cf6cc1e9a7aa54c7efd5abe,2026-08-30T20:59:08.658639+00:00
,,Lucknow City Urban Agglomeration,,D (21),,38,,A (7) AS (6) ASC (2),,5**,,...,,4,,Sh. Type (14) O (11),,123,,57,,471,,24,,2,,18,,7,,PL (10) RR (23),,AGGREGATE,,False,3,1,5,4,lucknow_mededu_1971,Lucknow,Uttar Pradesh,1971,format_002,lucknow_mededu_001,lucknow_mededu_1971.pdf,af004de9d583f5fdcb3683b1da4861da9e66ffb9a2b66944e6fb622253c2bbb8,26,27,8,9,E:\Archival-Digitisation-Project\1971_Trimmed_PDF\Uttar_Pradesh\metadata\document.xlsx,4bf05d889c56070f43e73558469b6cab4e2a96f37cf6cc1e9a7aa54c7efd5abe,2026-08-30T20:59:08.658639+00:00
,,Lucknow City Urban Agglomeration,,TBC (1),,9,,A (7) AS (6) ASC (2),,5**,,...,,4,,Sh. Type (14) O (11),,123,,57,,471,,24,,2,,18,,7,,PL (10) RR (23),,AGGREGATE,,False,3,2,5,5,lucknow_mededu_1971,Lucknow,Uttar Pradesh,1971,format_002,lucknow_mededu_001,lucknow_mededu_1971.pdf,af004de9d583f5fdcb3683b1da4861da9e66ffb9a2b66944e6fb622253c2bbb8,26,27,8,9,E:\Archival-Digitisation-Project\1971_Trimmed_PDF\Uttar_Pradesh\metadata\document.xlsx,4bf05d889c56070f43e73558469b6cab4e2a96f37cf6cc1e9a7aa54c7efd5abe,2026-08-30T20:59:08.658639+00:00
,,Lucknow City Urban Agglomeration,,FC (16),,...,,A (7) AS (6) ASC (2),,5**,,...,,4,,Sh. Type (14) O (11),,123,,57,,471,,24,,2,,18,,7,,PL (10) RR (23),,AGGREGATE,,False,3,3,5,6,lucknow_mededu_1971,Lucknow,Uttar Pradesh,1971,format_002,lucknow_mededu_001,lucknow_mededu_1971.pdf,af004de9d583f5fdcb3683b1da4861da9e66ffb9a2b66944e6fb622253c2bbb8,26,27,8,9,E:\Archival-Digitisation-Project\1971_Trimmed_PDF\Uttar_Pradesh\metadata\document.xlsx,4bf05d889c56070f43e73558469b6cab4e2a96f37cf6cc1e9a7aa54c7efd5abe,2026-08-30T20:59:08.658639+00:00
,,Lucknow City Urban Agglomeration,,*O (1),,35,,A (7) AS (6) ASC (2),,5**,,...,,4,,Sh. Type (14) O (11),,123,,57,,471,,24,,2,,18,,7,,PL (10) RR (23),,AGGREGATE,,False,3,4,5,7,lucknow_mededu_1971,Lucknow,Uttar Pradesh,1971,format_002,lucknow_mededu_001,lucknow_mededu_1971.pdf,af004de9d583f5fdcb3683b1da4861da9e66ffb9a2b66944e6fb622253c2bbb8,26,27,8,9,E:\Archival-Digitisation-Project\1971_Trimmed_PDF\Uttar_Pradesh\metadata\document.xlsx,4bf05d889c56070f43e73558469b6cab4e2a96f37cf6cc1e9a7aa54c7efd5abe,2026-08-30T20:59:08.658639+00:00
(i),,Charbagh-Alambagh,,H (1),,72,,...,,...,,...,,1,,...,,...,,2,,3,,...,,1,,...,,1,,PL (1) RR (3),,COMPONENT,,False,4,0,3,8,lucknow_mededu_1971,Lucknow,Uttar Pradesh,1971,format_002,lucknow_mededu_001,lucknow_mededu_1971.pdf,af004de9d583f5fdcb3683b1da4861da9e66ffb9a2b66944e6fb622253c2bbb8,26,27,8,9,E:\Archival-Digitisation-Project\1971_Trimmed_PDF\Uttar_Pradesh\metadata\document.xlsx,4bf05d889c56070f43e73558469b6cab4e2a96f37cf6cc1e9a7aa54c7efd5abe,2026-08-30T20:59:08.658639+00:00
(i),,Charbagh-Alambagh,,D (4),,9,,...,,...,,...,,1,,...,,...,,2,,3,,...,,1,,...,,1,,PL (1) RR (3),,COMPONENT,,False,4,1,3,9,lucknow_mededu_1971,Lucknow,Uttar Pradesh,1971,format_002,lucknow_mededu_001,lucknow_mededu_1971.pdf,af004de9d583f5fdcb3683b1da4861da9e66ffb9a2b66944e6fb622253c2bbb8,26,27,8,9,E:\Archival-Digitisation-Project\1971_Trimmed_PDF\Uttar_Pradesh\metadata\document.xlsx,4bf05d889c56070f43e73558469b6cab4e2a96f37cf6cc1e9a7aa54c7efd5abe,2026-08-30T20:59:08.658639+00:00
(i),,Charbagh-Alambagh,,FC (1),,...,,...,,...,,...,,1,,...,,...,,2,,3,,...,,1,,...,,1,,PL (1) RR (3),,COMPONENT,,False,4,2,3,10,lucknow_mededu_1971,Lucknow,Uttar Pradesh,1971,format_002,lucknow_mededu_001,lucknow_mededu_1971.pdf,af004de9d583f5fdcb3683b1da4861da9e66ffb9a2b66944e6fb622253c2bbb8,26,27,8,9,E:\Archival-Digitisation-Project\1971_Trimmed_PDF\Uttar_Pradesh\metadata\document.xlsx,4bf05d889c56070f43e73558469b6cab4e2a96f37cf6cc1e9a7aa54c7efd5abe,2026-08-30T20:59:08.658639+00:00
(ii),,Lucknow,,H (15),,"2,156",,A (7) AS (6) ASC (2),,5**,,...,,3,,Sh. Type (14) O (11),,121,,55,,460,,24,,1,,18,,6,,PL (7) RR (20),,COMPONENT,,False,5,0,5,11,lucknow_mededu_1971,Lucknow,Uttar Pradesh,1971,format_002,lucknow_mededu_001,lucknow_mededu_1971.pdf,af004de9d583f5fdcb3683b1da4861da9e66ffb9a2b66944e6fb622253c2bbb8,26,27,8,9,E:\Archival-Digitisation-Project\1971_Trimmed_PDF\Uttar_Pradesh\metadata\document.xlsx,4bf05d889c56070f43e73558469b6cab4e2a96f37cf6cc1e9a7aa54c7efd5abe,2026-08-30T20:59:08.658639+00:00
(ii),,Lucknow,,D (16),,29,,A (7) AS (6) ASC (2),,5**,,...,,3,,Sh. Type (14) O (11),,121,,55,,460,,24,,1,,18,,6,,PL (7) RR (20),,COMPONENT,,False,5,1,5,12,lucknow_mededu_1971,Lucknow,Uttar Pradesh,1971,format_002,lucknow_mededu_001,lucknow_mededu_1971.pdf,af004de9d583f5fdcb3683b1da4861da9e66ffb9a2b66944e6fb622253c2bbb8,26,27,8,9,E:\Archival-Digitisation-Project\1971_Trimmed_PDF\Uttar_Pradesh\metadata\document.xlsx,4bf05d889c56070f43e73558469b6cab4e2a96f37cf6cc1e9a7aa54c7efd5abe,2026-08-30T20:59:08.658639+00:00
(ii),,Lucknow,,TBC (1),,9,,A (7) AS (6) ASC (2),,5**,,...,,3,,Sh. Type (14) O (11),,121,,55,,460,,24,,1,,18,,6,,PL (7) RR (20),,COMPONENT,,False,5,2,5,13,lucknow_mededu_1971,Lucknow,Uttar Pradesh,1971,format_002,lucknow_mededu_001,lucknow_mededu_1971.pdf,af004de9d583f5fdcb3683b1da4861da9e66ffb9a2b66944e6fb622253c2bbb8,26,27,8,9,E:\Archival-Digitisation-Project\1971_Trimmed_PDF\Uttar_Pradesh\metadata\document.xlsx,4bf05d889c56070f43e73558469b6cab4e2a96f37cf6cc1e9a7aa54c7efd5abe,2026-08-30T20:59:08.658639+00:00
(ii),,Lucknow,,FC (15),,...,,A (7) AS (6) ASC (2),,5**,,...,,3,,Sh. Type (14) O (11),,121,,55,,460,,24,,1,,18,,6,,PL (7) RR (20),,COMPONENT,,False,5,3,5,14,lucknow_mededu_1971,Lucknow,Uttar Pradesh,1971,format_002,lucknow_mededu_001,lucknow_mededu_1971.pdf,af004de9d583f5fdcb3683b1da4861da9e66ffb9a2b66944e6fb622253c2bbb8,26,27,8,9,E:\Archival-Digitisation-Project\1971_Trimmed_PDF\Uttar_Pradesh\metadata\document.xlsx,4bf05d889c56070f43e73558469b6cab4e2a96f37cf6cc1e9a7aa54c7efd5abe,2026-08-30T20:59:08.658639+00:00
(ii),,Lucknow,,*O (1),,35,,A (7) AS (6) ASC (2),,5**,,...,,3,,Sh. Type (14) O (11),,121,,55,,460,,24,,1,,18,,6,,PL (7) RR (20),,COMPONENT,,False,5,4,5,15,lucknow_mededu_1971,Lucknow,Uttar Pradesh,1971,format_002,lucknow_mededu_001,lucknow_mededu_1971.pdf,af004de9d583f5fdcb3683b1da4861da9e66ffb9a2b66944e6fb622253c2bbb8,26,27,8,9,E:\Archival-Digitisation-Project\1971_Trimmed_PDF\Uttar_Pradesh\metadata\document.xlsx,4bf05d889c56070f43e73558469b6cab4e2a96f37cf6cc1e9a7aa54c7efd5abe,2026-08-30T20:59:08.658639+00:00
(iii),,Lucknow Cantt.,,H (2),,44,,...,,...,,...,,...,,...,,...,,...,,8,,...,,...,,...,,...,,PL (2),,COMPONENT,,False,6,0,2,16,lucknow_mededu_1971,Lucknow,Uttar Pradesh,1971,format_002,lucknow_mededu_001,lucknow_mededu_1971.pdf,af004de9d583f5fdcb3683b1da4861da9e66ffb9a2b66944e6fb622253c2bbb8,26,27,8,9,E:\Archival-Digitisation-Project\1971_Trimmed_PDF\Uttar_Pradesh\metadata\document.xlsx,4bf05d889c56070f43e73558469b6cab4e2a96f37cf6cc1e9a7aa54c7efd5abe,2026-08-30T20:59:08.658639+00:00
(iii),,Lucknow Cantt.,,D (1),,...,,...,,...,,...,,...,,...,,...,,...,,8,,...,,...,,...,,...,,PL (2),,COMPONENT,,False,6,1,2,17,lucknow_mededu_1971,Lucknow,Uttar Pradesh,1971,format_002,lucknow_mededu_001,lucknow_mededu_1971.pdf,af004de9d583f5fdcb3683b1da4861da9e66ffb9a2b66944e6fb622253c2bbb8,26,27,8,9,E:\Archival-Digitisation-Project\1971_Trimmed_PDF\Uttar_Pradesh\metadata\document.xlsx,4bf05d889c56070f43e73558469b6cab4e2a96f37cf6cc1e9a7aa54c7efd5abe,2026-08-30T20:59:08.658639+00:00
4,,Malihabad,,D (2),,8,,...,,...,,...,,...,,...,,...,,2,,7,,...,,...,,...,,...,,PL (2),,ORDINARY,,False,7,0,4,18,lucknow_mededu_1971,Lucknow,Uttar Pradesh,1971,format_002,lucknow_mededu_001,lucknow_mededu_1971.pdf,af004de9d583f5fdcb3683b1da4861da9e66ffb9a2b66944e6fb622253c2bbb8,26,27,8,9,E:\Archival-Digitisation-Project\1971_Trimmed_PDF\Uttar_Pradesh\metadata\document.xlsx,4bf05d889c56070f43e73558469b6cab4e2a96f37cf6cc1e9a7aa54c7efd5abe,2026-08-30T20:59:08.658639+00:00
4,,Malihabad,,HC (1),,...,,...,,...,,...,,...,,...,,...,,2,,7,,...,,...,,...,,...,,PL (2),,ORDINARY,,False,7,1,4,19,lucknow_mededu_1971,Lucknow,Uttar Pradesh,1971,format_002,lucknow_mededu_001,lucknow_mededu_1971.pdf,af004de9d583f5fdcb3683b1da4861da9e66ffb9a2b66944e6fb622253c2bbb8,26,27,8,9,E:\Archival-Digitisation-Project\1971_Trimmed_PDF\Uttar_Pradesh\metadata\document.xlsx,4bf05d889c56070f43e73558469b6cab4e2a96f37cf6cc1e9a7aa54c7efd5abe,2026-08-30T20:59:08.658639+00:00
4,,Malihabad,,FC (1),,...,,...,,...,,...,,...,,...,,...,,2,,7,,...,,...,,...,,...,,PL (2),,ORDINARY,,False,7,2,4,20,lucknow_mededu_1971,Lucknow,Uttar Pradesh,1971,format_002,lucknow_mededu_001,lucknow_mededu_1971.pdf,af004de9d583f5fdcb3683b1da4861da9e66ffb9a2b66944e6fb622253c2bbb8,26,27,8,9,E:\Archival-Digitisation-Project\1971_Trimmed_PDF\Uttar_Pradesh\metadata\document.xlsx,4bf05d889c56070f43e73558469b6cab4e2a96f37cf6cc1e9a7aa54c7efd5abe,2026-08-30T20:59:08.658639+00:00
4,,Malihabad,,*O (1),,...,,...,,...,,...,,...,,...,,...,,2,,7,,...,,...,,...,,...,,PL (2),,ORDINARY,,False,7,3,4,21,lucknow_mededu_1971,Lucknow,Uttar Pradesh,1971,format_002,lucknow_mededu_001,lucknow_mededu_1971.pdf,af004de9d583f5fdcb3683b1da4861da9e66ffb9a2b66944e6fb622253c2bbb8,26,27,8,9,E:\Archival-Digitisation-Project\1971_Trimmed_PDF\Uttar_Pradesh\metadata\document.xlsx,4bf05d889c56070f43e73558469b6cab4e2a96f37cf6cc1e9a7aa54c7efd5abe,2026-08-30T20:59:08.658639+00:00
1,,Bewar,,H (1),,6,,...,,...,,...,,...,,...,,3,,2,,3,,...,,...,,...,,...,,...,,ORDINARY,,False,0,0,3,0,mainpuri_mededu_1971,Mainpuri,Uttar Pradesh,1971,format_002,mainpuri_mededu_001,mainpuri_mededu_1971.pdf,f45416466f0ef51e8fb0267ceb6c9e8b6a233dfbf86e8af2032d991146b50a69,23,24,8,9,E:\Archival-Digitisation-Project\1971_Trimmed_PDF\Uttar_Pradesh\metadata\document.xlsx,4bf05d889c56070f43e73558469b6cab4e2a96f37cf6cc1e9a7aa54c7efd5abe,2026-08-30T21:02:36.844395+00:00
1,,Bewar,,NH (1),,...,,...,,...,,...,,...,,...,,3,,2,,3,,...,,...,,...,,...,,...,,ORDINARY,,False,0,1,3,1,mainpuri_mededu_1971,Mainpuri,Uttar Pradesh,1971,format_002,mainpuri_mededu_001,mainpuri_mededu_1971.pdf,f45416466f0ef51e8fb0267ceb6c9e8b6a233dfbf86e8af2032d991146b50a69,23,24,8,9,E:\Archival-Digitisation-Project\1971_Trimmed_PDF\Uttar_Pradesh\metadata\document.xlsx,4bf05d889c56070f43e73558469b6cab4e2a96f37cf6cc1e9a7aa54c7efd5abe,2026-08-30T21:02:36.844395+00:00
1,,Bewar,,FC (1),,...,,...,,...,,...,,...,,...,,3,,2,,3,,...,,...,,...,,...,,...,,ORDINARY,,False,0,2,3,2,mainpuri_mededu_1971,Mainpuri,Uttar Pradesh,1971,format_002,mainpuri_mededu_001,mainpuri_mededu_1971.pdf,f45416466f0ef51e8fb0267ceb6c9e8b6a233dfbf86e8af2032d991146b50a69,23,24,8,9,E:\Archival-Digitisation-Project\1971_Trimmed_PDF\Uttar_Pradesh\metadata\document.xlsx,4bf05d889c56070f43e73558469b6cab4e2a96f37cf6cc1e9a7aa54c7efd5abe,2026-08-30T21:02:36.844395+00:00
2,,Bhongaon,,H (1),,8,,A (1),,...,,...,,...,,...,,3,,3,,3,,...,,...,,...,,...,,PL (2),,ORDINARY,,False,1,0,3,3,mainpuri_mededu_1971,Mainpuri,Uttar Pradesh,1971,format_002,mainpuri_mededu_001,mainpuri_mededu_1971.pdf,f45416466f0ef51e8fb0267ceb6c9e8b6a233dfbf86e8af2032d991146b50a69,23,24,8,9,E:\Archival-Digitisation-Project\1971_Trimmed_PDF\Uttar_Pradesh\metadata\document.xlsx,4bf05d889c56070f43e73558469b6cab4e2a96f37cf6cc1e9a7aa54c7efd5abe,2026-08-30T21:02:36.844395+00:00
2,,Bhongaon,,NH (1),,...,,A (1),,...,,...,,...,,...,,3,,3,,3,,...,,...,,...,,...,,PL (2),,ORDINARY,,False,1,1,3,4,mainpuri_mededu_1971,Mainpuri,Uttar Pradesh,1971,format_002,mainpuri_mededu_001,mainpuri_mededu_1971.pdf,f45416466f0ef51e8fb0267ceb6c9e8b6a233dfbf86e8af2032d991146b50a69,23,24,8,9,E:\Archival-Digitisation-Project\1971_Trimmed_PDF\Uttar_Pradesh\metadata\document.xlsx,4bf05d889c56070f43e73558469b6cab4e2a96f37cf6cc1e9a7aa54c7efd5abe,2026-08-30T21:02:36.844395+00:00
2,,Bhongaon,,FC (1),,...,,A (1),,...,,...,,...,,...,,3,,3,,3,,...,,...,,...,,...,,PL (2),,ORDINARY,,False,1,2,3,5,mainpuri_mededu_1971,Mainpuri,Uttar Pradesh,1971,format_002,mainpuri_mededu_001,mainpuri_mededu_1971.pdf,f45416466f0ef51e8fb0267ceb6c9e8b6a233dfbf86e8af2032d991146b50a69,23,24,8,9,E:\Archival-Digitisation-Project\1971_Trimmed_PDF\Uttar_Pradesh\metadata\document.xlsx,4bf05d889c56070f43e73558469b6cab4e2a96f37cf6cc1e9a7aa54c7efd5abe,2026-08-30T21:02:36.844395+00:00
3,,Karhal,,HC (1),,4,,...,,...,,...,,...,,...,,2,,2,,2,,2,,...,,...,,...,,...,,ORDINARY,,False,2,0,2,6,mainpuri_mededu_1971,Mainpuri,Uttar Pradesh,1971,format_002,mainpuri_mededu_001,mainpuri_mededu_1971.pdf,f45416466f0ef51e8fb0267ceb6c9e8b6a233dfbf86e8af2032d991146b50a69,23,24,8,9,E:\Archival-Digitisation-Project\1971_Trimmed_PDF\Uttar_Pradesh\metadata\document.xlsx,4bf05d889c56070f43e73558469b6cab4e2a96f37cf6cc1e9a7aa54c7efd5abe,2026-08-30T21:02:36.844395+00:00
3,,Karhal,,FC (1),,...,,...,,...,,...,,...,,...,,2,,2,,2,,2,,...,,...,,...,,...,,ORDINARY,,False,2,1,2,7,mainpuri_mededu_1971,Mainpuri,Uttar Pradesh,1971,format_002,mainpuri_mededu_001,mainpuri_mededu_1971.pdf,f45416466f0ef51e8fb0267ceb6c9e8b6a233dfbf86e8af2032d991146b50a69,23,24,8,9,E:\Archival-Digitisation-Project\1971_Trimmed_PDF\Uttar_Pradesh\metadata\document.xlsx,4bf05d889c56070f43e73558469b6cab4e2a96f37cf6cc1e9a7aa54c7efd5abe,2026-08-30T21:02:36.844395+00:00
4,,Kuraoli,,D (1),,3,,C (1),,...,,...,,...,,...,,2,,2,,1,,...,,...,,...,,...,,...,,ORDINARY,,False,3,0,1,8,mainpuri_mededu_1971,Mainpuri,Uttar Pradesh,1971,format_002,mainpuri_mededu_001,mainpuri_mededu_1971.pdf,f45416466f0ef51e8fb0267ceb6c9e8b6a233dfbf86e8af2032d991146b50a69,23,24,8,9,E:\Archival-Digitisation-Project\1971_Trimmed_PDF\Uttar_Pradesh\metadata\document.xlsx,4bf05d889c56070f43e73558469b6cab4e2a96f37cf6cc1e9a7aa54c7efd5abe,2026-08-30T21:02:36.844395+00:00
5,,Mainpuri,,H (4),,60,,A (1),,...,,...,,...,,Type (2),,4,,4,,13,,22,,...,,2,,...,,PL (4) RR (1),,ORDINARY,,False,4,0,5,9,mainpuri_mededu_1971,Mainpuri,Uttar Pradesh,1971,format_002,mainpuri_mededu_001,mainpuri_mededu_1971.pdf,f45416466f0ef51e8fb0267ceb6c9e8b6a233dfbf86e8af2032d991146b50a69,23,24,8,9,E:\Archival-Digitisation-Project\1971_Trimmed_PDF\Uttar_Pradesh\metadata\document.xlsx,4bf05d889c56070f43e73558469b6cab4e2a96f37cf6cc1e9a7aa54c7efd5abe,2026-08-30T21:02:36.844395+00:00
5,,Mainpuri,,O (1),,16,,A (1),,...,,...,,...,,Type (2),,4,,4,,13,,22,,...,,2,,...,,PL (4) RR (1),,ORDINARY,,False,4,1,5,10,mainpuri_mededu_1971,Mainpuri,Uttar Pradesh,1971,format_002,mainpuri_mededu_001,mainpuri_mededu_1971.pdf,f45416466f0ef51e8fb0267ceb6c9e8b6a233dfbf86e8af2032d991146b50a69,23,24,8,9,E:\Archival-Digitisation-Project\1971_Trimmed_PDF\Uttar_Pradesh\metadata\document.xlsx,4bf05d889c56070f43e73558469b6cab4e2a96f37cf6cc1e9a7aa54c7efd5abe,2026-08-30T21:02:36.844395+00:00
5,,Mainpuri,,FC (1),,...,,A (1),,...,,...,,...,,Type (2),,4,,4,,13,,22,,...,,2,,...,,PL (4) RR (1),,ORDINARY,,False,4,2,5,11,mainpuri_mededu_1971,Mainpuri,Uttar Pradesh,1971,format_002,mainpuri_mededu_001,mainpuri_mededu_1971.pdf,f45416466f0ef51e8fb0267ceb6c9e8b6a233dfbf86e8af2032d991146b50a69,23,24,8,9,E:\Archival-Digitisation-Project\1971_Trimmed_PDF\Uttar_Pradesh\metadata\document.xlsx,4bf05d889c56070f43e73558469b6cab4e2a96f37cf6cc1e9a7aa54c7efd5abe,2026-08-30T21:02:36.844395+00:00
5,,Mainpuri,,TBC (1),,...,,A (1),,...,,...,,...,,Type (2),,4,,4,,13,,22,,...,,2,,...,,PL (4) RR (1),,ORDINARY,,False,4,3,5,12,mainpuri_mededu_1971,Mainpuri,Uttar Pradesh,1971,format_002,mainpuri_mededu_001,mainpuri_mededu_1971.pdf,f45416466f0ef51e8fb0267ceb6c9e8b6a233dfbf86e8af2032d991146b50a69,23,24,8,9,E:\Archival-Digitisation-Project\1971_Trimmed_PDF\Uttar_Pradesh\metadata\document.xlsx,4bf05d889c56070f43e73558469b6cab4e2a96f37cf6cc1e9a7aa54c7efd5abe,2026-08-30T21:02:36.844395+00:00
5,,Mainpuri,,D (1),,...,,A (1),,...,,...,,...,,Type (2),,4,,4,,13,,22,,...,,2,,...,,PL (4) RR (1),,ORDINARY,,False,4,4,5,13,mainpuri_mededu_1971,Mainpuri,Uttar Pradesh,1971,format_002,mainpuri_mededu_001,mainpuri_mededu_1971.pdf,f45416466f0ef51e8fb0267ceb6c9e8b6a233dfbf86e8af2032d991146b50a69,23,24,8,9,E:\Archival-Digitisation-Project\1971_Trimmed_PDF\Uttar_Pradesh\metadata\document.xlsx,4bf05d889c56070f43e73558469b6cab4e2a96f37cf6cc1e9a7aa54c7efd5abe,2026-08-30T21:02:36.844395+00:00
6,,Shikohabad,,H (2),,16,,A (2) AS (1),,...,,...,,...,,...,,4,,4,,17,,1,,...,,1,,...,,PL (1),,ORDINARY,,False,5,0,3,14,mainpuri_mededu_1971,Mainpuri,Uttar Pradesh,1971,format_002,mainpuri_mededu_001,mainpuri_mededu_1971.pdf,f45416466f0ef51e8fb0267ceb6c9e8b6a233dfbf86e8af2032d991146b50a69,23,24,8,9,E:\Archival-Digitisation-Project\1971_Trimmed_PDF\Uttar_Pradesh\metadata\document.xlsx,4bf05d889c56070f43e73558469b6cab4e2a96f37cf6cc1e9a7aa54c7efd5abe,2026-08-30T21:02:36.844395+00:00
6,,Shikohabad,,O (1),,12,,A (2) AS (1),,...,,...,,...,,...,,4,,4,,17,,1,,...,,1,,...,,PL (1),,ORDINARY,,False,5,1,3,15,mainpuri_mededu_1971,Mainpuri,Uttar Pradesh,1971,format_002,mainpuri_mededu_001,mainpuri_mededu_1971.pdf,f45416466f0ef51e8fb0267ceb6c9e8b6a233dfbf86e8af2032d991146b50a69,23,24,8,9,E:\Archival-Digitisation-Project\1971_Trimmed_PDF\Uttar_Pradesh\metadata\document.xlsx,4bf05d889c56070f43e73558469b6cab4e2a96f37cf6cc1e9a7aa54c7efd5abe,2026-08-30T21:02:36.844395+00:00
6,,Shikohabad,,FC (1),,...,,A (2) AS (1),,...,,...,,...,,...,,4,,4,,17,,1,,...,,1,,...,,PL (1),,ORDINARY,,False,5,2,3,16,mainpuri_mededu_1971,Mainpuri,Uttar Pradesh,1971,format_002,mainpuri_mededu_001,mainpuri_mededu_1971.pdf,f45416466f0ef51e8fb0267ceb6c9e8b6a233dfbf86e8af2032d991146b50a69,23,24,8,9,E:\Archival-Digitisation-Project\1971_Trimmed_PDF\Uttar_Pradesh\metadata\document.xlsx,4bf05d889c56070f43e73558469b6cab4e2a96f37cf6cc1e9a7aa54c7efd5abe,2026-08-30T21:02:36.844395+00:00
7,,Sirsaganj,,H (1),,4,,...,,...,,...,,...,,...,,3,,1,,5,,...,,...,,...,,...,,PL (5),,ORDINARY,,False,6,0,2,17,mainpuri_mededu_1971,Mainpuri,Uttar Pradesh,1971,format_002,mainpuri_mededu_001,mainpuri_mededu_1971.pdf,f45416466f0ef51e8fb0267ceb6c9e8b6a233dfbf86e8af2032d991146b50a69,23,24,8,9,E:\Archival-Digitisation-Project\1971_Trimmed_PDF\Uttar_Pradesh\metadata\document.xlsx,4bf05d889c56070f43e73558469b6cab4e2a96f37cf6cc1e9a7aa54c7efd5abe,2026-08-30T21:02:36.844395+00:00
7,,Sirsaganj,,FC (1),,...,,...,,...,,...,,...,,...,,3,,1,,5,,...,,...,,...,,...,,PL (5),,ORDINARY,,False,6,1,2,18,mainpuri_mededu_1971,Mainpuri,Uttar Pradesh,1971,format_002,mainpuri_mededu_001,mainpuri_mededu_1971.pdf,f45416466f0ef51e8fb0267ceb6c9e8b6a233dfbf86e8af2032d991146b50a69,23,24,8,9,E:\Archival-Digitisation-Project\1971_Trimmed_PDF\Uttar_Pradesh\metadata\document.xlsx,4bf05d889c56070f43e73558469b6cab4e2a96f37cf6cc1e9a7aa54c7efd5abe,2026-08-30T21:02:36.844395+00:00
1,,Baldeo,,HC (2),,4,,...,,...,,...,,...,,...,,1,,8,,2,,...,,...,,...,,...,,...,,ORDINARY,,False,0,0,2,0,mathura_mededu_1971,Mathura,Uttar Pradesh,1971,format_002,mathura_mededu_001,mathura_mededu_1971.pdf,686e57c289c0afb4a0b67013ddfb36254504e38c9edc69c6a36c24c6bff4fd0e,27,28,8,9,E:\Archival-Digitisation-Project\1971_Trimmed_PDF\Uttar_Pradesh\metadata\document.xlsx,4bf05d889c56070f43e73558469b6cab4e2a96f37cf6cc1e9a7aa54c7efd5abe,2026-08-30T21:06:35.753055+00:00
1,,Baldeo,,FC (1),,...,,...,,...,,...,,...,,...,,1,,8,,2,,...,,...,,...,,...,,...,,ORDINARY,,False,0,1,2,1,mathura_mededu_1971,Mathura,Uttar Pradesh,1971,format_002,mathura_mededu_001,mathura_mededu_1971.pdf,686e57c289c0afb4a0b67013ddfb36254504e38c9edc69c6a36c24c6bff4fd0e,27,28,8,9,E:\Archival-Digitisation-Project\1971_Trimmed_PDF\Uttar_Pradesh\metadata\document.xlsx,4bf05d889c56070f43e73558469b6cab4e2a96f37cf6cc1e9a7aa54c7efd5abe,2026-08-30T21:06:35.753055+00:00
2,,Govardhan,,H (1),,12,,...,,...,,...,,...,,...,,2,,...,,4,,...,,...,,...,,...,,...,,ORDINARY,,False,1,0,3,2,mathura_mededu_1971,Mathura,Uttar Pradesh,1971,format_002,mathura_mededu_001,mathura_mededu_1971.pdf,686e57c289c0afb4a0b67013ddfb36254504e38c9edc69c6a36c24c6bff4fd0e,27,28,8,9,E:\Archival-Digitisation-Project\1971_Trimmed_PDF\Uttar_Pradesh\metadata\document.xlsx,4bf05d889c56070f43e73558469b6cab4e2a96f37cf6cc1e9a7aa54c7efd5abe,2026-08-30T21:06:35.753055+00:00
2,,Govardhan,,HC (1),,...,,...,,...,,...,,...,,...,,2,,...,,4,,...,,...,,...,,...,,...,,ORDINARY,,False,1,1,3,3,mathura_mededu_1971,Mathura,Uttar Pradesh,1971,format_002,mathura_mededu_001,mathura_mededu_1971.pdf,686e57c289c0afb4a0b67013ddfb36254504e38c9edc69c6a36c24c6bff4fd0e,27,28,8,9,E:\Archival-Digitisation-Project\1971_Trimmed_PDF\Uttar_Pradesh\metadata\document.xlsx,4bf05d889c56070f43e73558469b6cab4e2a96f37cf6cc1e9a7aa54c7efd5abe,2026-08-30T21:06:35.753055+00:00
2,,Govardhan,,FC (1),,...,,...,,...,,...,,...,,...,,2,,...,,4,,...,,...,,...,,...,,...,,ORDINARY,,False,1,2,3,4,mathura_mededu_1971,Mathura,Uttar Pradesh,1971,format_002,mathura_mededu_001,mathura_mededu_1971.pdf,686e57c289c0afb4a0b67013ddfb36254504e38c9edc69c6a36c24c6bff4fd0e,27,28,8,9,E:\Archival-Digitisation-Project\1971_Trimmed_PDF\Uttar_Pradesh\metadata\document.xlsx,4bf05d889c56070f43e73558469b6cab4e2a96f37cf6cc1e9a7aa54c7efd5abe,2026-08-30T21:06:35.753055+00:00
3,,Kosi Kalan,,D (2),,...,,A (1),,...,,...,,...,,...,,3,,...,,16,,1,,...,,1,,...,,PL (2),,ORDINARY,,False,2,0,1,5,mathura_mededu_1971,Mathura,Uttar Pradesh,1971,format_002,mathura_mededu_001,mathura_mededu_1971.pdf,686e57c289c0afb4a0b67013ddfb36254504e38c9edc69c6a36c24c6bff4fd0e,27,28,8,9,E:\Archival-Digitisation-Project\1971_Trimmed_PDF\Uttar_Pradesh\metadata\document.xlsx,4bf05d889c56070f43e73558469b6cab4e2a96f37cf6cc1e9a7aa54c7efd5abe,2026-08-30T21:06:35.753055+00:00
4,,Mathura,,,,,,,,,,,,,,,,,,,,,,,,,,,,,,,,CROSS_REFERENCE,Mathura City Urban Agglomeration,False,3,0,1,6,mathura_mededu_1971,Mathura,Uttar Pradesh,1971,format_002,mathura_mededu_001,mathura_mededu_1971.pdf,686e57c289c0afb4a0b67013ddfb36254504e38c9edc69c6a36c24c6bff4fd0e,27,28,8,9,E:\Archival-Digitisation-Project\1971_Trimmed_PDF\Uttar_Pradesh\metadata\document.xlsx,4bf05d889c56070f43e73558469b6cab4e2a96f37cf6cc1e9a7aa54c7efd5abe,2026-08-30T21:06:35.753055+00:00
5,,Mathura Cantt.,,,,,,,,,,,,,,,,,,,,,,,,,,,,,,,,CROSS_REFERENCE,Mathura City Urban Agglomeration,False,4,0,1,7,mathura_mededu_1971,Mathura,Uttar Pradesh,1971,format_002,mathura_mededu_001,mathura_mededu_1971.pdf,686e57c289c0afb4a0b67013ddfb36254504e38c9edc69c6a36c24c6bff4fd0e,27,28,8,9,E:\Archival-Digitisation-Project\1971_Trimmed_PDF\Uttar_Pradesh\metadata\document.xlsx,4bf05d889c56070f43e73558469b6cab4e2a96f37cf6cc1e9a7aa54c7efd5abe,2026-08-30T21:06:35.753055+00:00
,,Mathura City Urban Agglomeration,,H (7),,300,,A (2) S (1),,...,,...,,1,,...,,18,,4,,78,,1,,...,,4,,1,,PL (7),,AGGREGATE,,False,5,0,5,8,mathura_mededu_1971,Mathura,Uttar Pradesh,1971,format_002,mathura_mededu_001,mathura_mededu_1971.pdf,686e57c289c0afb4a0b67013ddfb36254504e38c9edc69c6a36c24c6bff4fd0e,27,28,8,9,E:\Archival-Digitisation-Project\1971_Trimmed_PDF\Uttar_Pradesh\metadata\document.xlsx,4bf05d889c56070f43e73558469b6cab4e2a96f37cf6cc1e9a7aa54c7efd5abe,2026-08-30T21:06:35.753055+00:00
,,Mathura City Urban Agglomeration,,D (2),,...,,A (2) S (1),,...,,...,,1,,...,,18,,4,,78,,1,,...,,4,,1,,PL (7),,AGGREGATE,,False,5,1,5,9,mathura_mededu_1971,Mathura,Uttar Pradesh,1971,format_002,mathura_mededu_001,mathura_mededu_1971.pdf,686e57c289c0afb4a0b67013ddfb36254504e38c9edc69c6a36c24c6bff4fd0e,27,28,8,9,E:\Archival-Digitisation-Project\1971_Trimmed_PDF\Uttar_Pradesh\metadata\document.xlsx,4bf05d889c56070f43e73558469b6cab4e2a96f37cf6cc1e9a7aa54c7efd5abe,2026-08-30T21:06:35.753055+00:00
,,Mathura City Urban Agglomeration,,TBC (1),,73,,A (2) S (1),,...,,...,,1,,...,,18,,4,,78,,1,,...,,4,,1,,PL (7),,AGGREGATE,,False,5,2,5,10,mathura_mededu_1971,Mathura,Uttar Pradesh,1971,format_002,mathura_mededu_001,mathura_mededu_1971.pdf,686e57c289c0afb4a0b67013ddfb36254504e38c9edc69c6a36c24c6bff4fd0e,27,28,8,9,E:\Archival-Digitisation-Project\1971_Trimmed_PDF\Uttar_Pradesh\metadata\document.xlsx,4bf05d889c56070f43e73558469b6cab4e2a96f37cf6cc1e9a7aa54c7efd5abe,2026-08-30T21:06:35.753055+00:00
,,Mathura City Urban Agglomeration,,FC (2),,...,,A (2) S (1),,...,,...,,1,,...,,18,,4,,78,,1,,...,,4,,1,,PL (7),,AGGREGATE,,False,5,3,5,11,mathura_mededu_1971,Mathura,Uttar Pradesh,1971,format_002,mathura_mededu_001,mathura_mededu_1971.pdf,686e57c289c0afb4a0b67013ddfb36254504e38c9edc69c6a36c24c6bff4fd0e,27,28,8,9,E:\Archival-Digitisation-Project\1971_Trimmed_PDF\Uttar_Pradesh\metadata\document.xlsx,4bf05d889c56070f43e73558469b6cab4e2a96f37cf6cc1e9a7aa54c7efd5abe,2026-08-30T21:06:35.753055+00:00
,,Mathura City Urban Agglomeration,,*O (4),,89,,A (2) S (1),,...,,...,,1,,...,,18,,4,,78,,1,,...,,4,,1,,PL (7),,AGGREGATE,,False,5,4,5,12,mathura_mededu_1971,Mathura,Uttar Pradesh,1971,format_002,mathura_mededu_001,mathura_mededu_1971.pdf,686e57c289c0afb4a0b67013ddfb36254504e38c9edc69c6a36c24c6bff4fd0e,27,28,8,9,E:\Archival-Digitisation-Project\1971_Trimmed_PDF\Uttar_Pradesh\metadata\document.xlsx,4bf05d889c56070f43e73558469b6cab4e2a96f37cf6cc1e9a7aa54c7efd5abe,2026-08-30T21:06:35.753055+00:00
(i),,Mathura,,H (6),,225,,A (2) S (1),,...,,...,,1,,...,,16,,4,,76,,...,,...,,3,,1,,PL (7),,COMPONENT,,False,6,0,5,13,mathura_mededu_1971,Mathura,Uttar Pradesh,1971,format_002,mathura_mededu_001,mathura_mededu_1971.pdf,686e57c289c0afb4a0b67013ddfb36254504e38c9edc69c6a36c24c6bff4fd0e,27,28,8,9,E:\Archival-Digitisation-Project\1971_Trimmed_PDF\Uttar_Pradesh\metadata\document.xlsx,4bf05d889c56070f43e73558469b6cab4e2a96f37cf6cc1e9a7aa54c7efd5abe,2026-08-30T21:06:35.753055+00:00
(i),,Mathura,,D (1),,...,,A (2) S (1),,...,,...,,1,,...,,16,,4,,76,,...,,...,,3,,1,,PL (7),,COMPONENT,,False,6,1,5,14,mathura_mededu_1971,Mathura,Uttar Pradesh,1971,format_002,mathura_mededu_001,mathura_mededu_1971.pdf,686e57c289c0afb4a0b67013ddfb36254504e38c9edc69c6a36c24c6bff4fd0e,27,28,8,9,E:\Archival-Digitisation-Project\1971_Trimmed_PDF\Uttar_Pradesh\metadata\document.xlsx,4bf05d889c56070f43e73558469b6cab4e2a96f37cf6cc1e9a7aa54c7efd5abe,2026-08-30T21:06:35.753055+00:00
(i),,Mathura,,TBC (1),,73,,A (2) S (1),,...,,...,,1,,...,,16,,4,,76,,...,,...,,3,,1,,PL (7),,COMPONENT,,False,6,2,5,15,mathura_mededu_1971,Mathura,Uttar Pradesh,1971,format_002,mathura_mededu_001,mathura_mededu_1971.pdf,686e57c289c0afb4a0b67013ddfb36254504e38c9edc69c6a36c24c6bff4fd0e,27,28,8,9,E:\Archival-Digitisation-Project\1971_Trimmed_PDF\Uttar_Pradesh\metadata\document.xlsx,4bf05d889c56070f43e73558469b6cab4e2a96f37cf6cc1e9a7aa54c7efd5abe,2026-08-30T21:06:35.753055+00:00
(i),,Mathura,,FC (2),,...,,A (2) S (1),,...,,...,,1,,...,,16,,4,,76,,...,,...,,3,,1,,PL (7),,COMPONENT,,False,6,3,5,16,mathura_mededu_1971,Mathura,Uttar Pradesh,1971,format_002,mathura_mededu_001,mathura_mededu_1971.pdf,686e57c289c0afb4a0b67013ddfb36254504e38c9edc69c6a36c24c6bff4fd0e,27,28,8,9,E:\Archival-Digitisation-Project\1971_Trimmed_PDF\Uttar_Pradesh\metadata\document.xlsx,4bf05d889c56070f43e73558469b6cab4e2a96f37cf6cc1e9a7aa54c7efd5abe,2026-08-30T21:06:35.753055+00:00
(i),,Mathura,,*O (4),,89,,A (2) S (1),,...,,...,,1,,...,,16,,4,,76,,...,,...,,3,,1,,PL (7),,COMPONENT,,False,6,4,5,17,mathura_mededu_1971,Mathura,Uttar Pradesh,1971,format_002,mathura_mededu_001,mathura_mededu_1971.pdf,686e57c289c0afb4a0b67013ddfb36254504e38c9edc69c6a36c24c6bff4fd0e,27,28,8,9,E:\Archival-Digitisation-Project\1971_Trimmed_PDF\Uttar_Pradesh\metadata\document.xlsx,4bf05d889c56070f43e73558469b6cab4e2a96f37cf6cc1e9a7aa54c7efd5abe,2026-08-30T21:06:35.753055+00:00
(ii),,Mathura Cantt.,,H (1),,75,,...,,...,,...,,...,,...,,2,,...,,2,,1,,...,,1,,...,,...,,COMPONENT,,False,7,0,2,18,mathura_mededu_1971,Mathura,Uttar Pradesh,1971,format_002,mathura_mededu_001,mathura_mededu_1971.pdf,686e57c289c0afb4a0b67013ddfb36254504e38c9edc69c6a36c24c6bff4fd0e,27,28,8,9,E:\Archival-Digitisation-Project\1971_Trimmed_PDF\Uttar_Pradesh\metadata\document.xlsx,4bf05d889c56070f43e73558469b6cab4e2a96f37cf6cc1e9a7aa54c7efd5abe,2026-08-30T21:06:35.753055+00:00
(ii),,Mathura Cantt.,,D (1),,...,,...,,...,,...,,...,,...,,2,,...,,2,,1,,...,,1,,...,,...,,COMPONENT,,False,7,1,2,19,mathura_mededu_1971,Mathura,Uttar Pradesh,1971,format_002,mathura_mededu_001,mathura_mededu_1971.pdf,686e57c289c0afb4a0b67013ddfb36254504e38c9edc69c6a36c24c6bff4fd0e,27,28,8,9,E:\Archival-Digitisation-Project\1971_Trimmed_PDF\Uttar_Pradesh\metadata\document.xlsx,4bf05d889c56070f43e73558469b6cab4e2a96f37cf6cc1e9a7aa54c7efd5abe,2026-08-30T21:06:35.753055+00:00
6,,Sadabad,,HC (1),,4,,...,,...,,...,,...,,...,,1,,3,,4,,...,,...,,...,,...,,PL (1),,ORDINARY,,False,8,0,2,20,mathura_mededu_1971,Mathura,Uttar Pradesh,1971,format_002,mathura_mededu_001,mathura_mededu_1971.pdf,686e57c289c0afb4a0b67013ddfb36254504e38c9edc69c6a36c24c6bff4fd0e,27,28,8,9,E:\Archival-Digitisation-Project\1971_Trimmed_PDF\Uttar_Pradesh\metadata\document.xlsx,4bf05d889c56070f43e73558469b6cab4e2a96f37cf6cc1e9a7aa54c7efd5abe,2026-08-30T21:06:35.753055+00:00
6,,Sadabad,,FC (1),,...,,...,,...,,...,,...,,...,,1,,3,,4,,...,,...,,...,,...,,PL (1),,ORDINARY,,False,8,1,2,21,mathura_mededu_1971,Mathura,Uttar Pradesh,1971,format_002,mathura_mededu_001,mathura_mededu_1971.pdf,686e57c289c0afb4a0b67013ddfb36254504e38c9edc69c6a36c24c6bff4fd0e,27,28,8,9,E:\Archival-Digitisation-Project\1971_Trimmed_PDF\Uttar_Pradesh\metadata\document.xlsx,4bf05d889c56070f43e73558469b6cab4e2a96f37cf6cc1e9a7aa54c7efd5abe,2026-08-30T21:06:35.753055+00:00
7,,Vrindaban,,H (2),,36,,A (1),,...,,...,,...,,...,,5,,3,,15,,4,,...,,...,,...,,PL (5),,ORDINARY,,False,9,0,3,22,mathura_mededu_1971,Mathura,Uttar Pradesh,1971,format_002,mathura_mededu_001,mathura_mededu_1971.pdf,686e57c289c0afb4a0b67013ddfb36254504e38c9edc69c6a36c24c6bff4fd0e,27,28,8,9,E:\Archival-Digitisation-Project\1971_Trimmed_PDF\Uttar_Pradesh\metadata\document.xlsx,4bf05d889c56070f43e73558469b6cab4e2a96f37cf6cc1e9a7aa54c7efd5abe,2026-08-30T21:06:35.753055+00:00
7,,Vrindaban,,FC (1),,...,,A (1),,...,,...,,...,,...,,5,,3,,15,,4,,...,,...,,...,,PL (5),,ORDINARY,,False,9,1,3,23,mathura_mededu_1971,Mathura,Uttar Pradesh,1971,format_002,mathura_mededu_001,mathura_mededu_1971.pdf,686e57c289c0afb4a0b67013ddfb36254504e38c9edc69c6a36c24c6bff4fd0e,27,28,8,9,E:\Archival-Digitisation-Project\1971_Trimmed_PDF\Uttar_Pradesh\metadata\document.xlsx,4bf05d889c56070f43e73558469b6cab4e2a96f37cf6cc1e9a7aa54c7efd5abe,2026-08-30T21:06:35.753055+00:00
7,,Vrindaban,,**O (3),,661,,A (1),,...,,...,,...,,...,,5,,3,,15,,4,,...,,...,,...,,PL (5),,ORDINARY,,False,9,2,3,24,mathura_mededu_1971,Mathura,Uttar Pradesh,1971,format_002,mathura_mededu_001,mathura_mededu_1971.pdf,686e57c289c0afb4a0b67013ddfb36254504e38c9edc69c6a36c24c6bff4fd0e,27,28,8,9,E:\Archival-Digitisation-Project\1971_Trimmed_PDF\Uttar_Pradesh\metadata\document.xlsx,4bf05d889c56070f43e73558469b6cab4e2a96f37cf6cc1e9a7aa54c7efd5abe,2026-08-30T21:06:35.753055+00:00
1,,Aminagar Sarai,,D (2),,4,,...,,...,,...,,...,,,,,,,,,,,,,,,,,,PL(l),,ORDINARY,,False,0,0,1,0,meerut_mededu_1971,Meerut,Uttar Pradesh,1971,format_002,meerut_mededu_001,meerut_mededu_1971.pdf,8af40e0a11abe8ed1c101a4cffa6645a012e31af05f41101a032237403a48213,32,33,12,13,E:\Archival-Digitisation-Project\1971_Trimmed_PDF\Uttar_Pradesh\metadata\document.xlsx,4bf05d889c56070f43e73558469b6cab4e2a96f37cf6cc1e9a7aa54c7efd5abe,2026-08-30T21:19:49.209426+00:00
2,,Baghpat,,H (1),,6,,,,,,,,,,,,1,,2,,3,,1,,...,,,,...,,PL(1),,ORDINARY,,False,1,0,2,1,meerut_mededu_1971,Meerut,Uttar Pradesh,1971,format_002,meerut_mededu_001,meerut_mededu_1971.pdf,8af40e0a11abe8ed1c101a4cffa6645a012e31af05f41101a032237403a48213,32,33,12,13,E:\Archival-Digitisation-Project\1971_Trimmed_PDF\Uttar_Pradesh\metadata\document.xlsx,4bf05d889c56070f43e73558469b6cab4e2a96f37cf6cc1e9a7aa54c7efd5abe,2026-08-30T21:19:49.209426+00:00
2,,Baghpat,,O (1),,7,,,,,,,,,,,,1,,2,,3,,1,,...,,,,...,,PL(1),,ORDINARY,,False,1,1,2,2,meerut_mededu_1971,Meerut,Uttar Pradesh,1971,format_002,meerut_mededu_001,meerut_mededu_1971.pdf,8af40e0a11abe8ed1c101a4cffa6645a012e31af05f41101a032237403a48213,32,33,12,13,E:\Archival-Digitisation-Project\1971_Trimmed_PDF\Uttar_Pradesh\metadata\document.xlsx,4bf05d889c56070f43e73558469b6cab4e2a96f37cf6cc1e9a7aa54c7efd5abe,2026-08-30T21:19:49.209426+00:00
3,,Baraut,,H (3),,42,,AS (2),,,,,,,,,,,,,,19,,...,,,,1,,,,PL (14),,ORDINARY,,False,2,0,3,3,meerut_mededu_1971,Meerut,Uttar Pradesh,1971,format_002,meerut_mededu_001,meerut_mededu_1971.pdf,8af40e0a11abe8ed1c101a4cffa6645a012e31af05f41101a032237403a48213,32,33,12,13,E:\Archival-Digitisation-Project\1971_Trimmed_PDF\Uttar_Pradesh\metadata\document.xlsx,4bf05d889c56070f43e73558469b6cab4e2a96f37cf6cc1e9a7aa54c7efd5abe,2026-08-30T21:19:49.209426+00:00
3,,Baraut,,NH (2),,...,,AS (2),,,,,,,,,,,,,,19,,...,,,,1,,,,PL (14),,ORDINARY,,False,2,1,3,4,meerut_mededu_1971,Meerut,Uttar Pradesh,1971,format_002,meerut_mededu_001,meerut_mededu_1971.pdf,8af40e0a11abe8ed1c101a4cffa6645a012e31af05f41101a032237403a48213,32,33,12,13,E:\Archival-Digitisation-Project\1971_Trimmed_PDF\Uttar_Pradesh\metadata\document.xlsx,4bf05d889c56070f43e73558469b6cab4e2a96f37cf6cc1e9a7aa54c7efd5abe,2026-08-30T21:19:49.209426+00:00
3,,Baraut,,FC (1),,...,,AS (2),,,,,,,,,,,,,,19,,...,,,,1,,,,PL (14),,ORDINARY,,False,2,2,3,5,meerut_mededu_1971,Meerut,Uttar Pradesh,1971,format_002,meerut_mededu_001,meerut_mededu_1971.pdf,8af40e0a11abe8ed1c101a4cffa6645a012e31af05f41101a032237403a48213,32,33,12,13,E:\Archival-Digitisation-Project\1971_Trimmed_PDF\Uttar_Pradesh\metadata\document.xlsx,4bf05d889c56070f43e73558469b6cab4e2a96f37cf6cc1e9a7aa54c7efd5abe,2026-08-30T21:19:49.209426+00:00
4,,Faridnagar,,HC (1),,4,,,,,,,,,,,,,,,,,,,,,,,,,,PL(1),,ORDINARY,,False,3,0,1,6,meerut_mededu_1971,Meerut,Uttar Pradesh,1971,format_002,meerut_mededu_001,meerut_mededu_1971.pdf,8af40e0a11abe8ed1c101a4cffa6645a012e31af05f41101a032237403a48213,32,33,12,13,E:\Archival-Digitisation-Project\1971_Trimmed_PDF\Uttar_Pradesh\metadata\document.xlsx,4bf05d889c56070f43e73558469b6cab4e2a96f37cf6cc1e9a7aa54c7efd5abe,2026-08-30T21:19:49.209426+00:00
5,,Garh Mukhteshwar,,H (1),,...,,,,,,,,,,,,,,,,,,1,,,,,,,,,,ORDINARY,,False,4,0,2,7,meerut_mededu_1971,Meerut,Uttar Pradesh,1971,format_002,meerut_mededu_001,meerut_mededu_1971.pdf,8af40e0a11abe8ed1c101a4cffa6645a012e31af05f41101a032237403a48213,32,33,12,13,E:\Archival-Digitisation-Project\1971_Trimmed_PDF\Uttar_Pradesh\metadata\document.xlsx,4bf05d889c56070f43e73558469b6cab4e2a96f37cf6cc1e9a7aa54c7efd5abe,2026-08-30T21:19:49.209426+00:00
5,,Garh Mukhteshwar,,FC (1),,...,,,,,,,,,,,,,,,,,,1,,,,,,,,,,ORDINARY,,False,4,1,2,8,meerut_mededu_1971,Meerut,Uttar Pradesh,1971,format_002,meerut_mededu_001,meerut_mededu_1971.pdf,8af40e0a11abe8ed1c101a4cffa6645a012e31af05f41101a032237403a48213,32,33,12,13,E:\Archival-Digitisation-Project\1971_Trimmed_PDF\Uttar_Pradesh\metadata\document.xlsx,4bf05d889c56070f43e73558469b6cab4e2a96f37cf6cc1e9a7aa54c7efd5abe,2026-08-30T21:19:49.209426+00:00
6,,Ghaziabad,,,,,,,,,,,,,,,,,,,,,,,,,,,,,,,,CROSS_REFERENCE,Meerut City Urban Agglomeration,False,5,0,1,9,meerut_mededu_1971,Meerut,Uttar Pradesh,1971,format_002,meerut_mededu_001,meerut_mededu_1971.pdf,8af40e0a11abe8ed1c101a4cffa6645a012e31af05f41101a032237403a48213,32,33,12,13,E:\Archival-Digitisation-Project\1971_Trimmed_PDF\Uttar_Pradesh\metadata\document.xlsx,4bf05d889c56070f43e73558469b6cab4e2a96f37cf6cc1e9a7aa54c7efd5abe,2026-08-30T21:19:49.209426+00:00
7,,Ghaziabad Rly. Colony,,,,,,,,,,,,,,,,,,,,,,,,,,,,,,,,CROSS_REFERENCE,Meerut City Urban Agglomeration,False,6,0,1,10,meerut_mededu_1971,Meerut,Uttar Pradesh,1971,format_002,meerut_mededu_001,meerut_mededu_1971.pdf,8af40e0a11abe8ed1c101a4cffa6645a012e31af05f41101a032237403a48213,32,33,12,13,E:\Archival-Digitisation-Project\1971_Trimmed_PDF\Uttar_Pradesh\metadata\document.xlsx,4bf05d889c56070f43e73558469b6cab4e2a96f37cf6cc1e9a7aa54c7efd5abe,2026-08-30T21:19:49.209426+00:00
,,Ghaziabad City Urban Agglomeration,,H (4),,84,,A (2) S (1),,,,,,,,Sh Type (3),,10,,,,58,,1,,,,4,,1,,PL (2),,AGGREGATE,,False,7,0,4,11,meerut_mededu_1971,Meerut,Uttar Pradesh,1971,format_002,meerut_mededu_001,meerut_mededu_1971.pdf,8af40e0a11abe8ed1c101a4cffa6645a012e31af05f41101a032237403a48213,32,33,12,13,E:\Archival-Digitisation-Project\1971_Trimmed_PDF\Uttar_Pradesh\metadata\document.xlsx,4bf05d889c56070f43e73558469b6cab4e2a96f37cf6cc1e9a7aa54c7efd5abe,2026-08-30T21:19:49.209426+00:00
,,Ghaziabad City Urban Agglomeration,,D (1),,...,,A (2) S (1),,,,,,,,Sh Type (3),,10,,,,58,,1,,,,4,,1,,PL (2),,AGGREGATE,,False,7,1,4,12,meerut_mededu_1971,Meerut,Uttar Pradesh,1971,format_002,meerut_mededu_001,meerut_mededu_1971.pdf,8af40e0a11abe8ed1c101a4cffa6645a012e31af05f41101a032237403a48213,32,33,12,13,E:\Archival-Digitisation-Project\1971_Trimmed_PDF\Uttar_Pradesh\metadata\document.xlsx,4bf05d889c56070f43e73558469b6cab4e2a96f37cf6cc1e9a7aa54c7efd5abe,2026-08-30T21:19:49.209426+00:00
,,Ghaziabad City Urban Agglomeration,,TBC (1),,20,,A (2) S (1),,,,,,,,Sh Type (3),,10,,,,58,,1,,,,4,,1,,PL (2),,AGGREGATE,,False,7,2,4,13,meerut_mededu_1971,Meerut,Uttar Pradesh,1971,format_002,meerut_mededu_001,meerut_mededu_1971.pdf,8af40e0a11abe8ed1c101a4cffa6645a012e31af05f41101a032237403a48213,32,33,12,13,E:\Archival-Digitisation-Project\1971_Trimmed_PDF\Uttar_Pradesh\metadata\document.xlsx,4bf05d889c56070f43e73558469b6cab4e2a96f37cf6cc1e9a7aa54c7efd5abe,2026-08-30T21:19:49.209426+00:00
,,Ghaziabad City Urban Agglomeration,,FC (2),,...,,A (2) S (1),,,,,,,,Sh Type (3),,10,,,,58,,1,,,,4,,1,,PL (2),,AGGREGATE,,False,7,3,4,14,meerut_mededu_1971,Meerut,Uttar Pradesh,1971,format_002,meerut_mededu_001,meerut_mededu_1971.pdf,8af40e0a11abe8ed1c101a4cffa6645a012e31af05f41101a032237403a48213,32,33,12,13,E:\Archival-Digitisation-Project\1971_Trimmed_PDF\Uttar_Pradesh\metadata\document.xlsx,4bf05d889c56070f43e73558469b6cab4e2a96f37cf6cc1e9a7aa54c7efd5abe,2026-08-30T21:19:49.209426+00:00
(i),,Ghaziabad,,H (3),,82,,A (2) S (1),,...,,...,,,,"Sh, Type (3)",,10,,5,,58,,...,,,,4,,...,,PL (1),,COMPONENT,,False,8,0,4,15,meerut_mededu_1971,Meerut,Uttar Pradesh,1971,format_002,meerut_mededu_001,meerut_mededu_1971.pdf,8af40e0a11abe8ed1c101a4cffa6645a012e31af05f41101a032237403a48213,32,33,12,13,E:\Archival-Digitisation-Project\1971_Trimmed_PDF\Uttar_Pradesh\metadata\document.xlsx,4bf05d889c56070f43e73558469b6cab4e2a96f37cf6cc1e9a7aa54c7efd5abe,2026-08-30T21:19:49.209426+00:00
(i),,Ghaziabad,,D (1),,...,,A (2) S (1),,...,,...,,,,"Sh, Type (3)",,10,,5,,58,,...,,,,4,,...,,PL (1),,COMPONENT,,False,8,1,4,16,meerut_mededu_1971,Meerut,Uttar Pradesh,1971,format_002,meerut_mededu_001,meerut_mededu_1971.pdf,8af40e0a11abe8ed1c101a4cffa6645a012e31af05f41101a032237403a48213,32,33,12,13,E:\Archival-Digitisation-Project\1971_Trimmed_PDF\Uttar_Pradesh\metadata\document.xlsx,4bf05d889c56070f43e73558469b6cab4e2a96f37cf6cc1e9a7aa54c7efd5abe,2026-08-30T21:19:49.209426+00:00
(i),,Ghaziabad,,TBC (1),,20,,A (2) S (1),,...,,...,,,,"Sh, Type (3)",,10,,5,,58,,...,,,,4,,...,,PL (1),,COMPONENT,,False,8,2,4,17,meerut_mededu_1971,Meerut,Uttar Pradesh,1971,format_002,meerut_mededu_001,meerut_mededu_1971.pdf,8af40e0a11abe8ed1c101a4cffa6645a012e31af05f41101a032237403a48213,32,33,12,13,E:\Archival-Digitisation-Project\1971_Trimmed_PDF\Uttar_Pradesh\metadata\document.xlsx,4bf05d889c56070f43e73558469b6cab4e2a96f37cf6cc1e9a7aa54c7efd5abe,2026-08-30T21:19:49.209426+00:00
(i),,Ghaziabad,,FC (2),,...,,A (2) S (1),,...,,...,,,,"Sh, Type (3)",,10,,5,,58,,...,,,,4,,...,,PL (1),,COMPONENT,,False,8,3,4,18,meerut_mededu_1971,Meerut,Uttar Pradesh,1971,format_002,meerut_mededu_001,meerut_mededu_1971.pdf,8af40e0a11abe8ed1c101a4cffa6645a012e31af05f41101a032237403a48213,32,33,12,13,E:\Archival-Digitisation-Project\1971_Trimmed_PDF\Uttar_Pradesh\metadata\document.xlsx,4bf05d889c56070f43e73558469b6cab4e2a96f37cf6cc1e9a7aa54c7efd5abe,2026-08-30T21:19:49.209426+00:00
(ii),,Ghaziabad Rly. Colony,,H (1),,2,,,,,,,,,,,,,,,,,,,,,,,,,,PL (1),,COMPONENT,,False,9,0,1,19,meerut_mededu_1971,Meerut,Uttar Pradesh,1971,format_002,meerut_mededu_001,meerut_mededu_1971.pdf,8af40e0a11abe8ed1c101a4cffa6645a012e31af05f41101a032237403a48213,32,33,12,13,E:\Archival-Digitisation-Project\1971_Trimmed_PDF\Uttar_Pradesh\metadata\document.xlsx,4bf05d889c56070f43e73558469b6cab4e2a96f37cf6cc1e9a7aa54c7efd5abe,2026-08-30T21:19:49.209426+00:00
8,,Hapur,,H (3),,40,,A(1) ...,,...,,...,,...,,...,,3,,16,,37,,,,,,13,,,,PL(4),,ORDINARY,,False,10,0,3,20,meerut_mededu_1971,Meerut,Uttar Pradesh,1971,format_002,meerut_mededu_001,meerut_mededu_1971.pdf,8af40e0a11abe8ed1c101a4cffa6645a012e31af05f41101a032237403a48213,32,33,12,13,E:\Archival-Digitisation-Project\1971_Trimmed_PDF\Uttar_Pradesh\metadata\document.xlsx,4bf05d889c56070f43e73558469b6cab4e2a96f37cf6cc1e9a7aa54c7efd5abe,2026-08-30T21:19:49.209426+00:00
8,,Hapur,,D (1),,...,,A(1) ...,,...,,...,,...,,...,,3,,16,,37,,,,,,13,,,,PL(4),,ORDINARY,,False,10,1,3,21,meerut_mededu_1971,Meerut,Uttar Pradesh,1971,format_002,meerut_mededu_001,meerut_mededu_1971.pdf,8af40e0a11abe8ed1c101a4cffa6645a012e31af05f41101a032237403a48213,32,33,12,13,E:\Archival-Digitisation-Project\1971_Trimmed_PDF\Uttar_Pradesh\metadata\document.xlsx,4bf05d889c56070f43e73558469b6cab4e2a96f37cf6cc1e9a7aa54c7efd5abe,2026-08-30T21:19:49.209426+00:00
8,,Hapur,,FC (1),,...,,A(1) ...,,...,,...,,...,,...,,3,,16,,37,,,,,,13,,,,PL(4),,ORDINARY,,False,10,2,3,22,meerut_mededu_1971,Meerut,Uttar Pradesh,1971,format_002,meerut_mededu_001,meerut_mededu_1971.pdf,8af40e0a11abe8ed1c101a4cffa6645a012e31af05f41101a032237403a48213,32,33,12,13,E:\Archival-Digitisation-Project\1971_Trimmed_PDF\Uttar_Pradesh\metadata\document.xlsx,4bf05d889c56070f43e73558469b6cab4e2a96f37cf6cc1e9a7aa54c7efd5abe,2026-08-30T21:19:49.209426+00:00
9,,Hastinapur,,D (1),,...,,,,,,,,,,,,,,,,,,,,,,,,,,,,ORDINARY,,False,11,0,2,23,meerut_mededu_1971,Meerut,Uttar Pradesh,1971,format_002,meerut_mededu_001,meerut_mededu_1971.pdf,8af40e0a11abe8ed1c101a4cffa6645a012e31af05f41101a032237403a48213,32,33,12,13,E:\Archival-Digitisation-Project\1971_Trimmed_PDF\Uttar_Pradesh\metadata\document.xlsx,4bf05d889c56070f43e73558469b6cab4e2a96f37cf6cc1e9a7aa54c7efd5abe,2026-08-30T21:19:49.209426+00:00
9,,Hastinapur,,H (1),,20,,,,,,,,,,,,,,,,,,,,,,,,,,,,ORDINARY,,False,11,1,2,24,meerut_mededu_1971,Meerut,Uttar Pradesh,1971,format_002,meerut_mededu_001,meerut_mededu_1971.pdf,8af40e0a11abe8ed1c101a4cffa6645a012e31af05f41101a032237403a48213,32,33,12,13,E:\Archival-Digitisation-Project\1971_Trimmed_PDF\Uttar_Pradesh\metadata\document.xlsx,4bf05d889c56070f43e73558469b6cab4e2a96f37cf6cc1e9a7aa54c7efd5abe,2026-08-30T21:19:49.209426+00:00
10,,Kaila,,,,,,,,,,,,,,,,1,,2,,3,,6,,...,,...,,...,,...,,ORDINARY,,False,12,0,1,25,meerut_mededu_1971,Meerut,Uttar Pradesh,1971,format_002,meerut_mededu_001,meerut_mededu_1971.pdf,8af40e0a11abe8ed1c101a4cffa6645a012e31af05f41101a032237403a48213,32,33,12,13,E:\Archival-Digitisation-Project\1971_Trimmed_PDF\Uttar_Pradesh\metadata\document.xlsx,4bf05d889c56070f43e73558469b6cab4e2a96f37cf6cc1e9a7aa54c7efd5abe,2026-08-30T21:19:49.209426+00:00
11,,Kanker Khera,,,,,,,,,,,,,,,,,,,,,,,,,,,,,,,,ORDINARY,,False,13,0,1,26,meerut_mededu_1971,Meerut,Uttar Pradesh,1971,format_002,meerut_mededu_001,meerut_mededu_1971.pdf,8af40e0a11abe8ed1c101a4cffa6645a012e31af05f41101a032237403a48213,32,33,12,13,E:\Archival-Digitisation-Project\1971_Trimmed_PDF\Uttar_Pradesh\metadata\document.xlsx,4bf05d889c56070f43e73558469b6cab4e2a96f37cf6cc1e9a7aa54c7efd5abe,2026-08-30T21:19:49.209426+00:00
12,,Malyana,,,,,,,,,,,,,,,,,,,,,,,,,,,,,,,,CROSS_REFERENCE,Meerut City Urban Agglomeration,False,14,0,1,27,meerut_mededu_1971,Meerut,Uttar Pradesh,1971,format_002,meerut_mededu_001,meerut_mededu_1971.pdf,8af40e0a11abe8ed1c101a4cffa6645a012e31af05f41101a032237403a48213,32,33,12,13,E:\Archival-Digitisation-Project\1971_Trimmed_PDF\Uttar_Pradesh\metadata\document.xlsx,4bf05d889c56070f43e73558469b6cab4e2a96f37cf6cc1e9a7aa54c7efd5abe,2026-08-30T21:19:49.209426+00:00
13,,Mawana,,H (1),,6,,A(I) S (1),,,,,,,,,,3,,4,,5,,,,Urban Agglomery,,,,,,,,ORDINARY,,False,15,0,2,28,meerut_mededu_1971,Meerut,Uttar Pradesh,1971,format_002,meerut_mededu_001,meerut_mededu_1971.pdf,8af40e0a11abe8ed1c101a4cffa6645a012e31af05f41101a032237403a48213,32,33,12,13,E:\Archival-Digitisation-Project\1971_Trimmed_PDF\Uttar_Pradesh\metadata\document.xlsx,4bf05d889c56070f43e73558469b6cab4e2a96f37cf6cc1e9a7aa54c7efd5abe,2026-08-30T21:19:49.209426+00:00
13,,Mawana,,D (1),,8,,A(I) S (1),,,,,,,,,,3,,4,,5,,,,Urban Agglomery,,,,,,,,ORDINARY,,False,15,1,2,29,meerut_mededu_1971,Meerut,Uttar Pradesh,1971,format_002,meerut_mededu_001,meerut_mededu_1971.pdf,8af40e0a11abe8ed1c101a4cffa6645a012e31af05f41101a032237403a48213,32,33,12,13,E:\Archival-Digitisation-Project\1971_Trimmed_PDF\Uttar_Pradesh\metadata\document.xlsx,4bf05d889c56070f43e73558469b6cab4e2a96f37cf6cc1e9a7aa54c7efd5abe,2026-08-30T21:19:49.209426+00:00
14,,Meerut,,,,,,,,,,,,,,,,,,,,,,,,,,,,,,,,CROSS_REFERENCE,Meerut City Urban Agglomeration,False,16,0,1,30,meerut_mededu_1971,Meerut,Uttar Pradesh,1971,format_002,meerut_mededu_001,meerut_mededu_1971.pdf,8af40e0a11abe8ed1c101a4cffa6645a012e31af05f41101a032237403a48213,32,33,12,13,E:\Archival-Digitisation-Project\1971_Trimmed_PDF\Uttar_Pradesh\metadata\document.xlsx,4bf05d889c56070f43e73558469b6cab4e2a96f37cf6cc1e9a7aa54c7efd5abe,2026-08-30T21:19:49.209426+00:00
15,,Meerut Cantt.,,,,,,,,,,,,,,,,,,,,,,,,,,,,,,,,CROSS_REFERENCE,Meerut City Urban Agglomeration,False,17,0,1,31,meerut_mededu_1971,Meerut,Uttar Pradesh,1971,format_002,meerut_mededu_001,meerut_mededu_1971.pdf,8af40e0a11abe8ed1c101a4cffa6645a012e31af05f41101a032237403a48213,32,33,12,13,E:\Archival-Digitisation-Project\1971_Trimmed_PDF\Uttar_Pradesh\metadata\document.xlsx,4bf05d889c56070f43e73558469b6cab4e2a96f37cf6cc1e9a7aa54c7efd5abe,2026-08-30T21:19:49.209426+00:00
,,Meerut City Urban Agglomeration,,H (8),,695,,A (6) S (3) C (1),,1,,...,,4,,Sh. Type (7) O (6),,20,,23,,116,,3,,1,,13,,1,,PL (4) RR (1),,AGGREGATE,,False,18,0,6,32,meerut_mededu_1971,Meerut,Uttar Pradesh,1971,format_002,meerut_mededu_001,meerut_mededu_1971.pdf,8af40e0a11abe8ed1c101a4cffa6645a012e31af05f41101a032237403a48213,32,33,12,13,E:\Archival-Digitisation-Project\1971_Trimmed_PDF\Uttar_Pradesh\metadata\document.xlsx,4bf05d889c56070f43e73558469b6cab4e2a96f37cf6cc1e9a7aa54c7efd5abe,2026-08-30T21:19:49.209426+00:00
,,Meerut City Urban Agglomeration,,D (10),,14,,A (6) S (3) C (1),,1,,...,,4,,Sh. Type (7) O (6),,20,,23,,116,,3,,1,,13,,1,,PL (4) RR (1),,AGGREGATE,,False,18,1,6,33,meerut_mededu_1971,Meerut,Uttar Pradesh,1971,format_002,meerut_mededu_001,meerut_mededu_1971.pdf,8af40e0a11abe8ed1c101a4cffa6645a012e31af05f41101a032237403a48213,32,33,12,13,E:\Archival-Digitisation-Project\1971_Trimmed_PDF\Uttar_Pradesh\metadata\document.xlsx,4bf05d889c56070f43e73558469b6cab4e2a96f37cf6cc1e9a7aa54c7efd5abe,2026-08-30T21:19:49.209426+00:00
,,Meerut City Urban Agglomeration,,TBC (2),,...,,A (6) S (3) C (1),,1,,...,,4,,Sh. Type (7) O (6),,20,,23,,116,,3,,1,,13,,1,,PL (4) RR (1),,AGGREGATE,,False,18,2,6,34,meerut_mededu_1971,Meerut,Uttar Pradesh,1971,format_002,meerut_mededu_001,meerut_mededu_1971.pdf,8af40e0a11abe8ed1c101a4cffa6645a012e31af05f41101a032237403a48213,32,33,12,13,E:\Archival-Digitisation-Project\1971_Trimmed_PDF\Uttar_Pradesh\metadata\document.xlsx,4bf05d889c56070f43e73558469b6cab4e2a96f37cf6cc1e9a7aa54c7efd5abe,2026-08-30T21:19:49.209426+00:00
,,Meerut City Urban Agglomeration,,O (1),,40,,A (6) S (3) C (1),,1,,...,,4,,Sh. Type (7) O (6),,20,,23,,116,,3,,1,,13,,1,,PL (4) RR (1),,AGGREGATE,,False,18,3,6,35,meerut_mededu_1971,Meerut,Uttar Pradesh,1971,format_002,meerut_mededu_001,meerut_mededu_1971.pdf,8af40e0a11abe8ed1c101a4cffa6645a012e31af05f41101a032237403a48213,32,33,12,13,E:\Archival-Digitisation-Project\1971_Trimmed_PDF\Uttar_Pradesh\metadata\document.xlsx,4bf05d889c56070f43e73558469b6cab4e2a96f37cf6cc1e9a7aa54c7efd5abe,2026-08-30T21:19:49.209426+00:00
,,Meerut City Urban Agglomeration,,FC (5),,...,,A (6) S (3) C (1),,1,,...,,4,,Sh. Type (7) O (6),,20,,23,,116,,3,,1,,13,,1,,PL (4) RR (1),,AGGREGATE,,False,18,4,6,36,meerut_mededu_1971,Meerut,Uttar Pradesh,1971,format_002,meerut_mededu_001,meerut_mededu_1971.pdf,8af40e0a11abe8ed1c101a4cffa6645a012e31af05f41101a032237403a48213,32,33,12,13,E:\Archival-Digitisation-Project\1971_Trimmed_PDF\Uttar_Pradesh\metadata\document.xlsx,4bf05d889c56070f43e73558469b6cab4e2a96f37cf6cc1e9a7aa54c7efd5abe,2026-08-30T21:19:49.209426+00:00
,,Meerut City Urban Agglomeration,,NH (1),,...,,A (6) S (3) C (1),,1,,...,,4,,Sh. Type (7) O (6),,20,,23,,116,,3,,1,,13,,1,,PL (4) RR (1),,AGGREGATE,,False,18,5,6,37,meerut_mededu_1971,Meerut,Uttar Pradesh,1971,format_002,meerut_mededu_001,meerut_mededu_1971.pdf,8af40e0a11abe8ed1c101a4cffa6645a012e31af05f41101a032237403a48213,32,33,12,13,E:\Archival-Digitisation-Project\1971_Trimmed_PDF\Uttar_Pradesh\metadata\document.xlsx,4bf05d889c56070f43e73558469b6cab4e2a96f37cf6cc1e9a7aa54c7efd5abe,2026-08-30T21:19:49.209426+00:00
(i),,Malyana,,D (1),,...,,...,,...,,...,,...,,...,,1,,2,,3,,6,,...,,...,,...,,...,,COMPONENT,,False,19,0,1,38,meerut_mededu_1971,Meerut,Uttar Pradesh,1971,format_002,meerut_mededu_001,meerut_mededu_1971.pdf,8af40e0a11abe8ed1c101a4cffa6645a012e31af05f41101a032237403a48213,32,33,12,13,E:\Archival-Digitisation-Project\1971_Trimmed_PDF\Uttar_Pradesh\metadata\document.xlsx,4bf05d889c56070f43e73558469b6cab4e2a96f37cf6cc1e9a7aa54c7efd5abe,2026-08-30T21:19:49.209426+00:00
(ii),,Meerut,,H (6),,660,,A (6) S (3) C (1),,1,,...,,1,,Sh. Type (4) O (6),,12,,20,,109,,...,,1,,7,,1,,PL (2),,COMPONENT,,False,20,0,5,39,meerut_mededu_1971,Meerut,Uttar Pradesh,1971,format_002,meerut_mededu_001,meerut_mededu_1971.pdf,8af40e0a11abe8ed1c101a4cffa6645a012e31af05f41101a032237403a48213,32,33,12,13,E:\Archival-Digitisation-Project\1971_Trimmed_PDF\Uttar_Pradesh\metadata\document.xlsx,4bf05d889c56070f43e73558469b6cab4e2a96f37cf6cc1e9a7aa54c7efd5abe,2026-08-30T21:19:49.209426+00:00
(ii),,Meerut,,D (8),,14,,A (6) S (3) C (1),,1,,...,,1,,Sh. Type (4) O (6),,12,,20,,109,,...,,1,,7,,1,,PL (2),,COMPONENT,,False,20,1,5,40,meerut_mededu_1971,Meerut,Uttar Pradesh,1971,format_002,meerut_mededu_001,meerut_mededu_1971.pdf,8af40e0a11abe8ed1c101a4cffa6645a012e31af05f41101a032237403a48213,32,33,12,13,E:\Archival-Digitisation-Project\1971_Trimmed_PDF\Uttar_Pradesh\metadata\document.xlsx,4bf05d889c56070f43e73558469b6cab4e2a96f37cf6cc1e9a7aa54c7efd5abe,2026-08-30T21:19:49.209426+00:00
(ii),,Meerut,,TBC (1),,...,,A (6) S (3) C (1),,1,,...,,1,,Sh. Type (4) O (6),,12,,20,,109,,...,,1,,7,,1,,PL (2),,COMPONENT,,False,20,2,5,41,meerut_mededu_1971,Meerut,Uttar Pradesh,1971,format_002,meerut_mededu_001,meerut_mededu_1971.pdf,8af40e0a11abe8ed1c101a4cffa6645a012e31af05f41101a032237403a48213,32,33,12,13,E:\Archival-Digitisation-Project\1971_Trimmed_PDF\Uttar_Pradesh\metadata\document.xlsx,4bf05d889c56070f43e73558469b6cab4e2a96f37cf6cc1e9a7aa54c7efd5abe,2026-08-30T21:19:49.209426+00:00
(ii),,Meerut,,O (1),,40,,A (6) S (3) C (1),,1,,...,,1,,Sh. Type (4) O (6),,12,,20,,109,,...,,1,,7,,1,,PL (2),,COMPONENT,,False,20,3,5,42,meerut_mededu_1971,Meerut,Uttar Pradesh,1971,format_002,meerut_mededu_001,meerut_mededu_1971.pdf,8af40e0a11abe8ed1c101a4cffa6645a012e31af05f41101a032237403a48213,32,33,12,13,E:\Archival-Digitisation-Project\1971_Trimmed_PDF\Uttar_Pradesh\metadata\document.xlsx,4bf05d889c56070f43e73558469b6cab4e2a96f37cf6cc1e9a7aa54c7efd5abe,2026-08-30T21:19:49.209426+00:00
(ii),,Meerut,,FC (4),,...,,A (6) S (3) C (1),,1,,...,,1,,Sh. Type (4) O (6),,12,,20,,109,,...,,1,,7,,1,,PL (2),,COMPONENT,,False,20,4,5,43,meerut_mededu_1971,Meerut,Uttar Pradesh,1971,format_002,meerut_mededu_001,meerut_mededu_1971.pdf,8af40e0a11abe8ed1c101a4cffa6645a012e31af05f41101a032237403a48213,32,33,12,13,E:\Archival-Digitisation-Project\1971_Trimmed_PDF\Uttar_Pradesh\metadata\document.xlsx,4bf05d889c56070f43e73558469b6cab4e2a96f37cf6cc1e9a7aa54c7efd5abe,2026-08-30T21:19:49.209426+00:00
(iii),,Meerut Cantt.,,H (2),,35,,...,,...,,...,,3,,Sh. Type (3),,7,,1,,4,,3,,...,,6,,...,,PL (2) RR (1),,COMPONENT,,False,21,0,5,44,meerut_mededu_1971,Meerut,Uttar Pradesh,1971,format_002,meerut_mededu_001,meerut_mededu_1971.pdf,8af40e0a11abe8ed1c101a4cffa6645a012e31af05f41101a032237403a48213,32,33,12,13,E:\Archival-Digitisation-Project\1971_Trimmed_PDF\Uttar_Pradesh\metadata\document.xlsx,4bf05d889c56070f43e73558469b6cab4e2a96f37cf6cc1e9a7aa54c7efd5abe,2026-08-30T21:19:49.209426+00:00
(iii),,Meerut Cantt.,,D (1),,...,,...,,...,,...,,3,,Sh. Type (3),,7,,1,,4,,3,,...,,6,,...,,PL (2) RR (1),,COMPONENT,,False,21,1,5,45,meerut_mededu_1971,Meerut,Uttar Pradesh,1971,format_002,meerut_mededu_001,meerut_mededu_1971.pdf,8af40e0a11abe8ed1c101a4cffa6645a012e31af05f41101a032237403a48213,32,33,12,13,E:\Archival-Digitisation-Project\1971_Trimmed_PDF\Uttar_Pradesh\metadata\document.xlsx,4bf05d889c56070f43e73558469b6cab4e2a96f37cf6cc1e9a7aa54c7efd5abe,2026-08-30T21:19:49.209426+00:00
(iii),,Meerut Cantt.,,TBC (1),,...,,...,,...,,...,,3,,Sh. Type (3),,7,,1,,4,,3,,...,,6,,...,,PL (2) RR (1),,COMPONENT,,False,21,2,5,46,meerut_mededu_1971,Meerut,Uttar Pradesh,1971,format_002,meerut_mededu_001,meerut_mededu_1971.pdf,8af40e0a11abe8ed1c101a4cffa6645a012e31af05f41101a032237403a48213,32,33,12,13,E:\Archival-Digitisation-Project\1971_Trimmed_PDF\Uttar_Pradesh\metadata\document.xlsx,4bf05d889c56070f43e73558469b6cab4e2a96f37cf6cc1e9a7aa54c7efd5abe,2026-08-30T21:19:49.209426+00:00
(iii),,Meerut Cantt.,,NH (1),,...,,...,,...,,...,,3,,Sh. Type (3),,7,,1,,4,,3,,...,,6,,...,,PL (2) RR (1),,COMPONENT,,False,21,3,5,47,meerut_mededu_1971,Meerut,Uttar Pradesh,1971,format_002,meerut_mededu_001,meerut_mededu_1971.pdf,8af40e0a11abe8ed1c101a4cffa6645a012e31af05f41101a032237403a48213,32,33,12,13,E:\Archival-Digitisation-Project\1971_Trimmed_PDF\Uttar_Pradesh\metadata\document.xlsx,4bf05d889c56070f43e73558469b6cab4e2a96f37cf6cc1e9a7aa54c7efd5abe,2026-08-30T21:19:49.209426+00:00
(iii),,Meerut Cantt.,,FC (1),,...,,...,,...,,...,,3,,Sh. Type (3),,7,,1,,4,,3,,...,,6,,...,,PL (2) RR (1),,COMPONENT,,False,21,4,5,48,meerut_mededu_1971,Meerut,Uttar Pradesh,1971,format_002,meerut_mededu_001,meerut_mededu_1971.pdf,8af40e0a11abe8ed1c101a4cffa6645a012e31af05f41101a032237403a48213,32,33,12,13,E:\Archival-Digitisation-Project\1971_Trimmed_PDF\Uttar_Pradesh\metadata\document.xlsx,4bf05d889c56070f43e73558469b6cab4e2a96f37cf6cc1e9a7aa54c7efd5abe,2026-08-30T21:19:49.209426+00:00
16,,Modinagar,,H (2),,50,,A(1) S(1) C(1),,,,,,,,,,,,,,,,,,,,,,,,,,ORDINARY,,False,22,0,3,49,meerut_mededu_1971,Meerut,Uttar Pradesh,1971,format_002,meerut_mededu_001,meerut_mededu_1971.pdf,8af40e0a11abe8ed1c101a4cffa6645a012e31af05f41101a032237403a48213,32,33,12,13,E:\Archival-Digitisation-Project\1971_Trimmed_PDF\Uttar_Pradesh\metadata\document.xlsx,4bf05d889c56070f43e73558469b6cab4e2a96f37cf6cc1e9a7aa54c7efd5abe,2026-08-30T21:19:49.209426+00:00
16,,Modinagar,,D (4),,...,,A(1) S(1) C(1),,,,,,,,,,,,,,,,,,,,,,,,,,ORDINARY,,False,22,1,3,50,meerut_mededu_1971,Meerut,Uttar Pradesh,1971,format_002,meerut_mededu_001,meerut_mededu_1971.pdf,8af40e0a11abe8ed1c101a4cffa6645a012e31af05f41101a032237403a48213,32,33,12,13,E:\Archival-Digitisation-Project\1971_Trimmed_PDF\Uttar_Pradesh\metadata\document.xlsx,4bf05d889c56070f43e73558469b6cab4e2a96f37cf6cc1e9a7aa54c7efd5abe,2026-08-30T21:19:49.209426+00:00
16,,Modinagar,,HC (2),,...,,A(1) S(1) C(1),,,,,,,,,,,,,,,,,,,,,,,,,,ORDINARY,,False,22,2,3,51,meerut_mededu_1971,Meerut,Uttar Pradesh,1971,format_002,meerut_mededu_001,meerut_mededu_1971.pdf,8af40e0a11abe8ed1c101a4cffa6645a012e31af05f41101a032237403a48213,32,33,12,13,E:\Archival-Digitisation-Project\1971_Trimmed_PDF\Uttar_Pradesh\metadata\document.xlsx,4bf05d889c56070f43e73558469b6cab4e2a96f37cf6cc1e9a7aa54c7efd5abe,2026-08-30T21:19:49.209426+00:00
17,,Muradnagar,,H (1),,4,,A(1),,...,,...,,,,Sh. Type (1),,,,,,,,,,,,,,,,RR(1),,ORDINARY,,False,23,0,2,52,meerut_mededu_1971,Meerut,Uttar Pradesh,1971,format_002,meerut_mededu_001,meerut_mededu_1971.pdf,8af40e0a11abe8ed1c101a4cffa6645a012e31af05f41101a032237403a48213,32,33,12,13,E:\Archival-Digitisation-Project\1971_Trimmed_PDF\Uttar_Pradesh\metadata\document.xlsx,4bf05d889c56070f43e73558469b6cab4e2a96f37cf6cc1e9a7aa54c7efd5abe,2026-08-30T21:19:49.209426+00:00
17,,Muradnagar,,D (1),,...,,A(1),,...,,...,,,,Sh. Type (1),,,,,,,,,,,,,,,,RR(1),,ORDINARY,,False,23,1,2,53,meerut_mededu_1971,Meerut,Uttar Pradesh,1971,format_002,meerut_mededu_001,meerut_mededu_1971.pdf,8af40e0a11abe8ed1c101a4cffa6645a012e31af05f41101a032237403a48213,32,33,12,13,E:\Archival-Digitisation-Project\1971_Trimmed_PDF\Uttar_Pradesh\metadata\document.xlsx,4bf05d889c56070f43e73558469b6cab4e2a96f37cf6cc1e9a7aa54c7efd5abe,2026-08-30T21:19:49.209426+00:00
18,,Ordnance Factory Muradnagar,,,,,,,,,,,,,,,,,,,,,,,,,,,,,,1RR(1),,ORDINARY,,False,24,0,1,54,meerut_mededu_1971,Meerut,Uttar Pradesh,1971,format_002,meerut_mededu_001,meerut_mededu_1971.pdf,8af40e0a11abe8ed1c101a4cffa6645a012e31af05f41101a032237403a48213,32,33,12,13,E:\Archival-Digitisation-Project\1971_Trimmed_PDF\Uttar_Pradesh\metadata\document.xlsx,4bf05d889c56070f43e73558469b6cab4e2a96f37cf6cc1e9a7aa54c7efd5abe,2026-08-30T21:19:49.209426+00:00
19,,Pilkhuwa,,H (1),,6,,,,...,,...,,...,,...,,4,,6,,3,,,,,,*,,*,,,,ORDINARY,,False,25,0,2,55,meerut_mededu_1971,Meerut,Uttar Pradesh,1971,format_002,meerut_mededu_001,meerut_mededu_1971.pdf,8af40e0a11abe8ed1c101a4cffa6645a012e31af05f41101a032237403a48213,32,33,12,13,E:\Archival-Digitisation-Project\1971_Trimmed_PDF\Uttar_Pradesh\metadata\document.xlsx,4bf05d889c56070f43e73558469b6cab4e2a96f37cf6cc1e9a7aa54c7efd5abe,2026-08-30T21:19:49.209426+00:00
19,,Pilkhuwa,,D (1),,...,,,,...,,...,,...,,...,,4,,6,,3,,,,,,*,,*,,,,ORDINARY,,False,25,1,2,56,meerut_mededu_1971,Meerut,Uttar Pradesh,1971,format_002,meerut_mededu_001,meerut_mededu_1971.pdf,8af40e0a11abe8ed1c101a4cffa6645a012e31af05f41101a032237403a48213,32,33,12,13,E:\Archival-Digitisation-Project\1971_Trimmed_PDF\Uttar_Pradesh\metadata\document.xlsx,4bf05d889c56070f43e73558469b6cab4e2a96f37cf6cc1e9a7aa54c7efd5abe,2026-08-30T21:19:49.209426+00:00
20,,Rasulpur,,,,,,,,,,,,,,,,3,,5,,8,,Infrastructure Infrastructure,,1 nnt Awa'ilahle,,,,,,,,ORDINARY,,False,26,0,1,57,meerut_mededu_1971,Meerut,Uttar Pradesh,1971,format_002,meerut_mededu_001,meerut_mededu_1971.pdf,8af40e0a11abe8ed1c101a4cffa6645a012e31af05f41101a032237403a48213,32,33,12,13,E:\Archival-Digitisation-Project\1971_Trimmed_PDF\Uttar_Pradesh\metadata\document.xlsx,4bf05d889c56070f43e73558469b6cab4e2a96f37cf6cc1e9a7aa54c7efd5abe,2026-08-30T21:19:49.209426+00:00
21,,Sardhana,,H (1),,10,,,,,,,,,,"Sh,Type(3) O (1)",,,,1,,14,,2,,...,,1,,...,,PL(1),,ORDINARY,,False,27,0,4,58,meerut_mededu_1971,Meerut,Uttar Pradesh,1971,format_002,meerut_mededu_001,meerut_mededu_1971.pdf,8af40e0a11abe8ed1c101a4cffa6645a012e31af05f41101a032237403a48213,32,33,12,13,E:\Archival-Digitisation-Project\1971_Trimmed_PDF\Uttar_Pradesh\metadata\document.xlsx,4bf05d889c56070f43e73558469b6cab4e2a96f37cf6cc1e9a7aa54c7efd5abe,2026-08-30T21:19:49.209426+00:00
21,,Sardhana,,HC (1),,4,,,,,,,,,,"Sh,Type(3) O (1)",,,,1,,14,,2,,...,,1,,...,,PL(1),,ORDINARY,,False,27,1,4,59,meerut_mededu_1971,Meerut,Uttar Pradesh,1971,format_002,meerut_mededu_001,meerut_mededu_1971.pdf,8af40e0a11abe8ed1c101a4cffa6645a012e31af05f41101a032237403a48213,32,33,12,13,E:\Archival-Digitisation-Project\1971_Trimmed_PDF\Uttar_Pradesh\metadata\document.xlsx,4bf05d889c56070f43e73558469b6cab4e2a96f37cf6cc1e9a7aa54c7efd5abe,2026-08-30T21:19:49.209426+00:00
21,,Sardhana,,D (1),,...,,,,,,,,,,"Sh,Type(3) O (1)",,,,1,,14,,2,,...,,1,,...,,PL(1),,ORDINARY,,False,27,2,4,60,meerut_mededu_1971,Meerut,Uttar Pradesh,1971,format_002,meerut_mededu_001,meerut_mededu_1971.pdf,8af40e0a11abe8ed1c101a4cffa6645a012e31af05f41101a032237403a48213,32,33,12,13,E:\Archival-Digitisation-Project\1971_Trimmed_PDF\Uttar_Pradesh\metadata\document.xlsx,4bf05d889c56070f43e73558469b6cab4e2a96f37cf6cc1e9a7aa54c7efd5abe,2026-08-30T21:19:49.209426+00:00
21,,Sardhana,,FC (1),,...,,,,,,,,,,"Sh,Type(3) O (1)",,,,1,,14,,2,,...,,1,,...,,PL(1),,ORDINARY,,False,27,3,4,61,meerut_mededu_1971,Meerut,Uttar Pradesh,1971,format_002,meerut_mededu_001,meerut_mededu_1971.pdf,8af40e0a11abe8ed1c101a4cffa6645a012e31af05f41101a032237403a48213,32,33,12,13,E:\Archival-Digitisation-Project\1971_Trimmed_PDF\Uttar_Pradesh\metadata\document.xlsx,4bf05d889c56070f43e73558469b6cab4e2a96f37cf6cc1e9a7aa54c7efd5abe,2026-08-30T21:19:49.209426+00:00
22,,Shahjahanpur,,,,,,,,,,,,,,,,1 2,,1 6,,1 8,,1 ... 1 ...,,1 ...,,1 ... 1 ...,,1 ... 1 ...,,1 ... 1 ...,,ORDINARY,,False,28,0,1,62,meerut_mededu_1971,Meerut,Uttar Pradesh,1971,format_002,meerut_mededu_001,meerut_mededu_1971.pdf,8af40e0a11abe8ed1c101a4cffa6645a012e31af05f41101a032237403a48213,32,33,12,13,E:\Archival-Digitisation-Project\1971_Trimmed_PDF\Uttar_Pradesh\metadata\document.xlsx,4bf05d889c56070f43e73558469b6cab4e2a96f37cf6cc1e9a7aa54c7efd5abe,2026-08-30T21:19:49.209426+00:00
1,,Ahraura,,H (1),,7,,...,,...,,...,,...,,...,,1,,2,,3,,...,,...,,...,,...,,...,,ORDINARY,,False,0,0,2,0,mirzapur_mededu_1971,Mirzapur,Uttar Pradesh,1971,format_002,mirzapur_mededu_001,mirzapur_mededu_1971.pdf,de143ed9bfe1d91cd6f8c77ec9726064189984f671a80045bca6af30c2e0132a,29,30,12,13,E:\Archival-Digitisation-Project\1971_Trimmed_PDF\Uttar_Pradesh\metadata\document.xlsx,4bf05d889c56070f43e73558469b6cab4e2a96f37cf6cc1e9a7aa54c7efd5abe,2026-08-30T21:27:47.717648+00:00
1,,Ahraura,,FC (1),,...,,...,,...,,...,,...,,...,,1,,2,,3,,...,,...,,...,,...,,...,,ORDINARY,,False,0,1,2,1,mirzapur_mededu_1971,Mirzapur,Uttar Pradesh,1971,format_002,mirzapur_mededu_001,mirzapur_mededu_1971.pdf,de143ed9bfe1d91cd6f8c77ec9726064189984f671a80045bca6af30c2e0132a,29,30,12,13,E:\Archival-Digitisation-Project\1971_Trimmed_PDF\Uttar_Pradesh\metadata\document.xlsx,4bf05d889c56070f43e73558469b6cab4e2a96f37cf6cc1e9a7aa54c7efd5abe,2026-08-30T21:27:47.717648+00:00
2,,Chopan,,HC (2),,4,,...,,...,,...,,...,,...,,1,,...,,2,,...,,1,,...,,1,,...,,ORDINARY,,False,1,0,3,2,mirzapur_mededu_1971,Mirzapur,Uttar Pradesh,1971,format_002,mirzapur_mededu_001,mirzapur_mededu_1971.pdf,de143ed9bfe1d91cd6f8c77ec9726064189984f671a80045bca6af30c2e0132a,29,30,12,13,E:\Archival-Digitisation-Project\1971_Trimmed_PDF\Uttar_Pradesh\metadata\document.xlsx,4bf05d889c56070f43e73558469b6cab4e2a96f37cf6cc1e9a7aa54c7efd5abe,2026-08-30T21:27:47.717648+00:00
2,,Chopan,,D (1),,4,,...,,...,,...,,...,,...,,1,,...,,2,,...,,1,,...,,1,,...,,ORDINARY,,False,1,1,3,3,mirzapur_mededu_1971,Mirzapur,Uttar Pradesh,1971,format_002,mirzapur_mededu_001,mirzapur_mededu_1971.pdf,de143ed9bfe1d91cd6f8c77ec9726064189984f671a80045bca6af30c2e0132a,29,30,12,13,E:\Archival-Digitisation-Project\1971_Trimmed_PDF\Uttar_Pradesh\metadata\document.xlsx,4bf05d889c56070f43e73558469b6cab4e2a96f37cf6cc1e9a7aa54c7efd5abe,2026-08-30T21:27:47.717648+00:00
2,,Chopan,,FC (1),,...,,...,,...,,...,,...,,...,,1,,...,,2,,...,,1,,...,,1,,...,,ORDINARY,,False,1,2,3,4,mirzapur_mededu_1971,Mirzapur,Uttar Pradesh,1971,format_002,mirzapur_mededu_001,mirzapur_mededu_1971.pdf,de143ed9bfe1d91cd6f8c77ec9726064189984f671a80045bca6af30c2e0132a,29,30,12,13,E:\Archival-Digitisation-Project\1971_Trimmed_PDF\Uttar_Pradesh\metadata\document.xlsx,4bf05d889c56070f43e73558469b6cab4e2a96f37cf6cc1e9a7aa54c7efd5abe,2026-08-30T21:27:47.717648+00:00
3,,Chunar,,H (3),,40,,...,,...,,...,,...,,...,,1,,1,,4,,1,,...,,1,,1,,...,,ORDINARY,,False,2,0,2,5,mirzapur_mededu_1971,Mirzapur,Uttar Pradesh,1971,format_002,mirzapur_mededu_001,mirzapur_mededu_1971.pdf,de143ed9bfe1d91cd6f8c77ec9726064189984f671a80045bca6af30c2e0132a,29,30,12,13,E:\Archival-Digitisation-Project\1971_Trimmed_PDF\Uttar_Pradesh\metadata\document.xlsx,4bf05d889c56070f43e73558469b6cab4e2a96f37cf6cc1e9a7aa54c7efd5abe,2026-08-30T21:27:47.717648+00:00
3,,Chunar,,FC (1),,...,,...,,...,,...,,...,,...,,1,,1,,4,,1,,...,,1,,1,,...,,ORDINARY,,False,2,1,2,6,mirzapur_mededu_1971,Mirzapur,Uttar Pradesh,1971,format_002,mirzapur_mededu_001,mirzapur_mededu_1971.pdf,de143ed9bfe1d91cd6f8c77ec9726064189984f671a80045bca6af30c2e0132a,29,30,12,13,E:\Archival-Digitisation-Project\1971_Trimmed_PDF\Uttar_Pradesh\metadata\document.xlsx,4bf05d889c56070f43e73558469b6cab4e2a96f37cf6cc1e9a7aa54c7efd5abe,2026-08-30T21:27:47.717648+00:00
4,,Churk Ghurma,,H (1),,14,,...,,...,,...,,...,,...,,2,,...,,2,,...,,...,,...,,...,,...,,ORDINARY,,False,3,0,2,7,mirzapur_mededu_1971,Mirzapur,Uttar Pradesh,1971,format_002,mirzapur_mededu_001,mirzapur_mededu_1971.pdf,de143ed9bfe1d91cd6f8c77ec9726064189984f671a80045bca6af30c2e0132a,29,30,12,13,E:\Archival-Digitisation-Project\1971_Trimmed_PDF\Uttar_Pradesh\metadata\document.xlsx,4bf05d889c56070f43e73558469b6cab4e2a96f37cf6cc1e9a7aa54c7efd5abe,2026-08-30T21:27:47.717648+00:00
4,,Churk Ghurma,,D (4),,14,,...,,...,,...,,...,,...,,2,,...,,2,,...,,...,,...,,...,,...,,ORDINARY,,False,3,1,2,8,mirzapur_mededu_1971,Mirzapur,Uttar Pradesh,1971,format_002,mirzapur_mededu_001,mirzapur_mededu_1971.pdf,de143ed9bfe1d91cd6f8c77ec9726064189984f671a80045bca6af30c2e0132a,29,30,12,13,E:\Archival-Digitisation-Project\1971_Trimmed_PDF\Uttar_Pradesh\metadata\document.xlsx,4bf05d889c56070f43e73558469b6cab4e2a96f37cf6cc1e9a7aa54c7efd5abe,2026-08-30T21:27:47.717648+00:00
5,,Dudhi,,H (1),,12,,...,,...,,...,,...,,...,,1,,2,,3,,...,,...,,...,,...,,PL (1),,ORDINARY,,False,4,0,3,9,mirzapur_mededu_1971,Mirzapur,Uttar Pradesh,1971,format_002,mirzapur_mededu_001,mirzapur_mededu_1971.pdf,de143ed9bfe1d91cd6f8c77ec9726064189984f671a80045bca6af30c2e0132a,29,30,12,13,E:\Archival-Digitisation-Project\1971_Trimmed_PDF\Uttar_Pradesh\metadata\document.xlsx,4bf05d889c56070f43e73558469b6cab4e2a96f37cf6cc1e9a7aa54c7efd5abe,2026-08-30T21:27:47.717648+00:00
5,,Dudhi,,HC (1),,8,,...,,...,,...,,...,,...,,1,,2,,3,,...,,...,,...,,...,,PL (1),,ORDINARY,,False,4,1,3,10,mirzapur_mededu_1971,Mirzapur,Uttar Pradesh,1971,format_002,mirzapur_mededu_001,mirzapur_mededu_1971.pdf,de143ed9bfe1d91cd6f8c77ec9726064189984f671a80045bca6af30c2e0132a,29,30,12,13,E:\Archival-Digitisation-Project\1971_Trimmed_PDF\Uttar_Pradesh\metadata\document.xlsx,4bf05d889c56070f43e73558469b6cab4e2a96f37cf6cc1e9a7aa54c7efd5abe,2026-08-30T21:27:47.717648+00:00
5,,Dudhi,,FC (1),,...,,...,,...,,...,,...,,...,,1,,2,,3,,...,,...,,...,,...,,PL (1),,ORDINARY,,False,4,2,3,11,mirzapur_mededu_1971,Mirzapur,Uttar Pradesh,1971,format_002,mirzapur_mededu_001,mirzapur_mededu_1971.pdf,de143ed9bfe1d91cd6f8c77ec9726064189984f671a80045bca6af30c2e0132a,29,30,12,13,E:\Archival-Digitisation-Project\1971_Trimmed_PDF\Uttar_Pradesh\metadata\document.xlsx,4bf05d889c56070f43e73558469b6cab4e2a96f37cf6cc1e9a7aa54c7efd5abe,2026-08-30T21:27:47.717648+00:00
6,,Kachhwa,,H (1),,130,,...,,...,,...,,...,,...,,1,,3,,3,,...,,...,,...,,...,,...,,ORDINARY,,False,5,0,2,12,mirzapur_mededu_1971,Mirzapur,Uttar Pradesh,1971,format_002,mirzapur_mededu_001,mirzapur_mededu_1971.pdf,de143ed9bfe1d91cd6f8c77ec9726064189984f671a80045bca6af30c2e0132a,29,30,12,13,E:\Archival-Digitisation-Project\1971_Trimmed_PDF\Uttar_Pradesh\metadata\document.xlsx,4bf05d889c56070f43e73558469b6cab4e2a96f37cf6cc1e9a7aa54c7efd5abe,2026-08-30T21:27:47.717648+00:00
6,,Kachhwa,,D (1),,4,,...,,...,,...,,...,,...,,1,,3,,3,,...,,...,,...,,...,,...,,ORDINARY,,False,5,1,2,13,mirzapur_mededu_1971,Mirzapur,Uttar Pradesh,1971,format_002,mirzapur_mededu_001,mirzapur_mededu_1971.pdf,de143ed9bfe1d91cd6f8c77ec9726064189984f671a80045bca6af30c2e0132a,29,30,12,13,E:\Archival-Digitisation-Project\1971_Trimmed_PDF\Uttar_Pradesh\metadata\document.xlsx,4bf05d889c56070f43e73558469b6cab4e2a96f37cf6cc1e9a7aa54c7efd5abe,2026-08-30T21:27:47.717648+00:00
7,,Markundi,,...,,...,,...,,...,,...,,...,,...,,...,,...,,1,,...,,...,,...,,...,,...,,ORDINARY,,False,6,0,1,14,mirzapur_mededu_1971,Mirzapur,Uttar Pradesh,1971,format_002,mirzapur_mededu_001,mirzapur_mededu_1971.pdf,de143ed9bfe1d91cd6f8c77ec9726064189984f671a80045bca6af30c2e0132a,29,30,12,13,E:\Archival-Digitisation-Project\1971_Trimmed_PDF\Uttar_Pradesh\metadata\document.xlsx,4bf05d889c56070f43e73558469b6cab4e2a96f37cf6cc1e9a7aa54c7efd5abe,2026-08-30T21:27:47.717648+00:00
8,,Mirzapur-cum-Vindhyachal,,H (7),,214,,ASC (3),,...,,...,,1,,Sh. Type (3) O (1),,10,,6,,54,,...,,...,,2,,...,,PL (3),,ORDINARY,,False,7,0,5,15,mirzapur_mededu_1971,Mirzapur,Uttar Pradesh,1971,format_002,mirzapur_mededu_001,mirzapur_mededu_1971.pdf,de143ed9bfe1d91cd6f8c77ec9726064189984f671a80045bca6af30c2e0132a,29,30,12,13,E:\Archival-Digitisation-Project\1971_Trimmed_PDF\Uttar_Pradesh\metadata\document.xlsx,4bf05d889c56070f43e73558469b6cab4e2a96f37cf6cc1e9a7aa54c7efd5abe,2026-08-30T21:27:47.717648+00:00
8,,Mirzapur-cum-Vindhyachal,,D (4),,...,,ASC (3),,...,,...,,1,,Sh. Type (3) O (1),,10,,6,,54,,...,,...,,2,,...,,PL (3),,ORDINARY,,False,7,1,5,16,mirzapur_mededu_1971,Mirzapur,Uttar Pradesh,1971,format_002,mirzapur_mededu_001,mirzapur_mededu_1971.pdf,de143ed9bfe1d91cd6f8c77ec9726064189984f671a80045bca6af30c2e0132a,29,30,12,13,E:\Archival-Digitisation-Project\1971_Trimmed_PDF\Uttar_Pradesh\metadata\document.xlsx,4bf05d889c56070f43e73558469b6cab4e2a96f37cf6cc1e9a7aa54c7efd5abe,2026-08-30T21:27:47.717648+00:00
8,,Mirzapur-cum-Vindhyachal,,TBC (1),,...,,ASC (3),,...,,...,,1,,Sh. Type (3) O (1),,10,,6,,54,,...,,...,,2,,...,,PL (3),,ORDINARY,,False,7,2,5,17,mirzapur_mededu_1971,Mirzapur,Uttar Pradesh,1971,format_002,mirzapur_mededu_001,mirzapur_mededu_1971.pdf,de143ed9bfe1d91cd6f8c77ec9726064189984f671a80045bca6af30c2e0132a,29,30,12,13,E:\Archival-Digitisation-Project\1971_Trimmed_PDF\Uttar_Pradesh\metadata\document.xlsx,4bf05d889c56070f43e73558469b6cab4e2a96f37cf6cc1e9a7aa54c7efd5abe,2026-08-30T21:27:47.717648+00:00
8,,Mirzapur-cum-Vindhyachal,,FC (1),,...,,ASC (3),,...,,...,,1,,Sh. Type (3) O (1),,10,,6,,54,,...,,...,,2,,...,,PL (3),,ORDINARY,,False,7,3,5,18,mirzapur_mededu_1971,Mirzapur,Uttar Pradesh,1971,format_002,mirzapur_mededu_001,mirzapur_mededu_1971.pdf,de143ed9bfe1d91cd6f8c77ec9726064189984f671a80045bca6af30c2e0132a,29,30,12,13,E:\Archival-Digitisation-Project\1971_Trimmed_PDF\Uttar_Pradesh\metadata\document.xlsx,4bf05d889c56070f43e73558469b6cab4e2a96f37cf6cc1e9a7aa54c7efd5abe,2026-08-30T21:27:47.717648+00:00
8,,Mirzapur-cum-Vindhyachal,,O (3),,...,,ASC (3),,...,,...,,1,,Sh. Type (3) O (1),,10,,6,,54,,...,,...,,2,,...,,PL (3),,ORDINARY,,False,7,4,5,19,mirzapur_mededu_1971,Mirzapur,Uttar Pradesh,1971,format_002,mirzapur_mededu_001,mirzapur_mededu_1971.pdf,de143ed9bfe1d91cd6f8c77ec9726064189984f671a80045bca6af30c2e0132a,29,30,12,13,E:\Archival-Digitisation-Project\1971_Trimmed_PDF\Uttar_Pradesh\metadata\document.xlsx,4bf05d889c56070f43e73558469b6cab4e2a96f37cf6cc1e9a7aa54c7efd5abe,2026-08-30T21:27:47.717648+00:00
9,,Obra,,H (1),,22,,...,,...,,...,,...,,...,,1,,...,,1,,2,,...,,1,,...,,...,,ORDINARY,,False,8,0,1,20,mirzapur_mededu_1971,Mirzapur,Uttar Pradesh,1971,format_002,mirzapur_mededu_001,mirzapur_mededu_1971.pdf,de143ed9bfe1d91cd6f8c77ec9726064189984f671a80045bca6af30c2e0132a,29,30,12,13,E:\Archival-Digitisation-Project\1971_Trimmed_PDF\Uttar_Pradesh\metadata\document.xlsx,4bf05d889c56070f43e73558469b6cab4e2a96f37cf6cc1e9a7aa54c7efd5abe,2026-08-30T21:27:47.717648+00:00
10,,Pipri,,H (1),,12,,...,,...,,...,,...,,...,,1,,...,,2,,...,,...,,1,,...,,...,,ORDINARY,,False,9,0,2,21,mirzapur_mededu_1971,Mirzapur,Uttar Pradesh,1971,format_002,mirzapur_mededu_001,mirzapur_mededu_1971.pdf,de143ed9bfe1d91cd6f8c77ec9726064189984f671a80045bca6af30c2e0132a,29,30,12,13,E:\Archival-Digitisation-Project\1971_Trimmed_PDF\Uttar_Pradesh\metadata\document.xlsx,4bf05d889c56070f43e73558469b6cab4e2a96f37cf6cc1e9a7aa54c7efd5abe,2026-08-30T21:27:47.717648+00:00
10,,Pipri,,D (1),,4,,...,,...,,...,,...,,...,,1,,...,,2,,...,,...,,1,,...,,...,,ORDINARY,,False,9,1,2,22,mirzapur_mededu_1971,Mirzapur,Uttar Pradesh,1971,format_002,mirzapur_mededu_001,mirzapur_mededu_1971.pdf,de143ed9bfe1d91cd6f8c77ec9726064189984f671a80045bca6af30c2e0132a,29,30,12,13,E:\Archival-Digitisation-Project\1971_Trimmed_PDF\Uttar_Pradesh\metadata\document.xlsx,4bf05d889c56070f43e73558469b6cab4e2a96f37cf6cc1e9a7aa54c7efd5abe,2026-08-30T21:27:47.717648+00:00
11,,Renukoot,,D (3),,26,,...,,...,,...,,...,,...,,1,,...,,3,,...,,...,,...,,1,,...,,ORDINARY,,False,10,0,1,23,mirzapur_mededu_1971,Mirzapur,Uttar Pradesh,1971,format_002,mirzapur_mededu_001,mirzapur_mededu_1971.pdf,de143ed9bfe1d91cd6f8c77ec9726064189984f671a80045bca6af30c2e0132a,29,30,12,13,E:\Archival-Digitisation-Project\1971_Trimmed_PDF\Uttar_Pradesh\metadata\document.xlsx,4bf05d889c56070f43e73558469b6cab4e2a96f37cf6cc1e9a7aa54c7efd5abe,2026-08-30T21:27:47.717648+00:00
12,,Robertsganj,,H (1),,8,,...,,...,,...,,...,,...,,1,,2,,6,,...,,...,,1,,...,,...,,ORDINARY,,False,11,0,1,24,mirzapur_mededu_1971,Mirzapur,Uttar Pradesh,1971,format_002,mirzapur_mededu_001,mirzapur_mededu_1971.pdf,de143ed9bfe1d91cd6f8c77ec9726064189984f671a80045bca6af30c2e0132a,29,30,12,13,E:\Archival-Digitisation-Project\1971_Trimmed_PDF\Uttar_Pradesh\metadata\document.xlsx,4bf05d889c56070f43e73558469b6cab4e2a96f37cf6cc1e9a7aa54c7efd5abe,2026-08-30T21:27:47.717648+00:00
1,,Amroha,,H (2),,30,,A (1),,...,,...,,...,,...,,6,,2,,38,,7,,...,,3,,...,,PL (3),,ORDINARY,,False,0,0,2,0,moradabad_mededu_1971,Moradabad,Uttar Pradesh,1971,format_002,moradabad_mededu_001,moradabad_mededu_1971.pdf,43203e85f576f82197069d3ffc97237557224714d6f079cc9e616bbc43e10f5d,30,31,12,13,E:\Archival-Digitisation-Project\1971_Trimmed_PDF\Uttar_Pradesh\metadata\document.xlsx,4bf05d889c56070f43e73558469b6cab4e2a96f37cf6cc1e9a7aa54c7efd5abe,2026-08-30T21:32:17.563336+00:00
1,,Amroha,,FC (1),,...,,A (1),,...,,...,,...,,...,,6,,2,,38,,7,,...,,3,,...,,PL (3),,ORDINARY,,False,0,1,2,1,moradabad_mededu_1971,Moradabad,Uttar Pradesh,1971,format_002,moradabad_mededu_001,moradabad_mededu_1971.pdf,43203e85f576f82197069d3ffc97237557224714d6f079cc9e616bbc43e10f5d,30,31,12,13,E:\Archival-Digitisation-Project\1971_Trimmed_PDF\Uttar_Pradesh\metadata\document.xlsx,4bf05d889c56070f43e73558469b6cab4e2a96f37cf6cc1e9a7aa54c7efd5abe,2026-08-30T21:32:17.563336+00:00
2,,Bahjoi,,H (1),,6,,...,,...,,...,,...,,...,,3,,2,,3,,...,,...,,...,,...,,...,,ORDINARY,,False,1,0,3,2,moradabad_mededu_1971,Moradabad,Uttar Pradesh,1971,format_002,moradabad_mededu_001,moradabad_mededu_1971.pdf,43203e85f576f82197069d3ffc97237557224714d6f079cc9e616bbc43e10f5d,30,31,12,13,E:\Archival-Digitisation-Project\1971_Trimmed_PDF\Uttar_Pradesh\metadata\document.xlsx,4bf05d889c56070f43e73558469b6cab4e2a96f37cf6cc1e9a7aa54c7efd5abe,2026-08-30T21:32:17.563336+00:00
2,,Bahjoi,,HC (1),,4,,...,,...,,...,,...,,...,,3,,2,,3,,...,,...,,...,,...,,...,,ORDINARY,,False,1,1,3,3,moradabad_mededu_1971,Moradabad,Uttar Pradesh,1971,format_002,moradabad_mededu_001,moradabad_mededu_1971.pdf,43203e85f576f82197069d3ffc97237557224714d6f079cc9e616bbc43e10f5d,30,31,12,13,E:\Archival-Digitisation-Project\1971_Trimmed_PDF\Uttar_Pradesh\metadata\document.xlsx,4bf05d889c56070f43e73558469b6cab4e2a96f37cf6cc1e9a7aa54c7efd5abe,2026-08-30T21:32:17.563336+00:00
2,,Bahjoi,,FC (1),,...,,...,,...,,...,,...,,...,,3,,2,,3,,...,,...,,...,,...,,...,,ORDINARY,,False,1,2,3,4,moradabad_mededu_1971,Moradabad,Uttar Pradesh,1971,format_002,moradabad_mededu_001,moradabad_mededu_1971.pdf,43203e85f576f82197069d3ffc97237557224714d6f079cc9e616bbc43e10f5d,30,31,12,13,E:\Archival-Digitisation-Project\1971_Trimmed_PDF\Uttar_Pradesh\metadata\document.xlsx,4bf05d889c56070f43e73558469b6cab4e2a96f37cf6cc1e9a7aa54c7efd5abe,2026-08-30T21:32:17.563336+00:00
3,,Bilari,,HC (1),,4,,...,,...,,...,,...,,Sh. Type (1),,1,,2,,4,,...,,...,,...,,...,,...,,ORDINARY,,False,2,0,1,5,moradabad_mededu_1971,Moradabad,Uttar Pradesh,1971,format_002,moradabad_mededu_001,moradabad_mededu_1971.pdf,43203e85f576f82197069d3ffc97237557224714d6f079cc9e616bbc43e10f5d,30,31,12,13,E:\Archival-Digitisation-Project\1971_Trimmed_PDF\Uttar_Pradesh\metadata\document.xlsx,4bf05d889c56070f43e73558469b6cab4e2a96f37cf6cc1e9a7aa54c7efd5abe,2026-08-30T21:32:17.563336+00:00
4,,Chandausi,,H (2),,40,,A (1) ASC (1),,...,,...,,...,,Sh. Type (1) O (1),,6,,3,,25,,3,,...,,1,,1,,PL (1),,ORDINARY,,False,3,0,4,6,moradabad_mededu_1971,Moradabad,Uttar Pradesh,1971,format_002,moradabad_mededu_001,moradabad_mededu_1971.pdf,43203e85f576f82197069d3ffc97237557224714d6f079cc9e616bbc43e10f5d,30,31,12,13,E:\Archival-Digitisation-Project\1971_Trimmed_PDF\Uttar_Pradesh\metadata\document.xlsx,4bf05d889c56070f43e73558469b6cab4e2a96f37cf6cc1e9a7aa54c7efd5abe,2026-08-30T21:32:17.563336+00:00
4,,Chandausi,,D (2),,16,,A (1) ASC (1),,...,,...,,...,,Sh. Type (1) O (1),,6,,3,,25,,3,,...,,1,,1,,PL (1),,ORDINARY,,False,3,1,4,7,moradabad_mededu_1971,Moradabad,Uttar Pradesh,1971,format_002,moradabad_mededu_001,moradabad_mededu_1971.pdf,43203e85f576f82197069d3ffc97237557224714d6f079cc9e616bbc43e10f5d,30,31,12,13,E:\Archival-Digitisation-Project\1971_Trimmed_PDF\Uttar_Pradesh\metadata\document.xlsx,4bf05d889c56070f43e73558469b6cab4e2a96f37cf6cc1e9a7aa54c7efd5abe,2026-08-30T21:32:17.563336+00:00
4,,Chandausi,,TBC (1),,...,,A (1) ASC (1),,...,,...,,...,,Sh. Type (1) O (1),,6,,3,,25,,3,,...,,1,,1,,PL (1),,ORDINARY,,False,3,2,4,8,moradabad_mededu_1971,Moradabad,Uttar Pradesh,1971,format_002,moradabad_mededu_001,moradabad_mededu_1971.pdf,43203e85f576f82197069d3ffc97237557224714d6f079cc9e616bbc43e10f5d,30,31,12,13,E:\Archival-Digitisation-Project\1971_Trimmed_PDF\Uttar_Pradesh\metadata\document.xlsx,4bf05d889c56070f43e73558469b6cab4e2a96f37cf6cc1e9a7aa54c7efd5abe,2026-08-30T21:32:17.563336+00:00
4,,Chandausi,,FC (1),,...,,A (1) ASC (1),,...,,...,,...,,Sh. Type (1) O (1),,6,,3,,25,,3,,...,,1,,1,,PL (1),,ORDINARY,,False,3,3,4,9,moradabad_mededu_1971,Moradabad,Uttar Pradesh,1971,format_002,moradabad_mededu_001,moradabad_mededu_1971.pdf,43203e85f576f82197069d3ffc97237557224714d6f079cc9e616bbc43e10f5d,30,31,12,13,E:\Archival-Digitisation-Project\1971_Trimmed_PDF\Uttar_Pradesh\metadata\document.xlsx,4bf05d889c56070f43e73558469b6cab4e2a96f37cf6cc1e9a7aa54c7efd5abe,2026-08-30T21:32:17.563336+00:00
5,,Dhanaura,,HC (1),,4,,...,,...,,...,,...,,...,,2,,...,,3,,3,,...,,...,,...,,...,,ORDINARY,,False,4,0,1,10,moradabad_mededu_1971,Moradabad,Uttar Pradesh,1971,format_002,moradabad_mededu_001,moradabad_mededu_1971.pdf,43203e85f576f82197069d3ffc97237557224714d6f079cc9e616bbc43e10f5d,30,31,12,13,E:\Archival-Digitisation-Project\1971_Trimmed_PDF\Uttar_Pradesh\metadata\document.xlsx,4bf05d889c56070f43e73558469b6cab4e2a96f37cf6cc1e9a7aa54c7efd5abe,2026-08-30T21:32:17.563336+00:00
6,,Hasanpur,,D (2),,8,,...,,...,,...,,...,,...,,2,,3,,12,,...,,...,,1,,...,,...,,ORDINARY,,False,5,0,1,11,moradabad_mededu_1971,Moradabad,Uttar Pradesh,1971,format_002,moradabad_mededu_001,moradabad_mededu_1971.pdf,43203e85f576f82197069d3ffc97237557224714d6f079cc9e616bbc43e10f5d,30,31,12,13,E:\Archival-Digitisation-Project\1971_Trimmed_PDF\Uttar_Pradesh\metadata\document.xlsx,4bf05d889c56070f43e73558469b6cab4e2a96f37cf6cc1e9a7aa54c7efd5abe,2026-08-30T21:32:17.563336+00:00
7,,Kanth,,H (2),,12,,AS (1),,...,,...,,...,,Type (2),,1,,2,,4,,1,,...,,...,,...,,PL (1),,ORDINARY,,False,6,0,2,12,moradabad_mededu_1971,Moradabad,Uttar Pradesh,1971,format_002,moradabad_mededu_001,moradabad_mededu_1971.pdf,43203e85f576f82197069d3ffc97237557224714d6f079cc9e616bbc43e10f5d,30,31,12,13,E:\Archival-Digitisation-Project\1971_Trimmed_PDF\Uttar_Pradesh\metadata\document.xlsx,4bf05d889c56070f43e73558469b6cab4e2a96f37cf6cc1e9a7aa54c7efd5abe,2026-08-30T21:32:17.563336+00:00
7,,Kanth,,FC (1),,...,,AS (1),,...,,...,,...,,Type (2),,1,,2,,4,,1,,...,,...,,...,,PL (1),,ORDINARY,,False,6,1,2,13,moradabad_mededu_1971,Moradabad,Uttar Pradesh,1971,format_002,moradabad_mededu_001,moradabad_mededu_1971.pdf,43203e85f576f82197069d3ffc97237557224714d6f079cc9e616bbc43e10f5d,30,31,12,13,E:\Archival-Digitisation-Project\1971_Trimmed_PDF\Uttar_Pradesh\metadata\document.xlsx,4bf05d889c56070f43e73558469b6cab4e2a96f37cf6cc1e9a7aa54c7efd5abe,2026-08-30T21:32:17.563336+00:00
8,,Moradabad,,,,,,,,,,,,,,,,,,,,,,,,,,,,,,,,CROSS_REFERENCE,Moradabad City Urban Agglomeration,False,7,0,1,14,moradabad_mededu_1971,Moradabad,Uttar Pradesh,1971,format_002,moradabad_mededu_001,moradabad_mededu_1971.pdf,43203e85f576f82197069d3ffc97237557224714d6f079cc9e616bbc43e10f5d,30,31,12,13,E:\Archival-Digitisation-Project\1971_Trimmed_PDF\Uttar_Pradesh\metadata\document.xlsx,4bf05d889c56070f43e73558469b6cab4e2a96f37cf6cc1e9a7aa54c7efd5abe,2026-08-30T21:32:17.563336+00:00
,,Moradabad City Urban Agglomeration,,H (9),,431,,ASC (4),,...,,...,,1,,Sh. Type (1) O (1),,27,,21,,52,,...,,2,,6,,2,,RR (2) PL (5),,AGGREGATE,,False,8,0,5,15,moradabad_mededu_1971,Moradabad,Uttar Pradesh,1971,format_002,moradabad_mededu_001,moradabad_mededu_1971.pdf,43203e85f576f82197069d3ffc97237557224714d6f079cc9e616bbc43e10f5d,30,31,12,13,E:\Archival-Digitisation-Project\1971_Trimmed_PDF\Uttar_Pradesh\metadata\document.xlsx,4bf05d889c56070f43e73558469b6cab4e2a96f37cf6cc1e9a7aa54c7efd5abe,2026-08-30T21:32:17.563336+00:00
,,Moradabad City Urban Agglomeration,,TBC (1),,...,,ASC (4),,...,,...,,1,,Sh. Type (1) O (1),,27,,21,,52,,...,,2,,6,,2,,RR (2) PL (5),,AGGREGATE,,False,8,1,5,16,moradabad_mededu_1971,Moradabad,Uttar Pradesh,1971,format_002,moradabad_mededu_001,moradabad_mededu_1971.pdf,43203e85f576f82197069d3ffc97237557224714d6f079cc9e616bbc43e10f5d,30,31,12,13,E:\Archival-Digitisation-Project\1971_Trimmed_PDF\Uttar_Pradesh\metadata\document.xlsx,4bf05d889c56070f43e73558469b6cab4e2a96f37cf6cc1e9a7aa54c7efd5abe,2026-08-30T21:32:17.563336+00:00
,,Moradabad City Urban Agglomeration,,O (2),,50,,ASC (4),,...,,...,,1,,Sh. Type (1) O (1),,27,,21,,52,,...,,2,,6,,2,,RR (2) PL (5),,AGGREGATE,,False,8,2,5,17,moradabad_mededu_1971,Moradabad,Uttar Pradesh,1971,format_002,moradabad_mededu_001,moradabad_mededu_1971.pdf,43203e85f576f82197069d3ffc97237557224714d6f079cc9e616bbc43e10f5d,30,31,12,13,E:\Archival-Digitisation-Project\1971_Trimmed_PDF\Uttar_Pradesh\metadata\document.xlsx,4bf05d889c56070f43e73558469b6cab4e2a96f37cf6cc1e9a7aa54c7efd5abe,2026-08-30T21:32:17.563336+00:00
,,Moradabad City Urban Agglomeration,,D (3),,...,,ASC (4),,...,,...,,1,,Sh. Type (1) O (1),,27,,21,,52,,...,,2,,6,,2,,RR (2) PL (5),,AGGREGATE,,False,8,3,5,18,moradabad_mededu_1971,Moradabad,Uttar Pradesh,1971,format_002,moradabad_mededu_001,moradabad_mededu_1971.pdf,43203e85f576f82197069d3ffc97237557224714d6f079cc9e616bbc43e10f5d,30,31,12,13,E:\Archival-Digitisation-Project\1971_Trimmed_PDF\Uttar_Pradesh\metadata\document.xlsx,4bf05d889c56070f43e73558469b6cab4e2a96f37cf6cc1e9a7aa54c7efd5abe,2026-08-30T21:32:17.563336+00:00
,,Moradabad City Urban Agglomeration,,FC (4),,...,,ASC (4),,...,,...,,1,,Sh. Type (1) O (1),,27,,21,,52,,...,,2,,6,,2,,RR (2) PL (5),,AGGREGATE,,False,8,4,5,19,moradabad_mededu_1971,Moradabad,Uttar Pradesh,1971,format_002,moradabad_mededu_001,moradabad_mededu_1971.pdf,43203e85f576f82197069d3ffc97237557224714d6f079cc9e616bbc43e10f5d,30,31,12,13,E:\Archival-Digitisation-Project\1971_Trimmed_PDF\Uttar_Pradesh\metadata\document.xlsx,4bf05d889c56070f43e73558469b6cab4e2a96f37cf6cc1e9a7aa54c7efd5abe,2026-08-30T21:32:17.563336+00:00
(i),,Moradabad,,H (8),,326,,ASC (4),,...,,...,,1,,Sh. Type (1),,27,,21,,47,,...,,1,,6,,1,,RR (2),,COMPONENT,,False,9,0,5,20,moradabad_mededu_1971,Moradabad,Uttar Pradesh,1971,format_002,moradabad_mededu_001,moradabad_mededu_1971.pdf,43203e85f576f82197069d3ffc97237557224714d6f079cc9e616bbc43e10f5d,30,31,12,13,E:\Archival-Digitisation-Project\1971_Trimmed_PDF\Uttar_Pradesh\metadata\document.xlsx,4bf05d889c56070f43e73558469b6cab4e2a96f37cf6cc1e9a7aa54c7efd5abe,2026-08-30T21:32:17.563336+00:00
(i),,Moradabad,,TBC (1),,...,,ASC (4),,...,,...,,1,,Sh. Type (1),,27,,21,,47,,...,,1,,6,,1,,RR (2),,COMPONENT,,False,9,1,5,21,moradabad_mededu_1971,Moradabad,Uttar Pradesh,1971,format_002,moradabad_mededu_001,moradabad_mededu_1971.pdf,43203e85f576f82197069d3ffc97237557224714d6f079cc9e616bbc43e10f5d,30,31,12,13,E:\Archival-Digitisation-Project\1971_Trimmed_PDF\Uttar_Pradesh\metadata\document.xlsx,4bf05d889c56070f43e73558469b6cab4e2a96f37cf6cc1e9a7aa54c7efd5abe,2026-08-30T21:32:17.563336+00:00
(i),,Moradabad,,O (2),,50,,ASC (4),,...,,...,,1,,Sh. Type (1),,27,,21,,47,,...,,1,,6,,1,,RR (2),,COMPONENT,,False,9,2,5,22,moradabad_mededu_1971,Moradabad,Uttar Pradesh,1971,format_002,moradabad_mededu_001,moradabad_mededu_1971.pdf,43203e85f576f82197069d3ffc97237557224714d6f079cc9e616bbc43e10f5d,30,31,12,13,E:\Archival-Digitisation-Project\1971_Trimmed_PDF\Uttar_Pradesh\metadata\document.xlsx,4bf05d889c56070f43e73558469b6cab4e2a96f37cf6cc1e9a7aa54c7efd5abe,2026-08-30T21:32:17.563336+00:00
(i),,Moradabad,,D (3),,...,,ASC (4),,...,,...,,1,,Sh. Type (1),,27,,21,,47,,...,,1,,6,,1,,RR (2),,COMPONENT,,False,9,3,5,23,moradabad_mededu_1971,Moradabad,Uttar Pradesh,1971,format_002,moradabad_mededu_001,moradabad_mededu_1971.pdf,43203e85f576f82197069d3ffc97237557224714d6f079cc9e616bbc43e10f5d,30,31,12,13,E:\Archival-Digitisation-Project\1971_Trimmed_PDF\Uttar_Pradesh\metadata\document.xlsx,4bf05d889c56070f43e73558469b6cab4e2a96f37cf6cc1e9a7aa54c7efd5abe,2026-08-30T21:32:17.563336+00:00
(i),,Moradabad,,FC (3),,...,,ASC (4),,...,,...,,1,,Sh. Type (1),,27,,21,,47,,...,,1,,6,,1,,RR (2),,COMPONENT,,False,9,4,5,24,moradabad_mededu_1971,Moradabad,Uttar Pradesh,1971,format_002,moradabad_mededu_001,moradabad_mededu_1971.pdf,43203e85f576f82197069d3ffc97237557224714d6f079cc9e616bbc43e10f5d,30,31,12,13,E:\Archival-Digitisation-Project\1971_Trimmed_PDF\Uttar_Pradesh\metadata\document.xlsx,4bf05d889c56070f43e73558469b6cab4e2a96f37cf6cc1e9a7aa54c7efd5abe,2026-08-30T21:32:17.563336+00:00
(ii),,Moradabad Rly. Settlement,,H (1),,105,,...,,...,,...,,...,,...,,...,,...,,5,,...,,1,,...,,1,,PL (3) PL (2),,COMPONENT,,False,10,0,2,25,moradabad_mededu_1971,Moradabad,Uttar Pradesh,1971,format_002,moradabad_mededu_001,moradabad_mededu_1971.pdf,43203e85f576f82197069d3ffc97237557224714d6f079cc9e616bbc43e10f5d,30,31,12,13,E:\Archival-Digitisation-Project\1971_Trimmed_PDF\Uttar_Pradesh\metadata\document.xlsx,4bf05d889c56070f43e73558469b6cab4e2a96f37cf6cc1e9a7aa54c7efd5abe,2026-08-30T21:32:17.563336+00:00
(ii),,Moradabad Rly. Settlement,,FC (1),,...,,...,,...,,...,,...,,...,,...,,...,,5,,...,,1,,...,,1,,PL (3) PL (2),,COMPONENT,,False,10,1,2,26,moradabad_mededu_1971,Moradabad,Uttar Pradesh,1971,format_002,moradabad_mededu_001,moradabad_mededu_1971.pdf,43203e85f576f82197069d3ffc97237557224714d6f079cc9e616bbc43e10f5d,30,31,12,13,E:\Archival-Digitisation-Project\1971_Trimmed_PDF\Uttar_Pradesh\metadata\document.xlsx,4bf05d889c56070f43e73558469b6cab4e2a96f37cf6cc1e9a7aa54c7efd5abe,2026-08-30T21:32:17.563336+00:00
9,,Moradabad Rly. Settlement,,,,,,,,,,,,,,,,,,,,,,,,,,,,,,,,CROSS_REFERENCE,Moradabad City Urban Agglomeration,False,11,0,1,27,moradabad_mededu_1971,Moradabad,Uttar Pradesh,1971,format_002,moradabad_mededu_001,moradabad_mededu_1971.pdf,43203e85f576f82197069d3ffc97237557224714d6f079cc9e616bbc43e10f5d,30,31,12,13,E:\Archival-Digitisation-Project\1971_Trimmed_PDF\Uttar_Pradesh\metadata\document.xlsx,4bf05d889c56070f43e73558469b6cab4e2a96f37cf6cc1e9a7aa54c7efd5abe,2026-08-30T21:32:17.563336+00:00
10,,Rustamnagar Sahaspur,,...,,...,,...,,...,,...,,...,,...,,...,,1,,2,,...,,...,,...,,...,,PL (2),,ORDINARY,,False,12,0,1,28,moradabad_mededu_1971,Moradabad,Uttar Pradesh,1971,format_002,moradabad_mededu_001,moradabad_mededu_1971.pdf,43203e85f576f82197069d3ffc97237557224714d6f079cc9e616bbc43e10f5d,30,31,12,13,E:\Archival-Digitisation-Project\1971_Trimmed_PDF\Uttar_Pradesh\metadata\document.xlsx,4bf05d889c56070f43e73558469b6cab4e2a96f37cf6cc1e9a7aa54c7efd5abe,2026-08-30T21:32:17.563336+00:00
11,,Sambhal,,H (1),,6,,A (1),,...,,...,,...,,...,,5,,9,,42,,...,,...,,1,,...,,RR (4),,ORDINARY,,False,13,0,3,29,moradabad_mededu_1971,Moradabad,Uttar Pradesh,1971,format_002,moradabad_mededu_001,moradabad_mededu_1971.pdf,43203e85f576f82197069d3ffc97237557224714d6f079cc9e616bbc43e10f5d,30,31,12,13,E:\Archival-Digitisation-Project\1971_Trimmed_PDF\Uttar_Pradesh\metadata\document.xlsx,4bf05d889c56070f43e73558469b6cab4e2a96f37cf6cc1e9a7aa54c7efd5abe,2026-08-30T21:32:17.563336+00:00
11,,Sambhal,,HC (1),,4,,A (1),,...,,...,,...,,...,,5,,9,,42,,...,,...,,1,,...,,RR (4),,ORDINARY,,False,13,1,3,30,moradabad_mededu_1971,Moradabad,Uttar Pradesh,1971,format_002,moradabad_mededu_001,moradabad_mededu_1971.pdf,43203e85f576f82197069d3ffc97237557224714d6f079cc9e616bbc43e10f5d,30,31,12,13,E:\Archival-Digitisation-Project\1971_Trimmed_PDF\Uttar_Pradesh\metadata\document.xlsx,4bf05d889c56070f43e73558469b6cab4e2a96f37cf6cc1e9a7aa54c7efd5abe,2026-08-30T21:32:17.563336+00:00
11,,Sambhal,,FC (1),,...,,A (1),,...,,...,,...,,...,,5,,9,,42,,...,,...,,1,,...,,RR (4),,ORDINARY,,False,13,2,3,31,moradabad_mededu_1971,Moradabad,Uttar Pradesh,1971,format_002,moradabad_mededu_001,moradabad_mededu_1971.pdf,43203e85f576f82197069d3ffc97237557224714d6f079cc9e616bbc43e10f5d,30,31,12,13,E:\Archival-Digitisation-Project\1971_Trimmed_PDF\Uttar_Pradesh\metadata\document.xlsx,4bf05d889c56070f43e73558469b6cab4e2a96f37cf6cc1e9a7aa54c7efd5abe,2026-08-30T21:32:17.563336+00:00
12,,Thakurdwara,,HC (1),,4,,...,,...,,...,,...,,...,,1,,2,,1,,4,,...,,...,,...,,...,,ORDINARY,,False,14,0,2,32,moradabad_mededu_1971,Moradabad,Uttar Pradesh,1971,format_002,moradabad_mededu_001,moradabad_mededu_1971.pdf,43203e85f576f82197069d3ffc97237557224714d6f079cc9e616bbc43e10f5d,30,31,12,13,E:\Archival-Digitisation-Project\1971_Trimmed_PDF\Uttar_Pradesh\metadata\document.xlsx,4bf05d889c56070f43e73558469b6cab4e2a96f37cf6cc1e9a7aa54c7efd5abe,2026-08-30T21:32:17.563336+00:00
12,,Thakurdwara,,FC (1),,...,,...,,...,,...,,...,,...,,1,,2,,1,,4,,...,,...,,...,,...,,ORDINARY,,False,14,1,2,33,moradabad_mededu_1971,Moradabad,Uttar Pradesh,1971,format_002,moradabad_mededu_001,moradabad_mededu_1971.pdf,43203e85f576f82197069d3ffc97237557224714d6f079cc9e616bbc43e10f5d,30,31,12,13,E:\Archival-Digitisation-Project\1971_Trimmed_PDF\Uttar_Pradesh\metadata\document.xlsx,4bf05d889c56070f43e73558469b6cab4e2a96f37cf6cc1e9a7aa54c7efd5abe,2026-08-30T21:32:17.563336+00:00
1,,Jansath,,H (2),,14,,...,,...,,...,,...,,...,,2,,1,,3,,...,,...,,...,,...,,...,,ORDINARY,,False,0,0,2,0,muzaffarnagar_mededu_1971,Muzaffarnagar,Uttar Pradesh,1971,format_002,muzaffarnagar_mededu_001,muzaffarnagar_mededu_1971.pdf,e373e36c27ffb2b28a55c4f798ab5a4a32a6b777532ce484f76c159948966017,24,25,8,9,E:\Archival-Digitisation-Project\1971_Trimmed_PDF\Uttar_Pradesh\metadata\document.xlsx,4bf05d889c56070f43e73558469b6cab4e2a96f37cf6cc1e9a7aa54c7efd5abe,2026-08-30T21:41:12.192857+00:00
1,,Jansath,,FC (1),,...,,...,,...,,...,,...,,...,,2,,1,,3,,...,,...,,...,,...,,...,,ORDINARY,,False,0,1,2,1,muzaffarnagar_mededu_1971,Muzaffarnagar,Uttar Pradesh,1971,format_002,muzaffarnagar_mededu_001,muzaffarnagar_mededu_1971.pdf,e373e36c27ffb2b28a55c4f798ab5a4a32a6b777532ce484f76c159948966017,24,25,8,9,E:\Archival-Digitisation-Project\1971_Trimmed_PDF\Uttar_Pradesh\metadata\document.xlsx,4bf05d889c56070f43e73558469b6cab4e2a96f37cf6cc1e9a7aa54c7efd5abe,2026-08-30T21:41:12.192857+00:00
2,,Kairana,,H (2),,10,,...,,...,,...,,...,,...,,3,,...,,10,,...,,...,,1,,...,,PL (2),,ORDINARY,,False,1,0,4,2,muzaffarnagar_mededu_1971,Muzaffarnagar,Uttar Pradesh,1971,format_002,muzaffarnagar_mededu_001,muzaffarnagar_mededu_1971.pdf,e373e36c27ffb2b28a55c4f798ab5a4a32a6b777532ce484f76c159948966017,24,25,8,9,E:\Archival-Digitisation-Project\1971_Trimmed_PDF\Uttar_Pradesh\metadata\document.xlsx,4bf05d889c56070f43e73558469b6cab4e2a96f37cf6cc1e9a7aa54c7efd5abe,2026-08-30T21:41:12.192857+00:00
2,,Kairana,,HC (1),,4,,...,,...,,...,,...,,...,,3,,...,,10,,...,,...,,1,,...,,PL (2),,ORDINARY,,False,1,1,4,3,muzaffarnagar_mededu_1971,Muzaffarnagar,Uttar Pradesh,1971,format_002,muzaffarnagar_mededu_001,muzaffarnagar_mededu_1971.pdf,e373e36c27ffb2b28a55c4f798ab5a4a32a6b777532ce484f76c159948966017,24,25,8,9,E:\Archival-Digitisation-Project\1971_Trimmed_PDF\Uttar_Pradesh\metadata\document.xlsx,4bf05d889c56070f43e73558469b6cab4e2a96f37cf6cc1e9a7aa54c7efd5abe,2026-08-30T21:41:12.192857+00:00
2,,Kairana,,FC (1),,1,,...,,...,,...,,...,,...,,3,,...,,10,,...,,...,,1,,...,,PL (2),,ORDINARY,,False,1,2,4,4,muzaffarnagar_mededu_1971,Muzaffarnagar,Uttar Pradesh,1971,format_002,muzaffarnagar_mededu_001,muzaffarnagar_mededu_1971.pdf,e373e36c27ffb2b28a55c4f798ab5a4a32a6b777532ce484f76c159948966017,24,25,8,9,E:\Archival-Digitisation-Project\1971_Trimmed_PDF\Uttar_Pradesh\metadata\document.xlsx,4bf05d889c56070f43e73558469b6cab4e2a96f37cf6cc1e9a7aa54c7efd5abe,2026-08-30T21:41:12.192857+00:00
2,,Kairana,,O (1),,1,,...,,...,,...,,...,,...,,3,,...,,10,,...,,...,,1,,...,,PL (2),,ORDINARY,,False,1,3,4,5,muzaffarnagar_mededu_1971,Muzaffarnagar,Uttar Pradesh,1971,format_002,muzaffarnagar_mededu_001,muzaffarnagar_mededu_1971.pdf,e373e36c27ffb2b28a55c4f798ab5a4a32a6b777532ce484f76c159948966017,24,25,8,9,E:\Archival-Digitisation-Project\1971_Trimmed_PDF\Uttar_Pradesh\metadata\document.xlsx,4bf05d889c56070f43e73558469b6cab4e2a96f37cf6cc1e9a7aa54c7efd5abe,2026-08-30T21:41:12.192857+00:00
3,,Kandhla,,H (1),,10,,...,,...,,...,,...,,...,,3,,...,,2,,3,,...,,1,,...,,...,,ORDINARY,,False,2,0,2,6,muzaffarnagar_mededu_1971,Muzaffarnagar,Uttar Pradesh,1971,format_002,muzaffarnagar_mededu_001,muzaffarnagar_mededu_1971.pdf,e373e36c27ffb2b28a55c4f798ab5a4a32a6b777532ce484f76c159948966017,24,25,8,9,E:\Archival-Digitisation-Project\1971_Trimmed_PDF\Uttar_Pradesh\metadata\document.xlsx,4bf05d889c56070f43e73558469b6cab4e2a96f37cf6cc1e9a7aa54c7efd5abe,2026-08-30T21:41:12.192857+00:00
3,,Kandhla,,HC (1),,8,,...,,...,,...,,...,,...,,3,,...,,2,,3,,...,,1,,...,,...,,ORDINARY,,False,2,1,2,7,muzaffarnagar_mededu_1971,Muzaffarnagar,Uttar Pradesh,1971,format_002,muzaffarnagar_mededu_001,muzaffarnagar_mededu_1971.pdf,e373e36c27ffb2b28a55c4f798ab5a4a32a6b777532ce484f76c159948966017,24,25,8,9,E:\Archival-Digitisation-Project\1971_Trimmed_PDF\Uttar_Pradesh\metadata\document.xlsx,4bf05d889c56070f43e73558469b6cab4e2a96f37cf6cc1e9a7aa54c7efd5abe,2026-08-30T21:41:12.192857+00:00
4,,Khatauli,,H (2),,12,,AS (1),,...,,...,,...,,...,,4,,3,,15,,...,,...,,2,,...,,...,,ORDINARY,,False,3,0,2,8,muzaffarnagar_mededu_1971,Muzaffarnagar,Uttar Pradesh,1971,format_002,muzaffarnagar_mededu_001,muzaffarnagar_mededu_1971.pdf,e373e36c27ffb2b28a55c4f798ab5a4a32a6b777532ce484f76c159948966017,24,25,8,9,E:\Archival-Digitisation-Project\1971_Trimmed_PDF\Uttar_Pradesh\metadata\document.xlsx,4bf05d889c56070f43e73558469b6cab4e2a96f37cf6cc1e9a7aa54c7efd5abe,2026-08-30T21:41:12.192857+00:00
4,,Khatauli,,NH (1),,...,,AS (1),,...,,...,,...,,...,,4,,3,,15,,...,,...,,2,,...,,...,,ORDINARY,,False,3,1,2,9,muzaffarnagar_mededu_1971,Muzaffarnagar,Uttar Pradesh,1971,format_002,muzaffarnagar_mededu_001,muzaffarnagar_mededu_1971.pdf,e373e36c27ffb2b28a55c4f798ab5a4a32a6b777532ce484f76c159948966017,24,25,8,9,E:\Archival-Digitisation-Project\1971_Trimmed_PDF\Uttar_Pradesh\metadata\document.xlsx,4bf05d889c56070f43e73558469b6cab4e2a96f37cf6cc1e9a7aa54c7efd5abe,2026-08-30T21:41:12.192857+00:00
5,,Miranpur,,...,,...,,...,,...,,...,,...,,...,,2,,1,,3,,6,,...,,...,,...,,...,,ORDINARY,,False,4,0,1,10,muzaffarnagar_mededu_1971,Muzaffarnagar,Uttar Pradesh,1971,format_002,muzaffarnagar_mededu_001,muzaffarnagar_mededu_1971.pdf,e373e36c27ffb2b28a55c4f798ab5a4a32a6b777532ce484f76c159948966017,24,25,8,9,E:\Archival-Digitisation-Project\1971_Trimmed_PDF\Uttar_Pradesh\metadata\document.xlsx,4bf05d889c56070f43e73558469b6cab4e2a96f37cf6cc1e9a7aa54c7efd5abe,2026-08-30T21:41:12.192857+00:00
6,,Muzaffarnagar,,H (5),,246,,AS (1) ASC (1) S (2),,...,,...,,1,,Sh. Type (3),,13,,1,,35,,5,,1,,5,,2,,PL (2),,ORDINARY,,False,5,0,4,11,muzaffarnagar_mededu_1971,Muzaffarnagar,Uttar Pradesh,1971,format_002,muzaffarnagar_mededu_001,muzaffarnagar_mededu_1971.pdf,e373e36c27ffb2b28a55c4f798ab5a4a32a6b777532ce484f76c159948966017,24,25,8,9,E:\Archival-Digitisation-Project\1971_Trimmed_PDF\Uttar_Pradesh\metadata\document.xlsx,4bf05d889c56070f43e73558469b6cab4e2a96f37cf6cc1e9a7aa54c7efd5abe,2026-08-30T21:41:12.192857+00:00
6,,Muzaffarnagar,,TBC (1),,14,,AS (1) ASC (1) S (2),,...,,...,,1,,Sh. Type (3),,13,,1,,35,,5,,1,,5,,2,,PL (2),,ORDINARY,,False,5,1,4,12,muzaffarnagar_mededu_1971,Muzaffarnagar,Uttar Pradesh,1971,format_002,muzaffarnagar_mededu_001,muzaffarnagar_mededu_1971.pdf,e373e36c27ffb2b28a55c4f798ab5a4a32a6b777532ce484f76c159948966017,24,25,8,9,E:\Archival-Digitisation-Project\1971_Trimmed_PDF\Uttar_Pradesh\metadata\document.xlsx,4bf05d889c56070f43e73558469b6cab4e2a96f37cf6cc1e9a7aa54c7efd5abe,2026-08-30T21:41:12.192857+00:00
6,,Muzaffarnagar,,NH (2),,34,,AS (1) ASC (1) S (2),,...,,...,,1,,Sh. Type (3),,13,,1,,35,,5,,1,,5,,2,,PL (2),,ORDINARY,,False,5,2,4,13,muzaffarnagar_mededu_1971,Muzaffarnagar,Uttar Pradesh,1971,format_002,muzaffarnagar_mededu_001,muzaffarnagar_mededu_1971.pdf,e373e36c27ffb2b28a55c4f798ab5a4a32a6b777532ce484f76c159948966017,24,25,8,9,E:\Archival-Digitisation-Project\1971_Trimmed_PDF\Uttar_Pradesh\metadata\document.xlsx,4bf05d889c56070f43e73558469b6cab4e2a96f37cf6cc1e9a7aa54c7efd5abe,2026-08-30T21:41:12.192857+00:00
6,,Muzaffarnagar,,FC (1),,6,,AS (1) ASC (1) S (2),,...,,...,,1,,Sh. Type (3),,13,,1,,35,,5,,1,,5,,2,,PL (2),,ORDINARY,,False,5,3,4,14,muzaffarnagar_mededu_1971,Muzaffarnagar,Uttar Pradesh,1971,format_002,muzaffarnagar_mededu_001,muzaffarnagar_mededu_1971.pdf,e373e36c27ffb2b28a55c4f798ab5a4a32a6b777532ce484f76c159948966017,24,25,8,9,E:\Archival-Digitisation-Project\1971_Trimmed_PDF\Uttar_Pradesh\metadata\document.xlsx,4bf05d889c56070f43e73558469b6cab4e2a96f37cf6cc1e9a7aa54c7efd5abe,2026-08-30T21:41:12.192857+00:00
7,,Shamli,,H (2),,34,,AS (1) S (1),,...,,...,,...,,...,,5,,3,,26,,5,,...,,2,,...,,PL (2),,ORDINARY,,False,6,0,2,15,muzaffarnagar_mededu_1971,Muzaffarnagar,Uttar Pradesh,1971,format_002,muzaffarnagar_mededu_001,muzaffarnagar_mededu_1971.pdf,e373e36c27ffb2b28a55c4f798ab5a4a32a6b777532ce484f76c159948966017,24,25,8,9,E:\Archival-Digitisation-Project\1971_Trimmed_PDF\Uttar_Pradesh\metadata\document.xlsx,4bf05d889c56070f43e73558469b6cab4e2a96f37cf6cc1e9a7aa54c7efd5abe,2026-08-30T21:41:12.192857+00:00
7,,Shamli,,FC (1),,...,,AS (1) S (1),,...,,...,,...,,...,,5,,3,,26,,5,,...,,2,,...,,PL (2),,ORDINARY,,False,6,1,2,16,muzaffarnagar_mededu_1971,Muzaffarnagar,Uttar Pradesh,1971,format_002,muzaffarnagar_mededu_001,muzaffarnagar_mededu_1971.pdf,e373e36c27ffb2b28a55c4f798ab5a4a32a6b777532ce484f76c159948966017,24,25,8,9,E:\Archival-Digitisation-Project\1971_Trimmed_PDF\Uttar_Pradesh\metadata\document.xlsx,4bf05d889c56070f43e73558469b6cab4e2a96f37cf6cc1e9a7aa54c7efd5abe,2026-08-30T21:41:12.192857+00:00
1,,Bhowali,,D(1),,6,,...,,...,,...,,...,,...,,,,1,,3,,...,,...,,...,,...,,...,,ORDINARY,,False,0,0,3,0,nainital_mededu_1971,Nainital,Uttar Pradesh,1971,format_002,nainital_mededu_001,nainital_mededu_1971.pdf,ea6208870c903e8e4d1b6b27b82c6386158880ca185be07d73225f735424af58,27,28,8,9,E:\Archival-Digitisation-Project\1971_Trimmed_PDF\Uttar_Pradesh\metadata\document.xlsx,4bf05d889c56070f43e73558469b6cab4e2a96f37cf6cc1e9a7aa54c7efd5abe,2026-08-30T21:46:37.475362+00:00
1,,Bhowali,,HC(1),,5,,...,,...,,...,,...,,...,,,,1,,3,,...,,...,,...,,...,,...,,ORDINARY,,False,0,1,3,1,nainital_mededu_1971,Nainital,Uttar Pradesh,1971,format_002,nainital_mededu_001,nainital_mededu_1971.pdf,ea6208870c903e8e4d1b6b27b82c6386158880ca185be07d73225f735424af58,27,28,8,9,E:\Archival-Digitisation-Project\1971_Trimmed_PDF\Uttar_Pradesh\metadata\document.xlsx,4bf05d889c56070f43e73558469b6cab4e2a96f37cf6cc1e9a7aa54c7efd5abe,2026-08-30T21:46:37.475362+00:00
1,,Bhowali,,O(1),,348,,...,,...,,...,,...,,...,,,,1,,3,,...,,...,,...,,...,,...,,ORDINARY,,False,0,2,3,2,nainital_mededu_1971,Nainital,Uttar Pradesh,1971,format_002,nainital_mededu_001,nainital_mededu_1971.pdf,ea6208870c903e8e4d1b6b27b82c6386158880ca185be07d73225f735424af58,27,28,8,9,E:\Archival-Digitisation-Project\1971_Trimmed_PDF\Uttar_Pradesh\metadata\document.xlsx,4bf05d889c56070f43e73558469b6cab4e2a96f37cf6cc1e9a7aa54c7efd5abe,2026-08-30T21:46:37.475362+00:00
2,,Haldwani-cum-Kathgodam,,H(4),,184,,ASC (1),,...,,...,,...,,...,,5,,20,,23,,...,,...,,2,,1,,PL (3),,ORDINARY,,False,1,0,6,3,nainital_mededu_1971,Nainital,Uttar Pradesh,1971,format_002,nainital_mededu_001,nainital_mededu_1971.pdf,ea6208870c903e8e4d1b6b27b82c6386158880ca185be07d73225f735424af58,27,28,8,9,E:\Archival-Digitisation-Project\1971_Trimmed_PDF\Uttar_Pradesh\metadata\document.xlsx,4bf05d889c56070f43e73558469b6cab4e2a96f37cf6cc1e9a7aa54c7efd5abe,2026-08-30T21:46:37.475362+00:00
2,,Haldwani-cum-Kathgodam,,D(2),,2,,ASC (1),,...,,...,,...,,...,,5,,20,,23,,...,,...,,2,,1,,PL (3),,ORDINARY,,False,1,1,6,4,nainital_mededu_1971,Nainital,Uttar Pradesh,1971,format_002,nainital_mededu_001,nainital_mededu_1971.pdf,ea6208870c903e8e4d1b6b27b82c6386158880ca185be07d73225f735424af58,27,28,8,9,E:\Archival-Digitisation-Project\1971_Trimmed_PDF\Uttar_Pradesh\metadata\document.xlsx,4bf05d889c56070f43e73558469b6cab4e2a96f37cf6cc1e9a7aa54c7efd5abe,2026-08-30T21:46:37.475362+00:00
2,,Haldwani-cum-Kathgodam,,TBC(1),,...,,ASC (1),,...,,...,,...,,...,,5,,20,,23,,...,,...,,2,,1,,PL (3),,ORDINARY,,False,1,2,6,5,nainital_mededu_1971,Nainital,Uttar Pradesh,1971,format_002,nainital_mededu_001,nainital_mededu_1971.pdf,ea6208870c903e8e4d1b6b27b82c6386158880ca185be07d73225f735424af58,27,28,8,9,E:\Archival-Digitisation-Project\1971_Trimmed_PDF\Uttar_Pradesh\metadata\document.xlsx,4bf05d889c56070f43e73558469b6cab4e2a96f37cf6cc1e9a7aa54c7efd5abe,2026-08-30T21:46:37.475362+00:00
2,,Haldwani-cum-Kathgodam,,HC(2),,...,,ASC (1),,...,,...,,...,,...,,5,,20,,23,,...,,...,,2,,1,,PL (3),,ORDINARY,,False,1,3,6,6,nainital_mededu_1971,Nainital,Uttar Pradesh,1971,format_002,nainital_mededu_001,nainital_mededu_1971.pdf,ea6208870c903e8e4d1b6b27b82c6386158880ca185be07d73225f735424af58,27,28,8,9,E:\Archival-Digitisation-Project\1971_Trimmed_PDF\Uttar_Pradesh\metadata\document.xlsx,4bf05d889c56070f43e73558469b6cab4e2a96f37cf6cc1e9a7aa54c7efd5abe,2026-08-30T21:46:37.475362+00:00
2,,Haldwani-cum-Kathgodam,,*O(1),,...,,ASC (1),,...,,...,,...,,...,,5,,20,,23,,...,,...,,2,,1,,PL (3),,ORDINARY,,False,1,4,6,7,nainital_mededu_1971,Nainital,Uttar Pradesh,1971,format_002,nainital_mededu_001,nainital_mededu_1971.pdf,ea6208870c903e8e4d1b6b27b82c6386158880ca185be07d73225f735424af58,27,28,8,9,E:\Archival-Digitisation-Project\1971_Trimmed_PDF\Uttar_Pradesh\metadata\document.xlsx,4bf05d889c56070f43e73558469b6cab4e2a96f37cf6cc1e9a7aa54c7efd5abe,2026-08-30T21:46:37.475362+00:00
2,,Haldwani-cum-Kathgodam,,FC(1),,...,,ASC (1),,...,,...,,...,,...,,5,,20,,23,,...,,...,,2,,1,,PL (3),,ORDINARY,,False,1,5,6,8,nainital_mededu_1971,Nainital,Uttar Pradesh,1971,format_002,nainital_mededu_001,nainital_mededu_1971.pdf,ea6208870c903e8e4d1b6b27b82c6386158880ca185be07d73225f735424af58,27,28,8,9,E:\Archival-Digitisation-Project\1971_Trimmed_PDF\Uttar_Pradesh\metadata\document.xlsx,4bf05d889c56070f43e73558469b6cab4e2a96f37cf6cc1e9a7aa54c7efd5abe,2026-08-30T21:46:37.475362+00:00
3,,Jaspur,,H(1),,4,,...,,...,,...,,...,,...,,1,,3,,4,,...,,...,,...,,...,,...,,ORDINARY,,False,2,0,3,9,nainital_mededu_1971,Nainital,Uttar Pradesh,1971,format_002,nainital_mededu_001,nainital_mededu_1971.pdf,ea6208870c903e8e4d1b6b27b82c6386158880ca185be07d73225f735424af58,27,28,8,9,E:\Archival-Digitisation-Project\1971_Trimmed_PDF\Uttar_Pradesh\metadata\document.xlsx,4bf05d889c56070f43e73558469b6cab4e2a96f37cf6cc1e9a7aa54c7efd5abe,2026-08-30T21:46:37.475362+00:00
3,,Jaspur,,D(1),,4,,...,,...,,...,,...,,...,,1,,3,,4,,...,,...,,...,,...,,...,,ORDINARY,,False,2,1,3,10,nainital_mededu_1971,Nainital,Uttar Pradesh,1971,format_002,nainital_mededu_001,nainital_mededu_1971.pdf,ea6208870c903e8e4d1b6b27b82c6386158880ca185be07d73225f735424af58,27,28,8,9,E:\Archival-Digitisation-Project\1971_Trimmed_PDF\Uttar_Pradesh\metadata\document.xlsx,4bf05d889c56070f43e73558469b6cab4e2a96f37cf6cc1e9a7aa54c7efd5abe,2026-08-30T21:46:37.475362+00:00
3,,Jaspur,,*O(1),,...,,...,,...,,...,,...,,...,,1,,3,,4,,...,,...,,...,,...,,...,,ORDINARY,,False,2,2,3,11,nainital_mededu_1971,Nainital,Uttar Pradesh,1971,format_002,nainital_mededu_001,nainital_mededu_1971.pdf,ea6208870c903e8e4d1b6b27b82c6386158880ca185be07d73225f735424af58,27,28,8,9,E:\Archival-Digitisation-Project\1971_Trimmed_PDF\Uttar_Pradesh\metadata\document.xlsx,4bf05d889c56070f43e73558469b6cab4e2a96f37cf6cc1e9a7aa54c7efd5abe,2026-08-30T21:46:37.475362+00:00
4,,Kashipur,,H(4),,40,,...,,...,,...,,1,,...,,6,,3,,26,,2,,...,,...,,...,,...,,ORDINARY,,False,3,0,4,12,nainital_mededu_1971,Nainital,Uttar Pradesh,1971,format_002,nainital_mededu_001,nainital_mededu_1971.pdf,ea6208870c903e8e4d1b6b27b82c6386158880ca185be07d73225f735424af58,27,28,8,9,E:\Archival-Digitisation-Project\1971_Trimmed_PDF\Uttar_Pradesh\metadata\document.xlsx,4bf05d889c56070f43e73558469b6cab4e2a96f37cf6cc1e9a7aa54c7efd5abe,2026-08-30T21:46:37.475362+00:00
4,,Kashipur,,D(1),,...,,...,,...,,...,,1,,...,,6,,3,,26,,2,,...,,...,,...,,...,,ORDINARY,,False,3,1,4,13,nainital_mededu_1971,Nainital,Uttar Pradesh,1971,format_002,nainital_mededu_001,nainital_mededu_1971.pdf,ea6208870c903e8e4d1b6b27b82c6386158880ca185be07d73225f735424af58,27,28,8,9,E:\Archival-Digitisation-Project\1971_Trimmed_PDF\Uttar_Pradesh\metadata\document.xlsx,4bf05d889c56070f43e73558469b6cab4e2a96f37cf6cc1e9a7aa54c7efd5abe,2026-08-30T21:46:37.475362+00:00
4,,Kashipur,,*O(2),,...,,...,,...,,...,,1,,...,,6,,3,,26,,2,,...,,...,,...,,...,,ORDINARY,,False,3,2,4,14,nainital_mededu_1971,Nainital,Uttar Pradesh,1971,format_002,nainital_mededu_001,nainital_mededu_1971.pdf,ea6208870c903e8e4d1b6b27b82c6386158880ca185be07d73225f735424af58,27,28,8,9,E:\Archival-Digitisation-Project\1971_Trimmed_PDF\Uttar_Pradesh\metadata\document.xlsx,4bf05d889c56070f43e73558469b6cab4e2a96f37cf6cc1e9a7aa54c7efd5abe,2026-08-30T21:46:37.475362+00:00
4,,Kashipur,,FC(1),,...,,...,,...,,...,,1,,...,,6,,3,,26,,2,,...,,...,,...,,...,,ORDINARY,,False,3,3,4,15,nainital_mededu_1971,Nainital,Uttar Pradesh,1971,format_002,nainital_mededu_001,nainital_mededu_1971.pdf,ea6208870c903e8e4d1b6b27b82c6386158880ca185be07d73225f735424af58,27,28,8,9,E:\Archival-Digitisation-Project\1971_Trimmed_PDF\Uttar_Pradesh\metadata\document.xlsx,4bf05d889c56070f43e73558469b6cab4e2a96f37cf6cc1e9a7aa54c7efd5abe,2026-08-30T21:46:37.475362+00:00
5,,Naini Tal,,,,,,,,,,,,,,,,,,,,,,,,,,,,,,,,CROSS_REFERENCE,Naini Tal Urban Agglomeration,False,4,0,1,16,nainital_mededu_1971,Nainital,Uttar Pradesh,1971,format_002,nainital_mededu_001,nainital_mededu_1971.pdf,ea6208870c903e8e4d1b6b27b82c6386158880ca185be07d73225f735424af58,27,28,8,9,E:\Archival-Digitisation-Project\1971_Trimmed_PDF\Uttar_Pradesh\metadata\document.xlsx,4bf05d889c56070f43e73558469b6cab4e2a96f37cf6cc1e9a7aa54c7efd5abe,2026-08-30T21:46:37.475362+00:00
6,,Naini Tal Cantt.,,,,,,,,,,,,,,,,,,,,,,,,,,,,,,,,CROSS_REFERENCE,Naini Tal Urban Agglomeration,False,5,0,1,17,nainital_mededu_1971,Nainital,Uttar Pradesh,1971,format_002,nainital_mededu_001,nainital_mededu_1971.pdf,ea6208870c903e8e4d1b6b27b82c6386158880ca185be07d73225f735424af58,27,28,8,9,E:\Archival-Digitisation-Project\1971_Trimmed_PDF\Uttar_Pradesh\metadata\document.xlsx,4bf05d889c56070f43e73558469b6cab4e2a96f37cf6cc1e9a7aa54c7efd5abe,2026-08-30T21:46:37.475362+00:00
,,Naini Tal Urban Agglomeration,,H(6),,216,,ASC (1),,...,,...,,1,,...,,10,,3,,23,,4,,1,,2,,5,,PL (3),,AGGREGATE,,False,6,0,4,18,nainital_mededu_1971,Nainital,Uttar Pradesh,1971,format_002,nainital_mededu_001,nainital_mededu_1971.pdf,ea6208870c903e8e4d1b6b27b82c6386158880ca185be07d73225f735424af58,27,28,8,9,E:\Archival-Digitisation-Project\1971_Trimmed_PDF\Uttar_Pradesh\metadata\document.xlsx,4bf05d889c56070f43e73558469b6cab4e2a96f37cf6cc1e9a7aa54c7efd5abe,2026-08-30T21:46:37.475362+00:00
,,Naini Tal Urban Agglomeration,,D(7),,...,,ASC (1),,...,,...,,1,,...,,10,,3,,23,,4,,1,,2,,5,,PL (3),,AGGREGATE,,False,6,1,4,19,nainital_mededu_1971,Nainital,Uttar Pradesh,1971,format_002,nainital_mededu_001,nainital_mededu_1971.pdf,ea6208870c903e8e4d1b6b27b82c6386158880ca185be07d73225f735424af58,27,28,8,9,E:\Archival-Digitisation-Project\1971_Trimmed_PDF\Uttar_Pradesh\metadata\document.xlsx,4bf05d889c56070f43e73558469b6cab4e2a96f37cf6cc1e9a7aa54c7efd5abe,2026-08-30T21:46:37.475362+00:00
,,Naini Tal Urban Agglomeration,,*O(3),,...,,ASC (1),,...,,...,,1,,...,,10,,3,,23,,4,,1,,2,,5,,PL (3),,AGGREGATE,,False,6,2,4,20,nainital_mededu_1971,Nainital,Uttar Pradesh,1971,format_002,nainital_mededu_001,nainital_mededu_1971.pdf,ea6208870c903e8e4d1b6b27b82c6386158880ca185be07d73225f735424af58,27,28,8,9,E:\Archival-Digitisation-Project\1971_Trimmed_PDF\Uttar_Pradesh\metadata\document.xlsx,4bf05d889c56070f43e73558469b6cab4e2a96f37cf6cc1e9a7aa54c7efd5abe,2026-08-30T21:46:37.475362+00:00
,,Naini Tal Urban Agglomeration,,FC(1),,...,,ASC (1),,...,,...,,1,,...,,10,,3,,23,,4,,1,,2,,5,,PL (3),,AGGREGATE,,False,6,3,4,21,nainital_mededu_1971,Nainital,Uttar Pradesh,1971,format_002,nainital_mededu_001,nainital_mededu_1971.pdf,ea6208870c903e8e4d1b6b27b82c6386158880ca185be07d73225f735424af58,27,28,8,9,E:\Archival-Digitisation-Project\1971_Trimmed_PDF\Uttar_Pradesh\metadata\document.xlsx,4bf05d889c56070f43e73558469b6cab4e2a96f37cf6cc1e9a7aa54c7efd5abe,2026-08-30T21:46:37.475362+00:00
(i),,Naini Tal,,H(6),,216,,ASC (1),,...,,...,,1,,...,,10,,3,,22,,4,,1,,2,,5,,PL (3),,COMPONENT,,False,7,0,4,22,nainital_mededu_1971,Nainital,Uttar Pradesh,1971,format_002,nainital_mededu_001,nainital_mededu_1971.pdf,ea6208870c903e8e4d1b6b27b82c6386158880ca185be07d73225f735424af58,27,28,8,9,E:\Archival-Digitisation-Project\1971_Trimmed_PDF\Uttar_Pradesh\metadata\document.xlsx,4bf05d889c56070f43e73558469b6cab4e2a96f37cf6cc1e9a7aa54c7efd5abe,2026-08-30T21:46:37.475362+00:00
(i),,Naini Tal,,D(7),,...,,ASC (1),,...,,...,,1,,...,,10,,3,,22,,4,,1,,2,,5,,PL (3),,COMPONENT,,False,7,1,4,23,nainital_mededu_1971,Nainital,Uttar Pradesh,1971,format_002,nainital_mededu_001,nainital_mededu_1971.pdf,ea6208870c903e8e4d1b6b27b82c6386158880ca185be07d73225f735424af58,27,28,8,9,E:\Archival-Digitisation-Project\1971_Trimmed_PDF\Uttar_Pradesh\metadata\document.xlsx,4bf05d889c56070f43e73558469b6cab4e2a96f37cf6cc1e9a7aa54c7efd5abe,2026-08-30T21:46:37.475362+00:00
(i),,Naini Tal,,*O(3),,...,,ASC (1),,...,,...,,1,,...,,10,,3,,22,,4,,1,,2,,5,,PL (3),,COMPONENT,,False,7,2,4,24,nainital_mededu_1971,Nainital,Uttar Pradesh,1971,format_002,nainital_mededu_001,nainital_mededu_1971.pdf,ea6208870c903e8e4d1b6b27b82c6386158880ca185be07d73225f735424af58,27,28,8,9,E:\Archival-Digitisation-Project\1971_Trimmed_PDF\Uttar_Pradesh\metadata\document.xlsx,4bf05d889c56070f43e73558469b6cab4e2a96f37cf6cc1e9a7aa54c7efd5abe,2026-08-30T21:46:37.475362+00:00
(i),,Naini Tal,,FC(1),,...,,ASC (1),,...,,...,,1,,...,,10,,3,,22,,4,,1,,2,,5,,PL (3),,COMPONENT,,False,7,3,4,25,nainital_mededu_1971,Nainital,Uttar Pradesh,1971,format_002,nainital_mededu_001,nainital_mededu_1971.pdf,ea6208870c903e8e4d1b6b27b82c6386158880ca185be07d73225f735424af58,27,28,8,9,E:\Archival-Digitisation-Project\1971_Trimmed_PDF\Uttar_Pradesh\metadata\document.xlsx,4bf05d889c56070f43e73558469b6cab4e2a96f37cf6cc1e9a7aa54c7efd5abe,2026-08-30T21:46:37.475362+00:00
(ii),,Naini Tal Cantt.,,...,,...,,...,,...,,...,,...,,...,,...,,...,,1,,...,,...,,...,,...,,...,,COMPONENT,,False,8,0,1,26,nainital_mededu_1971,Nainital,Uttar Pradesh,1971,format_002,nainital_mededu_001,nainital_mededu_1971.pdf,ea6208870c903e8e4d1b6b27b82c6386158880ca185be07d73225f735424af58,27,28,8,9,E:\Archival-Digitisation-Project\1971_Trimmed_PDF\Uttar_Pradesh\metadata\document.xlsx,4bf05d889c56070f43e73558469b6cab4e2a96f37cf6cc1e9a7aa54c7efd5abe,2026-08-30T21:46:37.475362+00:00
7,,Ramnagar,,H(4),,24,,...,,...,,...,,...,,...,,2,,2,,6,,13,,...,,...,,...,,...,,ORDINARY,,False,9,0,1,27,nainital_mededu_1971,Nainital,Uttar Pradesh,1971,format_002,nainital_mededu_001,nainital_mededu_1971.pdf,ea6208870c903e8e4d1b6b27b82c6386158880ca185be07d73225f735424af58,27,28,8,9,E:\Archival-Digitisation-Project\1971_Trimmed_PDF\Uttar_Pradesh\metadata\document.xlsx,4bf05d889c56070f43e73558469b6cab4e2a96f37cf6cc1e9a7aa54c7efd5abe,2026-08-30T21:46:37.475362+00:00
8,,Rudrapur,,H(1),,30,,...,,...,,...,,...,,...,,7,,2,,4,,...,,...,,1,,...,,...,,ORDINARY,,False,10,0,5,28,nainital_mededu_1971,Nainital,Uttar Pradesh,1971,format_002,nainital_mededu_001,nainital_mededu_1971.pdf,ea6208870c903e8e4d1b6b27b82c6386158880ca185be07d73225f735424af58,27,28,8,9,E:\Archival-Digitisation-Project\1971_Trimmed_PDF\Uttar_Pradesh\metadata\document.xlsx,4bf05d889c56070f43e73558469b6cab4e2a96f37cf6cc1e9a7aa54c7efd5abe,2026-08-30T21:46:37.475362+00:00
8,,Rudrapur,,HC(2),,...,,...,,...,,...,,...,,...,,7,,2,,4,,...,,...,,1,,...,,...,,ORDINARY,,False,10,1,5,29,nainital_mededu_1971,Nainital,Uttar Pradesh,1971,format_002,nainital_mededu_001,nainital_mededu_1971.pdf,ea6208870c903e8e4d1b6b27b82c6386158880ca185be07d73225f735424af58,27,28,8,9,E:\Archival-Digitisation-Project\1971_Trimmed_PDF\Uttar_Pradesh\metadata\document.xlsx,4bf05d889c56070f43e73558469b6cab4e2a96f37cf6cc1e9a7aa54c7efd5abe,2026-08-30T21:46:37.475362+00:00
8,,Rudrapur,,NH(2),,...,,...,,...,,...,,...,,...,,7,,2,,4,,...,,...,,1,,...,,...,,ORDINARY,,False,10,2,5,30,nainital_mededu_1971,Nainital,Uttar Pradesh,1971,format_002,nainital_mededu_001,nainital_mededu_1971.pdf,ea6208870c903e8e4d1b6b27b82c6386158880ca185be07d73225f735424af58,27,28,8,9,E:\Archival-Digitisation-Project\1971_Trimmed_PDF\Uttar_Pradesh\metadata\document.xlsx,4bf05d889c56070f43e73558469b6cab4e2a96f37cf6cc1e9a7aa54c7efd5abe,2026-08-30T21:46:37.475362+00:00
8,,Rudrapur,,FC(1),,...,,...,,...,,...,,...,,...,,7,,2,,4,,...,,...,,1,,...,,...,,ORDINARY,,False,10,3,5,31,nainital_mededu_1971,Nainital,Uttar Pradesh,1971,format_002,nainital_mededu_001,nainital_mededu_1971.pdf,ea6208870c903e8e4d1b6b27b82c6386158880ca185be07d73225f735424af58,27,28,8,9,E:\Archival-Digitisation-Project\1971_Trimmed_PDF\Uttar_Pradesh\metadata\document.xlsx,4bf05d889c56070f43e73558469b6cab4e2a96f37cf6cc1e9a7aa54c7efd5abe,2026-08-30T21:46:37.475362+00:00
8,,Rudrapur,,O(1),,...,,...,,...,,...,,...,,...,,7,,2,,4,,...,,...,,1,,...,,...,,ORDINARY,,False,10,4,5,32,nainital_mededu_1971,Nainital,Uttar Pradesh,1971,format_002,nainital_mededu_001,nainital_mededu_1971.pdf,ea6208870c903e8e4d1b6b27b82c6386158880ca185be07d73225f735424af58,27,28,8,9,E:\Archival-Digitisation-Project\1971_Trimmed_PDF\Uttar_Pradesh\metadata\document.xlsx,4bf05d889c56070f43e73558469b6cab4e2a96f37cf6cc1e9a7aa54c7efd5abe,2026-08-30T21:46:37.475362+00:00
9,,Tanakpur,,H(2),,16,,...,,...,,...,,...,,...,,1,,...,,3,,...,,...,,1,,...,,...,,ORDINARY,,False,11,0,1,33,nainital_mededu_1971,Nainital,Uttar Pradesh,1971,format_002,nainital_mededu_001,nainital_mededu_1971.pdf,ea6208870c903e8e4d1b6b27b82c6386158880ca185be07d73225f735424af58,27,28,8,9,E:\Archival-Digitisation-Project\1971_Trimmed_PDF\Uttar_Pradesh\metadata\document.xlsx,4bf05d889c56070f43e73558469b6cab4e2a96f37cf6cc1e9a7aa54c7efd5abe,2026-08-30T21:46:37.475362+00:00
1,,Bela Pratapgarh,,H(6),,185,,AS (1),,...,,...,,...,,...,,5,,1,,14,,...,,...,,1,,...,,PL (1),,ORDINARY,,False,0,0,3,0,parthpgad_mededu_1971,Pratapgarh,Uttar Pradesh,1971,format_002,parthpgad_mededu_001,parthpgad_mededu_1971.pdf,649df837429f2699015d5471def4175894e3a3e759b11f8438560bbaa5e7867f,25,26,6,7,E:\Archival-Digitisation-Project\1971_Trimmed_PDF\Uttar_Pradesh\metadata\document.xlsx,4bf05d889c56070f43e73558469b6cab4e2a96f37cf6cc1e9a7aa54c7efd5abe,2026-08-30T21:48:27.978698+00:00
1,,Bela Pratapgarh,,D(2),,...,,AS (1),,...,,...,,...,,...,,5,,1,,14,,...,,...,,1,,...,,PL (1),,ORDINARY,,False,0,1,3,1,parthpgad_mededu_1971,Pratapgarh,Uttar Pradesh,1971,format_002,parthpgad_mededu_001,parthpgad_mededu_1971.pdf,649df837429f2699015d5471def4175894e3a3e759b11f8438560bbaa5e7867f,25,26,6,7,E:\Archival-Digitisation-Project\1971_Trimmed_PDF\Uttar_Pradesh\metadata\document.xlsx,4bf05d889c56070f43e73558469b6cab4e2a96f37cf6cc1e9a7aa54c7efd5abe,2026-08-30T21:48:27.978698+00:00
1,,Bela Pratapgarh,,FC(1),,...,,AS (1),,...,,...,,...,,...,,5,,1,,14,,...,,...,,1,,...,,PL (1),,ORDINARY,,False,0,2,3,2,parthpgad_mededu_1971,Pratapgarh,Uttar Pradesh,1971,format_002,parthpgad_mededu_001,parthpgad_mededu_1971.pdf,649df837429f2699015d5471def4175894e3a3e759b11f8438560bbaa5e7867f,25,26,6,7,E:\Archival-Digitisation-Project\1971_Trimmed_PDF\Uttar_Pradesh\metadata\document.xlsx,4bf05d889c56070f43e73558469b6cab4e2a96f37cf6cc1e9a7aa54c7efd5abe,2026-08-30T21:48:27.978698+00:00
1,,Bisalpur,,H(2),,16,,...,,...,,...,,...,,...,,4,,4,,14,,...,,...,,...,,...,,...,,ORDINARY,,False,0,0,3,0,peelibhit_mededu_1971,Peelibhit,Uttar Pradesh,1971,format_002,peelibhit_mededu_001,peelibhit_mededu_1971.pdf,d173611378d7ea401db7d629c1c23d33715bcdbdd797c2a70fbd2051a0ddc537,25,26,6,7,E:\Archival-Digitisation-Project\1971_Trimmed_PDF\Uttar_Pradesh\metadata\document.xlsx,4bf05d889c56070f43e73558469b6cab4e2a96f37cf6cc1e9a7aa54c7efd5abe,2026-08-30T21:55:28.923278+00:00
1,,Bisalpur,,HC(1),,...,,...,,...,,...,,...,,...,,4,,4,,14,,...,,...,,...,,...,,...,,ORDINARY,,False,0,1,3,1,peelibhit_mededu_1971,Peelibhit,Uttar Pradesh,1971,format_002,peelibhit_mededu_001,peelibhit_mededu_1971.pdf,d173611378d7ea401db7d629c1c23d33715bcdbdd797c2a70fbd2051a0ddc537,25,26,6,7,E:\Archival-Digitisation-Project\1971_Trimmed_PDF\Uttar_Pradesh\metadata\document.xlsx,4bf05d889c56070f43e73558469b6cab4e2a96f37cf6cc1e9a7aa54c7efd5abe,2026-08-30T21:55:28.923278+00:00
1,,Bisalpur,,FC(1),,...,,...,,...,,...,,...,,...,,4,,4,,14,,...,,...,,...,,...,,...,,ORDINARY,,False,0,2,3,2,peelibhit_mededu_1971,Peelibhit,Uttar Pradesh,1971,format_002,peelibhit_mededu_001,peelibhit_mededu_1971.pdf,d173611378d7ea401db7d629c1c23d33715bcdbdd797c2a70fbd2051a0ddc537,25,26,6,7,E:\Archival-Digitisation-Project\1971_Trimmed_PDF\Uttar_Pradesh\metadata\document.xlsx,4bf05d889c56070f43e73558469b6cab4e2a96f37cf6cc1e9a7aa54c7efd5abe,2026-08-30T21:55:28.923278+00:00
2,,Pilibhit,,H(5),,134,,A (1),,1*,,...,,...,,...,,5,,6,,63,,...,,...,,2,,...,,PL (2),,ORDINARY,,False,1,0,5,3,peelibhit_mededu_1971,Peelibhit,Uttar Pradesh,1971,format_002,peelibhit_mededu_001,peelibhit_mededu_1971.pdf,d173611378d7ea401db7d629c1c23d33715bcdbdd797c2a70fbd2051a0ddc537,25,26,6,7,E:\Archival-Digitisation-Project\1971_Trimmed_PDF\Uttar_Pradesh\metadata\document.xlsx,4bf05d889c56070f43e73558469b6cab4e2a96f37cf6cc1e9a7aa54c7efd5abe,2026-08-30T21:55:28.923278+00:00
2,,Pilibhit,,D(2),,1,,A (1),,1*,,...,,...,,...,,5,,6,,63,,...,,...,,2,,...,,PL (2),,ORDINARY,,False,1,1,5,4,peelibhit_mededu_1971,Peelibhit,Uttar Pradesh,1971,format_002,peelibhit_mededu_001,peelibhit_mededu_1971.pdf,d173611378d7ea401db7d629c1c23d33715bcdbdd797c2a70fbd2051a0ddc537,25,26,6,7,E:\Archival-Digitisation-Project\1971_Trimmed_PDF\Uttar_Pradesh\metadata\document.xlsx,4bf05d889c56070f43e73558469b6cab4e2a96f37cf6cc1e9a7aa54c7efd5abe,2026-08-30T21:55:28.923278+00:00
2,,Pilibhit,,FC(1),,...,,A (1),,1*,,...,,...,,...,,5,,6,,63,,...,,...,,2,,...,,PL (2),,ORDINARY,,False,1,2,5,5,peelibhit_mededu_1971,Peelibhit,Uttar Pradesh,1971,format_002,peelibhit_mededu_001,peelibhit_mededu_1971.pdf,d173611378d7ea401db7d629c1c23d33715bcdbdd797c2a70fbd2051a0ddc537,25,26,6,7,E:\Archival-Digitisation-Project\1971_Trimmed_PDF\Uttar_Pradesh\metadata\document.xlsx,4bf05d889c56070f43e73558469b6cab4e2a96f37cf6cc1e9a7aa54c7efd5abe,2026-08-30T21:55:28.923278+00:00
2,,Pilibhit,,TBC(1),,...,,A (1),,1*,,...,,...,,...,,5,,6,,63,,...,,...,,2,,...,,PL (2),,ORDINARY,,False,1,3,5,6,peelibhit_mededu_1971,Peelibhit,Uttar Pradesh,1971,format_002,peelibhit_mededu_001,peelibhit_mededu_1971.pdf,d173611378d7ea401db7d629c1c23d33715bcdbdd797c2a70fbd2051a0ddc537,25,26,6,7,E:\Archival-Digitisation-Project\1971_Trimmed_PDF\Uttar_Pradesh\metadata\document.xlsx,4bf05d889c56070f43e73558469b6cab4e2a96f37cf6cc1e9a7aa54c7efd5abe,2026-08-30T21:55:28.923278+00:00
2,,Pilibhit,,O(1),,...,,A (1),,1*,,...,,...,,...,,5,,6,,63,,...,,...,,2,,...,,PL (2),,ORDINARY,,False,1,4,5,7,peelibhit_mededu_1971,Peelibhit,Uttar Pradesh,1971,format_002,peelibhit_mededu_001,peelibhit_mededu_1971.pdf,d173611378d7ea401db7d629c1c23d33715bcdbdd797c2a70fbd2051a0ddc537,25,26,6,7,E:\Archival-Digitisation-Project\1971_Trimmed_PDF\Uttar_Pradesh\metadata\document.xlsx,4bf05d889c56070f43e73558469b6cab4e2a96f37cf6cc1e9a7aa54c7efd5abe,2026-08-30T21:55:28.923278+00:00
3,,Puranpur,,H(1),,10,,...,,...,,...,,...,,...,,1,,2,,6,,2,,...,,...,,...,,PL (1),,ORDINARY,,False,2,0,2,8,peelibhit_mededu_1971,Peelibhit,Uttar Pradesh,1971,format_002,peelibhit_mededu_001,peelibhit_mededu_1971.pdf,d173611378d7ea401db7d629c1c23d33715bcdbdd797c2a70fbd2051a0ddc537,25,26,6,7,E:\Archival-Digitisation-Project\1971_Trimmed_PDF\Uttar_Pradesh\metadata\document.xlsx,4bf05d889c56070f43e73558469b6cab4e2a96f37cf6cc1e9a7aa54c7efd5abe,2026-08-30T21:55:28.923278+00:00
3,,Puranpur,,FC(1),,...,,...,,...,,...,,...,,...,,1,,2,,6,,2,,...,,...,,...,,PL (1),,ORDINARY,,False,2,1,2,9,peelibhit_mededu_1971,Peelibhit,Uttar Pradesh,1971,format_002,peelibhit_mededu_001,peelibhit_mededu_1971.pdf,d173611378d7ea401db7d629c1c23d33715bcdbdd797c2a70fbd2051a0ddc537,25,26,6,7,E:\Archival-Digitisation-Project\1971_Trimmed_PDF\Uttar_Pradesh\metadata\document.xlsx,4bf05d889c56070f43e73558469b6cab4e2a96f37cf6cc1e9a7aa54c7efd5abe,2026-08-30T21:55:28.923278+00:00
1,,Pithoragarh,,H(6),,272,,AS (1),,...,,...,,...,,...,,5,,1,,8,,...,,1,,1,,...,,PL (1) PR (2),,ORDINARY,,False,0,0,2,0,pithoragarh_mededu_1971,Pithoragarh,Uttar Pradesh,1971,format_002,pithoragarh_mededu_001,pithoragarh_mededu_1971.pdf,de69c78f211486cf51caefa0ec788d73aaec25dbdc496b87184ce1c0d5b3f2eb,24,25,6,7,E:\Archival-Digitisation-Project\1971_Trimmed_PDF\Uttar_Pradesh\metadata\document.xlsx,4bf05d889c56070f43e73558469b6cab4e2a96f37cf6cc1e9a7aa54c7efd5abe,2026-08-30T22:02:22.928368+00:00
1,,Pithoragarh,,FC(1),,...,,AS (1),,...,,...,,...,,...,,5,,1,,8,,...,,1,,1,,...,,PL (1) PR (2),,ORDINARY,,False,0,1,2,1,pithoragarh_mededu_1971,Pithoragarh,Uttar Pradesh,1971,format_002,pithoragarh_mededu_001,pithoragarh_mededu_1971.pdf,de69c78f211486cf51caefa0ec788d73aaec25dbdc496b87184ce1c0d5b3f2eb,24,25,6,7,E:\Archival-Digitisation-Project\1971_Trimmed_PDF\Uttar_Pradesh\metadata\document.xlsx,4bf05d889c56070f43e73558469b6cab4e2a96f37cf6cc1e9a7aa54c7efd5abe,2026-08-30T22:02:22.928368+00:00
1,,Jais,,H (1),,9,,...,,...,,...,,...,,...,,2,,2,,2,,3,,...,,...,,...,,PL (1),,ORDINARY,,False,0,0,3,0,rae_bareli_mededu_1971,Rae Bareli,Uttar Pradesh,1971,format_002,rae_bareli_mededu_001,rae_bareli_mededu_1971.pdf,1bf542abcda234a49fe34f9e39a74d4653bf99c89caabaa3bd294d4ae0518678,25,26,6,7,E:\Archival-Digitisation-Project\1971_Trimmed_PDF\Uttar_Pradesh\metadata\document.xlsx,4bf05d889c56070f43e73558469b6cab4e2a96f37cf6cc1e9a7aa54c7efd5abe,2026-08-30T22:03:58.789732+00:00
1,,Jais,,D (1),,...,,...,,...,,...,,...,,...,,2,,2,,2,,3,,...,,...,,...,,PL (1),,ORDINARY,,False,0,1,3,1,rae_bareli_mededu_1971,Rae Bareli,Uttar Pradesh,1971,format_002,rae_bareli_mededu_001,rae_bareli_mededu_1971.pdf,1bf542abcda234a49fe34f9e39a74d4653bf99c89caabaa3bd294d4ae0518678,25,26,6,7,E:\Archival-Digitisation-Project\1971_Trimmed_PDF\Uttar_Pradesh\metadata\document.xlsx,4bf05d889c56070f43e73558469b6cab4e2a96f37cf6cc1e9a7aa54c7efd5abe,2026-08-30T22:03:58.789732+00:00
1,,Jais,,FC (1),,...,,...,,...,,...,,...,,...,,2,,2,,2,,3,,...,,...,,...,,PL (1),,ORDINARY,,False,0,2,3,2,rae_bareli_mededu_1971,Rae Bareli,Uttar Pradesh,1971,format_002,rae_bareli_mededu_001,rae_bareli_mededu_1971.pdf,1bf542abcda234a49fe34f9e39a74d4653bf99c89caabaa3bd294d4ae0518678,25,26,6,7,E:\Archival-Digitisation-Project\1971_Trimmed_PDF\Uttar_Pradesh\metadata\document.xlsx,4bf05d889c56070f43e73558469b6cab4e2a96f37cf6cc1e9a7aa54c7efd5abe,2026-08-30T22:03:58.789732+00:00
2,,Rae Bareli,,H (4),,132,,AS (1),,...,,...,,1,,...,,8,,5,,17,,3,,2,,2,,...,,PL (3) RR (2),,ORDINARY,,False,1,0,6,3,rae_bareli_mededu_1971,Rae Bareli,Uttar Pradesh,1971,format_002,rae_bareli_mededu_001,rae_bareli_mededu_1971.pdf,1bf542abcda234a49fe34f9e39a74d4653bf99c89caabaa3bd294d4ae0518678,25,26,6,7,E:\Archival-Digitisation-Project\1971_Trimmed_PDF\Uttar_Pradesh\metadata\document.xlsx,4bf05d889c56070f43e73558469b6cab4e2a96f37cf6cc1e9a7aa54c7efd5abe,2026-08-30T22:03:58.789732+00:00
2,,Rae Bareli,,D (5),,...,,AS (1),,...,,...,,1,,...,,8,,5,,17,,3,,2,,2,,...,,PL (3) RR (2),,ORDINARY,,False,1,1,6,4,rae_bareli_mededu_1971,Rae Bareli,Uttar Pradesh,1971,format_002,rae_bareli_mededu_001,rae_bareli_mededu_1971.pdf,1bf542abcda234a49fe34f9e39a74d4653bf99c89caabaa3bd294d4ae0518678,25,26,6,7,E:\Archival-Digitisation-Project\1971_Trimmed_PDF\Uttar_Pradesh\metadata\document.xlsx,4bf05d889c56070f43e73558469b6cab4e2a96f37cf6cc1e9a7aa54c7efd5abe,2026-08-30T22:03:58.789732+00:00
2,,Rae Bareli,,FC (1),,...,,AS (1),,...,,...,,1,,...,,8,,5,,17,,3,,2,,2,,...,,PL (3) RR (2),,ORDINARY,,False,1,2,6,5,rae_bareli_mededu_1971,Rae Bareli,Uttar Pradesh,1971,format_002,rae_bareli_mededu_001,rae_bareli_mededu_1971.pdf,1bf542abcda234a49fe34f9e39a74d4653bf99c89caabaa3bd294d4ae0518678,25,26,6,7,E:\Archival-Digitisation-Project\1971_Trimmed_PDF\Uttar_Pradesh\metadata\document.xlsx,4bf05d889c56070f43e73558469b6cab4e2a96f37cf6cc1e9a7aa54c7efd5abe,2026-08-30T22:03:58.789732+00:00
2,,Rae Bareli,,HC (1),,...,,AS (1),,...,,...,,1,,...,,8,,5,,17,,3,,2,,2,,...,,PL (3) RR (2),,ORDINARY,,False,1,3,6,6,rae_bareli_mededu_1971,Rae Bareli,Uttar Pradesh,1971,format_002,rae_bareli_mededu_001,rae_bareli_mededu_1971.pdf,1bf542abcda234a49fe34f9e39a74d4653bf99c89caabaa3bd294d4ae0518678,25,26,6,7,E:\Archival-Digitisation-Project\1971_Trimmed_PDF\Uttar_Pradesh\metadata\document.xlsx,4bf05d889c56070f43e73558469b6cab4e2a96f37cf6cc1e9a7aa54c7efd5abe,2026-08-30T22:03:58.789732+00:00
2,,Rae Bareli,,*O (1),,...,,AS (1),,...,,...,,1,,...,,8,,5,,17,,3,,2,,2,,...,,PL (3) RR (2),,ORDINARY,,False,1,4,6,7,rae_bareli_mededu_1971,Rae Bareli,Uttar Pradesh,1971,format_002,rae_bareli_mededu_001,rae_bareli_mededu_1971.pdf,1bf542abcda234a49fe34f9e39a74d4653bf99c89caabaa3bd294d4ae0518678,25,26,6,7,E:\Archival-Digitisation-Project\1971_Trimmed_PDF\Uttar_Pradesh\metadata\document.xlsx,4bf05d889c56070f43e73558469b6cab4e2a96f37cf6cc1e9a7aa54c7efd5abe,2026-08-30T22:03:58.789732+00:00
2,,Rae Bareli,,TBC (1),,36,,AS (1),,...,,...,,1,,...,,8,,5,,17,,3,,2,,2,,...,,PL (3) RR (2),,ORDINARY,,False,1,5,6,8,rae_bareli_mededu_1971,Rae Bareli,Uttar Pradesh,1971,format_002,rae_bareli_mededu_001,rae_bareli_mededu_1971.pdf,1bf542abcda234a49fe34f9e39a74d4653bf99c89caabaa3bd294d4ae0518678,25,26,6,7,E:\Archival-Digitisation-Project\1971_Trimmed_PDF\Uttar_Pradesh\metadata\document.xlsx,4bf05d889c56070f43e73558469b6cab4e2a96f37cf6cc1e9a7aa54c7efd5abe,2026-08-30T22:03:58.789732+00:00
1,,Rampur,,H (6),,255,,ASC (1),,...,,...,,...,,Sh. Type (2),,14,,10,,67,,...,,1,,4,,1,,PL (2) RR (1),,ORDINARY,,False,0,0,6,0,rampur_mededu_1971,Rampur,Uttar Pradesh,1971,format_002,rampur_mededu_001,rampur_mededu_1971.pdf,8141c76e34b694e379c64147e2618648703ee26d248998216553d3fa2cf12dcd,25,26,6,7,E:\Archival-Digitisation-Project\1971_Trimmed_PDF\Uttar_Pradesh\metadata\document.xlsx,4bf05d889c56070f43e73558469b6cab4e2a96f37cf6cc1e9a7aa54c7efd5abe,2026-08-30T22:06:25.748438+00:00
1,,Rampur,,D (2),,...,,ASC (1),,...,,...,,...,,Sh. Type (2),,14,,10,,67,,...,,1,,4,,1,,PL (2) RR (1),,ORDINARY,,False,0,1,6,1,rampur_mededu_1971,Rampur,Uttar Pradesh,1971,format_002,rampur_mededu_001,rampur_mededu_1971.pdf,8141c76e34b694e379c64147e2618648703ee26d248998216553d3fa2cf12dcd,25,26,6,7,E:\Archival-Digitisation-Project\1971_Trimmed_PDF\Uttar_Pradesh\metadata\document.xlsx,4bf05d889c56070f43e73558469b6cab4e2a96f37cf6cc1e9a7aa54c7efd5abe,2026-08-30T22:06:25.748438+00:00
1,,Rampur,,HC (3),,10,,ASC (1),,...,,...,,...,,Sh. Type (2),,14,,10,,67,,...,,1,,4,,1,,PL (2) RR (1),,ORDINARY,,False,0,2,6,2,rampur_mededu_1971,Rampur,Uttar Pradesh,1971,format_002,rampur_mededu_001,rampur_mededu_1971.pdf,8141c76e34b694e379c64147e2618648703ee26d248998216553d3fa2cf12dcd,25,26,6,7,E:\Archival-Digitisation-Project\1971_Trimmed_PDF\Uttar_Pradesh\metadata\document.xlsx,4bf05d889c56070f43e73558469b6cab4e2a96f37cf6cc1e9a7aa54c7efd5abe,2026-08-30T22:06:25.748438+00:00
1,,Rampur,,TBC (1),,25,,ASC (1),,...,,...,,...,,Sh. Type (2),,14,,10,,67,,...,,1,,4,,1,,PL (2) RR (1),,ORDINARY,,False,0,3,6,3,rampur_mededu_1971,Rampur,Uttar Pradesh,1971,format_002,rampur_mededu_001,rampur_mededu_1971.pdf,8141c76e34b694e379c64147e2618648703ee26d248998216553d3fa2cf12dcd,25,26,6,7,E:\Archival-Digitisation-Project\1971_Trimmed_PDF\Uttar_Pradesh\metadata\document.xlsx,4bf05d889c56070f43e73558469b6cab4e2a96f37cf6cc1e9a7aa54c7efd5abe,2026-08-30T22:06:25.748438+00:00
1,,Rampur,,NH (2),,10,,ASC (1),,...,,...,,...,,Sh. Type (2),,14,,10,,67,,...,,1,,4,,1,,PL (2) RR (1),,ORDINARY,,False,0,4,6,4,rampur_mededu_1971,Rampur,Uttar Pradesh,1971,format_002,rampur_mededu_001,rampur_mededu_1971.pdf,8141c76e34b694e379c64147e2618648703ee26d248998216553d3fa2cf12dcd,25,26,6,7,E:\Archival-Digitisation-Project\1971_Trimmed_PDF\Uttar_Pradesh\metadata\document.xlsx,4bf05d889c56070f43e73558469b6cab4e2a96f37cf6cc1e9a7aa54c7efd5abe,2026-08-30T22:06:25.748438+00:00
1,,Rampur,,FC (1),,...,,ASC (1),,...,,...,,...,,Sh. Type (2),,14,,10,,67,,...,,1,,4,,1,,PL (2) RR (1),,ORDINARY,,False,0,5,6,5,rampur_mededu_1971,Rampur,Uttar Pradesh,1971,format_002,rampur_mededu_001,rampur_mededu_1971.pdf,8141c76e34b694e379c64147e2618648703ee26d248998216553d3fa2cf12dcd,25,26,6,7,E:\Archival-Digitisation-Project\1971_Trimmed_PDF\Uttar_Pradesh\metadata\document.xlsx,4bf05d889c56070f43e73558469b6cab4e2a96f37cf6cc1e9a7aa54c7efd5abe,2026-08-30T22:06:25.748438+00:00
2,,Tanda,,H (1),,7,,...,,...,,...,,...,,...,,5,,2,,2,,...,,...,,...,,...,,RR (1),,ORDINARY,,False,1,0,3,6,rampur_mededu_1971,Rampur,Uttar Pradesh,1971,format_002,rampur_mededu_001,rampur_mededu_1971.pdf,8141c76e34b694e379c64147e2618648703ee26d248998216553d3fa2cf12dcd,25,26,6,7,E:\Archival-Digitisation-Project\1971_Trimmed_PDF\Uttar_Pradesh\metadata\document.xlsx,4bf05d889c56070f43e73558469b6cab4e2a96f37cf6cc1e9a7aa54c7efd5abe,2026-08-30T22:06:25.748438+00:00
2,,Tanda,,D (1),,...,,...,,...,,...,,...,,...,,5,,2,,2,,...,,...,,...,,...,,RR (1),,ORDINARY,,False,1,1,3,7,rampur_mededu_1971,Rampur,Uttar Pradesh,1971,format_002,rampur_mededu_001,rampur_mededu_1971.pdf,8141c76e34b694e379c64147e2618648703ee26d248998216553d3fa2cf12dcd,25,26,6,7,E:\Archival-Digitisation-Project\1971_Trimmed_PDF\Uttar_Pradesh\metadata\document.xlsx,4bf05d889c56070f43e73558469b6cab4e2a96f37cf6cc1e9a7aa54c7efd5abe,2026-08-30T22:06:25.748438+00:00
2,,Tanda,,FC (1),,...,,...,,...,,...,,...,,...,,5,,2,,2,,...,,...,,...,,...,,RR (1),,ORDINARY,,False,1,2,3,8,rampur_mededu_1971,Rampur,Uttar Pradesh,1971,format_002,rampur_mededu_001,rampur_mededu_1971.pdf,8141c76e34b694e379c64147e2618648703ee26d248998216553d3fa2cf12dcd,25,26,6,7,E:\Archival-Digitisation-Project\1971_Trimmed_PDF\Uttar_Pradesh\metadata\document.xlsx,4bf05d889c56070f43e73558469b6cab4e2a96f37cf6cc1e9a7aa54c7efd5abe,2026-08-30T22:06:25.748438+00:00
1,,"Bharat Heavy Electricals Ltd., Ranipur",,H (1),,50,,...,,...,,...,,...,,...,,...,,...,,...,,...,,...,,...,,...,,...,,ORDINARY,,False,0,0,4,0,saharanpur_mededu_1971,Saharanpur,Uttar Pradesh,1971,format_002,saharanpur_mededu_001,saharanpur_mededu_1971.pdf,3d0ddd2af15994f05bc8bc5744f9e8705f0ec93766f14017260674a1c1f20cfe,34,35,12,13,E:\Archival-Digitisation-Project\1971_Trimmed_PDF\Uttar_Pradesh\metadata\document.xlsx,4bf05d889c56070f43e73558469b6cab4e2a96f37cf6cc1e9a7aa54c7efd5abe,2026-08-30T22:14:46.702373+00:00
1,,"Bharat Heavy Electricals Ltd., Ranipur",,D (3),,25,,...,,...,,...,,...,,...,,...,,...,,...,,...,,...,,...,,...,,...,,ORDINARY,,False,0,1,4,1,saharanpur_mededu_1971,Saharanpur,Uttar Pradesh,1971,format_002,saharanpur_mededu_001,saharanpur_mededu_1971.pdf,3d0ddd2af15994f05bc8bc5744f9e8705f0ec93766f14017260674a1c1f20cfe,34,35,12,13,E:\Archival-Digitisation-Project\1971_Trimmed_PDF\Uttar_Pradesh\metadata\document.xlsx,4bf05d889c56070f43e73558469b6cab4e2a96f37cf6cc1e9a7aa54c7efd5abe,2026-08-30T22:14:46.702373+00:00
1,,"Bharat Heavy Electricals Ltd., Ranipur",,TBC (1),,...,,...,,...,,...,,...,,...,,...,,...,,...,,...,,...,,...,,...,,...,,ORDINARY,,False,0,2,4,2,saharanpur_mededu_1971,Saharanpur,Uttar Pradesh,1971,format_002,saharanpur_mededu_001,saharanpur_mededu_1971.pdf,3d0ddd2af15994f05bc8bc5744f9e8705f0ec93766f14017260674a1c1f20cfe,34,35,12,13,E:\Archival-Digitisation-Project\1971_Trimmed_PDF\Uttar_Pradesh\metadata\document.xlsx,4bf05d889c56070f43e73558469b6cab4e2a96f37cf6cc1e9a7aa54c7efd5abe,2026-08-30T22:14:46.702373+00:00
1,,"Bharat Heavy Electricals Ltd., Ranipur",,FC (1),,...,,...,,...,,...,,...,,...,,...,,...,,...,,...,,...,,...,,...,,...,,ORDINARY,,False,0,3,4,3,saharanpur_mededu_1971,Saharanpur,Uttar Pradesh,1971,format_002,saharanpur_mededu_001,saharanpur_mededu_1971.pdf,3d0ddd2af15994f05bc8bc5744f9e8705f0ec93766f14017260674a1c1f20cfe,34,35,12,13,E:\Archival-Digitisation-Project\1971_Trimmed_PDF\Uttar_Pradesh\metadata\document.xlsx,4bf05d889c56070f43e73558469b6cab4e2a96f37cf6cc1e9a7aa54c7efd5abe,2026-08-30T22:14:46.702373+00:00
2,,Deoband,,H (1),,4,,...,,...,,...,,...,,...,,...,,...,,...,,...,,...,,...,,...,,...,,ORDINARY,,False,1,0,2,4,saharanpur_mededu_1971,Saharanpur,Uttar Pradesh,1971,format_002,saharanpur_mededu_001,saharanpur_mededu_1971.pdf,3d0ddd2af15994f05bc8bc5744f9e8705f0ec93766f14017260674a1c1f20cfe,34,35,12,13,E:\Archival-Digitisation-Project\1971_Trimmed_PDF\Uttar_Pradesh\metadata\document.xlsx,4bf05d889c56070f43e73558469b6cab4e2a96f37cf6cc1e9a7aa54c7efd5abe,2026-08-30T22:14:46.702373+00:00
2,,Deoband,,D (1),,6,,...,,...,,...,,...,,...,,...,,...,,...,,...,,...,,...,,...,,...,,ORDINARY,,False,1,1,2,5,saharanpur_mededu_1971,Saharanpur,Uttar Pradesh,1971,format_002,saharanpur_mededu_001,saharanpur_mededu_1971.pdf,3d0ddd2af15994f05bc8bc5744f9e8705f0ec93766f14017260674a1c1f20cfe,34,35,12,13,E:\Archival-Digitisation-Project\1971_Trimmed_PDF\Uttar_Pradesh\metadata\document.xlsx,4bf05d889c56070f43e73558469b6cab4e2a96f37cf6cc1e9a7aa54c7efd5abe,2026-08-30T22:14:46.702373+00:00
3,,Gangoh,,D (1),,4,,...,,...,,...,,...,,...,,...,,...,,...,,...,,...,,...,,...,,...,,ORDINARY,,False,2,0,1,6,saharanpur_mededu_1971,Saharanpur,Uttar Pradesh,1971,format_002,saharanpur_mededu_001,saharanpur_mededu_1971.pdf,3d0ddd2af15994f05bc8bc5744f9e8705f0ec93766f14017260674a1c1f20cfe,34,35,12,13,E:\Archival-Digitisation-Project\1971_Trimmed_PDF\Uttar_Pradesh\metadata\document.xlsx,4bf05d889c56070f43e73558469b6cab4e2a96f37cf6cc1e9a7aa54c7efd5abe,2026-08-30T22:14:46.702373+00:00
4,,Gurukul Kangri,,See,,,,,,,,,,,,,,,,,,,,,,,,,,,,,,CROSS_REFERENCE,Hardwar Urban Agglomeration,False,3,0,1,7,saharanpur_mededu_1971,Saharanpur,Uttar Pradesh,1971,format_002,saharanpur_mededu_001,saharanpur_mededu_1971.pdf,3d0ddd2af15994f05bc8bc5744f9e8705f0ec93766f14017260674a1c1f20cfe,34,35,12,13,E:\Archival-Digitisation-Project\1971_Trimmed_PDF\Uttar_Pradesh\metadata\document.xlsx,4bf05d889c56070f43e73558469b6cab4e2a96f37cf6cc1e9a7aa54c7efd5abe,2026-08-30T22:14:46.702373+00:00
5,,Hardwar,,See,,,,,,,,,,,,,,,,,,,,,,,,,,,,,,CROSS_REFERENCE,Hardwar Urban Agglomeration,False,4,0,1,8,saharanpur_mededu_1971,Saharanpur,Uttar Pradesh,1971,format_002,saharanpur_mededu_001,saharanpur_mededu_1971.pdf,3d0ddd2af15994f05bc8bc5744f9e8705f0ec93766f14017260674a1c1f20cfe,34,35,12,13,E:\Archival-Digitisation-Project\1971_Trimmed_PDF\Uttar_Pradesh\metadata\document.xlsx,4bf05d889c56070f43e73558469b6cab4e2a96f37cf6cc1e9a7aa54c7efd5abe,2026-08-30T22:14:46.702373+00:00
,,Hardwar Urban Agglomeration,,H (3),,64,,ASC (1) AS (1) A (3) S (1) C (1),,3 **,,...,,1,,Sh. Type (1),,9,,3,,45,,8,,...,,3,,6,,PL (13) RR (1),,AGGREGATE,,False,5,0,3,9,saharanpur_mededu_1971,Saharanpur,Uttar Pradesh,1971,format_002,saharanpur_mededu_001,saharanpur_mededu_1971.pdf,3d0ddd2af15994f05bc8bc5744f9e8705f0ec93766f14017260674a1c1f20cfe,34,35,12,13,E:\Archival-Digitisation-Project\1971_Trimmed_PDF\Uttar_Pradesh\metadata\document.xlsx,4bf05d889c56070f43e73558469b6cab4e2a96f37cf6cc1e9a7aa54c7efd5abe,2026-08-30T22:14:46.702373+00:00
,,Hardwar Urban Agglomeration,,D (3),,8,,ASC (1) AS (1) A (3) S (1) C (1),,3 **,,...,,1,,Sh. Type (1),,9,,3,,45,,8,,...,,3,,6,,PL (13) RR (1),,AGGREGATE,,False,5,1,3,10,saharanpur_mededu_1971,Saharanpur,Uttar Pradesh,1971,format_002,saharanpur_mededu_001,saharanpur_mededu_1971.pdf,3d0ddd2af15994f05bc8bc5744f9e8705f0ec93766f14017260674a1c1f20cfe,34,35,12,13,E:\Archival-Digitisation-Project\1971_Trimmed_PDF\Uttar_Pradesh\metadata\document.xlsx,4bf05d889c56070f43e73558469b6cab4e2a96f37cf6cc1e9a7aa54c7efd5abe,2026-08-30T22:14:46.702373+00:00
,,Hardwar Urban Agglomeration,,FC (2),,...,,ASC (1) AS (1) A (3) S (1) C (1),,3 **,,...,,1,,Sh. Type (1),,9,,3,,45,,8,,...,,3,,6,,PL (13) RR (1),,AGGREGATE,,False,5,2,3,11,saharanpur_mededu_1971,Saharanpur,Uttar Pradesh,1971,format_002,saharanpur_mededu_001,saharanpur_mededu_1971.pdf,3d0ddd2af15994f05bc8bc5744f9e8705f0ec93766f14017260674a1c1f20cfe,34,35,12,13,E:\Archival-Digitisation-Project\1971_Trimmed_PDF\Uttar_Pradesh\metadata\document.xlsx,4bf05d889c56070f43e73558469b6cab4e2a96f37cf6cc1e9a7aa54c7efd5abe,2026-08-30T22:14:46.702373+00:00
(i),,Gurukul Kangri,,D (1),,8,,ASC (1) A (1) S (1),,2 **,,...,,...,,...,,2,,...,,...,,1,,...,,...,,...,,PL (1),,COMPONENT,,False,6,0,1,12,saharanpur_mededu_1971,Saharanpur,Uttar Pradesh,1971,format_002,saharanpur_mededu_001,saharanpur_mededu_1971.pdf,3d0ddd2af15994f05bc8bc5744f9e8705f0ec93766f14017260674a1c1f20cfe,34,35,12,13,E:\Archival-Digitisation-Project\1971_Trimmed_PDF\Uttar_Pradesh\metadata\document.xlsx,4bf05d889c56070f43e73558469b6cab4e2a96f37cf6cc1e9a7aa54c7efd5abe,2026-08-30T22:14:46.702373+00:00
(ii),,Hardwar,,H (3),,64,,A (1) AS (1) C (1),,1 **,,...,,1,,Sh. Type (1),,6,,2,,41,,7,,...,,2,,4,,PL (10),,COMPONENT,,False,7,0,3,13,saharanpur_mededu_1971,Saharanpur,Uttar Pradesh,1971,format_002,saharanpur_mededu_001,saharanpur_mededu_1971.pdf,3d0ddd2af15994f05bc8bc5744f9e8705f0ec93766f14017260674a1c1f20cfe,34,35,12,13,E:\Archival-Digitisation-Project\1971_Trimmed_PDF\Uttar_Pradesh\metadata\document.xlsx,4bf05d889c56070f43e73558469b6cab4e2a96f37cf6cc1e9a7aa54c7efd5abe,2026-08-30T22:14:46.702373+00:00
(ii),,Hardwar,,D (1),,...,,A (1) AS (1) C (1),,1 **,,...,,1,,Sh. Type (1),,6,,2,,41,,7,,...,,2,,4,,PL (10),,COMPONENT,,False,7,1,3,14,saharanpur_mededu_1971,Saharanpur,Uttar Pradesh,1971,format_002,saharanpur_mededu_001,saharanpur_mededu_1971.pdf,3d0ddd2af15994f05bc8bc5744f9e8705f0ec93766f14017260674a1c1f20cfe,34,35,12,13,E:\Archival-Digitisation-Project\1971_Trimmed_PDF\Uttar_Pradesh\metadata\document.xlsx,4bf05d889c56070f43e73558469b6cab4e2a96f37cf6cc1e9a7aa54c7efd5abe,2026-08-30T22:14:46.702373+00:00
(ii),,Hardwar,,FC (2),,...,,A (1) AS (1) C (1),,1 **,,...,,1,,Sh. Type (1),,6,,2,,41,,7,,...,,2,,4,,PL (10),,COMPONENT,,False,7,2,3,15,saharanpur_mededu_1971,Saharanpur,Uttar Pradesh,1971,format_002,saharanpur_mededu_001,saharanpur_mededu_1971.pdf,3d0ddd2af15994f05bc8bc5744f9e8705f0ec93766f14017260674a1c1f20cfe,34,35,12,13,E:\Archival-Digitisation-Project\1971_Trimmed_PDF\Uttar_Pradesh\metadata\document.xlsx,4bf05d889c56070f43e73558469b6cab4e2a96f37cf6cc1e9a7aa54c7efd5abe,2026-08-30T22:14:46.702373+00:00
(iii),,Jwalapur Mahavidyalaya,,D (1),,...,,A (1),,...,,...,,...,,...,,1,,1,,1,,...,,...,,1,,2,,PL (2) RR (1),,COMPONENT,,False,8,0,1,16,saharanpur_mededu_1971,Saharanpur,Uttar Pradesh,1971,format_002,saharanpur_mededu_001,saharanpur_mededu_1971.pdf,3d0ddd2af15994f05bc8bc5744f9e8705f0ec93766f14017260674a1c1f20cfe,34,35,12,13,E:\Archival-Digitisation-Project\1971_Trimmed_PDF\Uttar_Pradesh\metadata\document.xlsx,4bf05d889c56070f43e73558469b6cab4e2a96f37cf6cc1e9a7aa54c7efd5abe,2026-08-30T22:14:46.702373+00:00
6,,Jwalapur Mahavidyalaya,,See,,,,,,,,,,,,,,,,,,,,,,,,,,,,,,CROSS_REFERENCE,Hardwar Urban Agglomeration,False,9,0,1,17,saharanpur_mededu_1971,Saharanpur,Uttar Pradesh,1971,format_002,saharanpur_mededu_001,saharanpur_mededu_1971.pdf,3d0ddd2af15994f05bc8bc5744f9e8705f0ec93766f14017260674a1c1f20cfe,34,35,12,13,E:\Archival-Digitisation-Project\1971_Trimmed_PDF\Uttar_Pradesh\metadata\document.xlsx,4bf05d889c56070f43e73558469b6cab4e2a96f37cf6cc1e9a7aa54c7efd5abe,2026-08-30T22:14:46.702373+00:00
7,,Manglaur,,H (1),,12,,...,,...,,...,,...,,...,,1,,2,,13,,5,,...,,...,,...,,PL (1),,ORDINARY,,False,10,0,1,18,saharanpur_mededu_1971,Saharanpur,Uttar Pradesh,1971,format_002,saharanpur_mededu_001,saharanpur_mededu_1971.pdf,3d0ddd2af15994f05bc8bc5744f9e8705f0ec93766f14017260674a1c1f20cfe,34,35,12,13,E:\Archival-Digitisation-Project\1971_Trimmed_PDF\Uttar_Pradesh\metadata\document.xlsx,4bf05d889c56070f43e73558469b6cab4e2a96f37cf6cc1e9a7aa54c7efd5abe,2026-08-30T22:14:46.702373+00:00
8,,Nakur,,D (1),,4,,...,,...,,...,,...,,...,,1,,2,,2,,3,,...,,...,,...,,...,,ORDINARY,,False,11,0,1,19,saharanpur_mededu_1971,Saharanpur,Uttar Pradesh,1971,format_002,saharanpur_mededu_001,saharanpur_mededu_1971.pdf,3d0ddd2af15994f05bc8bc5744f9e8705f0ec93766f14017260674a1c1f20cfe,34,35,12,13,E:\Archival-Digitisation-Project\1971_Trimmed_PDF\Uttar_Pradesh\metadata\document.xlsx,4bf05d889c56070f43e73558469b6cab4e2a96f37cf6cc1e9a7aa54c7efd5abe,2026-08-30T22:14:46.702373+00:00
9,,Rampur Maniharan,,H (1),,6,,S (1),,...,,...,,...,,...,,1,,4,,7,,1,,...,,...,,...,,PL (1),,ORDINARY,,False,12,0,1,20,saharanpur_mededu_1971,Saharanpur,Uttar Pradesh,1971,format_002,saharanpur_mededu_001,saharanpur_mededu_1971.pdf,3d0ddd2af15994f05bc8bc5744f9e8705f0ec93766f14017260674a1c1f20cfe,34,35,12,13,E:\Archival-Digitisation-Project\1971_Trimmed_PDF\Uttar_Pradesh\metadata\document.xlsx,4bf05d889c56070f43e73558469b6cab4e2a96f37cf6cc1e9a7aa54c7efd5abe,2026-08-30T22:14:46.702373+00:00
10,,Roorkee,,See,,,,,,,,,,,,,,,,,,,,,,,,,,,,,,CROSS_REFERENCE,Roorkee Urban Agglomeration,False,13,0,1,21,saharanpur_mededu_1971,Saharanpur,Uttar Pradesh,1971,format_002,saharanpur_mededu_001,saharanpur_mededu_1971.pdf,3d0ddd2af15994f05bc8bc5744f9e8705f0ec93766f14017260674a1c1f20cfe,34,35,12,13,E:\Archival-Digitisation-Project\1971_Trimmed_PDF\Uttar_Pradesh\metadata\document.xlsx,4bf05d889c56070f43e73558469b6cab4e2a96f37cf6cc1e9a7aa54c7efd5abe,2026-08-30T22:14:46.702373+00:00
11,,Roorkee Cantt.,,See,,,,,,,,,,,,,,,,,,,,,,,,,,,,,,CROSS_REFERENCE,Roorkee Urban Agglomeration,False,14,0,1,22,saharanpur_mededu_1971,Saharanpur,Uttar Pradesh,1971,format_002,saharanpur_mededu_001,saharanpur_mededu_1971.pdf,3d0ddd2af15994f05bc8bc5744f9e8705f0ec93766f14017260674a1c1f20cfe,34,35,12,13,E:\Archival-Digitisation-Project\1971_Trimmed_PDF\Uttar_Pradesh\metadata\document.xlsx,4bf05d889c56070f43e73558469b6cab4e2a96f37cf6cc1e9a7aa54c7efd5abe,2026-08-30T22:14:46.702373+00:00
,,Roorkee Urban Agglomeration,,H (3),,94,,A (2) S (1),,-,,1,,1,,Sh. Type (1),,7,,10,,42,,10,,1,,5,,2,,PL (2),,AGGREGATE,,False,15,0,4,23,saharanpur_mededu_1971,Saharanpur,Uttar Pradesh,1971,format_002,saharanpur_mededu_001,saharanpur_mededu_1971.pdf,3d0ddd2af15994f05bc8bc5744f9e8705f0ec93766f14017260674a1c1f20cfe,34,35,12,13,E:\Archival-Digitisation-Project\1971_Trimmed_PDF\Uttar_Pradesh\metadata\document.xlsx,4bf05d889c56070f43e73558469b6cab4e2a96f37cf6cc1e9a7aa54c7efd5abe,2026-08-30T22:14:46.702373+00:00
,,Roorkee Urban Agglomeration,,D (3),,...,,A (2) S (1),,-,,1,,1,,Sh. Type (1),,7,,10,,42,,10,,1,,5,,2,,PL (2),,AGGREGATE,,False,15,1,4,24,saharanpur_mededu_1971,Saharanpur,Uttar Pradesh,1971,format_002,saharanpur_mededu_001,saharanpur_mededu_1971.pdf,3d0ddd2af15994f05bc8bc5744f9e8705f0ec93766f14017260674a1c1f20cfe,34,35,12,13,E:\Archival-Digitisation-Project\1971_Trimmed_PDF\Uttar_Pradesh\metadata\document.xlsx,4bf05d889c56070f43e73558469b6cab4e2a96f37cf6cc1e9a7aa54c7efd5abe,2026-08-30T22:14:46.702373+00:00
,,Roorkee Urban Agglomeration,,O (1),,11,,A (2) S (1),,-,,1,,1,,Sh. Type (1),,7,,10,,42,,10,,1,,5,,2,,PL (2),,AGGREGATE,,False,15,2,4,25,saharanpur_mededu_1971,Saharanpur,Uttar Pradesh,1971,format_002,saharanpur_mededu_001,saharanpur_mededu_1971.pdf,3d0ddd2af15994f05bc8bc5744f9e8705f0ec93766f14017260674a1c1f20cfe,34,35,12,13,E:\Archival-Digitisation-Project\1971_Trimmed_PDF\Uttar_Pradesh\metadata\document.xlsx,4bf05d889c56070f43e73558469b6cab4e2a96f37cf6cc1e9a7aa54c7efd5abe,2026-08-30T22:14:46.702373+00:00
,,Roorkee Urban Agglomeration,,FC (1),,...,,A (2) S (1),,-,,1,,1,,Sh. Type (1),,7,,10,,42,,10,,1,,5,,2,,PL (2),,AGGREGATE,,False,15,3,4,26,saharanpur_mededu_1971,Saharanpur,Uttar Pradesh,1971,format_002,saharanpur_mededu_001,saharanpur_mededu_1971.pdf,3d0ddd2af15994f05bc8bc5744f9e8705f0ec93766f14017260674a1c1f20cfe,34,35,12,13,E:\Archival-Digitisation-Project\1971_Trimmed_PDF\Uttar_Pradesh\metadata\document.xlsx,4bf05d889c56070f43e73558469b6cab4e2a96f37cf6cc1e9a7aa54c7efd5abe,2026-08-30T22:14:46.702373+00:00
(i),,Roorkee,,H (3),,94,,A (2) S (1),,...,,1,,1,,Sh. Type (1),,6,,8,,22,,9,,1,,4,,2,,PL (1),,COMPONENT,,False,16,0,4,27,saharanpur_mededu_1971,Saharanpur,Uttar Pradesh,1971,format_002,saharanpur_mededu_001,saharanpur_mededu_1971.pdf,3d0ddd2af15994f05bc8bc5744f9e8705f0ec93766f14017260674a1c1f20cfe,34,35,12,13,E:\Archival-Digitisation-Project\1971_Trimmed_PDF\Uttar_Pradesh\metadata\document.xlsx,4bf05d889c56070f43e73558469b6cab4e2a96f37cf6cc1e9a7aa54c7efd5abe,2026-08-30T22:14:46.702373+00:00
(i),,Roorkee,,D (2),,...,,A (2) S (1),,...,,1,,1,,Sh. Type (1),,6,,8,,22,,9,,1,,4,,2,,PL (1),,COMPONENT,,False,16,1,4,28,saharanpur_mededu_1971,Saharanpur,Uttar Pradesh,1971,format_002,saharanpur_mededu_001,saharanpur_mededu_1971.pdf,3d0ddd2af15994f05bc8bc5744f9e8705f0ec93766f14017260674a1c1f20cfe,34,35,12,13,E:\Archival-Digitisation-Project\1971_Trimmed_PDF\Uttar_Pradesh\metadata\document.xlsx,4bf05d889c56070f43e73558469b6cab4e2a96f37cf6cc1e9a7aa54c7efd5abe,2026-08-30T22:14:46.702373+00:00
(i),,Roorkee,,O (1),,11,,A (2) S (1),,...,,1,,1,,Sh. Type (1),,6,,8,,22,,9,,1,,4,,2,,PL (1),,COMPONENT,,False,16,2,4,29,saharanpur_mededu_1971,Saharanpur,Uttar Pradesh,1971,format_002,saharanpur_mededu_001,saharanpur_mededu_1971.pdf,3d0ddd2af15994f05bc8bc5744f9e8705f0ec93766f14017260674a1c1f20cfe,34,35,12,13,E:\Archival-Digitisation-Project\1971_Trimmed_PDF\Uttar_Pradesh\metadata\document.xlsx,4bf05d889c56070f43e73558469b6cab4e2a96f37cf6cc1e9a7aa54c7efd5abe,2026-08-30T22:14:46.702373+00:00
(i),,Roorkee,,FC (1),,...,,A (2) S (1),,...,,1,,1,,Sh. Type (1),,6,,8,,22,,9,,1,,4,,2,,PL (1),,COMPONENT,,False,16,3,4,30,saharanpur_mededu_1971,Saharanpur,Uttar Pradesh,1971,format_002,saharanpur_mededu_001,saharanpur_mededu_1971.pdf,3d0ddd2af15994f05bc8bc5744f9e8705f0ec93766f14017260674a1c1f20cfe,34,35,12,13,E:\Archival-Digitisation-Project\1971_Trimmed_PDF\Uttar_Pradesh\metadata\document.xlsx,4bf05d889c56070f43e73558469b6cab4e2a96f37cf6cc1e9a7aa54c7efd5abe,2026-08-30T22:14:46.702373+00:00
(ii),,Roorkee Cantt.,,D (1),,8,,...,,...,,...,,...,,...,,1,,2,,2,,1,,...,,1,,...,,PL (1),,COMPONENT,,False,17,0,1,31,saharanpur_mededu_1971,Saharanpur,Uttar Pradesh,1971,format_002,saharanpur_mededu_001,saharanpur_mededu_1971.pdf,3d0ddd2af15994f05bc8bc5744f9e8705f0ec93766f14017260674a1c1f20cfe,34,35,12,13,E:\Archival-Digitisation-Project\1971_Trimmed_PDF\Uttar_Pradesh\metadata\document.xlsx,4bf05d889c56070f43e73558469b6cab4e2a96f37cf6cc1e9a7aa54c7efd5abe,2026-08-30T22:14:46.702373+00:00
12,,Saharanpur,,H (9),,328,,ASC (1) S (1) A (2),,...,,...,,...,,Sh. Type (2),,21,,11,,191,,8,,...,,7,,9,,PL (15) RR (20),,ORDINARY,,False,18,0,5,32,saharanpur_mededu_1971,Saharanpur,Uttar Pradesh,1971,format_002,saharanpur_mededu_001,saharanpur_mededu_1971.pdf,3d0ddd2af15994f05bc8bc5744f9e8705f0ec93766f14017260674a1c1f20cfe,34,35,12,13,E:\Archival-Digitisation-Project\1971_Trimmed_PDF\Uttar_Pradesh\metadata\document.xlsx,4bf05d889c56070f43e73558469b6cab4e2a96f37cf6cc1e9a7aa54c7efd5abe,2026-08-30T22:14:46.702373+00:00
12,,Saharanpur,,D (3),,...,,ASC (1) S (1) A (2),,...,,...,,...,,Sh. Type (2),,21,,11,,191,,8,,...,,7,,9,,PL (15) RR (20),,ORDINARY,,False,18,1,5,33,saharanpur_mededu_1971,Saharanpur,Uttar Pradesh,1971,format_002,saharanpur_mededu_001,saharanpur_mededu_1971.pdf,3d0ddd2af15994f05bc8bc5744f9e8705f0ec93766f14017260674a1c1f20cfe,34,35,12,13,E:\Archival-Digitisation-Project\1971_Trimmed_PDF\Uttar_Pradesh\metadata\document.xlsx,4bf05d889c56070f43e73558469b6cab4e2a96f37cf6cc1e9a7aa54c7efd5abe,2026-08-30T22:14:46.702373+00:00
12,,Saharanpur,,TBC (1),,...,,ASC (1) S (1) A (2),,...,,...,,...,,Sh. Type (2),,21,,11,,191,,8,,...,,7,,9,,PL (15) RR (20),,ORDINARY,,False,18,2,5,34,saharanpur_mededu_1971,Saharanpur,Uttar Pradesh,1971,format_002,saharanpur_mededu_001,saharanpur_mededu_1971.pdf,3d0ddd2af15994f05bc8bc5744f9e8705f0ec93766f14017260674a1c1f20cfe,34,35,12,13,E:\Archival-Digitisation-Project\1971_Trimmed_PDF\Uttar_Pradesh\metadata\document.xlsx,4bf05d889c56070f43e73558469b6cab4e2a96f37cf6cc1e9a7aa54c7efd5abe,2026-08-30T22:14:46.702373+00:00
12,,Saharanpur,,O (1),,60,,ASC (1) S (1) A (2),,...,,...,,...,,Sh. Type (2),,21,,11,,191,,8,,...,,7,,9,,PL (15) RR (20),,ORDINARY,,False,18,3,5,35,saharanpur_mededu_1971,Saharanpur,Uttar Pradesh,1971,format_002,saharanpur_mededu_001,saharanpur_mededu_1971.pdf,3d0ddd2af15994f05bc8bc5744f9e8705f0ec93766f14017260674a1c1f20cfe,34,35,12,13,E:\Archival-Digitisation-Project\1971_Trimmed_PDF\Uttar_Pradesh\metadata\document.xlsx,4bf05d889c56070f43e73558469b6cab4e2a96f37cf6cc1e9a7aa54c7efd5abe,2026-08-30T22:14:46.702373+00:00
12,,Saharanpur,,FC (4),,...,,ASC (1) S (1) A (2),,...,,...,,...,,Sh. Type (2),,21,,11,,191,,8,,...,,7,,9,,PL (15) RR (20),,ORDINARY,,False,18,4,5,36,saharanpur_mededu_1971,Saharanpur,Uttar Pradesh,1971,format_002,saharanpur_mededu_001,saharanpur_mededu_1971.pdf,3d0ddd2af15994f05bc8bc5744f9e8705f0ec93766f14017260674a1c1f20cfe,34,35,12,13,E:\Archival-Digitisation-Project\1971_Trimmed_PDF\Uttar_Pradesh\metadata\document.xlsx,4bf05d889c56070f43e73558469b6cab4e2a96f37cf6cc1e9a7aa54c7efd5abe,2026-08-30T22:14:46.702373+00:00
1,,Jalalabad,,H (1),,8,,...,,...,,...,,...,,...,,3,,2,,4,,...,,...,,...,,...,,...,,ORDINARY,,False,0,0,2,0,shahjahanpur_mededu_1971,Shahjahanpur,Uttar Pradesh,1971,format_002,shahjahanpur_mededu_001,shahjahanpur_mededu_1971.pdf,2362dabd88572dd97f33bb899ab5b459cc71cfa0f702ad34faa8a82baf7431dd,28,29,8,9,E:\Archival-Digitisation-Project\1971_Trimmed_PDF\Uttar_Pradesh\metadata\document.xlsx,4bf05d889c56070f43e73558469b6cab4e2a96f37cf6cc1e9a7aa54c7efd5abe,2026-08-30T22:19:12.530638+00:00
1,,Jalalabad,,FC (1),,...,,...,,...,,...,,...,,...,,3,,2,,4,,...,,...,,...,,...,,...,,ORDINARY,,False,0,1,2,1,shahjahanpur_mededu_1971,Shahjahanpur,Uttar Pradesh,1971,format_002,shahjahanpur_mededu_001,shahjahanpur_mededu_1971.pdf,2362dabd88572dd97f33bb899ab5b459cc71cfa0f702ad34faa8a82baf7431dd,28,29,8,9,E:\Archival-Digitisation-Project\1971_Trimmed_PDF\Uttar_Pradesh\metadata\document.xlsx,4bf05d889c56070f43e73558469b6cab4e2a96f37cf6cc1e9a7aa54c7efd5abe,2026-08-30T22:19:12.530638+00:00
2,,Powayan,,H (1),,8,,...,,...,,...,,...,,...,,3,,2,,4,,...,,...,,...,,...,,RR (1),,ORDINARY,,False,1,0,2,2,shahjahanpur_mededu_1971,Shahjahanpur,Uttar Pradesh,1971,format_002,shahjahanpur_mededu_001,shahjahanpur_mededu_1971.pdf,2362dabd88572dd97f33bb899ab5b459cc71cfa0f702ad34faa8a82baf7431dd,28,29,8,9,E:\Archival-Digitisation-Project\1971_Trimmed_PDF\Uttar_Pradesh\metadata\document.xlsx,4bf05d889c56070f43e73558469b6cab4e2a96f37cf6cc1e9a7aa54c7efd5abe,2026-08-30T22:19:12.530638+00:00
2,,Powayan,,FC (1),,...,,...,,...,,...,,...,,...,,3,,2,,4,,...,,...,,...,,...,,RR (1),,ORDINARY,,False,1,1,2,3,shahjahanpur_mededu_1971,Shahjahanpur,Uttar Pradesh,1971,format_002,shahjahanpur_mededu_001,shahjahanpur_mededu_1971.pdf,2362dabd88572dd97f33bb899ab5b459cc71cfa0f702ad34faa8a82baf7431dd,28,29,8,9,E:\Archival-Digitisation-Project\1971_Trimmed_PDF\Uttar_Pradesh\metadata\document.xlsx,4bf05d889c56070f43e73558469b6cab4e2a96f37cf6cc1e9a7aa54c7efd5abe,2026-08-30T22:19:12.530638+00:00
3,,Rly. Settlement Roza,,H (1),,8,,...,,...,,...,,...,,...,,2,,2,,5,,1,,...,,1,,...,,PL (1),,ORDINARY,,False,2,0,3,4,shahjahanpur_mededu_1971,Shahjahanpur,Uttar Pradesh,1971,format_002,shahjahanpur_mededu_001,shahjahanpur_mededu_1971.pdf,2362dabd88572dd97f33bb899ab5b459cc71cfa0f702ad34faa8a82baf7431dd,28,29,8,9,E:\Archival-Digitisation-Project\1971_Trimmed_PDF\Uttar_Pradesh\metadata\document.xlsx,4bf05d889c56070f43e73558469b6cab4e2a96f37cf6cc1e9a7aa54c7efd5abe,2026-08-30T22:19:12.530638+00:00
3,,Rly. Settlement Roza,,D (1),,...,,...,,...,,...,,...,,...,,2,,2,,5,,1,,...,,1,,...,,PL (1),,ORDINARY,,False,2,1,3,5,shahjahanpur_mededu_1971,Shahjahanpur,Uttar Pradesh,1971,format_002,shahjahanpur_mededu_001,shahjahanpur_mededu_1971.pdf,2362dabd88572dd97f33bb899ab5b459cc71cfa0f702ad34faa8a82baf7431dd,28,29,8,9,E:\Archival-Digitisation-Project\1971_Trimmed_PDF\Uttar_Pradesh\metadata\document.xlsx,4bf05d889c56070f43e73558469b6cab4e2a96f37cf6cc1e9a7aa54c7efd5abe,2026-08-30T22:19:12.530638+00:00
3,,Rly. Settlement Roza,,FC (1),,...,,...,,...,,...,,...,,...,,2,,2,,5,,1,,...,,1,,...,,PL (1),,ORDINARY,,False,2,2,3,6,shahjahanpur_mededu_1971,Shahjahanpur,Uttar Pradesh,1971,format_002,shahjahanpur_mededu_001,shahjahanpur_mededu_1971.pdf,2362dabd88572dd97f33bb899ab5b459cc71cfa0f702ad34faa8a82baf7431dd,28,29,8,9,E:\Archival-Digitisation-Project\1971_Trimmed_PDF\Uttar_Pradesh\metadata\document.xlsx,4bf05d889c56070f43e73558469b6cab4e2a96f37cf6cc1e9a7aa54c7efd5abe,2026-08-30T22:19:12.530638+00:00
4,,Shahjahanpur Cantt.,,See,,,,,,,,,,,,,,,,,,,,,,,,,,,,,,CROSS_REFERENCE,Shahjahanpur City Urban Agglomeration,False,3,0,1,7,shahjahanpur_mededu_1971,Shahjahanpur,Uttar Pradesh,1971,format_002,shahjahanpur_mededu_001,shahjahanpur_mededu_1971.pdf,2362dabd88572dd97f33bb899ab5b459cc71cfa0f702ad34faa8a82baf7431dd,28,29,8,9,E:\Archival-Digitisation-Project\1971_Trimmed_PDF\Uttar_Pradesh\metadata\document.xlsx,4bf05d889c56070f43e73558469b6cab4e2a96f37cf6cc1e9a7aa54c7efd5abe,2026-08-30T22:19:12.530638+00:00
,,Shahjahanpur City Urban Agglomeration,,H (8),,269,,A (1) AS (1),,...,,...,,...,,Type (3) O (3),,16,,13,,60,,6,,...,,3,,...,,PL (1),,AGGREGATE,,False,4,0,5,8,shahjahanpur_mededu_1971,Shahjahanpur,Uttar Pradesh,1971,format_002,shahjahanpur_mededu_001,shahjahanpur_mededu_1971.pdf,2362dabd88572dd97f33bb899ab5b459cc71cfa0f702ad34faa8a82baf7431dd,28,29,8,9,E:\Archival-Digitisation-Project\1971_Trimmed_PDF\Uttar_Pradesh\metadata\document.xlsx,4bf05d889c56070f43e73558469b6cab4e2a96f37cf6cc1e9a7aa54c7efd5abe,2026-08-30T22:19:12.530638+00:00
,,Shahjahanpur City Urban Agglomeration,,FC (3),,...,,A (1) AS (1),,...,,...,,...,,Type (3) O (3),,16,,13,,60,,6,,...,,3,,...,,PL (1),,AGGREGATE,,False,4,1,5,9,shahjahanpur_mededu_1971,Shahjahanpur,Uttar Pradesh,1971,format_002,shahjahanpur_mededu_001,shahjahanpur_mededu_1971.pdf,2362dabd88572dd97f33bb899ab5b459cc71cfa0f702ad34faa8a82baf7431dd,28,29,8,9,E:\Archival-Digitisation-Project\1971_Trimmed_PDF\Uttar_Pradesh\metadata\document.xlsx,4bf05d889c56070f43e73558469b6cab4e2a96f37cf6cc1e9a7aa54c7efd5abe,2026-08-30T22:19:12.530638+00:00
,,Shahjahanpur City Urban Agglomeration,,D (2),,...,,A (1) AS (1),,...,,...,,...,,Type (3) O (3),,16,,13,,60,,6,,...,,3,,...,,PL (1),,AGGREGATE,,False,4,2,5,10,shahjahanpur_mededu_1971,Shahjahanpur,Uttar Pradesh,1971,format_002,shahjahanpur_mededu_001,shahjahanpur_mededu_1971.pdf,2362dabd88572dd97f33bb899ab5b459cc71cfa0f702ad34faa8a82baf7431dd,28,29,8,9,E:\Archival-Digitisation-Project\1971_Trimmed_PDF\Uttar_Pradesh\metadata\document.xlsx,4bf05d889c56070f43e73558469b6cab4e2a96f37cf6cc1e9a7aa54c7efd5abe,2026-08-30T22:19:12.530638+00:00
,,Shahjahanpur City Urban Agglomeration,,TBC (1),,1,,A (1) AS (1),,...,,...,,...,,Type (3) O (3),,16,,13,,60,,6,,...,,3,,...,,PL (1),,AGGREGATE,,False,4,3,5,11,shahjahanpur_mededu_1971,Shahjahanpur,Uttar Pradesh,1971,format_002,shahjahanpur_mededu_001,shahjahanpur_mededu_1971.pdf,2362dabd88572dd97f33bb899ab5b459cc71cfa0f702ad34faa8a82baf7431dd,28,29,8,9,E:\Archival-Digitisation-Project\1971_Trimmed_PDF\Uttar_Pradesh\metadata\document.xlsx,4bf05d889c56070f43e73558469b6cab4e2a96f37cf6cc1e9a7aa54c7efd5abe,2026-08-30T22:19:12.530638+00:00
,,Shahjahanpur City Urban Agglomeration,,O (1),,1,,A (1) AS (1),,...,,...,,...,,Type (3) O (3),,16,,13,,60,,6,,...,,3,,...,,PL (1),,AGGREGATE,,False,4,4,5,12,shahjahanpur_mededu_1971,Shahjahanpur,Uttar Pradesh,1971,format_002,shahjahanpur_mededu_001,shahjahanpur_mededu_1971.pdf,2362dabd88572dd97f33bb899ab5b459cc71cfa0f702ad34faa8a82baf7431dd,28,29,8,9,E:\Archival-Digitisation-Project\1971_Trimmed_PDF\Uttar_Pradesh\metadata\document.xlsx,4bf05d889c56070f43e73558469b6cab4e2a96f37cf6cc1e9a7aa54c7efd5abe,2026-08-30T22:19:12.530638+00:00
(i),,Shahjahanpur Cantt.,,H (3),,86,,...,,...,,...,,...,,...,,1,,...,,1,,...,,...,,...,,...,,...,,COMPONENT,,False,5,0,2,13,shahjahanpur_mededu_1971,Shahjahanpur,Uttar Pradesh,1971,format_002,shahjahanpur_mededu_001,shahjahanpur_mededu_1971.pdf,2362dabd88572dd97f33bb899ab5b459cc71cfa0f702ad34faa8a82baf7431dd,28,29,8,9,E:\Archival-Digitisation-Project\1971_Trimmed_PDF\Uttar_Pradesh\metadata\document.xlsx,4bf05d889c56070f43e73558469b6cab4e2a96f37cf6cc1e9a7aa54c7efd5abe,2026-08-30T22:19:12.530638+00:00
(i),,Shahjahanpur Cantt.,,FC (1),,...,,...,,...,,...,,...,,...,,1,,...,,1,,...,,...,,...,,...,,...,,COMPONENT,,False,5,1,2,14,shahjahanpur_mededu_1971,Shahjahanpur,Uttar Pradesh,1971,format_002,shahjahanpur_mededu_001,shahjahanpur_mededu_1971.pdf,2362dabd88572dd97f33bb899ab5b459cc71cfa0f702ad34faa8a82baf7431dd,28,29,8,9,E:\Archival-Digitisation-Project\1971_Trimmed_PDF\Uttar_Pradesh\metadata\document.xlsx,4bf05d889c56070f43e73558469b6cab4e2a96f37cf6cc1e9a7aa54c7efd5abe,2026-08-30T22:19:12.530638+00:00
(ii),,Shahjahanpur,,H (5),,173,,A (1) AS (1),,...,,...,,...,,Type (3) O (3),,15,,13,,59,,6,,...,,3,,...,,PL (1),,COMPONENT,,False,6,0,5,15,shahjahanpur_mededu_1971,Shahjahanpur,Uttar Pradesh,1971,format_002,shahjahanpur_mededu_001,shahjahanpur_mededu_1971.pdf,2362dabd88572dd97f33bb899ab5b459cc71cfa0f702ad34faa8a82baf7431dd,28,29,8,9,E:\Archival-Digitisation-Project\1971_Trimmed_PDF\Uttar_Pradesh\metadata\document.xlsx,4bf05d889c56070f43e73558469b6cab4e2a96f37cf6cc1e9a7aa54c7efd5abe,2026-08-30T22:19:12.530638+00:00
(ii),,Shahjahanpur,,D (2),,...,,A (1) AS (1),,...,,...,,...,,Type (3) O (3),,15,,13,,59,,6,,...,,3,,...,,PL (1),,COMPONENT,,False,6,1,5,16,shahjahanpur_mededu_1971,Shahjahanpur,Uttar Pradesh,1971,format_002,shahjahanpur_mededu_001,shahjahanpur_mededu_1971.pdf,2362dabd88572dd97f33bb899ab5b459cc71cfa0f702ad34faa8a82baf7431dd,28,29,8,9,E:\Archival-Digitisation-Project\1971_Trimmed_PDF\Uttar_Pradesh\metadata\document.xlsx,4bf05d889c56070f43e73558469b6cab4e2a96f37cf6cc1e9a7aa54c7efd5abe,2026-08-30T22:19:12.530638+00:00
(ii),,Shahjahanpur,,TBC (1),,...,,A (1) AS (1),,...,,...,,...,,Type (3) O (3),,15,,13,,59,,6,,...,,3,,...,,PL (1),,COMPONENT,,False,6,2,5,17,shahjahanpur_mededu_1971,Shahjahanpur,Uttar Pradesh,1971,format_002,shahjahanpur_mededu_001,shahjahanpur_mededu_1971.pdf,2362dabd88572dd97f33bb899ab5b459cc71cfa0f702ad34faa8a82baf7431dd,28,29,8,9,E:\Archival-Digitisation-Project\1971_Trimmed_PDF\Uttar_Pradesh\metadata\document.xlsx,4bf05d889c56070f43e73558469b6cab4e2a96f37cf6cc1e9a7aa54c7efd5abe,2026-08-30T22:19:12.530638+00:00
(ii),,Shahjahanpur,,FC (2),,1,,A (1) AS (1),,...,,...,,...,,Type (3) O (3),,15,,13,,59,,6,,...,,3,,...,,PL (1),,COMPONENT,,False,6,3,5,18,shahjahanpur_mededu_1971,Shahjahanpur,Uttar Pradesh,1971,format_002,shahjahanpur_mededu_001,shahjahanpur_mededu_1971.pdf,2362dabd88572dd97f33bb899ab5b459cc71cfa0f702ad34faa8a82baf7431dd,28,29,8,9,E:\Archival-Digitisation-Project\1971_Trimmed_PDF\Uttar_Pradesh\metadata\document.xlsx,4bf05d889c56070f43e73558469b6cab4e2a96f37cf6cc1e9a7aa54c7efd5abe,2026-08-30T22:19:12.530638+00:00
(ii),,Shahjahanpur,,O (1),,...,,A (1) AS (1),,...,,...,,...,,Type (3) O (3),,15,,13,,59,,6,,...,,3,,...,,PL (1),,COMPONENT,,False,6,4,5,19,shahjahanpur_mededu_1971,Shahjahanpur,Uttar Pradesh,1971,format_002,shahjahanpur_mededu_001,shahjahanpur_mededu_1971.pdf,2362dabd88572dd97f33bb899ab5b459cc71cfa0f702ad34faa8a82baf7431dd,28,29,8,9,E:\Archival-Digitisation-Project\1971_Trimmed_PDF\Uttar_Pradesh\metadata\document.xlsx,4bf05d889c56070f43e73558469b6cab4e2a96f37cf6cc1e9a7aa54c7efd5abe,2026-08-30T22:19:12.530638+00:00
5,,Shahjahanpur,,See,,,,,,,,,,,,,,,,,,,,,,,,,,,,,,CROSS_REFERENCE,Shahjahanpur City Urban Agglomeration,False,7,0,1,20,shahjahanpur_mededu_1971,Shahjahanpur,Uttar Pradesh,1971,format_002,shahjahanpur_mededu_001,shahjahanpur_mededu_1971.pdf,2362dabd88572dd97f33bb899ab5b459cc71cfa0f702ad34faa8a82baf7431dd,28,29,8,9,E:\Archival-Digitisation-Project\1971_Trimmed_PDF\Uttar_Pradesh\metadata\document.xlsx,4bf05d889c56070f43e73558469b6cab4e2a96f37cf6cc1e9a7aa54c7efd5abe,2026-08-30T22:19:12.530638+00:00
6,,Tilhar,,H (2),,34,,...,,...,,...,,...,,...,,4,,1,,16,,8,,...,,1,,...,,...,,ORDINARY,,False,8,0,2,21,shahjahanpur_mededu_1971,Shahjahanpur,Uttar Pradesh,1971,format_002,shahjahanpur_mededu_001,shahjahanpur_mededu_1971.pdf,2362dabd88572dd97f33bb899ab5b459cc71cfa0f702ad34faa8a82baf7431dd,28,29,8,9,E:\Archival-Digitisation-Project\1971_Trimmed_PDF\Uttar_Pradesh\metadata\document.xlsx,4bf05d889c56070f43e73558469b6cab4e2a96f37cf6cc1e9a7aa54c7efd5abe,2026-08-30T22:19:12.530638+00:00
6,,Tilhar,,FC (1),,...,,...,,...,,...,,...,,...,,4,,1,,16,,8,,...,,1,,...,,...,,ORDINARY,,False,8,1,2,22,shahjahanpur_mededu_1971,Shahjahanpur,Uttar Pradesh,1971,format_002,shahjahanpur_mededu_001,shahjahanpur_mededu_1971.pdf,2362dabd88572dd97f33bb899ab5b459cc71cfa0f702ad34faa8a82baf7431dd,28,29,8,9,E:\Archival-Digitisation-Project\1971_Trimmed_PDF\Uttar_Pradesh\metadata\document.xlsx,4bf05d889c56070f43e73558469b6cab4e2a96f37cf6cc1e9a7aa54c7efd5abe,2026-08-30T22:19:12.530638+00:00
1,,Biswan,,H (2),,24,,...,,...,,...,,...,,...,,4,,2,,15,,...,,...,,...,,...,,PL (1),,ORDINARY,,False,0,0,2,0,sitapur_mededu_1971,Sitapur,Uttar Pradesh,1971,format_002,sitapur_mededu_001,sitapur_mededu_1971.pdf,84604b31c8acd6d4892c2d8f6cde758e557372db575a7c666413cf10897f3eb0,28,29,8,9,E:\Archival-Digitisation-Project\1971_Trimmed_PDF\Uttar_Pradesh\metadata\document.xlsx,4bf05d889c56070f43e73558469b6cab4e2a96f37cf6cc1e9a7aa54c7efd5abe,2026-08-30T22:23:21.371247+00:00
1,,Biswan,,FC (1),,...,,...,,...,,...,,...,,...,,4,,2,,15,,...,,...,,...,,...,,PL (1),,ORDINARY,,False,0,1,2,1,sitapur_mededu_1971,Sitapur,Uttar Pradesh,1971,format_002,sitapur_mededu_001,sitapur_mededu_1971.pdf,84604b31c8acd6d4892c2d8f6cde758e557372db575a7c666413cf10897f3eb0,28,29,8,9,E:\Archival-Digitisation-Project\1971_Trimmed_PDF\Uttar_Pradesh\metadata\document.xlsx,4bf05d889c56070f43e73558469b6cab4e2a96f37cf6cc1e9a7aa54c7efd5abe,2026-08-30T22:23:21.371247+00:00
2,,Khairabad,,H (2),,124,,...,,...,,...,,...,,...,,2,,3,,14,,...,,...,,...,,...,,PL (1),,ORDINARY,,False,1,0,3,2,sitapur_mededu_1971,Sitapur,Uttar Pradesh,1971,format_002,sitapur_mededu_001,sitapur_mededu_1971.pdf,84604b31c8acd6d4892c2d8f6cde758e557372db575a7c666413cf10897f3eb0,28,29,8,9,E:\Archival-Digitisation-Project\1971_Trimmed_PDF\Uttar_Pradesh\metadata\document.xlsx,4bf05d889c56070f43e73558469b6cab4e2a96f37cf6cc1e9a7aa54c7efd5abe,2026-08-30T22:23:21.371247+00:00
2,,Khairabad,,FC (1),,...,,...,,...,,...,,...,,...,,2,,3,,14,,...,,...,,...,,...,,PL (1),,ORDINARY,,False,1,1,3,3,sitapur_mededu_1971,Sitapur,Uttar Pradesh,1971,format_002,sitapur_mededu_001,sitapur_mededu_1971.pdf,84604b31c8acd6d4892c2d8f6cde758e557372db575a7c666413cf10897f3eb0,28,29,8,9,E:\Archival-Digitisation-Project\1971_Trimmed_PDF\Uttar_Pradesh\metadata\document.xlsx,4bf05d889c56070f43e73558469b6cab4e2a96f37cf6cc1e9a7aa54c7efd5abe,2026-08-30T22:23:21.371247+00:00
2,,Khairabad,,*O (1),,...,,...,,...,,...,,...,,...,,2,,3,,14,,...,,...,,...,,...,,PL (1),,ORDINARY,,False,1,2,3,4,sitapur_mededu_1971,Sitapur,Uttar Pradesh,1971,format_002,sitapur_mededu_001,sitapur_mededu_1971.pdf,84604b31c8acd6d4892c2d8f6cde758e557372db575a7c666413cf10897f3eb0,28,29,8,9,E:\Archival-Digitisation-Project\1971_Trimmed_PDF\Uttar_Pradesh\metadata\document.xlsx,4bf05d889c56070f43e73558469b6cab4e2a96f37cf6cc1e9a7aa54c7efd5abe,2026-08-30T22:23:21.371247+00:00
3,,Laharpur,,H (1),,16,,...,,...,,...,,...,,...,,1,,2,,7,,...,,...,,...,,...,,...,,ORDINARY,,False,2,0,4,5,sitapur_mededu_1971,Sitapur,Uttar Pradesh,1971,format_002,sitapur_mededu_001,sitapur_mededu_1971.pdf,84604b31c8acd6d4892c2d8f6cde758e557372db575a7c666413cf10897f3eb0,28,29,8,9,E:\Archival-Digitisation-Project\1971_Trimmed_PDF\Uttar_Pradesh\metadata\document.xlsx,4bf05d889c56070f43e73558469b6cab4e2a96f37cf6cc1e9a7aa54c7efd5abe,2026-08-30T22:23:21.371247+00:00
3,,Laharpur,,D (5),,...,,...,,...,,...,,...,,...,,1,,2,,7,,...,,...,,...,,...,,...,,ORDINARY,,False,2,1,4,6,sitapur_mededu_1971,Sitapur,Uttar Pradesh,1971,format_002,sitapur_mededu_001,sitapur_mededu_1971.pdf,84604b31c8acd6d4892c2d8f6cde758e557372db575a7c666413cf10897f3eb0,28,29,8,9,E:\Archival-Digitisation-Project\1971_Trimmed_PDF\Uttar_Pradesh\metadata\document.xlsx,4bf05d889c56070f43e73558469b6cab4e2a96f37cf6cc1e9a7aa54c7efd5abe,2026-08-30T22:23:21.371247+00:00
3,,Laharpur,,NH (1),,...,,...,,...,,...,,...,,...,,1,,2,,7,,...,,...,,...,,...,,...,,ORDINARY,,False,2,2,4,7,sitapur_mededu_1971,Sitapur,Uttar Pradesh,1971,format_002,sitapur_mededu_001,sitapur_mededu_1971.pdf,84604b31c8acd6d4892c2d8f6cde758e557372db575a7c666413cf10897f3eb0,28,29,8,9,E:\Archival-Digitisation-Project\1971_Trimmed_PDF\Uttar_Pradesh\metadata\document.xlsx,4bf05d889c56070f43e73558469b6cab4e2a96f37cf6cc1e9a7aa54c7efd5abe,2026-08-30T22:23:21.371247+00:00
3,,Laharpur,,FC (1),,...,,...,,...,,...,,...,,...,,1,,2,,7,,...,,...,,...,,...,,...,,ORDINARY,,False,2,3,4,8,sitapur_mededu_1971,Sitapur,Uttar Pradesh,1971,format_002,sitapur_mededu_001,sitapur_mededu_1971.pdf,84604b31c8acd6d4892c2d8f6cde758e557372db575a7c666413cf10897f3eb0,28,29,8,9,E:\Archival-Digitisation-Project\1971_Trimmed_PDF\Uttar_Pradesh\metadata\document.xlsx,4bf05d889c56070f43e73558469b6cab4e2a96f37cf6cc1e9a7aa54c7efd5abe,2026-08-30T22:23:21.371247+00:00
4,,Mahmudabad,,D (1),,4,,...,,...,,...,,...,,...,,2,,3,,7,,...,,...,,...,,...,,...,,ORDINARY,,False,3,0,3,9,sitapur_mededu_1971,Sitapur,Uttar Pradesh,1971,format_002,sitapur_mededu_001,sitapur_mededu_1971.pdf,84604b31c8acd6d4892c2d8f6cde758e557372db575a7c666413cf10897f3eb0,28,29,8,9,E:\Archival-Digitisation-Project\1971_Trimmed_PDF\Uttar_Pradesh\metadata\document.xlsx,4bf05d889c56070f43e73558469b6cab4e2a96f37cf6cc1e9a7aa54c7efd5abe,2026-08-30T22:23:21.371247+00:00
4,,Mahmudabad,,H (2),,24,,...,,...,,...,,...,,...,,2,,3,,7,,...,,...,,...,,...,,...,,ORDINARY,,False,3,1,3,10,sitapur_mededu_1971,Sitapur,Uttar Pradesh,1971,format_002,sitapur_mededu_001,sitapur_mededu_1971.pdf,84604b31c8acd6d4892c2d8f6cde758e557372db575a7c666413cf10897f3eb0,28,29,8,9,E:\Archival-Digitisation-Project\1971_Trimmed_PDF\Uttar_Pradesh\metadata\document.xlsx,4bf05d889c56070f43e73558469b6cab4e2a96f37cf6cc1e9a7aa54c7efd5abe,2026-08-30T22:23:21.371247+00:00
4,,Mahmudabad,,FC (1),,...,,...,,...,,...,,...,,...,,2,,3,,7,,...,,...,,...,,...,,...,,ORDINARY,,False,3,2,3,11,sitapur_mededu_1971,Sitapur,Uttar Pradesh,1971,format_002,sitapur_mededu_001,sitapur_mededu_1971.pdf,84604b31c8acd6d4892c2d8f6cde758e557372db575a7c666413cf10897f3eb0,28,29,8,9,E:\Archival-Digitisation-Project\1971_Trimmed_PDF\Uttar_Pradesh\metadata\document.xlsx,4bf05d889c56070f43e73558469b6cab4e2a96f37cf6cc1e9a7aa54c7efd5abe,2026-08-30T22:23:21.371247+00:00
5,,Neemsar Misrikh,,D (1),,4,,...,,...,,...,,...,,...,,1,,6,,6,,...,,...,,...,,...,,...,,ORDINARY,,False,4,0,1,12,sitapur_mededu_1971,Sitapur,Uttar Pradesh,1971,format_002,sitapur_mededu_001,sitapur_mededu_1971.pdf,84604b31c8acd6d4892c2d8f6cde758e557372db575a7c666413cf10897f3eb0,28,29,8,9,E:\Archival-Digitisation-Project\1971_Trimmed_PDF\Uttar_Pradesh\metadata\document.xlsx,4bf05d889c56070f43e73558469b6cab4e2a96f37cf6cc1e9a7aa54c7efd5abe,2026-08-30T22:23:21.371247+00:00
6,,Sitapur,,H (8),,886,,A (2),,...,,...,,...,,Sh. Type (1),,7,,10,,46,,...,,...,,2,,1,,PL (3) RR (3),,ORDINARY,,False,5,0,4,13,sitapur_mededu_1971,Sitapur,Uttar Pradesh,1971,format_002,sitapur_mededu_001,sitapur_mededu_1971.pdf,84604b31c8acd6d4892c2d8f6cde758e557372db575a7c666413cf10897f3eb0,28,29,8,9,E:\Archival-Digitisation-Project\1971_Trimmed_PDF\Uttar_Pradesh\metadata\document.xlsx,4bf05d889c56070f43e73558469b6cab4e2a96f37cf6cc1e9a7aa54c7efd5abe,2026-08-30T22:23:21.371247+00:00
6,,Sitapur,,D (2),,...,,A (2),,...,,...,,...,,Sh. Type (1),,7,,10,,46,,...,,...,,2,,1,,PL (3) RR (3),,ORDINARY,,False,5,1,4,14,sitapur_mededu_1971,Sitapur,Uttar Pradesh,1971,format_002,sitapur_mededu_001,sitapur_mededu_1971.pdf,84604b31c8acd6d4892c2d8f6cde758e557372db575a7c666413cf10897f3eb0,28,29,8,9,E:\Archival-Digitisation-Project\1971_Trimmed_PDF\Uttar_Pradesh\metadata\document.xlsx,4bf05d889c56070f43e73558469b6cab4e2a96f37cf6cc1e9a7aa54c7efd5abe,2026-08-30T22:23:21.371247+00:00
6,,Sitapur,,TBC (1),,6,,A (2),,...,,...,,...,,Sh. Type (1),,7,,10,,46,,...,,...,,2,,1,,PL (3) RR (3),,ORDINARY,,False,5,2,4,15,sitapur_mededu_1971,Sitapur,Uttar Pradesh,1971,format_002,sitapur_mededu_001,sitapur_mededu_1971.pdf,84604b31c8acd6d4892c2d8f6cde758e557372db575a7c666413cf10897f3eb0,28,29,8,9,E:\Archival-Digitisation-Project\1971_Trimmed_PDF\Uttar_Pradesh\metadata\document.xlsx,4bf05d889c56070f43e73558469b6cab4e2a96f37cf6cc1e9a7aa54c7efd5abe,2026-08-30T22:23:21.371247+00:00
6,,Sitapur,,FC (4),,...,,A (2),,...,,...,,...,,Sh. Type (1),,7,,10,,46,,...,,...,,2,,1,,PL (3) RR (3),,ORDINARY,,False,5,3,4,16,sitapur_mededu_1971,Sitapur,Uttar Pradesh,1971,format_002,sitapur_mededu_001,sitapur_mededu_1971.pdf,84604b31c8acd6d4892c2d8f6cde758e557372db575a7c666413cf10897f3eb0,28,29,8,9,E:\Archival-Digitisation-Project\1971_Trimmed_PDF\Uttar_Pradesh\metadata\document.xlsx,4bf05d889c56070f43e73558469b6cab4e2a96f37cf6cc1e9a7aa54c7efd5abe,2026-08-30T22:23:21.371247+00:00
1,,Sultanpur,,H (4),,241,,A (1),,...,,...,,...,,Sh. Type (2),,4,,4,,14,,7,,...,,1,,...,,PL (1),,ORDINARY,,False,0,0,4,0,sultanpur_mededu_1971,Sultanpur,Uttar Pradesh,1971,format_002,sultanpur_mededu_001,sultanpur_mededu_1971.pdf,eb7a46383c5964b9f33452cd1077780e0ffdc373ee242c25f4ee6a0c0a449bee,27,28,6,7,E:\Archival-Digitisation-Project\1971_Trimmed_PDF\Uttar_Pradesh\metadata\document.xlsx,4bf05d889c56070f43e73558469b6cab4e2a96f37cf6cc1e9a7aa54c7efd5abe,2026-08-30T22:25:19.464704+00:00
1,,Sultanpur,,D (1),,...,,A (1),,...,,...,,...,,Sh. Type (2),,4,,4,,14,,7,,...,,1,,...,,PL (1),,ORDINARY,,False,0,1,4,1,sultanpur_mededu_1971,Sultanpur,Uttar Pradesh,1971,format_002,sultanpur_mededu_001,sultanpur_mededu_1971.pdf,eb7a46383c5964b9f33452cd1077780e0ffdc373ee242c25f4ee6a0c0a449bee,27,28,6,7,E:\Archival-Digitisation-Project\1971_Trimmed_PDF\Uttar_Pradesh\metadata\document.xlsx,4bf05d889c56070f43e73558469b6cab4e2a96f37cf6cc1e9a7aa54c7efd5abe,2026-08-30T22:25:19.464704+00:00
1,,Sultanpur,,TBC (1),,...,,A (1),,...,,...,,...,,Sh. Type (2),,4,,4,,14,,7,,...,,1,,...,,PL (1),,ORDINARY,,False,0,2,4,2,sultanpur_mededu_1971,Sultanpur,Uttar Pradesh,1971,format_002,sultanpur_mededu_001,sultanpur_mededu_1971.pdf,eb7a46383c5964b9f33452cd1077780e0ffdc373ee242c25f4ee6a0c0a449bee,27,28,6,7,E:\Archival-Digitisation-Project\1971_Trimmed_PDF\Uttar_Pradesh\metadata\document.xlsx,4bf05d889c56070f43e73558469b6cab4e2a96f37cf6cc1e9a7aa54c7efd5abe,2026-08-30T22:25:19.464704+00:00
1,,Sultanpur,,FC (1),,...,,A (1),,...,,...,,...,,Sh. Type (2),,4,,4,,14,,7,,...,,1,,...,,PL (1),,ORDINARY,,False,0,3,4,3,sultanpur_mededu_1971,Sultanpur,Uttar Pradesh,1971,format_002,sultanpur_mededu_001,sultanpur_mededu_1971.pdf,eb7a46383c5964b9f33452cd1077780e0ffdc373ee242c25f4ee6a0c0a449bee,27,28,6,7,E:\Archival-Digitisation-Project\1971_Trimmed_PDF\Uttar_Pradesh\metadata\document.xlsx,4bf05d889c56070f43e73558469b6cab4e2a96f37cf6cc1e9a7aa54c7efd5abe,2026-08-30T22:25:19.464704+00:00
1,,Devaprayag,,H (1),,2,,...,,...,,...,,...,,...,,...,,1,,2,,...,,...,,...,,...,,RR (1),,ORDINARY,,False,0,0,2,0,tehri_garhwal_mededu_1971,Tehri Garhwal,Uttar Pradesh,1971,format_002,tehri_garhwal_mededu_001,tehri_garhwal_mededu_1971.pdf,648e7f64beb0310bb64ecd5527edac56b9f9ea5cffc04cfcacfef7331b4efd16,35,36,12,13,E:\Archival-Digitisation-Project\1971_Trimmed_PDF\Uttar_Pradesh\metadata\document.xlsx,4bf05d889c56070f43e73558469b6cab4e2a96f37cf6cc1e9a7aa54c7efd5abe,2026-08-30T22:27:44.685858+00:00
1,,Devaprayag,,*O (1),,...,,...,,...,,...,,...,,...,,...,,1,,2,,...,,...,,...,,...,,RR (1),,ORDINARY,,False,0,1,2,1,tehri_garhwal_mededu_1971,Tehri Garhwal,Uttar Pradesh,1971,format_002,tehri_garhwal_mededu_001,tehri_garhwal_mededu_1971.pdf,648e7f64beb0310bb64ecd5527edac56b9f9ea5cffc04cfcacfef7331b4efd16,35,36,12,13,E:\Archival-Digitisation-Project\1971_Trimmed_PDF\Uttar_Pradesh\metadata\document.xlsx,4bf05d889c56070f43e73558469b6cab4e2a96f37cf6cc1e9a7aa54c7efd5abe,2026-08-30T22:27:44.685858+00:00
2,,Muni-Ki-Reti,,H (1),,4,,...,,...,,...,,...,,...,,...,,2,,2,,1,,...,,...,,...,,PL (1),,ORDINARY,,False,1,0,3,2,tehri_garhwal_mededu_1971,Tehri Garhwal,Uttar Pradesh,1971,format_002,tehri_garhwal_mededu_001,tehri_garhwal_mededu_1971.pdf,648e7f64beb0310bb64ecd5527edac56b9f9ea5cffc04cfcacfef7331b4efd16,35,36,12,13,E:\Archival-Digitisation-Project\1971_Trimmed_PDF\Uttar_Pradesh\metadata\document.xlsx,4bf05d889c56070f43e73558469b6cab4e2a96f37cf6cc1e9a7aa54c7efd5abe,2026-08-30T22:27:44.685858+00:00
2,,Muni-Ki-Reti,,FC (1),,...,,...,,...,,...,,...,,...,,...,,2,,2,,1,,...,,...,,...,,PL (1),,ORDINARY,,False,1,1,3,3,tehri_garhwal_mededu_1971,Tehri Garhwal,Uttar Pradesh,1971,format_002,tehri_garhwal_mededu_001,tehri_garhwal_mededu_1971.pdf,648e7f64beb0310bb64ecd5527edac56b9f9ea5cffc04cfcacfef7331b4efd16,35,36,12,13,E:\Archival-Digitisation-Project\1971_Trimmed_PDF\Uttar_Pradesh\metadata\document.xlsx,4bf05d889c56070f43e73558469b6cab4e2a96f37cf6cc1e9a7aa54c7efd5abe,2026-08-30T22:27:44.685858+00:00
2,,Muni-Ki-Reti,,*O (1),,...,,...,,...,,...,,...,,...,,...,,2,,2,,1,,...,,...,,...,,PL (1),,ORDINARY,,False,1,2,3,4,tehri_garhwal_mededu_1971,Tehri Garhwal,Uttar Pradesh,1971,format_002,tehri_garhwal_mededu_001,tehri_garhwal_mededu_1971.pdf,648e7f64beb0310bb64ecd5527edac56b9f9ea5cffc04cfcacfef7331b4efd16,35,36,12,13,E:\Archival-Digitisation-Project\1971_Trimmed_PDF\Uttar_Pradesh\metadata\document.xlsx,4bf05d889c56070f43e73558469b6cab4e2a96f37cf6cc1e9a7aa54c7efd5abe,2026-08-30T22:27:44.685858+00:00
3,,Narendranagar,,H (1),,36,,...,,...,,...,,-,,...,,...,,1,,1,,...,,...,,...,,1,,RR (1),,ORDINARY,,False,2,0,3,5,tehri_garhwal_mededu_1971,Tehri Garhwal,Uttar Pradesh,1971,format_002,tehri_garhwal_mededu_001,tehri_garhwal_mededu_1971.pdf,648e7f64beb0310bb64ecd5527edac56b9f9ea5cffc04cfcacfef7331b4efd16,35,36,12,13,E:\Archival-Digitisation-Project\1971_Trimmed_PDF\Uttar_Pradesh\metadata\document.xlsx,4bf05d889c56070f43e73558469b6cab4e2a96f37cf6cc1e9a7aa54c7efd5abe,2026-08-30T22:27:44.685858+00:00
3,,Narendranagar,,*O (2),,...,,...,,...,,...,,-,,...,,...,,1,,1,,...,,...,,...,,1,,RR (1),,ORDINARY,,False,2,1,3,6,tehri_garhwal_mededu_1971,Tehri Garhwal,Uttar Pradesh,1971,format_002,tehri_garhwal_mededu_001,tehri_garhwal_mededu_1971.pdf,648e7f64beb0310bb64ecd5527edac56b9f9ea5cffc04cfcacfef7331b4efd16,35,36,12,13,E:\Archival-Digitisation-Project\1971_Trimmed_PDF\Uttar_Pradesh\metadata\document.xlsx,4bf05d889c56070f43e73558469b6cab4e2a96f37cf6cc1e9a7aa54c7efd5abe,2026-08-30T22:27:44.685858+00:00
3,,Narendranagar,,FC (1),,...,,...,,...,,...,,-,,...,,...,,1,,1,,...,,...,,...,,1,,RR (1),,ORDINARY,,False,2,2,3,7,tehri_garhwal_mededu_1971,Tehri Garhwal,Uttar Pradesh,1971,format_002,tehri_garhwal_mededu_001,tehri_garhwal_mededu_1971.pdf,648e7f64beb0310bb64ecd5527edac56b9f9ea5cffc04cfcacfef7331b4efd16,35,36,12,13,E:\Archival-Digitisation-Project\1971_Trimmed_PDF\Uttar_Pradesh\metadata\document.xlsx,4bf05d889c56070f43e73558469b6cab4e2a96f37cf6cc1e9a7aa54c7efd5abe,2026-08-30T22:27:44.685858+00:00
4,,Tehri,,H (2),,29,,A (1),,...,,...,,1,,...,,4,,1,,-,,...,,...,,...,,...,,RR (1),,ORDINARY,,False,3,0,4,8,tehri_garhwal_mededu_1971,Tehri Garhwal,Uttar Pradesh,1971,format_002,tehri_garhwal_mededu_001,tehri_garhwal_mededu_1971.pdf,648e7f64beb0310bb64ecd5527edac56b9f9ea5cffc04cfcacfef7331b4efd16,35,36,12,13,E:\Archival-Digitisation-Project\1971_Trimmed_PDF\Uttar_Pradesh\metadata\document.xlsx,4bf05d889c56070f43e73558469b6cab4e2a96f37cf6cc1e9a7aa54c7efd5abe,2026-08-30T22:27:44.685858+00:00
4,,Tehri,,TBC (1),,...,,A (1),,...,,...,,1,,...,,4,,1,,-,,...,,...,,...,,...,,RR (1),,ORDINARY,,False,3,1,4,9,tehri_garhwal_mededu_1971,Tehri Garhwal,Uttar Pradesh,1971,format_002,tehri_garhwal_mededu_001,tehri_garhwal_mededu_1971.pdf,648e7f64beb0310bb64ecd5527edac56b9f9ea5cffc04cfcacfef7331b4efd16,35,36,12,13,E:\Archival-Digitisation-Project\1971_Trimmed_PDF\Uttar_Pradesh\metadata\document.xlsx,4bf05d889c56070f43e73558469b6cab4e2a96f37cf6cc1e9a7aa54c7efd5abe,2026-08-30T22:27:44.685858+00:00
4,,Tehri,,FC (1),,...,,A (1),,...,,...,,1,,...,,4,,1,,-,,...,,...,,...,,...,,RR (1),,ORDINARY,,False,3,2,4,10,tehri_garhwal_mededu_1971,Tehri Garhwal,Uttar Pradesh,1971,format_002,tehri_garhwal_mededu_001,tehri_garhwal_mededu_1971.pdf,648e7f64beb0310bb64ecd5527edac56b9f9ea5cffc04cfcacfef7331b4efd16,35,36,12,13,E:\Archival-Digitisation-Project\1971_Trimmed_PDF\Uttar_Pradesh\metadata\document.xlsx,4bf05d889c56070f43e73558469b6cab4e2a96f37cf6cc1e9a7aa54c7efd5abe,2026-08-30T22:27:44.685858+00:00
4,,Tehri,,*O (1),,...,,A (1),,...,,...,,1,,...,,4,,1,,-,,...,,...,,...,,...,,RR (1),,ORDINARY,,False,3,3,4,11,tehri_garhwal_mededu_1971,Tehri Garhwal,Uttar Pradesh,1971,format_002,tehri_garhwal_mededu_001,tehri_garhwal_mededu_1971.pdf,648e7f64beb0310bb64ecd5527edac56b9f9ea5cffc04cfcacfef7331b4efd16,35,36,12,13,E:\Archival-Digitisation-Project\1971_Trimmed_PDF\Uttar_Pradesh\metadata\document.xlsx,4bf05d889c56070f43e73558469b6cab4e2a96f37cf6cc1e9a7aa54c7efd5abe,2026-08-30T22:27:44.685858+00:00
1,,Unnao,,H (4),,171,,ASC (1),,...,,...,,...,,...,,7,,5,,32,,2,,1,,1,,...,,RR (2),,ORDINARY,,False,0,0,4,0,unnao_mededu_1971,Unnao,Uttar Pradesh,1971,format_002,unnao_mededu_001,unnao_mededu_1971.pdf,8ab0f910d3c082f4701ecaa2651cb985dfac08cd832b544e6d7aac2057cf8712,24,25,6,7,E:\Archival-Digitisation-Project\1971_Trimmed_PDF\Uttar_Pradesh\metadata\document.xlsx,4bf05d889c56070f43e73558469b6cab4e2a96f37cf6cc1e9a7aa54c7efd5abe,2026-08-30T22:30:08.933865+00:00
1,,Unnao,,D (1),,...,,ASC (1),,...,,...,,...,,...,,7,,5,,32,,2,,1,,1,,...,,RR (2),,ORDINARY,,False,0,1,4,1,unnao_mededu_1971,Unnao,Uttar Pradesh,1971,format_002,unnao_mededu_001,unnao_mededu_1971.pdf,8ab0f910d3c082f4701ecaa2651cb985dfac08cd832b544e6d7aac2057cf8712,24,25,6,7,E:\Archival-Digitisation-Project\1971_Trimmed_PDF\Uttar_Pradesh\metadata\document.xlsx,4bf05d889c56070f43e73558469b6cab4e2a96f37cf6cc1e9a7aa54c7efd5abe,2026-08-30T22:30:08.933865+00:00
1,,Unnao,,FC (1),,...,,ASC (1),,...,,...,,...,,...,,7,,5,,32,,2,,1,,1,,...,,RR (2),,ORDINARY,,False,0,2,4,2,unnao_mededu_1971,Unnao,Uttar Pradesh,1971,format_002,unnao_mededu_001,unnao_mededu_1971.pdf,8ab0f910d3c082f4701ecaa2651cb985dfac08cd832b544e6d7aac2057cf8712,24,25,6,7,E:\Archival-Digitisation-Project\1971_Trimmed_PDF\Uttar_Pradesh\metadata\document.xlsx,4bf05d889c56070f43e73558469b6cab4e2a96f37cf6cc1e9a7aa54c7efd5abe,2026-08-30T22:30:08.933865+00:00
1,,Unnao,,O (1),,...,,ASC (1),,...,,...,,...,,...,,7,,5,,32,,2,,1,,1,,...,,RR (2),,ORDINARY,,False,0,3,4,3,unnao_mededu_1971,Unnao,Uttar Pradesh,1971,format_002,unnao_mededu_001,unnao_mededu_1971.pdf,8ab0f910d3c082f4701ecaa2651cb985dfac08cd832b544e6d7aac2057cf8712,24,25,6,7,E:\Archival-Digitisation-Project\1971_Trimmed_PDF\Uttar_Pradesh\metadata\document.xlsx,4bf05d889c56070f43e73558469b6cab4e2a96f37cf6cc1e9a7aa54c7efd5abe,2026-08-30T22:30:08.933865+00:00
1,,Uttarkashi,AUTOCORRECTION_UNRESOLVED,H (1),,36,,S (1),,...,,...,,...,,...,,2,,...,,5,,1,,...,,...,,...,,PL (1),,ORDINARY,,False,0,0,2,0,uttar_kashi_mededu_1971,Uttar Kashi,Uttar Pradesh,1971,format_002,uttar_kashi_mededu_001,uttar_kashi_mededu_1971.pdf,5a2cc2959b2a12782b694a5d785f21574e6c87855da8669b0b8583f9ea880490,25,26,6,7,E:\Archival-Digitisation-Project\1971_Trimmed_PDF\Uttar_Pradesh\metadata\document.xlsx,4bf05d889c56070f43e73558469b6cab4e2a96f37cf6cc1e9a7aa54c7efd5abe,2026-08-30T22:31:12.591770+00:00
1,,Uttarkashi,AUTOCORRECTION_UNRESOLVED,FC (1),,...,,S (1),,...,,...,,...,,...,,2,,...,,5,,1,,...,,...,,...,,PL (1),,ORDINARY,,False,0,1,2,1,uttar_kashi_mededu_1971,Uttar Kashi,Uttar Pradesh,1971,format_002,uttar_kashi_mededu_001,uttar_kashi_mededu_1971.pdf,5a2cc2959b2a12782b694a5d785f21574e6c87855da8669b0b8583f9ea880490,25,26,6,7,E:\Archival-Digitisation-Project\1971_Trimmed_PDF\Uttar_Pradesh\metadata\document.xlsx,4bf05d889c56070f43e73558469b6cab4e2a96f37cf6cc1e9a7aa54c7efd5abe,2026-08-30T22:31:12.591770+00:00
1,,Banaras Hindu University,,See,,,,...,,...,,...,,...,,...,,...,,...,,...,,...,,...,,...,,...,,...,,CROSS_REFERENCE,Varanasi City Urban Agglomeration,False,0,0,1,0,varanasi_mededu_1971,Varanasi,Uttar Pradesh,1971,format_002,varanasi_mededu_001,varanasi_mededu_1971.pdf,687ecff2fbb5f30d99147e8858cab75a488d0a0b7a0a8027b2e0b835b73660e9,33,34,12,13,E:\Archival-Digitisation-Project\1971_Trimmed_PDF\Uttar_Pradesh\metadata\document.xlsx,4bf05d889c56070f43e73558469b6cab4e2a96f37cf6cc1e9a7aa54c7efd5abe,2026-08-30T22:40:40.436723+00:00
2,,Bhadohi,,H (2),,32,,...,,...,,...,,...,,...,,3,,1,,9,,7,,...,,1,,...,,PL (2) RR (2),,ORDINARY,,False,1,0,2,1,varanasi_mededu_1971,Varanasi,Uttar Pradesh,1971,format_002,varanasi_mededu_001,varanasi_mededu_1971.pdf,687ecff2fbb5f30d99147e8858cab75a488d0a0b7a0a8027b2e0b835b73660e9,33,34,12,13,E:\Archival-Digitisation-Project\1971_Trimmed_PDF\Uttar_Pradesh\metadata\document.xlsx,4bf05d889c56070f43e73558469b6cab4e2a96f37cf6cc1e9a7aa54c7efd5abe,2026-08-30T22:40:40.436723+00:00
2,,Bhadohi,,FC (1),,,,...,,...,,...,,...,,...,,3,,1,,9,,7,,...,,1,,...,,PL (2) RR (2),,ORDINARY,,False,1,1,2,2,varanasi_mededu_1971,Varanasi,Uttar Pradesh,1971,format_002,varanasi_mededu_001,varanasi_mededu_1971.pdf,687ecff2fbb5f30d99147e8858cab75a488d0a0b7a0a8027b2e0b835b73660e9,33,34,12,13,E:\Archival-Digitisation-Project\1971_Trimmed_PDF\Uttar_Pradesh\metadata\document.xlsx,4bf05d889c56070f43e73558469b6cab4e2a96f37cf6cc1e9a7aa54c7efd5abe,2026-08-30T22:40:40.436723+00:00
3,,Chakia,,H (2),,12,,...,,...,,...,,...,,...,,2,,1,,2,,...,,...,,...,,...,,PL (1),,ORDINARY,,False,2,0,4,3,varanasi_mededu_1971,Varanasi,Uttar Pradesh,1971,format_002,varanasi_mededu_001,varanasi_mededu_1971.pdf,687ecff2fbb5f30d99147e8858cab75a488d0a0b7a0a8027b2e0b835b73660e9,33,34,12,13,E:\Archival-Digitisation-Project\1971_Trimmed_PDF\Uttar_Pradesh\metadata\document.xlsx,4bf05d889c56070f43e73558469b6cab4e2a96f37cf6cc1e9a7aa54c7efd5abe,2026-08-30T22:40:40.436723+00:00
3,,Chakia,,D (1),,16,,...,,...,,...,,...,,...,,2,,1,,2,,...,,...,,...,,...,,PL (1),,ORDINARY,,False,2,1,4,4,varanasi_mededu_1971,Varanasi,Uttar Pradesh,1971,format_002,varanasi_mededu_001,varanasi_mededu_1971.pdf,687ecff2fbb5f30d99147e8858cab75a488d0a0b7a0a8027b2e0b835b73660e9,33,34,12,13,E:\Archival-Digitisation-Project\1971_Trimmed_PDF\Uttar_Pradesh\metadata\document.xlsx,4bf05d889c56070f43e73558469b6cab4e2a96f37cf6cc1e9a7aa54c7efd5abe,2026-08-30T22:40:40.436723+00:00
3,,Chakia,,HC (1),,2,,...,,...,,...,,...,,...,,2,,1,,2,,...,,...,,...,,...,,PL (1),,ORDINARY,,False,2,2,4,5,varanasi_mededu_1971,Varanasi,Uttar Pradesh,1971,format_002,varanasi_mededu_001,varanasi_mededu_1971.pdf,687ecff2fbb5f30d99147e8858cab75a488d0a0b7a0a8027b2e0b835b73660e9,33,34,12,13,E:\Archival-Digitisation-Project\1971_Trimmed_PDF\Uttar_Pradesh\metadata\document.xlsx,4bf05d889c56070f43e73558469b6cab4e2a96f37cf6cc1e9a7aa54c7efd5abe,2026-08-30T22:40:40.436723+00:00
3,,Chakia,,FC (1),,,,...,,...,,...,,...,,...,,2,,1,,2,,...,,...,,...,,...,,PL (1),,ORDINARY,,False,2,3,4,6,varanasi_mededu_1971,Varanasi,Uttar Pradesh,1971,format_002,varanasi_mededu_001,varanasi_mededu_1971.pdf,687ecff2fbb5f30d99147e8858cab75a488d0a0b7a0a8027b2e0b835b73660e9,33,34,12,13,E:\Archival-Digitisation-Project\1971_Trimmed_PDF\Uttar_Pradesh\metadata\document.xlsx,4bf05d889c56070f43e73558469b6cab4e2a96f37cf6cc1e9a7aa54c7efd5abe,2026-08-30T22:40:40.436723+00:00
4,,Chandauli,,H (1),,12,,...,,...,,...,,1,,...,,4,,1,,2,,...,,...,,...,,...,,PL (1),,ORDINARY,,False,3,0,4,7,varanasi_mededu_1971,Varanasi,Uttar Pradesh,1971,format_002,varanasi_mededu_001,varanasi_mededu_1971.pdf,687ecff2fbb5f30d99147e8858cab75a488d0a0b7a0a8027b2e0b835b73660e9,33,34,12,13,E:\Archival-Digitisation-Project\1971_Trimmed_PDF\Uttar_Pradesh\metadata\document.xlsx,4bf05d889c56070f43e73558469b6cab4e2a96f37cf6cc1e9a7aa54c7efd5abe,2026-08-30T22:40:40.436723+00:00
4,,Chandauli,,D (1),,,,...,,...,,...,,1,,...,,4,,1,,2,,...,,...,,...,,...,,PL (1),,ORDINARY,,False,3,1,4,8,varanasi_mededu_1971,Varanasi,Uttar Pradesh,1971,format_002,varanasi_mededu_001,varanasi_mededu_1971.pdf,687ecff2fbb5f30d99147e8858cab75a488d0a0b7a0a8027b2e0b835b73660e9,33,34,12,13,E:\Archival-Digitisation-Project\1971_Trimmed_PDF\Uttar_Pradesh\metadata\document.xlsx,4bf05d889c56070f43e73558469b6cab4e2a96f37cf6cc1e9a7aa54c7efd5abe,2026-08-30T22:40:40.436723+00:00
4,,Chandauli,,NH (1),,,,...,,...,,...,,1,,...,,4,,1,,2,,...,,...,,...,,...,,PL (1),,ORDINARY,,False,3,2,4,9,varanasi_mededu_1971,Varanasi,Uttar Pradesh,1971,format_002,varanasi_mededu_001,varanasi_mededu_1971.pdf,687ecff2fbb5f30d99147e8858cab75a488d0a0b7a0a8027b2e0b835b73660e9,33,34,12,13,E:\Archival-Digitisation-Project\1971_Trimmed_PDF\Uttar_Pradesh\metadata\document.xlsx,4bf05d889c56070f43e73558469b6cab4e2a96f37cf6cc1e9a7aa54c7efd5abe,2026-08-30T22:40:40.436723+00:00
4,,Chandauli,,FC (1),,,,...,,...,,...,,1,,...,,4,,1,,2,,...,,...,,...,,...,,PL (1),,ORDINARY,,False,3,3,4,10,varanasi_mededu_1971,Varanasi,Uttar Pradesh,1971,format_002,varanasi_mededu_001,varanasi_mededu_1971.pdf,687ecff2fbb5f30d99147e8858cab75a488d0a0b7a0a8027b2e0b835b73660e9,33,34,12,13,E:\Archival-Digitisation-Project\1971_Trimmed_PDF\Uttar_Pradesh\metadata\document.xlsx,4bf05d889c56070f43e73558469b6cab4e2a96f37cf6cc1e9a7aa54c7efd5abe,2026-08-30T22:40:40.436723+00:00
5,,Gopiganj,,H (1),,46,,...,,...,,...,,...,,...,,3,,1,,2,,2,,...,,...,,...,,...,,ORDINARY,,False,4,0,4,11,varanasi_mededu_1971,Varanasi,Uttar Pradesh,1971,format_002,varanasi_mededu_001,varanasi_mededu_1971.pdf,687ecff2fbb5f30d99147e8858cab75a488d0a0b7a0a8027b2e0b835b73660e9,33,34,12,13,E:\Archival-Digitisation-Project\1971_Trimmed_PDF\Uttar_Pradesh\metadata\document.xlsx,4bf05d889c56070f43e73558469b6cab4e2a96f37cf6cc1e9a7aa54c7efd5abe,2026-08-30T22:40:40.436723+00:00
5,,Gopiganj,,HC (1),,,,...,,...,,...,,...,,...,,3,,1,,2,,2,,...,,...,,...,,...,,ORDINARY,,False,4,1,4,12,varanasi_mededu_1971,Varanasi,Uttar Pradesh,1971,format_002,varanasi_mededu_001,varanasi_mededu_1971.pdf,687ecff2fbb5f30d99147e8858cab75a488d0a0b7a0a8027b2e0b835b73660e9,33,34,12,13,E:\Archival-Digitisation-Project\1971_Trimmed_PDF\Uttar_Pradesh\metadata\document.xlsx,4bf05d889c56070f43e73558469b6cab4e2a96f37cf6cc1e9a7aa54c7efd5abe,2026-08-30T22:40:40.436723+00:00
5,,Gopiganj,,D (1),,4,,...,,...,,...,,...,,...,,3,,1,,2,,2,,...,,...,,...,,...,,ORDINARY,,False,4,2,4,13,varanasi_mededu_1971,Varanasi,Uttar Pradesh,1971,format_002,varanasi_mededu_001,varanasi_mededu_1971.pdf,687ecff2fbb5f30d99147e8858cab75a488d0a0b7a0a8027b2e0b835b73660e9,33,34,12,13,E:\Archival-Digitisation-Project\1971_Trimmed_PDF\Uttar_Pradesh\metadata\document.xlsx,4bf05d889c56070f43e73558469b6cab4e2a96f37cf6cc1e9a7aa54c7efd5abe,2026-08-30T22:40:40.436723+00:00
5,,Gopiganj,,FC (1),,,,...,,...,,...,,...,,...,,3,,1,,2,,2,,...,,...,,...,,...,,ORDINARY,,False,4,3,4,14,varanasi_mededu_1971,Varanasi,Uttar Pradesh,1971,format_002,varanasi_mededu_001,varanasi_mededu_1971.pdf,687ecff2fbb5f30d99147e8858cab75a488d0a0b7a0a8027b2e0b835b73660e9,33,34,12,13,E:\Archival-Digitisation-Project\1971_Trimmed_PDF\Uttar_Pradesh\metadata\document.xlsx,4bf05d889c56070f43e73558469b6cab4e2a96f37cf6cc1e9a7aa54c7efd5abe,2026-08-30T22:40:40.436723+00:00
6,,Gyanpur,,H (2),,52,,ASC (1),,...,,...,,...,,O (1),,3,,1,,1,,2,,...,,...,,...,,PL (1) RR (2),,ORDINARY,,False,5,0,3,15,varanasi_mededu_1971,Varanasi,Uttar Pradesh,1971,format_002,varanasi_mededu_001,varanasi_mededu_1971.pdf,687ecff2fbb5f30d99147e8858cab75a488d0a0b7a0a8027b2e0b835b73660e9,33,34,12,13,E:\Archival-Digitisation-Project\1971_Trimmed_PDF\Uttar_Pradesh\metadata\document.xlsx,4bf05d889c56070f43e73558469b6cab4e2a96f37cf6cc1e9a7aa54c7efd5abe,2026-08-30T22:40:40.436723+00:00
6,,Gyanpur,,HC (1),,,,ASC (1),,...,,...,,...,,O (1),,3,,1,,1,,2,,...,,...,,...,,PL (1) RR (2),,ORDINARY,,False,5,1,3,16,varanasi_mededu_1971,Varanasi,Uttar Pradesh,1971,format_002,varanasi_mededu_001,varanasi_mededu_1971.pdf,687ecff2fbb5f30d99147e8858cab75a488d0a0b7a0a8027b2e0b835b73660e9,33,34,12,13,E:\Archival-Digitisation-Project\1971_Trimmed_PDF\Uttar_Pradesh\metadata\document.xlsx,4bf05d889c56070f43e73558469b6cab4e2a96f37cf6cc1e9a7aa54c7efd5abe,2026-08-30T22:40:40.436723+00:00
6,,Gyanpur,,FC (1),,,,ASC (1),,...,,...,,...,,O (1),,3,,1,,1,,2,,...,,...,,...,,PL (1) RR (2),,ORDINARY,,False,5,2,3,17,varanasi_mededu_1971,Varanasi,Uttar Pradesh,1971,format_002,varanasi_mededu_001,varanasi_mededu_1971.pdf,687ecff2fbb5f30d99147e8858cab75a488d0a0b7a0a8027b2e0b835b73660e9,33,34,12,13,E:\Archival-Digitisation-Project\1971_Trimmed_PDF\Uttar_Pradesh\metadata\document.xlsx,4bf05d889c56070f43e73558469b6cab4e2a96f37cf6cc1e9a7aa54c7efd5abe,2026-08-30T22:40:40.436723+00:00
7,,Lohta,,,,,,...,,...,,...,,...,,...,,...,,1,,4,,...,,1,,...,,1,,PL (1),,ORDINARY,,False,6,0,1,18,varanasi_mededu_1971,Varanasi,Uttar Pradesh,1971,format_002,varanasi_mededu_001,varanasi_mededu_1971.pdf,687ecff2fbb5f30d99147e8858cab75a488d0a0b7a0a8027b2e0b835b73660e9,33,34,12,13,E:\Archival-Digitisation-Project\1971_Trimmed_PDF\Uttar_Pradesh\metadata\document.xlsx,4bf05d889c56070f43e73558469b6cab4e2a96f37cf6cc1e9a7aa54c7efd5abe,2026-08-30T22:40:40.436723+00:00
8,,Maruadih,,H (1),,28,,...,,...,,...,,...,,...,,...,,...,,...,,...,,...,,...,,...,,...,,ORDINARY,,False,7,0,3,19,varanasi_mededu_1971,Varanasi,Uttar Pradesh,1971,format_002,varanasi_mededu_001,varanasi_mededu_1971.pdf,687ecff2fbb5f30d99147e8858cab75a488d0a0b7a0a8027b2e0b835b73660e9,33,34,12,13,E:\Archival-Digitisation-Project\1971_Trimmed_PDF\Uttar_Pradesh\metadata\document.xlsx,4bf05d889c56070f43e73558469b6cab4e2a96f37cf6cc1e9a7aa54c7efd5abe,2026-08-30T22:40:40.436723+00:00
8,,Maruadih,,HC (1),,,,...,,...,,...,,...,,...,,...,,...,,...,,...,,...,,...,,...,,...,,ORDINARY,,False,7,1,3,20,varanasi_mededu_1971,Varanasi,Uttar Pradesh,1971,format_002,varanasi_mededu_001,varanasi_mededu_1971.pdf,687ecff2fbb5f30d99147e8858cab75a488d0a0b7a0a8027b2e0b835b73660e9,33,34,12,13,E:\Archival-Digitisation-Project\1971_Trimmed_PDF\Uttar_Pradesh\metadata\document.xlsx,4bf05d889c56070f43e73558469b6cab4e2a96f37cf6cc1e9a7aa54c7efd5abe,2026-08-30T22:40:40.436723+00:00
8,,Maruadih,,FC (1),,...,,...,,...,,...,,...,,...,,...,,...,,...,,...,,...,,...,,...,,...,,ORDINARY,,False,7,2,3,21,varanasi_mededu_1971,Varanasi,Uttar Pradesh,1971,format_002,varanasi_mededu_001,varanasi_mededu_1971.pdf,687ecff2fbb5f30d99147e8858cab75a488d0a0b7a0a8027b2e0b835b73660e9,33,34,12,13,E:\Archival-Digitisation-Project\1971_Trimmed_PDF\Uttar_Pradesh\metadata\document.xlsx,4bf05d889c56070f43e73558469b6cab4e2a96f37cf6cc1e9a7aa54c7efd5abe,2026-08-30T22:40:40.436723+00:00
9,,Mughal Sarai,,See,,,,...,,...,,...,,...,,...,,...,,...,,...,,...,,...,,...,,...,,...,,CROSS_REFERENCE,Mughal Sarai Urban Agglomeration,False,8,0,1,22,varanasi_mededu_1971,Varanasi,Uttar Pradesh,1971,format_002,varanasi_mededu_001,varanasi_mededu_1971.pdf,687ecff2fbb5f30d99147e8858cab75a488d0a0b7a0a8027b2e0b835b73660e9,33,34,12,13,E:\Archival-Digitisation-Project\1971_Trimmed_PDF\Uttar_Pradesh\metadata\document.xlsx,4bf05d889c56070f43e73558469b6cab4e2a96f37cf6cc1e9a7aa54c7efd5abe,2026-08-30T22:40:40.436723+00:00
10,,Northern Rly. Colony Mughal Sarai,,See,,,,...,,...,,...,,...,,...,,...,,...,,...,,...,,...,,...,,...,,...,,CROSS_REFERENCE,Mughal Sarai Urban Agglomeration,False,9,0,1,23,varanasi_mededu_1971,Varanasi,Uttar Pradesh,1971,format_002,varanasi_mededu_001,varanasi_mededu_1971.pdf,687ecff2fbb5f30d99147e8858cab75a488d0a0b7a0a8027b2e0b835b73660e9,33,34,12,13,E:\Archival-Digitisation-Project\1971_Trimmed_PDF\Uttar_Pradesh\metadata\document.xlsx,4bf05d889c56070f43e73558469b6cab4e2a96f37cf6cc1e9a7aa54c7efd5abe,2026-08-30T22:40:40.436723+00:00
,,Mughal Sarai Urban Agglomeration,,H (2),,67,,A (1),,...,,...,,...,,...,,4,,3,,18,,...,,...,,4,,3,,PL (5),,AGGREGATE,,False,10,0,6,24,varanasi_mededu_1971,Varanasi,Uttar Pradesh,1971,format_002,varanasi_mededu_001,varanasi_mededu_1971.pdf,687ecff2fbb5f30d99147e8858cab75a488d0a0b7a0a8027b2e0b835b73660e9,33,34,12,13,E:\Archival-Digitisation-Project\1971_Trimmed_PDF\Uttar_Pradesh\metadata\document.xlsx,4bf05d889c56070f43e73558469b6cab4e2a96f37cf6cc1e9a7aa54c7efd5abe,2026-08-30T22:40:40.436723+00:00
,,Mughal Sarai Urban Agglomeration,,D (2),,...,,A (1),,...,,...,,...,,...,,4,,3,,18,,...,,...,,4,,3,,PL (5),,AGGREGATE,,False,10,1,6,25,varanasi_mededu_1971,Varanasi,Uttar Pradesh,1971,format_002,varanasi_mededu_001,varanasi_mededu_1971.pdf,687ecff2fbb5f30d99147e8858cab75a488d0a0b7a0a8027b2e0b835b73660e9,33,34,12,13,E:\Archival-Digitisation-Project\1971_Trimmed_PDF\Uttar_Pradesh\metadata\document.xlsx,4bf05d889c56070f43e73558469b6cab4e2a96f37cf6cc1e9a7aa54c7efd5abe,2026-08-30T22:40:40.436723+00:00
,,Mughal Sarai Urban Agglomeration,,HC (1),,...,,A (1),,...,,...,,...,,...,,4,,3,,18,,...,,...,,4,,3,,PL (5),,AGGREGATE,,False,10,2,6,26,varanasi_mededu_1971,Varanasi,Uttar Pradesh,1971,format_002,varanasi_mededu_001,varanasi_mededu_1971.pdf,687ecff2fbb5f30d99147e8858cab75a488d0a0b7a0a8027b2e0b835b73660e9,33,34,12,13,E:\Archival-Digitisation-Project\1971_Trimmed_PDF\Uttar_Pradesh\metadata\document.xlsx,4bf05d889c56070f43e73558469b6cab4e2a96f37cf6cc1e9a7aa54c7efd5abe,2026-08-30T22:40:40.436723+00:00
,,Mughal Sarai Urban Agglomeration,,FC (2),,...,,A (1),,...,,...,,...,,...,,4,,3,,18,,...,,...,,4,,3,,PL (5),,AGGREGATE,,False,10,3,6,27,varanasi_mededu_1971,Varanasi,Uttar Pradesh,1971,format_002,varanasi_mededu_001,varanasi_mededu_1971.pdf,687ecff2fbb5f30d99147e8858cab75a488d0a0b7a0a8027b2e0b835b73660e9,33,34,12,13,E:\Archival-Digitisation-Project\1971_Trimmed_PDF\Uttar_Pradesh\metadata\document.xlsx,4bf05d889c56070f43e73558469b6cab4e2a96f37cf6cc1e9a7aa54c7efd5abe,2026-08-30T22:40:40.436723+00:00
,,Mughal Sarai Urban Agglomeration,,TBC (1),,20,,A (1),,...,,...,,...,,...,,4,,3,,18,,...,,...,,4,,3,,PL (5),,AGGREGATE,,False,10,4,6,28,varanasi_mededu_1971,Varanasi,Uttar Pradesh,1971,format_002,varanasi_mededu_001,varanasi_mededu_1971.pdf,687ecff2fbb5f30d99147e8858cab75a488d0a0b7a0a8027b2e0b835b73660e9,33,34,12,13,E:\Archival-Digitisation-Project\1971_Trimmed_PDF\Uttar_Pradesh\metadata\document.xlsx,4bf05d889c56070f43e73558469b6cab4e2a96f37cf6cc1e9a7aa54c7efd5abe,2026-08-30T22:40:40.436723+00:00
,,Mughal Sarai Urban Agglomeration,,*O (1),,6,,A (1),,...,,...,,...,,...,,4,,3,,18,,...,,...,,4,,3,,PL (5),,AGGREGATE,,False,10,5,6,29,varanasi_mededu_1971,Varanasi,Uttar Pradesh,1971,format_002,varanasi_mededu_001,varanasi_mededu_1971.pdf,687ecff2fbb5f30d99147e8858cab75a488d0a0b7a0a8027b2e0b835b73660e9,33,34,12,13,E:\Archival-Digitisation-Project\1971_Trimmed_PDF\Uttar_Pradesh\metadata\document.xlsx,4bf05d889c56070f43e73558469b6cab4e2a96f37cf6cc1e9a7aa54c7efd5abe,2026-08-30T22:40:40.436723+00:00
(i),,Mughal Sarai,,H (1),,12,,A (1),,...,,...,,...,,...,,2,,3,,8,,...,,...,,3,,...,,...,,COMPONENT,,False,11,0,4,30,varanasi_mededu_1971,Varanasi,Uttar Pradesh,1971,format_002,varanasi_mededu_001,varanasi_mededu_1971.pdf,687ecff2fbb5f30d99147e8858cab75a488d0a0b7a0a8027b2e0b835b73660e9,33,34,12,13,E:\Archival-Digitisation-Project\1971_Trimmed_PDF\Uttar_Pradesh\metadata\document.xlsx,4bf05d889c56070f43e73558469b6cab4e2a96f37cf6cc1e9a7aa54c7efd5abe,2026-08-30T22:40:40.436723+00:00
(i),,Mughal Sarai,,D (2),,...,,A (1),,...,,...,,...,,...,,2,,3,,8,,...,,...,,3,,...,,...,,COMPONENT,,False,11,1,4,31,varanasi_mededu_1971,Varanasi,Uttar Pradesh,1971,format_002,varanasi_mededu_001,varanasi_mededu_1971.pdf,687ecff2fbb5f30d99147e8858cab75a488d0a0b7a0a8027b2e0b835b73660e9,33,34,12,13,E:\Archival-Digitisation-Project\1971_Trimmed_PDF\Uttar_Pradesh\metadata\document.xlsx,4bf05d889c56070f43e73558469b6cab4e2a96f37cf6cc1e9a7aa54c7efd5abe,2026-08-30T22:40:40.436723+00:00
(i),,Mughal Sarai,,HC (1),,...,,A (1),,...,,...,,...,,...,,2,,3,,8,,...,,...,,3,,...,,...,,COMPONENT,,False,11,2,4,32,varanasi_mededu_1971,Varanasi,Uttar Pradesh,1971,format_002,varanasi_mededu_001,varanasi_mededu_1971.pdf,687ecff2fbb5f30d99147e8858cab75a488d0a0b7a0a8027b2e0b835b73660e9,33,34,12,13,E:\Archival-Digitisation-Project\1971_Trimmed_PDF\Uttar_Pradesh\metadata\document.xlsx,4bf05d889c56070f43e73558469b6cab4e2a96f37cf6cc1e9a7aa54c7efd5abe,2026-08-30T22:40:40.436723+00:00
(i),,Mughal Sarai,,FC (1),,...,,A (1),,...,,...,,...,,...,,2,,3,,8,,...,,...,,3,,...,,...,,COMPONENT,,False,11,3,4,33,varanasi_mededu_1971,Varanasi,Uttar Pradesh,1971,format_002,varanasi_mededu_001,varanasi_mededu_1971.pdf,687ecff2fbb5f30d99147e8858cab75a488d0a0b7a0a8027b2e0b835b73660e9,33,34,12,13,E:\Archival-Digitisation-Project\1971_Trimmed_PDF\Uttar_Pradesh\metadata\document.xlsx,4bf05d889c56070f43e73558469b6cab4e2a96f37cf6cc1e9a7aa54c7efd5abe,2026-08-30T22:40:40.436723+00:00
(ii),,Northern Rly. Colony Mughal Sarai,,H (1),,55,,...,,...,,...,,...,,...,,2,,...,,10,,...,,...,,1,,3,,PL (5),,COMPONENT,,False,12,0,4,34,varanasi_mededu_1971,Varanasi,Uttar Pradesh,1971,format_002,varanasi_mededu_001,varanasi_mededu_1971.pdf,687ecff2fbb5f30d99147e8858cab75a488d0a0b7a0a8027b2e0b835b73660e9,33,34,12,13,E:\Archival-Digitisation-Project\1971_Trimmed_PDF\Uttar_Pradesh\metadata\document.xlsx,4bf05d889c56070f43e73558469b6cab4e2a96f37cf6cc1e9a7aa54c7efd5abe,2026-08-30T22:40:40.436723+00:00
(ii),,Northern Rly. Colony Mughal Sarai,,TBC (1),,20,,...,,...,,...,,...,,...,,2,,...,,10,,...,,...,,1,,3,,PL (5),,COMPONENT,,False,12,1,4,35,varanasi_mededu_1971,Varanasi,Uttar Pradesh,1971,format_002,varanasi_mededu_001,varanasi_mededu_1971.pdf,687ecff2fbb5f30d99147e8858cab75a488d0a0b7a0a8027b2e0b835b73660e9,33,34,12,13,E:\Archival-Digitisation-Project\1971_Trimmed_PDF\Uttar_Pradesh\metadata\document.xlsx,4bf05d889c56070f43e73558469b6cab4e2a96f37cf6cc1e9a7aa54c7efd5abe,2026-08-30T22:40:40.436723+00:00
(ii),,Northern Rly. Colony Mughal Sarai,,FC (1),,...,,...,,...,,...,,...,,...,,2,,...,,10,,...,,...,,1,,3,,PL (5),,COMPONENT,,False,12,2,4,36,varanasi_mededu_1971,Varanasi,Uttar Pradesh,1971,format_002,varanasi_mededu_001,varanasi_mededu_1971.pdf,687ecff2fbb5f30d99147e8858cab75a488d0a0b7a0a8027b2e0b835b73660e9,33,34,12,13,E:\Archival-Digitisation-Project\1971_Trimmed_PDF\Uttar_Pradesh\metadata\document.xlsx,4bf05d889c56070f43e73558469b6cab4e2a96f37cf6cc1e9a7aa54c7efd5abe,2026-08-30T22:40:40.436723+00:00
(ii),,Northern Rly. Colony Mughal Sarai,,*O (1),,6,,...,,...,,...,,...,,...,,2,,...,,10,,...,,...,,1,,3,,PL (5),,COMPONENT,,False,12,3,4,37,varanasi_mededu_1971,Varanasi,Uttar Pradesh,1971,format_002,varanasi_mededu_001,varanasi_mededu_1971.pdf,687ecff2fbb5f30d99147e8858cab75a488d0a0b7a0a8027b2e0b835b73660e9,33,34,12,13,E:\Archival-Digitisation-Project\1971_Trimmed_PDF\Uttar_Pradesh\metadata\document.xlsx,4bf05d889c56070f43e73558469b6cab4e2a96f37cf6cc1e9a7aa54c7efd5abe,2026-08-30T22:40:40.436723+00:00
11,,Ramnagar,,H (1),,106,,...,,...,,...,,...,,O (1),,...,,3,,9,,2,,...,,...,,...,,PL (1) RR (1),,ORDINARY,,False,13,0,4,38,varanasi_mededu_1971,Varanasi,Uttar Pradesh,1971,format_002,varanasi_mededu_001,varanasi_mededu_1971.pdf,687ecff2fbb5f30d99147e8858cab75a488d0a0b7a0a8027b2e0b835b73660e9,33,34,12,13,E:\Archival-Digitisation-Project\1971_Trimmed_PDF\Uttar_Pradesh\metadata\document.xlsx,4bf05d889c56070f43e73558469b6cab4e2a96f37cf6cc1e9a7aa54c7efd5abe,2026-08-30T22:40:40.436723+00:00
11,,Ramnagar,,D (1),,22,,...,,...,,...,,...,,O (1),,...,,3,,9,,2,,...,,...,,...,,PL (1) RR (1),,ORDINARY,,False,13,1,4,39,varanasi_mededu_1971,Varanasi,Uttar Pradesh,1971,format_002,varanasi_mededu_001,varanasi_mededu_1971.pdf,687ecff2fbb5f30d99147e8858cab75a488d0a0b7a0a8027b2e0b835b73660e9,33,34,12,13,E:\Archival-Digitisation-Project\1971_Trimmed_PDF\Uttar_Pradesh\metadata\document.xlsx,4bf05d889c56070f43e73558469b6cab4e2a96f37cf6cc1e9a7aa54c7efd5abe,2026-08-30T22:40:40.436723+00:00
11,,Ramnagar,,FC (1),,...,,...,,...,,...,,...,,O (1),,...,,3,,9,,2,,...,,...,,...,,PL (1) RR (1),,ORDINARY,,False,13,2,4,40,varanasi_mededu_1971,Varanasi,Uttar Pradesh,1971,format_002,varanasi_mededu_001,varanasi_mededu_1971.pdf,687ecff2fbb5f30d99147e8858cab75a488d0a0b7a0a8027b2e0b835b73660e9,33,34,12,13,E:\Archival-Digitisation-Project\1971_Trimmed_PDF\Uttar_Pradesh\metadata\document.xlsx,4bf05d889c56070f43e73558469b6cab4e2a96f37cf6cc1e9a7aa54c7efd5abe,2026-08-30T22:40:40.436723+00:00
11,,Ramnagar,,TBC (1),,...,,...,,...,,...,,...,,O (1),,...,,3,,9,,2,,...,,...,,...,,PL (1) RR (1),,ORDINARY,,False,13,3,4,41,varanasi_mededu_1971,Varanasi,Uttar Pradesh,1971,format_002,varanasi_mededu_001,varanasi_mededu_1971.pdf,687ecff2fbb5f30d99147e8858cab75a488d0a0b7a0a8027b2e0b835b73660e9,33,34,12,13,E:\Archival-Digitisation-Project\1971_Trimmed_PDF\Uttar_Pradesh\metadata\document.xlsx,4bf05d889c56070f43e73558469b6cab4e2a96f37cf6cc1e9a7aa54c7efd5abe,2026-08-30T22:40:40.436723+00:00
12,,Varanasi,,See,,,,...,,...,,...,,...,,...,,...,,...,,...,,...,,...,,...,,...,,...,,CROSS_REFERENCE,Varanasi City Urban Agglomeration,False,14,0,1,42,varanasi_mededu_1971,Varanasi,Uttar Pradesh,1971,format_002,varanasi_mededu_001,varanasi_mededu_1971.pdf,687ecff2fbb5f30d99147e8858cab75a488d0a0b7a0a8027b2e0b835b73660e9,33,34,12,13,E:\Archival-Digitisation-Project\1971_Trimmed_PDF\Uttar_Pradesh\metadata\document.xlsx,4bf05d889c56070f43e73558469b6cab4e2a96f37cf6cc1e9a7aa54c7efd5abe,2026-08-30T22:40:40.436723+00:00
13,,Varanasi Cantt.,,See,,,,...,,...,,...,,...,,...,,...,,...,,...,,...,,...,,...,,...,,...,,CROSS_REFERENCE,Varanasi City Urban Agglomeration,False,15,0,1,43,varanasi_mededu_1971,Varanasi,Uttar Pradesh,1971,format_002,varanasi_mededu_001,varanasi_mededu_1971.pdf,687ecff2fbb5f30d99147e8858cab75a488d0a0b7a0a8027b2e0b835b73660e9,33,34,12,13,E:\Archival-Digitisation-Project\1971_Trimmed_PDF\Uttar_Pradesh\metadata\document.xlsx,4bf05d889c56070f43e73558469b6cab4e2a96f37cf6cc1e9a7aa54c7efd5abe,2026-08-30T22:40:40.436723+00:00
,,Varanasi City Urban Agglomeration,,H (21),,"2,623",,A (6) S (1) C (1) ASC (2) AC (1),,1,,3,,1,,Sh. Type (3) O (12),,45,,32,,189,,7,,3,,14,,3,,PL (28),,AGGREGATE,,False,16,0,5,44,varanasi_mededu_1971,Varanasi,Uttar Pradesh,1971,format_002,varanasi_mededu_001,varanasi_mededu_1971.pdf,687ecff2fbb5f30d99147e8858cab75a488d0a0b7a0a8027b2e0b835b73660e9,33,34,12,13,E:\Archival-Digitisation-Project\1971_Trimmed_PDF\Uttar_Pradesh\metadata\document.xlsx,4bf05d889c56070f43e73558469b6cab4e2a96f37cf6cc1e9a7aa54c7efd5abe,2026-08-30T22:40:40.436723+00:00
,,Varanasi City Urban Agglomeration,,D (8),,4,,A (6) S (1) C (1) ASC (2) AC (1),,1,,3,,1,,Sh. Type (3) O (12),,45,,32,,189,,7,,3,,14,,3,,PL (28),,AGGREGATE,,False,16,1,5,45,varanasi_mededu_1971,Varanasi,Uttar Pradesh,1971,format_002,varanasi_mededu_001,varanasi_mededu_1971.pdf,687ecff2fbb5f30d99147e8858cab75a488d0a0b7a0a8027b2e0b835b73660e9,33,34,12,13,E:\Archival-Digitisation-Project\1971_Trimmed_PDF\Uttar_Pradesh\metadata\document.xlsx,4bf05d889c56070f43e73558469b6cab4e2a96f37cf6cc1e9a7aa54c7efd5abe,2026-08-30T22:40:40.436723+00:00
,,Varanasi City Urban Agglomeration,,FC (17),,...,,A (6) S (1) C (1) ASC (2) AC (1),,1,,3,,1,,Sh. Type (3) O (12),,45,,32,,189,,7,,3,,14,,3,,PL (28),,AGGREGATE,,False,16,2,5,46,varanasi_mededu_1971,Varanasi,Uttar Pradesh,1971,format_002,varanasi_mededu_001,varanasi_mededu_1971.pdf,687ecff2fbb5f30d99147e8858cab75a488d0a0b7a0a8027b2e0b835b73660e9,33,34,12,13,E:\Archival-Digitisation-Project\1971_Trimmed_PDF\Uttar_Pradesh\metadata\document.xlsx,4bf05d889c56070f43e73558469b6cab4e2a96f37cf6cc1e9a7aa54c7efd5abe,2026-08-30T22:40:40.436723+00:00
,,Varanasi City Urban Agglomeration,,*O (3),,47,,A (6) S (1) C (1) ASC (2) AC (1),,1,,3,,1,,Sh. Type (3) O (12),,45,,32,,189,,7,,3,,14,,3,,PL (28),,AGGREGATE,,False,16,3,5,47,varanasi_mededu_1971,Varanasi,Uttar Pradesh,1971,format_002,varanasi_mededu_001,varanasi_mededu_1971.pdf,687ecff2fbb5f30d99147e8858cab75a488d0a0b7a0a8027b2e0b835b73660e9,33,34,12,13,E:\Archival-Digitisation-Project\1971_Trimmed_PDF\Uttar_Pradesh\metadata\document.xlsx,4bf05d889c56070f43e73558469b6cab4e2a96f37cf6cc1e9a7aa54c7efd5abe,2026-08-30T22:40:40.436723+00:00
,,Varanasi City Urban Agglomeration,,TBC (1),,...,,A (6) S (1) C (1) ASC (2) AC (1),,1,,3,,1,,Sh. Type (3) O (12),,45,,32,,189,,7,,3,,14,,3,,PL (28),,AGGREGATE,,False,16,4,5,48,varanasi_mededu_1971,Varanasi,Uttar Pradesh,1971,format_002,varanasi_mededu_001,varanasi_mededu_1971.pdf,687ecff2fbb5f30d99147e8858cab75a488d0a0b7a0a8027b2e0b835b73660e9,33,34,12,13,E:\Archival-Digitisation-Project\1971_Trimmed_PDF\Uttar_Pradesh\metadata\document.xlsx,4bf05d889c56070f43e73558469b6cab4e2a96f37cf6cc1e9a7aa54c7efd5abe,2026-08-30T22:40:40.436723+00:00
(i),,Banaras Hindu University,,H (1),,641,,A (2) S (1) C (1),,1,,3,,...,,...,,1,,...,,2,,...,,...,,...,,...,,PL (1),,COMPONENT,,False,17,0,3,49,varanasi_mededu_1971,Varanasi,Uttar Pradesh,1971,format_002,varanasi_mededu_001,varanasi_mededu_1971.pdf,687ecff2fbb5f30d99147e8858cab75a488d0a0b7a0a8027b2e0b835b73660e9,33,34,12,13,E:\Archival-Digitisation-Project\1971_Trimmed_PDF\Uttar_Pradesh\metadata\document.xlsx,4bf05d889c56070f43e73558469b6cab4e2a96f37cf6cc1e9a7aa54c7efd5abe,2026-08-30T22:40:40.436723+00:00
(i),,Banaras Hindu University,,D (3),,...,,A (2) S (1) C (1),,1,,3,,...,,...,,1,,...,,2,,...,,...,,...,,...,,PL (1),,COMPONENT,,False,17,1,3,50,varanasi_mededu_1971,Varanasi,Uttar Pradesh,1971,format_002,varanasi_mededu_001,varanasi_mededu_1971.pdf,687ecff2fbb5f30d99147e8858cab75a488d0a0b7a0a8027b2e0b835b73660e9,33,34,12,13,E:\Archival-Digitisation-Project\1971_Trimmed_PDF\Uttar_Pradesh\metadata\document.xlsx,4bf05d889c56070f43e73558469b6cab4e2a96f37cf6cc1e9a7aa54c7efd5abe,2026-08-30T22:40:40.436723+00:00
(i),,Banaras Hindu University,,FC (1),,...,,A (2) S (1) C (1),,1,,3,,...,,...,,1,,...,,2,,...,,...,,...,,...,,PL (1),,COMPONENT,,False,17,2,3,51,varanasi_mededu_1971,Varanasi,Uttar Pradesh,1971,format_002,varanasi_mededu_001,varanasi_mededu_1971.pdf,687ecff2fbb5f30d99147e8858cab75a488d0a0b7a0a8027b2e0b835b73660e9,33,34,12,13,E:\Archival-Digitisation-Project\1971_Trimmed_PDF\Uttar_Pradesh\metadata\document.xlsx,4bf05d889c56070f43e73558469b6cab4e2a96f37cf6cc1e9a7aa54c7efd5abe,2026-08-30T22:40:40.436723+00:00
(ii),,Varanasi,,H (16),,"1,788",,ASC (2) A (4) AC (1),,...,,...,,1,,Sh. Type (3) O (12),,42,,28,,179,,7,,1,,14,,2,,PL (25),,COMPONENT,,False,18,0,5,52,varanasi_mededu_1971,Varanasi,Uttar Pradesh,1971,format_002,varanasi_mededu_001,varanasi_mededu_1971.pdf,687ecff2fbb5f30d99147e8858cab75a488d0a0b7a0a8027b2e0b835b73660e9,33,34,12,13,E:\Archival-Digitisation-Project\1971_Trimmed_PDF\Uttar_Pradesh\metadata\document.xlsx,4bf05d889c56070f43e73558469b6cab4e2a96f37cf6cc1e9a7aa54c7efd5abe,2026-08-30T22:40:40.436723+00:00
(ii),,Varanasi,,D (5),,4,,ASC (2) A (4) AC (1),,...,,...,,1,,Sh. Type (3) O (12),,42,,28,,179,,7,,1,,14,,2,,PL (25),,COMPONENT,,False,18,1,5,53,varanasi_mededu_1971,Varanasi,Uttar Pradesh,1971,format_002,varanasi_mededu_001,varanasi_mededu_1971.pdf,687ecff2fbb5f30d99147e8858cab75a488d0a0b7a0a8027b2e0b835b73660e9,33,34,12,13,E:\Archival-Digitisation-Project\1971_Trimmed_PDF\Uttar_Pradesh\metadata\document.xlsx,4bf05d889c56070f43e73558469b6cab4e2a96f37cf6cc1e9a7aa54c7efd5abe,2026-08-30T22:40:40.436723+00:00
(ii),,Varanasi,,*O (3),,47,,ASC (2) A (4) AC (1),,...,,...,,1,,Sh. Type (3) O (12),,42,,28,,179,,7,,1,,14,,2,,PL (25),,COMPONENT,,False,18,2,5,54,varanasi_mededu_1971,Varanasi,Uttar Pradesh,1971,format_002,varanasi_mededu_001,varanasi_mededu_1971.pdf,687ecff2fbb5f30d99147e8858cab75a488d0a0b7a0a8027b2e0b835b73660e9,33,34,12,13,E:\Archival-Digitisation-Project\1971_Trimmed_PDF\Uttar_Pradesh\metadata\document.xlsx,4bf05d889c56070f43e73558469b6cab4e2a96f37cf6cc1e9a7aa54c7efd5abe,2026-08-30T22:40:40.436723+00:00
(ii),,Varanasi,,TBC (1),,...,,ASC (2) A (4) AC (1),,...,,...,,1,,Sh. Type (3) O (12),,42,,28,,179,,7,,1,,14,,2,,PL (25),,COMPONENT,,False,18,3,5,55,varanasi_mededu_1971,Varanasi,Uttar Pradesh,1971,format_002,varanasi_mededu_001,varanasi_mededu_1971.pdf,687ecff2fbb5f30d99147e8858cab75a488d0a0b7a0a8027b2e0b835b73660e9,33,34,12,13,E:\Archival-Digitisation-Project\1971_Trimmed_PDF\Uttar_Pradesh\metadata\document.xlsx,4bf05d889c56070f43e73558469b6cab4e2a96f37cf6cc1e9a7aa54c7efd5abe,2026-08-30T22:40:40.436723+00:00
(ii),,Varanasi,,FC (14),,...,,ASC (2) A (4) AC (1),,...,,...,,1,,Sh. Type (3) O (12),,42,,28,,179,,7,,1,,14,,2,,PL (25),,COMPONENT,,False,18,4,5,56,varanasi_mededu_1971,Varanasi,Uttar Pradesh,1971,format_002,varanasi_mededu_001,varanasi_mededu_1971.pdf,687ecff2fbb5f30d99147e8858cab75a488d0a0b7a0a8027b2e0b835b73660e9,33,34,12,13,E:\Archival-Digitisation-Project\1971_Trimmed_PDF\Uttar_Pradesh\metadata\document.xlsx,4bf05d889c56070f43e73558469b6cab4e2a96f37cf6cc1e9a7aa54c7efd5abe,2026-08-30T22:40:40.436723+00:00
(iii),,Varanasi Cantt.,,H (2),,62,,...,,...,,...,,...,,...,,1,,3,,5,,...,,...,,...,,...,,PL (1),,COMPONENT,,False,19,0,2,57,varanasi_mededu_1971,Varanasi,Uttar Pradesh,1971,format_002,varanasi_mededu_001,varanasi_mededu_1971.pdf,687ecff2fbb5f30d99147e8858cab75a488d0a0b7a0a8027b2e0b835b73660e9,33,34,12,13,E:\Archival-Digitisation-Project\1971_Trimmed_PDF\Uttar_Pradesh\metadata\document.xlsx,4bf05d889c56070f43e73558469b6cab4e2a96f37cf6cc1e9a7aa54c7efd5abe,2026-08-30T22:40:40.436723+00:00
(iii),,Varanasi Cantt.,,FC (1),,...,,...,,...,,...,,...,,...,,1,,3,,5,,...,,...,,...,,...,,PL (1),,COMPONENT,,False,19,1,2,58,varanasi_mededu_1971,Varanasi,Uttar Pradesh,1971,format_002,varanasi_mededu_001,varanasi_mededu_1971.pdf,687ecff2fbb5f30d99147e8858cab75a488d0a0b7a0a8027b2e0b835b73660e9,33,34,12,13,E:\Archival-Digitisation-Project\1971_Trimmed_PDF\Uttar_Pradesh\metadata\document.xlsx,4bf05d889c56070f43e73558469b6cab4e2a96f37cf6cc1e9a7aa54c7efd5abe,2026-08-30T22:40:40.436723+00:00
(iv),,Northern Rly. Colony,,H (2),,132,,...,,...,,...,,...,,...,,1,,1,,3,,...,,1,,...,,...,,PL (1),,COMPONENT,,False,20,0,2,59,varanasi_mededu_1971,Varanasi,Uttar Pradesh,1971,format_002,varanasi_mededu_001,varanasi_mededu_1971.pdf,687ecff2fbb5f30d99147e8858cab75a488d0a0b7a0a8027b2e0b835b73660e9,33,34,12,13,E:\Archival-Digitisation-Project\1971_Trimmed_PDF\Uttar_Pradesh\metadata\document.xlsx,4bf05d889c56070f43e73558469b6cab4e2a96f37cf6cc1e9a7aa54c7efd5abe,2026-08-30T22:40:40.436723+00:00
(iv),,Northern Rly. Colony,,FC (1),,...,,...,,...,,...,,...,,...,,1,,1,,3,,...,,1,,...,,...,,PL (1),,COMPONENT,,False,20,1,2,60,varanasi_mededu_1971,Varanasi,Uttar Pradesh,1971,format_002,varanasi_mededu_001,varanasi_mededu_1971.pdf,687ecff2fbb5f30d99147e8858cab75a488d0a0b7a0a8027b2e0b835b73660e9,33,34,12,13,E:\Archival-Digitisation-Project\1971_Trimmed_PDF\Uttar_Pradesh\metadata\document.xlsx,4bf05d889c56070f43e73558469b6cab4e2a96f37cf6cc1e9a7aa54c7efd5abe,2026-08-30T22:40:40.436723+00:00
14,,Northern Rly. Colony,,See,,,,...,,...,,...,,...,,...,,...,,...,,...,,...,,...,,...,,...,,...,,CROSS_REFERENCE,Varanasi City Urban Agglomeration,False,21,0,1,61,varanasi_mededu_1971,Varanasi,Uttar Pradesh,1971,format_002,varanasi_mededu_001,varanasi_mededu_1971.pdf,687ecff2fbb5f30d99147e8858cab75a488d0a0b7a0a8027b2e0b835b73660e9,33,34,12,13,E:\Archival-Digitisation-Project\1971_Trimmed_PDF\Uttar_Pradesh\metadata\document.xlsx,4bf05d889c56070f43e73558469b6cab4e2a96f37cf6cc1e9a7aa54c7efd5abe,2026-08-30T22:40:40.436723+00:00
