sl_no,sl_no_flag,town_name,town_name_flag,road_length_km,road_length_km_flag,sewerage_drainage_system,sewerage_drainage_system_flag,water_borne_latrines,water_borne_latrines_flag,service_latrines,service_latrines_flag,other_latrines,other_latrines_flag,night_soil_disposal_method,night_soil_disposal_method_flag,water_source,water_source_flag,water_capacity,water_capacity_flag,fire_service,fire_service_flag,elec_domestic,elec_domestic_flag,elec_industrial,elec_industrial_flag,elec_commercial,elec_commercial_flag,elec_road_light,elec_road_light_flag,elec_other,elec_other_flag,pucca_road_km,kutcha_road_km,row_type,reference_target,requires_review,row_index,pdf_id,district,state,year,format_id,table_id,source_pdf,source_pdf_sha256,source_page_start,source_page_end,anchor_printed_page,continuation_printed_page,metadata_workbook,metadata_workbook_sha256,extracted_at
1,,Achhnera,,PR (12) KR (7),,PT/OSD,,166,,"2,580",,3,,HC/MT/B,,TW/OHT,,"78,558 Galls.",,Yes,,560,,22,,44,,200,,...,,12.0,,ORDINARY,,False,0,agra_civic_1971,Agra,Uttar Pradesh,1971,format_001,agra_civic_001,agra_civic_1971.pdf,8994d21fd413e9a953eda86ae7595e064fc6b246812093d835d084b30f96d192,28,29,10,11,E:\Archival-Digitisation-Project\1971_Trimmed_PDF\Uttar_Pradesh\metadata\document.xlsx,4bf05d889c56070f43e73558469b6cab4e2a96f37cf6cc1e9a7aa54c7efd5abe,2026-08-30T14:57:00.705568+00:00
2,,Agra,,,,,,,,,,,,,,,,,,,,,,,,,,,,,,,,CROSS_REFERENCE,Agra City Urban Agglomeration,False,1,agra_civic_1971,Agra,Uttar Pradesh,1971,format_001,agra_civic_001,agra_civic_1971.pdf,8994d21fd413e9a953eda86ae7595e064fc6b246812093d835d084b30f96d192,28,29,10,11,E:\Archival-Digitisation-Project\1971_Trimmed_PDF\Uttar_Pradesh\metadata\document.xlsx,4bf05d889c56070f43e73558469b6cab4e2a96f37cf6cc1e9a7aa54c7efd5abe,2026-08-30T14:57:00.705568+00:00
3,,Agra Cantt.,,,,,,,,,,,,,,,,,,,,,,,,,,,,,,,,CROSS_REFERENCE,Agra City Urban Agglomeration,False,2,agra_civic_1971,Agra,Uttar Pradesh,1971,format_001,agra_civic_001,agra_civic_1971.pdf,8994d21fd413e9a953eda86ae7595e064fc6b246812093d835d084b30f96d192,28,29,10,11,E:\Archival-Digitisation-Project\1971_Trimmed_PDF\Uttar_Pradesh\metadata\document.xlsx,4bf05d889c56070f43e73558469b6cab4e2a96f37cf6cc1e9a7aa54c7efd5abe,2026-08-30T14:57:00.705568+00:00
,,Agra City Urban Agglomeration,,PR (403) KR (58),,S/PT/OSD,,"3,677",,"68,263",,105,,MT/HL/B/HC,,W/TW/OHT,,"3,210,000 Galls.",,Yes,,"29,264",,"2,834",,"11,066",,"9,112",,...,,403.0,58.0,AGGREGATE,,False,3,agra_civic_1971,Agra,Uttar Pradesh,1971,format_001,agra_civic_001,agra_civic_1971.pdf,8994d21fd413e9a953eda86ae7595e064fc6b246812093d835d084b30f96d192,28,29,10,11,E:\Archival-Digitisation-Project\1971_Trimmed_PDF\Uttar_Pradesh\metadata\document.xlsx,4bf05d889c56070f43e73558469b6cab4e2a96f37cf6cc1e9a7aa54c7efd5abe,2026-08-30T14:57:00.705568+00:00
(i),,Agra,,PR (374) KR (35),,S/OSD,,"2,571",,"58,924",,105,,MT/HC/B,,TW/OHT,,"2,500,000 Galls.",,Yes,,"25,764",,"2,762",,"10,173",,"7,985",,...,,374.0,35.0,COMPONENT,,False,4,agra_civic_1971,Agra,Uttar Pradesh,1971,format_001,agra_civic_001,agra_civic_1971.pdf,8994d21fd413e9a953eda86ae7595e064fc6b246812093d835d084b30f96d192,28,29,10,11,E:\Archival-Digitisation-Project\1971_Trimmed_PDF\Uttar_Pradesh\metadata\document.xlsx,4bf05d889c56070f43e73558469b6cab4e2a96f37cf6cc1e9a7aa54c7efd5abe,2026-08-30T14:57:00.705568+00:00
(ii),,Agra Cantt.,,PR (22) KR (5),,PT/OSD,,708,,"8,000",,...,,B/MT,,TW/OHT,,"700,000 Galls.",,Yes,,"2,230",,20,,660,,930,,...,,22.0,5.0,COMPONENT,,False,5,agra_civic_1971,Agra,Uttar Pradesh,1971,format_001,agra_civic_001,agra_civic_1971.pdf,8994d21fd413e9a953eda86ae7595e064fc6b246812093d835d084b30f96d192,28,29,10,11,E:\Archival-Digitisation-Project\1971_Trimmed_PDF\Uttar_Pradesh\metadata\document.xlsx,4bf05d889c56070f43e73558469b6cab4e2a96f37cf6cc1e9a7aa54c7efd5abe,2026-08-30T14:57:00.705568+00:00
(iii),,Dayalbagh,,PR (5) KR (17),,PT/OSD,,300,,"1,200",,...,,HC/B,,W/TW/OTH,,N. A.,,Yes,,"1,000",,50,,76,,185,,...,,,,COMPONENT,,False,6,agra_civic_1971,Agra,Uttar Pradesh,1971,format_001,agra_civic_001,agra_civic_1971.pdf,8994d21fd413e9a953eda86ae7595e064fc6b246812093d835d084b30f96d192,28,29,10,11,E:\Archival-Digitisation-Project\1971_Trimmed_PDF\Uttar_Pradesh\metadata\document.xlsx,4bf05d889c56070f43e73558469b6cab4e2a96f37cf6cc1e9a7aa54c7efd5abe,2026-08-30T14:57:00.705568+00:00
(iv),,Swamibagh,,PR (2) KR (1),,PT/OSD,,38,,139,,...,,HL,,TW/OHT,,"10,000 Galls.",,...,,220,,2,,157,,12,,...,,2.0,1.0,COMPONENT,,False,7,agra_civic_1971,Agra,Uttar Pradesh,1971,format_001,agra_civic_001,agra_civic_1971.pdf,8994d21fd413e9a953eda86ae7595e064fc6b246812093d835d084b30f96d192,28,29,10,11,E:\Archival-Digitisation-Project\1971_Trimmed_PDF\Uttar_Pradesh\metadata\document.xlsx,4bf05d889c56070f43e73558469b6cab4e2a96f37cf6cc1e9a7aa54c7efd5abe,2026-08-30T14:57:00.705568+00:00
4,,Bah,,PR (2) KR (1),,OSD,,...,,911,,...,,B/MT,,W,,...,,...,,548,,22,,91,,112,,...,,2.0,1.0,ORDINARY,,False,8,agra_civic_1971,Agra,Uttar Pradesh,1971,format_001,agra_civic_001,agra_civic_1971.pdf,8994d21fd413e9a953eda86ae7595e064fc6b246812093d835d084b30f96d192,28,29,10,11,E:\Archival-Digitisation-Project\1971_Trimmed_PDF\Uttar_Pradesh\metadata\document.xlsx,4bf05d889c56070f43e73558469b6cab4e2a96f37cf6cc1e9a7aa54c7efd5abe,2026-08-30T14:57:00.705568+00:00
5,,Dayalbagh,,,,,,,,,,,,,,,,,,,,,,,,,,,,,,,,CROSS_REFERENCE,Agra City Urban Agglomeration,False,9,agra_civic_1971,Agra,Uttar Pradesh,1971,format_001,agra_civic_001,agra_civic_1971.pdf,8994d21fd413e9a953eda86ae7595e064fc6b246812093d835d084b30f96d192,28,29,10,11,E:\Archival-Digitisation-Project\1971_Trimmed_PDF\Uttar_Pradesh\metadata\document.xlsx,4bf05d889c56070f43e73558469b6cab4e2a96f37cf6cc1e9a7aa54c7efd5abe,2026-08-30T14:57:00.705568+00:00
6,,Etmadpur,,PR (3) KR (1),,OSD,,...,,715,,...,,B/HC,,W/HP,,...,,...,,250,,6,,125,,23,,...,,3.0,1.0,ORDINARY,,False,10,agra_civic_1971,Agra,Uttar Pradesh,1971,format_001,agra_civic_001,agra_civic_1971.pdf,8994d21fd413e9a953eda86ae7595e064fc6b246812093d835d084b30f96d192,28,29,10,11,E:\Archival-Digitisation-Project\1971_Trimmed_PDF\Uttar_Pradesh\metadata\document.xlsx,4bf05d889c56070f43e73558469b6cab4e2a96f37cf6cc1e9a7aa54c7efd5abe,2026-08-30T14:57:00.705568+00:00
7,,Fatehabad,,PR (4) KR (2),,OSD,,...,,680,,10,,B/HL,,W,,...,,...,,500,,10,,80,,111,,...,,1.0,,ORDINARY,,False,11,agra_civic_1971,Agra,Uttar Pradesh,1971,format_001,agra_civic_001,agra_civic_1971.pdf,8994d21fd413e9a953eda86ae7595e064fc6b246812093d835d084b30f96d192,28,29,10,11,E:\Archival-Digitisation-Project\1971_Trimmed_PDF\Uttar_Pradesh\metadata\document.xlsx,4bf05d889c56070f43e73558469b6cab4e2a96f37cf6cc1e9a7aa54c7efd5abe,2026-08-30T14:57:00.705568+00:00
8,,Fatehpur Sikri,,PR (3) KR (2),,PT/OSD/BD,,115,,482,,2,,B/HC,,TW/OHT,,"70,000 Galls.",,...,,207,,25,,141,,201,,...,,3.0,2.0,ORDINARY,,False,12,agra_civic_1971,Agra,Uttar Pradesh,1971,format_001,agra_civic_001,agra_civic_1971.pdf,8994d21fd413e9a953eda86ae7595e064fc6b246812093d835d084b30f96d192,28,29,10,11,E:\Archival-Digitisation-Project\1971_Trimmed_PDF\Uttar_Pradesh\metadata\document.xlsx,4bf05d889c56070f43e73558469b6cab4e2a96f37cf6cc1e9a7aa54c7efd5abe,2026-08-30T14:57:00.705568+00:00
9,,Firozabad,,PR (60) KR (16),,ST/PT/OSD,,"1,100",,"24,800",,100,,MT/HC,,TW/OHT,,"800,000 Galls.",,...,,"4,477",,476,,"2,934",,"1,546",,463,,60.0,16.0,ORDINARY,,False,13,agra_civic_1971,Agra,Uttar Pradesh,1971,format_001,agra_civic_001,agra_civic_1971.pdf,8994d21fd413e9a953eda86ae7595e064fc6b246812093d835d084b30f96d192,28,29,10,11,E:\Archival-Digitisation-Project\1971_Trimmed_PDF\Uttar_Pradesh\metadata\document.xlsx,4bf05d889c56070f43e73558469b6cab4e2a96f37cf6cc1e9a7aa54c7efd5abe,2026-08-30T14:57:00.705568+00:00
10,,Shamshabad,,PR (3) KR (2),,PT/OSD,,13,,"1,987",,10,,B/HL,,TW/OHT,,"5,000 Galls.",,...,,300,,12,,50,,60,,12,,3.0,2.0,ORDINARY,,False,14,agra_civic_1971,Agra,Uttar Pradesh,1971,format_001,agra_civic_001,agra_civic_1971.pdf,8994d21fd413e9a953eda86ae7595e064fc6b246812093d835d084b30f96d192,28,29,10,11,E:\Archival-Digitisation-Project\1971_Trimmed_PDF\Uttar_Pradesh\metadata\document.xlsx,4bf05d889c56070f43e73558469b6cab4e2a96f37cf6cc1e9a7aa54c7efd5abe,2026-08-30T14:57:00.705568+00:00
11,,Swamibagh,,,,,,,,,,,,,,,,,,,,,,,,,,,,,,,,CROSS_REFERENCE,Agra City Urban Agglomeration,False,15,agra_civic_1971,Agra,Uttar Pradesh,1971,format_001,agra_civic_001,agra_civic_1971.pdf,8994d21fd413e9a953eda86ae7595e064fc6b246812093d835d084b30f96d192,28,29,10,11,E:\Archival-Digitisation-Project\1971_Trimmed_PDF\Uttar_Pradesh\metadata\document.xlsx,4bf05d889c56070f43e73558469b6cab4e2a96f37cf6cc1e9a7aa54c7efd5abe,2026-08-30T14:57:00.705568+00:00
12,,Tundla,,,,,,,,,,,,,,,,,,,,,,,,,,,,,,,,CROSS_REFERENCE,Tundla Urban Agglomeration,False,16,agra_civic_1971,Agra,Uttar Pradesh,1971,format_001,agra_civic_001,agra_civic_1971.pdf,8994d21fd413e9a953eda86ae7595e064fc6b246812093d835d084b30f96d192,28,29,10,11,E:\Archival-Digitisation-Project\1971_Trimmed_PDF\Uttar_Pradesh\metadata\document.xlsx,4bf05d889c56070f43e73558469b6cab4e2a96f37cf6cc1e9a7aa54c7efd5abe,2026-08-30T14:57:00.705568+00:00
13,,Tundla Rly. Colony,,,,,,,,,,,,,,,,,,,,,,,,,,,,,,,,CROSS_REFERENCE,Tundla Urban Agglomeration,False,17,agra_civic_1971,Agra,Uttar Pradesh,1971,format_001,agra_civic_001,agra_civic_1971.pdf,8994d21fd413e9a953eda86ae7595e064fc6b246812093d835d084b30f96d192,28,29,10,11,E:\Archival-Digitisation-Project\1971_Trimmed_PDF\Uttar_Pradesh\metadata\document.xlsx,4bf05d889c56070f43e73558469b6cab4e2a96f37cf6cc1e9a7aa54c7efd5abe,2026-08-30T14:57:00.705568+00:00
,,Tundla Urban Agglomeration,,PR (4) KR (2),,PT/OSD,,279,,"3,161",,...,,HC,,W/TW/HP/OHT,,"492,550 Galls.",,Yes,,"2,758",,18,,146,,360,,50,,,2.0,AGGREGATE,,False,18,agra_civic_1971,Agra,Uttar Pradesh,1971,format_001,agra_civic_001,agra_civic_1971.pdf,8994d21fd413e9a953eda86ae7595e064fc6b246812093d835d084b30f96d192,28,29,10,11,E:\Archival-Digitisation-Project\1971_Trimmed_PDF\Uttar_Pradesh\metadata\document.xlsx,4bf05d889c56070f43e73558469b6cab4e2a96f37cf6cc1e9a7aa54c7efd5abe,2026-08-30T14:57:00.705568+00:00
(i),,Tundla,,PR (3) KR (2),,PT/OSD,,19,,"1,536",,...,,HC,,W/HP,,...,,...,,"1,873",,17,,86,,47,,50,,3.0,2.0,COMPONENT,,False,19,agra_civic_1971,Agra,Uttar Pradesh,1971,format_001,agra_civic_001,agra_civic_1971.pdf,8994d21fd413e9a953eda86ae7595e064fc6b246812093d835d084b30f96d192,28,29,10,11,E:\Archival-Digitisation-Project\1971_Trimmed_PDF\Uttar_Pradesh\metadata\document.xlsx,4bf05d889c56070f43e73558469b6cab4e2a96f37cf6cc1e9a7aa54c7efd5abe,2026-08-30T14:57:00.705568+00:00
(ii),,Tundla Rly. Colony,,PR (1) KR (0),,PT/OSD,,260,,"1,625",,...,,HC,,TW/OHT,,"492,550 Galls.",,...,,885,,1,,60,,313,,...,,1.0,0.0,COMPONENT,,False,20,agra_civic_1971,Agra,Uttar Pradesh,1971,format_001,agra_civic_001,agra_civic_1971.pdf,8994d21fd413e9a953eda86ae7595e064fc6b246812093d835d084b30f96d192,28,29,10,11,E:\Archival-Digitisation-Project\1971_Trimmed_PDF\Uttar_Pradesh\metadata\document.xlsx,4bf05d889c56070f43e73558469b6cab4e2a96f37cf6cc1e9a7aa54c7efd5abe,2026-08-30T14:57:00.705568+00:00
1,,Aligarh,,PR (330) KR (0),,PT/OSD,,440,,"35,000",,...,,HL/HC,,TW/OHT,,"400,000 Galls.",,Yes,,"121,000",,"4,300",,"2,119",,"4,398",,...,,330.0,0.0,ORDINARY,,False,0,aligarh_civic_1971,Aligarh,Uttar Pradesh,1971,format_001,aligarh_civic_001,aligarh_civic_1971.pdf,dd9100ea8a76d40f6fd62008d6020af86b214bceaa5f1808ba2e8192152050db,24,25,6,7,E:\Archival-Digitisation-Project\1971_Trimmed_PDF\Uttar_Pradesh\metadata\document.xlsx,4bf05d889c56070f43e73558469b6cab4e2a96f37cf6cc1e9a7aa54c7efd5abe,2026-08-29T15:08:52.373251+00:00
2,,Atrauli,,PR (14) KR (8),,PT/OSD,,120,,"2,000",,...,,HL,,TW/OHT,,"30,000 Galls.",,...,,611,,33,,"2,115",,302,,...,,14.0,8.0,ORDINARY,,False,1,aligarh_civic_1971,Aligarh,Uttar Pradesh,1971,format_001,aligarh_civic_001,aligarh_civic_1971.pdf,dd9100ea8a76d40f6fd62008d6020af86b214bceaa5f1808ba2e8192152050db,24,25,6,7,E:\Archival-Digitisation-Project\1971_Trimmed_PDF\Uttar_Pradesh\metadata\document.xlsx,4bf05d889c56070f43e73558469b6cab4e2a96f37cf6cc1e9a7aa54c7efd5abe,2026-08-29T15:08:52.373251+00:00
3,,Hathras,,PR(70) KR(30),,S/BSD/OSD,,550,,"10,401",,...,,MT,,TW/OHT,,"300,000 Galls.",,Yes,,"3,518",,426,,"1,087",,"1,200",,...,,70.0,30.0,ORDINARY,,False,2,aligarh_civic_1971,Aligarh,Uttar Pradesh,1971,format_001,aligarh_civic_001,aligarh_civic_1971.pdf,dd9100ea8a76d40f6fd62008d6020af86b214bceaa5f1808ba2e8192152050db,24,25,6,7,E:\Archival-Digitisation-Project\1971_Trimmed_PDF\Uttar_Pradesh\metadata\document.xlsx,4bf05d889c56070f43e73558469b6cab4e2a96f37cf6cc1e9a7aa54c7efd5abe,2026-08-29T15:08:52.373251+00:00
4,,Mursan,,PR(3) KR(1),,PT/OSD,,200,,800,,...,,HL,,HP,,...,,...,,204,,30,,100,,90,,...,,3.0,1.0,ORDINARY,,False,3,aligarh_civic_1971,Aligarh,Uttar Pradesh,1971,format_001,aligarh_civic_001,aligarh_civic_1971.pdf,dd9100ea8a76d40f6fd62008d6020af86b214bceaa5f1808ba2e8192152050db,24,25,6,7,E:\Archival-Digitisation-Project\1971_Trimmed_PDF\Uttar_Pradesh\metadata\document.xlsx,4bf05d889c56070f43e73558469b6cab4e2a96f37cf6cc1e9a7aa54c7efd5abe,2026-08-29T15:08:52.373251+00:00
5,,Sasni,,PR(8) KR(0),,OSD,,,,498,,...,,HL,,HP/W,,...,,...,,302,,35,,225,,107,,...,,8.0,0.0,ORDINARY,,False,4,aligarh_civic_1971,Aligarh,Uttar Pradesh,1971,format_001,aligarh_civic_001,aligarh_civic_1971.pdf,dd9100ea8a76d40f6fd62008d6020af86b214bceaa5f1808ba2e8192152050db,24,25,6,7,E:\Archival-Digitisation-Project\1971_Trimmed_PDF\Uttar_Pradesh\metadata\document.xlsx,4bf05d889c56070f43e73558469b6cab4e2a96f37cf6cc1e9a7aa54c7efd5abe,2026-08-29T15:08:52.373251+00:00
6,,Sikandra Rao,,PR(24) KR(16),,PT/OSD,,500,,"3,000",,...,,HL/HC,,TW/OHT,,"30,000 Galls.",,...,,127,,2,,4,,447,,...,,24.0,16.0,ORDINARY,,False,5,aligarh_civic_1971,Aligarh,Uttar Pradesh,1971,format_001,aligarh_civic_001,aligarh_civic_1971.pdf,dd9100ea8a76d40f6fd62008d6020af86b214bceaa5f1808ba2e8192152050db,24,25,6,7,E:\Archival-Digitisation-Project\1971_Trimmed_PDF\Uttar_Pradesh\metadata\document.xlsx,4bf05d889c56070f43e73558469b6cab4e2a96f37cf6cc1e9a7aa54c7efd5abe,2026-08-29T15:08:52.373251+00:00
1,,Allahabad See Allahabad City Urban Agglomeration,,,,,,,,,,,,,,,,,,,,,,,,,,,,,,,,CROSS_REFERENCE,Allahabad City Urban Agglomeration,False,0,allahabad_civic_1971,Allahabad,Uttar Pradesh,1971,format_001,allahabad_civic_001,allahabad_civic_1971.pdf,21464a132b1444f87edae32b28fcef67b9e33d32de3b9016e70a671cb639a375,25,26,6,7,E:\Archival-Digitisation-Project\1971_Trimmed_PDF\Uttar_Pradesh\metadata\document.xlsx,4bf05d889c56070f43e73558469b6cab4e2a96f37cf6cc1e9a7aa54c7efd5abe,2026-08-29T15:08:58.476417+00:00
2,,Allahabad Cantt. See Allahabad City Urban Agglomeration,,,,,,,,,,,,,,,,,,,,,,,,,,,,,,,,CROSS_REFERENCE,Allahabad City Urban Agglomeration,False,1,allahabad_civic_1971,Allahabad,Uttar Pradesh,1971,format_001,allahabad_civic_001,allahabad_civic_1971.pdf,21464a132b1444f87edae32b28fcef67b9e33d32de3b9016e70a671cb639a375,25,26,6,7,E:\Archival-Digitisation-Project\1971_Trimmed_PDF\Uttar_Pradesh\metadata\document.xlsx,4bf05d889c56070f43e73558469b6cab4e2a96f37cf6cc1e9a7aa54c7efd5abe,2026-08-29T15:08:58.476417+00:00
,,ALLAHABAD CITY URBAN AGGLOMERATION,,PR (304) KR (41),,S/PT/OSD/BSD,,"4,511",,"26,026",,...,,HC/MT/B,,TW/OHT,,"5,068,400 Galls.",,Yes,,"19,780",,"2,162",,"7,872",,"6,855",,...,,304.0,41.0,AGGREGATE,,False,2,allahabad_civic_1971,Allahabad,Uttar Pradesh,1971,format_001,allahabad_civic_001,allahabad_civic_1971.pdf,21464a132b1444f87edae32b28fcef67b9e33d32de3b9016e70a671cb639a375,25,26,6,7,E:\Archival-Digitisation-Project\1971_Trimmed_PDF\Uttar_Pradesh\metadata\document.xlsx,4bf05d889c56070f43e73558469b6cab4e2a96f37cf6cc1e9a7aa54c7efd5abe,2026-08-29T15:08:58.476417+00:00
(i),,Allahabad,,PR (287) KR (41),,S/OSD/BSD,,"4,406",,"25,400",,...,,HC/MT/B,,TW/OHT,,"4,975,500 Galls.",,Yes,,"19,052",,"2,162",,"7,854",,"6,415",,...,,287.0,41.0,COMPONENT,,False,3,allahabad_civic_1971,Allahabad,Uttar Pradesh,1971,format_001,allahabad_civic_001,allahabad_civic_1971.pdf,21464a132b1444f87edae32b28fcef67b9e33d32de3b9016e70a671cb639a375,25,26,6,7,E:\Archival-Digitisation-Project\1971_Trimmed_PDF\Uttar_Pradesh\metadata\document.xlsx,4bf05d889c56070f43e73558469b6cab4e2a96f37cf6cc1e9a7aa54c7efd5abe,2026-08-29T15:08:58.476417+00:00
(ii),,Allahabad Cantt.,,PR (9) KR (0),,OSD,,...,,237,,...,,B,,TW/OHT,,"10,000 Galls.",,Yes,,250,,...,,7,,320,,...,,9.0,0.0,COMPONENT,,False,4,allahabad_civic_1971,Allahabad,Uttar Pradesh,1971,format_001,allahabad_civic_001,allahabad_civic_1971.pdf,21464a132b1444f87edae32b28fcef67b9e33d32de3b9016e70a671cb639a375,25,26,6,7,E:\Archival-Digitisation-Project\1971_Trimmed_PDF\Uttar_Pradesh\metadata\document.xlsx,4bf05d889c56070f43e73558469b6cab4e2a96f37cf6cc1e9a7aa54c7efd5abe,2026-08-29T15:08:58.476417+00:00
(iii),,Subedarganj Rly. Colony,,PR (8) KR (0),,PT/OSD,,105,,389,,...,,B,,TW/OHT,,"82,900 Galls.",,...,,478,,...,,11,,120,,...,,8.0,0.0,COMPONENT,,False,5,allahabad_civic_1971,Allahabad,Uttar Pradesh,1971,format_001,allahabad_civic_001,allahabad_civic_1971.pdf,21464a132b1444f87edae32b28fcef67b9e33d32de3b9016e70a671cb639a375,25,26,6,7,E:\Archival-Digitisation-Project\1971_Trimmed_PDF\Uttar_Pradesh\metadata\document.xlsx,4bf05d889c56070f43e73558469b6cab4e2a96f37cf6cc1e9a7aa54c7efd5abe,2026-08-29T15:08:58.476417+00:00
3,,Bharatganj,,PR (2) KR (1),,OSD,,...,,325,,...,,B,,W,,...,,...,,75,,7,,...,,20,,...,,2.0,1.0,ORDINARY,,False,6,allahabad_civic_1971,Allahabad,Uttar Pradesh,1971,format_001,allahabad_civic_001,allahabad_civic_1971.pdf,21464a132b1444f87edae32b28fcef67b9e33d32de3b9016e70a671cb639a375,25,26,6,7,E:\Archival-Digitisation-Project\1971_Trimmed_PDF\Uttar_Pradesh\metadata\document.xlsx,4bf05d889c56070f43e73558469b6cab4e2a96f37cf6cc1e9a7aa54c7efd5abe,2026-08-29T15:08:58.476417+00:00
4,,Mauaima,,PR (6) KR (5),,OSD,,...,,900,,30,,B,,W/HP,,...,,...,,152,,107,,3,,5,,...,,6.0,5.0,ORDINARY,,False,7,allahabad_civic_1971,Allahabad,Uttar Pradesh,1971,format_001,allahabad_civic_001,allahabad_civic_1971.pdf,21464a132b1444f87edae32b28fcef67b9e33d32de3b9016e70a671cb639a375,25,26,6,7,E:\Archival-Digitisation-Project\1971_Trimmed_PDF\Uttar_Pradesh\metadata\document.xlsx,4bf05d889c56070f43e73558469b6cab4e2a96f37cf6cc1e9a7aa54c7efd5abe,2026-08-29T15:08:58.476417+00:00
5,,Phulpur,,PR (4) KR (6),,OSD,,...,,983,,...,,B,,W/HP,,...,,...,,260,,3,,43,,40,,...,,4.0,6.0,ORDINARY,,False,8,allahabad_civic_1971,Allahabad,Uttar Pradesh,1971,format_001,allahabad_civic_001,allahabad_civic_1971.pdf,21464a132b1444f87edae32b28fcef67b9e33d32de3b9016e70a671cb639a375,25,26,6,7,E:\Archival-Digitisation-Project\1971_Trimmed_PDF\Uttar_Pradesh\metadata\document.xlsx,4bf05d889c56070f43e73558469b6cab4e2a96f37cf6cc1e9a7aa54c7efd5abe,2026-08-29T15:08:58.476417+00:00
6,,Sirsa,,PR (3) KR (2),,ST/OSD,,4,,442,,...,,HC,,TW/OHT,,"15,000 Galls.",,...,,247,,18,,7,,32,,...,,3.0,2.0,ORDINARY,,False,9,allahabad_civic_1971,Allahabad,Uttar Pradesh,1971,format_001,allahabad_civic_001,allahabad_civic_1971.pdf,21464a132b1444f87edae32b28fcef67b9e33d32de3b9016e70a671cb639a375,25,26,6,7,E:\Archival-Digitisation-Project\1971_Trimmed_PDF\Uttar_Pradesh\metadata\document.xlsx,4bf05d889c56070f43e73558469b6cab4e2a96f37cf6cc1e9a7aa54c7efd5abe,2026-08-29T15:08:58.476417+00:00
7,,Subedarganj Rly. Colony See Allahabad City Urban Agglomeration,,,,,,,,,,,,,,,,,,,,,,,,,,,,,,,,CROSS_REFERENCE,Allahabad City Urban Agglomeration,False,10,allahabad_civic_1971,Allahabad,Uttar Pradesh,1971,format_001,allahabad_civic_001,allahabad_civic_1971.pdf,21464a132b1444f87edae32b28fcef67b9e33d32de3b9016e70a671cb639a375,25,26,6,7,E:\Archival-Digitisation-Project\1971_Trimmed_PDF\Uttar_Pradesh\metadata\document.xlsx,4bf05d889c56070f43e73558469b6cab4e2a96f37cf6cc1e9a7aa54c7efd5abe,2026-08-29T15:08:58.476417+00:00
1,,Almora See Almora Urban Agglomeration,,,,,,,,,,,,,,,,,,,,,,,,,,,,,,,,CROSS_REFERENCE,Almora Urban Agglomeration,False,0,almora_civic_1971,Almora,Uttar Pradesh,1971,format_001,almora_civic_001,almora_civic_1971.pdf,3766e7bd7375f3cdfc7d620138a5c99d6c8c86d8c30b9e12716e160531a1dd05,21,22,6,7,E:\Archival-Digitisation-Project\1971_Trimmed_PDF\Uttar_Pradesh\metadata\document.xlsx,4bf05d889c56070f43e73558469b6cab4e2a96f37cf6cc1e9a7aa54c7efd5abe,2026-08-29T15:09:03.845934+00:00
2,,Almora Cantt. See Almora Urban Agglomeration,,,,,,,,,,,,,,,,,,,,,,,,,,,,,,,,CROSS_REFERENCE,Almora Urban Agglomeration,False,1,almora_civic_1971,Almora,Uttar Pradesh,1971,format_001,almora_civic_001,almora_civic_1971.pdf,3766e7bd7375f3cdfc7d620138a5c99d6c8c86d8c30b9e12716e160531a1dd05,21,22,6,7,E:\Archival-Digitisation-Project\1971_Trimmed_PDF\Uttar_Pradesh\metadata\document.xlsx,4bf05d889c56070f43e73558469b6cab4e2a96f37cf6cc1e9a7aa54c7efd5abe,2026-08-29T15:09:03.845934+00:00
,,Almora Urban Agglomeration,,PR (26) KR (0.2),,ST/OSD,,510,,"2,523",,12,,HL/MT,,SR/R,,"438,000 Galls.",,Yes,,"1,861",,11,,687,,784,,...,,26.0,0.2,AGGREGATE,,False,2,almora_civic_1971,Almora,Uttar Pradesh,1971,format_001,almora_civic_001,almora_civic_1971.pdf,3766e7bd7375f3cdfc7d620138a5c99d6c8c86d8c30b9e12716e160531a1dd05,21,22,6,7,E:\Archival-Digitisation-Project\1971_Trimmed_PDF\Uttar_Pradesh\metadata\document.xlsx,4bf05d889c56070f43e73558469b6cab4e2a96f37cf6cc1e9a7aa54c7efd5abe,2026-08-29T15:09:03.845934+00:00
(i),,Almora,,PR (25) KR (8.2),,ST/OSD,,500,,"2,500",,...,,HL/MT,,SR/R,,"120,000 Galls.",,Yes,,"1,840",,10,,680,,784,,...,,25.0,8.2,COMPONENT,,False,3,almora_civic_1971,Almora,Uttar Pradesh,1971,format_001,almora_civic_001,almora_civic_1971.pdf,3766e7bd7375f3cdfc7d620138a5c99d6c8c86d8c30b9e12716e160531a1dd05,21,22,6,7,E:\Archival-Digitisation-Project\1971_Trimmed_PDF\Uttar_Pradesh\metadata\document.xlsx,4bf05d889c56070f43e73558469b6cab4e2a96f37cf6cc1e9a7aa54c7efd5abe,2026-08-29T15:09:03.845934+00:00
(ii),,Almora Cantt.,,PR (1) KR (1),,ST/OSD,,10,,23,,12,,HL,,SR/R,,"318,000 Galls.",,Yes,,21,,1,,7,,50,,...,,1.0,1.0,COMPONENT,,False,4,almora_civic_1971,Almora,Uttar Pradesh,1971,format_001,almora_civic_001,almora_civic_1971.pdf,3766e7bd7375f3cdfc7d620138a5c99d6c8c86d8c30b9e12716e160531a1dd05,21,22,6,7,E:\Archival-Digitisation-Project\1971_Trimmed_PDF\Uttar_Pradesh\metadata\document.xlsx,4bf05d889c56070f43e73558469b6cab4e2a96f37cf6cc1e9a7aa54c7efd5abe,2026-08-29T15:09:03.845934+00:00
3,,Bageshwar,,PR (5) KR (3),,PT/OSD,,10,,218,,6,,B/HC,,R,,...,,...,,115,,4,,150,,62,,...,,5.0,3.0,ORDINARY,,False,5,almora_civic_1971,Almora,Uttar Pradesh,1971,format_001,almora_civic_001,almora_civic_1971.pdf,3766e7bd7375f3cdfc7d620138a5c99d6c8c86d8c30b9e12716e160531a1dd05,21,22,6,7,E:\Archival-Digitisation-Project\1971_Trimmed_PDF\Uttar_Pradesh\metadata\document.xlsx,4bf05d889c56070f43e73558469b6cab4e2a96f37cf6cc1e9a7aa54c7efd5abe,2026-08-29T15:09:03.845934+00:00
4,,Ranikhet Cantt.,,PR (11) KR (3),,ST/OSD,,140,,58,,520,,HL,,SR/R,,"73,000 Galls.",,Yes,,292,,5,,336,,234,,...,,11.0,3.0,ORDINARY,,False,6,almora_civic_1971,Almora,Uttar Pradesh,1971,format_001,almora_civic_001,almora_civic_1971.pdf,3766e7bd7375f3cdfc7d620138a5c99d6c8c86d8c30b9e12716e160531a1dd05,21,22,6,7,E:\Archival-Digitisation-Project\1971_Trimmed_PDF\Uttar_Pradesh\metadata\document.xlsx,4bf05d889c56070f43e73558469b6cab4e2a96f37cf6cc1e9a7aa54c7efd5abe,2026-08-29T15:09:03.845934+00:00
1,,Azamgarh,,PR (25) KR (4),,PT/OSD,,801,,"7,524",,...,,B,,TW/OHT,,"60,000 Galls.",,...,,"3,525",,180,,N.A.,,"1,200",,...,,25.0,4.0,ORDINARY,,False,0,azamgarh_civic_1971,Azamgarh,Uttar Pradesh,1971,format_001,azamgarh_civic_001,azamgarh_civic_1971.pdf,e03d2d48bbadd5f860992ed2a461fa597b6f62ec62bdfe3a0e948c207ff2d6c2,23,24,6,7,E:\Archival-Digitisation-Project\1971_Trimmed_PDF\Uttar_Pradesh\metadata\document.xlsx,4bf05d889c56070f43e73558469b6cab4e2a96f37cf6cc1e9a7aa54c7efd5abe,2026-08-29T15:09:09.274545+00:00
2,,Kopaganj,,PR (5) KR (10),,PT/OSD,,6,,206,,...,,B,,HP,,...,,...,,400,,70,,300,,90,,...,,5.0,10.0,ORDINARY,,False,1,azamgarh_civic_1971,Azamgarh,Uttar Pradesh,1971,format_001,azamgarh_civic_001,azamgarh_civic_1971.pdf,e03d2d48bbadd5f860992ed2a461fa597b6f62ec62bdfe3a0e948c207ff2d6c2,23,24,6,7,E:\Archival-Digitisation-Project\1971_Trimmed_PDF\Uttar_Pradesh\metadata\document.xlsx,4bf05d889c56070f43e73558469b6cab4e2a96f37cf6cc1e9a7aa54c7efd5abe,2026-08-29T15:09:09.274545+00:00
3,,Maunath Bhanjan,,PR (44.53) KR (12),,PT/OSD,,71,,"3,780",,...,,B,,TW/OHT,,"30,000 Galls.",,...,,"1,850",,440,,"1,000",,600,,...,,44.53,12.0,ORDINARY,,False,2,azamgarh_civic_1971,Azamgarh,Uttar Pradesh,1971,format_001,azamgarh_civic_001,azamgarh_civic_1971.pdf,e03d2d48bbadd5f860992ed2a461fa597b6f62ec62bdfe3a0e948c207ff2d6c2,23,24,6,7,E:\Archival-Digitisation-Project\1971_Trimmed_PDF\Uttar_Pradesh\metadata\document.xlsx,4bf05d889c56070f43e73558469b6cab4e2a96f37cf6cc1e9a7aa54c7efd5abe,2026-08-29T15:09:09.274545+00:00
4,,Mubarakpur,,PR (5) KR (3),,PT/OSD,,50,,541,,...,,B,,HP,,...,,...,,125,,77,,257,,295,,...,,5.0,3.0,ORDINARY,,False,3,azamgarh_civic_1971,Azamgarh,Uttar Pradesh,1971,format_001,azamgarh_civic_001,azamgarh_civic_1971.pdf,e03d2d48bbadd5f860992ed2a461fa597b6f62ec62bdfe3a0e948c207ff2d6c2,23,24,6,7,E:\Archival-Digitisation-Project\1971_Trimmed_PDF\Uttar_Pradesh\metadata\document.xlsx,4bf05d889c56070f43e73558469b6cab4e2a96f37cf6cc1e9a7aa54c7efd5abe,2026-08-29T15:09:09.274545+00:00
5,,Muhammadabad,,PR (2) KR (2),,PT/OSD,,10,,575,,...,,B,,HP,,...,,...,,281,,27,,172,,122,,...,,2.0,2.0,ORDINARY,,False,4,azamgarh_civic_1971,Azamgarh,Uttar Pradesh,1971,format_001,azamgarh_civic_001,azamgarh_civic_1971.pdf,e03d2d48bbadd5f860992ed2a461fa597b6f62ec62bdfe3a0e948c207ff2d6c2,23,24,6,7,E:\Archival-Digitisation-Project\1971_Trimmed_PDF\Uttar_Pradesh\metadata\document.xlsx,4bf05d889c56070f43e73558469b6cab4e2a96f37cf6cc1e9a7aa54c7efd5abe,2026-08-29T15:09:09.274545+00:00
1,,Bahraich,,PR (11) KR (16),,S/ST/OSD,,"2,484",,"4,083",,...,,B/C,,TW/OHT,,"48,500 Galls.",,...,,"3,603",,161,,508,,575,,...,,11.0,16.0,ORDINARY,,False,0,bahraich_civic_1971,Bahraich,Uttar Pradesh,1971,format_001,bahraich_civic_001,bahraich_civic_1971.pdf,2e026e94b41d86876f149af48414efae94f630afd0d972bd5b4d88b14a984032,25,26,6,7,E:\Archival-Digitisation-Project\1971_Trimmed_PDF\Uttar_Pradesh\metadata\document.xlsx,4bf05d889c56070f43e73558469b6cab4e2a96f37cf6cc1e9a7aa54c7efd5abe,2026-08-29T15:09:20.743780+00:00
2,,Bhinga,,PR (7) KR (16),,ST/OSD,,10,,950,,..,,B/C,,TW/OHT,,"10,000 Galls.",,...,,...,,...,,...,,...,,...,,7.0,16.0,ORDINARY,,False,1,bahraich_civic_1971,Bahraich,Uttar Pradesh,1971,format_001,bahraich_civic_001,bahraich_civic_1971.pdf,2e026e94b41d86876f149af48414efae94f630afd0d972bd5b4d88b14a984032,25,26,6,7,E:\Archival-Digitisation-Project\1971_Trimmed_PDF\Uttar_Pradesh\metadata\document.xlsx,4bf05d889c56070f43e73558469b6cab4e2a96f37cf6cc1e9a7aa54c7efd5abe,2026-08-29T15:09:20.743780+00:00
3,,Nanpara,,PR (5) KR (9),,OSD,,...,,"2,630",,...,,B/C,,TW/OHT,,"50,000 Galls.",,...,,428,,45,,250,,150,,...,,5.0,9.0,ORDINARY,,False,2,bahraich_civic_1971,Bahraich,Uttar Pradesh,1971,format_001,bahraich_civic_001,bahraich_civic_1971.pdf,2e026e94b41d86876f149af48414efae94f630afd0d972bd5b4d88b14a984032,25,26,6,7,E:\Archival-Digitisation-Project\1971_Trimmed_PDF\Uttar_Pradesh\metadata\document.xlsx,4bf05d889c56070f43e73558469b6cab4e2a96f37cf6cc1e9a7aa54c7efd5abe,2026-08-29T15:09:20.743780+00:00
1,,Ballia,,PR (7) KR (3),,PT/OSD,,500,,"2,000",,...,,HL,,TW/OHT,,"100,000 Galls.",,...,,N.A.,,107,,N.A.,,N A.,,,,7.0,3.0,ORDINARY,,False,0,baliya_civic_1971,Baliya,Uttar Pradesh,1971,format_001,baliya_civic_001,baliya_civic_1971.pdf,ac48b835d4b55d42e6db38401af75cdcebc2517bee608de5b649783a9570415a,27,28,6,7,E:\Archival-Digitisation-Project\1971_Trimmed_PDF\Uttar_Pradesh\metadata\document.xlsx,4bf05d889c56070f43e73558469b6cab4e2a96f37cf6cc1e9a7aa54c7efd5abe,2026-08-30T14:57:13.932172+00:00
2,,Rasra,,PR (10) KR (0),,PT/OSD,,135,,"1,763",,...,,,,HP/W,,...,,.,,670,,40,,5,,107,,...,,10.0,,ORDINARY,,False,1,baliya_civic_1971,Baliya,Uttar Pradesh,1971,format_001,baliya_civic_001,baliya_civic_1971.pdf,ac48b835d4b55d42e6db38401af75cdcebc2517bee608de5b649783a9570415a,27,28,6,7,E:\Archival-Digitisation-Project\1971_Trimmed_PDF\Uttar_Pradesh\metadata\document.xlsx,4bf05d889c56070f43e73558469b6cab4e2a96f37cf6cc1e9a7aa54c7efd5abe,2026-08-30T14:57:13.932172+00:00
3,,Reoti,,PR(2) KR(6),,PT/OSD,,31,,833,,,,B,,HP/W,,,,...,,20,,17,,49,,40,,,,2.0,6.0,ORDINARY,,False,2,baliya_civic_1971,Baliya,Uttar Pradesh,1971,format_001,baliya_civic_001,baliya_civic_1971.pdf,ac48b835d4b55d42e6db38401af75cdcebc2517bee608de5b649783a9570415a,27,28,6,7,E:\Archival-Digitisation-Project\1971_Trimmed_PDF\Uttar_Pradesh\metadata\document.xlsx,4bf05d889c56070f43e73558469b6cab4e2a96f37cf6cc1e9a7aa54c7efd5abe,2026-08-30T14:57:13.932172+00:00
1,,Atarra,,PR(8) KR(15),,OSD,,...,,"1,601",,...,,B/HC,,W/IHP,,...,,...,,642,,73,,20,,250,,...,,8,15,ORDINARY,,False,0,banda_civic_1971,Banda,Uttar Pradesh,1971,format_001,banda_civic_001,banda_civic_1971.pdf,24059d67a990af5ec06b5c86f1eaacea19a952d567473bb5dfc5a8d8f35440bb,22,23,6,7,E:\Archival-Digitisation-Project\1971_Trimmed_PDF\Uttar_Pradesh\metadata\document.xlsx,4bf05d889c56070f43e73558469b6cab4e2a96f37cf6cc1e9a7aa54c7efd5abe,2026-08-30T14:57:23.151304+00:00
2,,Banda,,KR(0) PR(44),,PT/OSD,,90,,"8,221",,...,,B/HC,,SR/FW/OHT,,"290,000 Gallons",,...,,"2,735",,143,,83,,421,,...,,44,0,ORDINARY,,False,1,banda_civic_1971,Banda,Uttar Pradesh,1971,format_001,banda_civic_001,banda_civic_1971.pdf,24059d67a990af5ec06b5c86f1eaacea19a952d567473bb5dfc5a8d8f35440bb,22,23,6,7,E:\Archival-Digitisation-Project\1971_Trimmed_PDF\Uttar_Pradesh\metadata\document.xlsx,4bf05d889c56070f43e73558469b6cab4e2a96f37cf6cc1e9a7aa54c7efd5abe,2026-08-30T14:57:23.151304+00:00
3,,Chitrakut Dham,,PR(21) KR(10),,PT/OSD,,80,,"2,204",,...,,B/HC,,W/IHP,,...,,...,,777,,66,,24,,299,,...,,21,10,ORDINARY,,False,2,banda_civic_1971,Banda,Uttar Pradesh,1971,format_001,banda_civic_001,banda_civic_1971.pdf,24059d67a990af5ec06b5c86f1eaacea19a952d567473bb5dfc5a8d8f35440bb,22,23,6,7,E:\Archival-Digitisation-Project\1971_Trimmed_PDF\Uttar_Pradesh\metadata\document.xlsx,4bf05d889c56070f43e73558469b6cab4e2a96f37cf6cc1e9a7aa54c7efd5abe,2026-08-30T14:57:23.151304+00:00
4,,Manikpur Sarhat,,PR(9) KR(6),,OSD,,.,,220,,.,,B/HC,,W/IHP,,...,,...,,124,,5,,15,,30,,...,,9,6,ORDINARY,,False,3,banda_civic_1971,Banda,Uttar Pradesh,1971,format_001,banda_civic_001,banda_civic_1971.pdf,24059d67a990af5ec06b5c86f1eaacea19a952d567473bb5dfc5a8d8f35440bb,22,23,6,7,E:\Archival-Digitisation-Project\1971_Trimmed_PDF\Uttar_Pradesh\metadata\document.xlsx,4bf05d889c56070f43e73558469b6cab4e2a96f37cf6cc1e9a7aa54c7efd5abe,2026-08-30T14:57:23.151304+00:00
5,,Rajapur,,PR(4) KR(6),,OSD,,...,,200,,...,,B/HC,,TW/OHT,,"50,000 Gallons",,...,,115,,11,,13,,85,,...,,4,6,ORDINARY,,False,4,banda_civic_1971,Banda,Uttar Pradesh,1971,format_001,banda_civic_001,banda_civic_1971.pdf,24059d67a990af5ec06b5c86f1eaacea19a952d567473bb5dfc5a8d8f35440bb,22,23,6,7,E:\Archival-Digitisation-Project\1971_Trimmed_PDF\Uttar_Pradesh\metadata\document.xlsx,4bf05d889c56070f43e73558469b6cab4e2a96f37cf6cc1e9a7aa54c7efd5abe,2026-08-30T14:57:23.151304+00:00
1,,Banki,,,,SeeBaraBankiUrbanAgglomeration,,,,,,,,,,,,See,,Bara Banki,,Urban Agglomeration Uttar Pradesh,,,,,,,,,,,,ORDINARY,Bara Banki Urban Agglomeration,False,0,bara_banki_civic_1971,Bara Banki,Uttar Pradesh,1971,format_001,bara_banki_civic_001,bara_banki_civic_1971.pdf,43a3adbe4819da4ee677625bcf6cc381f4539bed9acb6c282b4835c028c01198,24,25,6,7,E:\Archival-Digitisation-Project\1971_Trimmed_PDF\Uttar_Pradesh\metadata\document.xlsx,4bf05d889c56070f43e73558469b6cab4e2a96f37cf6cc1e9a7aa54c7efd5abe,2026-08-30T19:27:08.099825+00:00
,,Bara Banki Urban Agglomeration,,PR (23.1) KR (10.6),,OSD/PT,,292,,"5,153",,,,B/HC,,HP/TW/OHT,,"110,000 Galls",,Yes,,"2,737",,100,,846,,826,,..,,23.1,10.6,AGGREGATE,,False,1,bara_banki_civic_1971,Bara Banki,Uttar Pradesh,1971,format_001,bara_banki_civic_001,bara_banki_civic_1971.pdf,43a3adbe4819da4ee677625bcf6cc381f4539bed9acb6c282b4835c028c01198,24,25,6,7,E:\Archival-Digitisation-Project\1971_Trimmed_PDF\Uttar_Pradesh\metadata\document.xlsx,4bf05d889c56070f43e73558469b6cab4e2a96f37cf6cc1e9a7aa54c7efd5abe,2026-08-30T19:27:08.099825+00:00
,,Banki,,PR (0.4) KR (1.2),,OSD/PT,,100,,"1,000",,.,,B/HC,,HP,,..,,..,,300,,8,,4,,36,,.,,0.4,1.2,COMPONENT,,False,2,bara_banki_civic_1971,Bara Banki,Uttar Pradesh,1971,format_001,bara_banki_civic_001,bara_banki_civic_1971.pdf,43a3adbe4819da4ee677625bcf6cc381f4539bed9acb6c282b4835c028c01198,24,25,6,7,E:\Archival-Digitisation-Project\1971_Trimmed_PDF\Uttar_Pradesh\metadata\document.xlsx,4bf05d889c56070f43e73558469b6cab4e2a96f37cf6cc1e9a7aa54c7efd5abe,2026-08-30T19:27:08.099825+00:00
,,Military Petrol Depot,,PR (5) KR (5),,OSD/PT,,95,,,,,,,,TW/OHT,,"60,000 Galls",,Yes,,600,,,,,,200,,..,,5,5,COMPONENT,,False,3,bara_banki_civic_1971,Bara Banki,Uttar Pradesh,1971,format_001,bara_banki_civic_001,bara_banki_civic_1971.pdf,43a3adbe4819da4ee677625bcf6cc381f4539bed9acb6c282b4835c028c01198,24,25,6,7,E:\Archival-Digitisation-Project\1971_Trimmed_PDF\Uttar_Pradesh\metadata\document.xlsx,4bf05d889c56070f43e73558469b6cab4e2a96f37cf6cc1e9a7aa54c7efd5abe,2026-08-30T19:27:08.099825+00:00
,,Nawabganj,,PR (17.7) KR (44),,OSD/PT,,97,,"4,153",,,,B/HC,,TW/OHT,,"50,000 Galls",,Yes,,"1,837",,92,,842,,590,,...,,17.7,44,COMPONENT,,False,4,bara_banki_civic_1971,Bara Banki,Uttar Pradesh,1971,format_001,bara_banki_civic_001,bara_banki_civic_1971.pdf,43a3adbe4819da4ee677625bcf6cc381f4539bed9acb6c282b4835c028c01198,24,25,6,7,E:\Archival-Digitisation-Project\1971_Trimmed_PDF\Uttar_Pradesh\metadata\document.xlsx,4bf05d889c56070f43e73558469b6cab4e2a96f37cf6cc1e9a7aa54c7efd5abe,2026-08-30T19:27:08.099825+00:00
2,,Fatehpur,,PR (1) KR (0.5),,OSD/PT,,12,,"1,500",,.,,B,,HP,,.,,,,985,,14,,60,,..,,..,,1,0.5,ORDINARY,,False,5,bara_banki_civic_1971,Bara Banki,Uttar Pradesh,1971,format_001,bara_banki_civic_001,bara_banki_civic_1971.pdf,43a3adbe4819da4ee677625bcf6cc381f4539bed9acb6c282b4835c028c01198,24,25,6,7,E:\Archival-Digitisation-Project\1971_Trimmed_PDF\Uttar_Pradesh\metadata\document.xlsx,4bf05d889c56070f43e73558469b6cab4e2a96f37cf6cc1e9a7aa54c7efd5abe,2026-08-30T19:27:08.099825+00:00
3,,Military Petrol Depot,,,,SeeBaraBankiUrbanAgglomeration,,,,,,,,,,,,See,,Bara Banki,,Urban Agglomeration Uttar Pradesh,,,,,,,,,,,,CROSS_REFERENCE,Bara Banki Urban Agglomeration,False,6,bara_banki_civic_1971,Bara Banki,Uttar Pradesh,1971,format_001,bara_banki_civic_001,bara_banki_civic_1971.pdf,43a3adbe4819da4ee677625bcf6cc381f4539bed9acb6c282b4835c028c01198,24,25,6,7,E:\Archival-Digitisation-Project\1971_Trimmed_PDF\Uttar_Pradesh\metadata\document.xlsx,4bf05d889c56070f43e73558469b6cab4e2a96f37cf6cc1e9a7aa54c7efd5abe,2026-08-30T19:27:08.099825+00:00
4,,Nawabganj,,,,SeeBaraBankiUrbanAgglomeration,,,,,,,,,,,,See,,Bara Banki,,Urban Agglomeration Uttar Pradesh,,,,,,,,,,,,CROSS_REFERENCE,Bara Banki Urban Agglomeration,False,7,bara_banki_civic_1971,Bara Banki,Uttar Pradesh,1971,format_001,bara_banki_civic_001,bara_banki_civic_1971.pdf,43a3adbe4819da4ee677625bcf6cc381f4539bed9acb6c282b4835c028c01198,24,25,6,7,E:\Archival-Digitisation-Project\1971_Trimmed_PDF\Uttar_Pradesh\metadata\document.xlsx,4bf05d889c56070f43e73558469b6cab4e2a96f37cf6cc1e9a7aa54c7efd5abe,2026-08-30T19:27:08.099825+00:00
5,,Rampur Bhawanipur,,PR (0) KR (1.5),,OSD,,..,,250,,..,,B,,HP,,..,,..,,,,,,,,..,,..,,0,1.5,ORDINARY,,False,8,bara_banki_civic_1971,Bara Banki,Uttar Pradesh,1971,format_001,bara_banki_civic_001,bara_banki_civic_1971.pdf,43a3adbe4819da4ee677625bcf6cc381f4539bed9acb6c282b4835c028c01198,24,25,6,7,E:\Archival-Digitisation-Project\1971_Trimmed_PDF\Uttar_Pradesh\metadata\document.xlsx,4bf05d889c56070f43e73558469b6cab4e2a96f37cf6cc1e9a7aa54c7efd5abe,2026-08-30T19:27:08.099825+00:00
6,,Rudauli,,PR (12) KR (5),,OSD,,,,"2,000",,,,HC,,HP,,...,,.,,372,,22,,107,,85,,...,,12,5,ORDINARY,,False,9,bara_banki_civic_1971,Bara Banki,Uttar Pradesh,1971,format_001,bara_banki_civic_001,bara_banki_civic_1971.pdf,43a3adbe4819da4ee677625bcf6cc381f4539bed9acb6c282b4835c028c01198,24,25,6,7,E:\Archival-Digitisation-Project\1971_Trimmed_PDF\Uttar_Pradesh\metadata\document.xlsx,4bf05d889c56070f43e73558469b6cab4e2a96f37cf6cc1e9a7aa54c7efd5abe,2026-08-30T19:27:08.099825+00:00
7,,Zaidpur,,PR (8) KR (11),,OSD,,..,,785,,15,,HL,,HP,,..,,,,115,,15,,20,,120,,...,,8,11,ORDINARY,,False,10,bara_banki_civic_1971,Bara Banki,Uttar Pradesh,1971,format_001,bara_banki_civic_001,bara_banki_civic_1971.pdf,43a3adbe4819da4ee677625bcf6cc381f4539bed9acb6c282b4835c028c01198,24,25,6,7,E:\Archival-Digitisation-Project\1971_Trimmed_PDF\Uttar_Pradesh\metadata\document.xlsx,4bf05d889c56070f43e73558469b6cab4e2a96f37cf6cc1e9a7aa54c7efd5abe,2026-08-30T19:27:08.099825+00:00
1,,Aonla,,PR (5) KR (5),,ST/BD/OSD,,25,,"4,510",,10,,B/HC,,HP,,...,,...,,36,,42,,559,,230,,...,,5,5,ORDINARY,,False,0,bareilly_civic_1971,Bareilly,Uttar Pradesh,1971,format_001,bareilly_civic_001,bareilly_civic_1971.pdf,94b5d10c4eb19b496cfb6aeed0225f5143f481b0928ef49e4e012a7526fe9f68,24,25,6,7,E:\Archival-Digitisation-Project\1971_Trimmed_PDF\Uttar_Pradesh\metadata\document.xlsx,4bf05d889c56070f43e73558469b6cab4e2a96f37cf6cc1e9a7aa54c7efd5abe,2026-08-30T14:57:47.230486+00:00
2,,Baheri,,PR (7) KR (2),,ST/OSD,,22,,"3,500",,,,B,,TW/OHT,,"22,000 Galls.",,...,,369,,56,,259,,338,,...,,7,2,ORDINARY,,False,1,bareilly_civic_1971,Bareilly,Uttar Pradesh,1971,format_001,bareilly_civic_001,bareilly_civic_1971.pdf,94b5d10c4eb19b496cfb6aeed0225f5143f481b0928ef49e4e012a7526fe9f68,24,25,6,7,E:\Archival-Digitisation-Project\1971_Trimmed_PDF\Uttar_Pradesh\metadata\document.xlsx,4bf05d889c56070f43e73558469b6cab4e2a96f37cf6cc1e9a7aa54c7efd5abe,2026-08-30T14:57:47.230486+00:00
3,,Bareilly,,PR (5) KR (5),,ST/BD/OSD,,25,,"4,510",,10,,F/HC,,HP,,,,,,36,,42,,559,,230,,,,,,CROSS_REFERENCE,Bareilly City Urban Agglomeration,False,2,bareilly_civic_1971,Bareilly,Uttar Pradesh,1971,format_001,bareilly_civic_001,bareilly_civic_1971.pdf,94b5d10c4eb19b496cfb6aeed0225f5143f481b0928ef49e4e012a7526fe9f68,24,25,6,7,E:\Archival-Digitisation-Project\1971_Trimmed_PDF\Uttar_Pradesh\metadata\document.xlsx,4bf05d889c56070f43e73558469b6cab4e2a96f37cf6cc1e9a7aa54c7efd5abe,2026-08-30T14:57:47.230486+00:00
4,,Bareilly Cantt.,,PR (5) KR (5),,ST/BD/OSD,,25,,"4,510",,10,,F/HC,,HP,,,,,,36,,42,,559,,230,,,,,,CROSS_REFERENCE,Bareilly City Urban Agglomeration,False,3,bareilly_civic_1971,Bareilly,Uttar Pradesh,1971,format_001,bareilly_civic_001,bareilly_civic_1971.pdf,94b5d10c4eb19b496cfb6aeed0225f5143f481b0928ef49e4e012a7526fe9f68,24,25,6,7,E:\Archival-Digitisation-Project\1971_Trimmed_PDF\Uttar_Pradesh\metadata\document.xlsx,4bf05d889c56070f43e73558469b6cab4e2a96f37cf6cc1e9a7aa54c7efd5abe,2026-08-30T14:57:47.230486+00:00
,,Bareilly City Urban Agglomeration,,PR (307) KR (16),,S/ST/OSD,,"11,559",,"50,278",,..,,MT/B/HC,,TW/OHT,,"5,576,418 Galls.",,Yes,,"13,705",,"1,260",,"4,379",,"6,218",,...,,307,16,AGGREGATE,,False,4,bareilly_civic_1971,Bareilly,Uttar Pradesh,1971,format_001,bareilly_civic_001,bareilly_civic_1971.pdf,94b5d10c4eb19b496cfb6aeed0225f5143f481b0928ef49e4e012a7526fe9f68,24,25,6,7,E:\Archival-Digitisation-Project\1971_Trimmed_PDF\Uttar_Pradesh\metadata\document.xlsx,4bf05d889c56070f43e73558469b6cab4e2a96f37cf6cc1e9a7aa54c7efd5abe,2026-08-30T14:57:47.230486+00:00
,,Bareilly,,PR (240) KR (14),,S/ST/OSD,,"10,000",,"50,000",,...,,MT/B/HC,,TW/OHT,,"25,418 Galls",,Yes,,"11,845",,"1,202",,"4,105",,"5,301",,...,,240,14,COMPONENT,,False,5,bareilly_civic_1971,Bareilly,Uttar Pradesh,1971,format_001,bareilly_civic_001,bareilly_civic_1971.pdf,94b5d10c4eb19b496cfb6aeed0225f5143f481b0928ef49e4e012a7526fe9f68,24,25,6,7,E:\Archival-Digitisation-Project\1971_Trimmed_PDF\Uttar_Pradesh\metadata\document.xlsx,4bf05d889c56070f43e73558469b6cab4e2a96f37cf6cc1e9a7aa54c7efd5abe,2026-08-30T14:57:47.230486+00:00
,,Bareilly Cantt.,,PR (14) KR (1),,ST/OSD,,436,,217,,...,,B,,TW/OHT,,"800,000 Galls.",,...,,600,,3,,250,,305,,...,,14,1,COMPONENT,,False,6,bareilly_civic_1971,Bareilly,Uttar Pradesh,1971,format_001,bareilly_civic_001,bareilly_civic_1971.pdf,94b5d10c4eb19b496cfb6aeed0225f5143f481b0928ef49e4e012a7526fe9f68,24,25,6,7,E:\Archival-Digitisation-Project\1971_Trimmed_PDF\Uttar_Pradesh\metadata\document.xlsx,4bf05d889c56070f43e73558469b6cab4e2a96f37cf6cc1e9a7aa54c7efd5abe,2026-08-30T14:57:47.230486+00:00
,,Izatnagar Rly. Colony,,PR (50) KR (0),,ST/OSD,,"1,080",,43,,...,,B,,TW/OHT,,"4,676,000 Galls.",,Yes,,"1,710",,40,,8,,462,,...,,50,0,COMPONENT,,False,7,bareilly_civic_1971,Bareilly,Uttar Pradesh,1971,format_001,bareilly_civic_001,bareilly_civic_1971.pdf,94b5d10c4eb19b496cfb6aeed0225f5143f481b0928ef49e4e012a7526fe9f68,24,25,6,7,E:\Archival-Digitisation-Project\1971_Trimmed_PDF\Uttar_Pradesh\metadata\document.xlsx,4bf05d889c56070f43e73558469b6cab4e2a96f37cf6cc1e9a7aa54c7efd5abe,2026-08-30T14:57:47.230486+00:00
,,Northern Rly. Colony,,PR (3) KR (1),,ST/OSD,,43,,18,,...,,B,,TW/OHT,,"75,000 Galls.",,Yes,,550,,15,,16,,150,,...,,3,1,COMPONENT,,False,8,bareilly_civic_1971,Bareilly,Uttar Pradesh,1971,format_001,bareilly_civic_001,bareilly_civic_1971.pdf,94b5d10c4eb19b496cfb6aeed0225f5143f481b0928ef49e4e012a7526fe9f68,24,25,6,7,E:\Archival-Digitisation-Project\1971_Trimmed_PDF\Uttar_Pradesh\metadata\document.xlsx,4bf05d889c56070f43e73558469b6cab4e2a96f37cf6cc1e9a7aa54c7efd5abe,2026-08-30T14:57:47.230486+00:00
5,,Faridpur,,PR (5) KR (2),,PT/OSD,,170,,"3,402",,...,,B/HC,,HP/W,,...,,...,,324,,48,,184,,202,,...,,5,2,ORDINARY,,False,9,bareilly_civic_1971,Bareilly,Uttar Pradesh,1971,format_001,bareilly_civic_001,bareilly_civic_1971.pdf,94b5d10c4eb19b496cfb6aeed0225f5143f481b0928ef49e4e012a7526fe9f68,24,25,6,7,E:\Archival-Digitisation-Project\1971_Trimmed_PDF\Uttar_Pradesh\metadata\document.xlsx,4bf05d889c56070f43e73558469b6cab4e2a96f37cf6cc1e9a7aa54c7efd5abe,2026-08-30T14:57:47.230486+00:00
6,,Izatnagar Rly. Settlement,,PR (5) KR (5),,ST/BD/OSD,,25,,"4,510",,10,,F/HC,,HP,,,,,,36,,42,,559,,230,,,,,,CROSS_REFERENCE,Bareilly City Urban Agglomeration,False,10,bareilly_civic_1971,Bareilly,Uttar Pradesh,1971,format_001,bareilly_civic_001,bareilly_civic_1971.pdf,94b5d10c4eb19b496cfb6aeed0225f5143f481b0928ef49e4e012a7526fe9f68,24,25,6,7,E:\Archival-Digitisation-Project\1971_Trimmed_PDF\Uttar_Pradesh\metadata\document.xlsx,4bf05d889c56070f43e73558469b6cab4e2a96f37cf6cc1e9a7aa54c7efd5abe,2026-08-30T14:57:47.230486+00:00
7,,Nawabganj,,PR (4) KR (2),,ST/OSD,,40,,"1,050",,...,,B/HC,,HP/W,,...,,...,,292,,24,,150,,60,,...,,4,2,ORDINARY,,False,11,bareilly_civic_1971,Bareilly,Uttar Pradesh,1971,format_001,bareilly_civic_001,bareilly_civic_1971.pdf,94b5d10c4eb19b496cfb6aeed0225f5143f481b0928ef49e4e012a7526fe9f68,24,25,6,7,E:\Archival-Digitisation-Project\1971_Trimmed_PDF\Uttar_Pradesh\metadata\document.xlsx,4bf05d889c56070f43e73558469b6cab4e2a96f37cf6cc1e9a7aa54c7efd5abe,2026-08-30T14:57:47.230486+00:00
8,,Northern Rly. Colony,,PR (5) KR (5),,ST/BD/OSD,,25,,"4,510",,10,,F/HC,,HP,,,,,,36,,42,,559,,230,,,,,,CROSS_REFERENCE,Bareilly City Urban Agglomeration,False,12,bareilly_civic_1971,Bareilly,Uttar Pradesh,1971,format_001,bareilly_civic_001,bareilly_civic_1971.pdf,94b5d10c4eb19b496cfb6aeed0225f5143f481b0928ef49e4e012a7526fe9f68,24,25,6,7,E:\Archival-Digitisation-Project\1971_Trimmed_PDF\Uttar_Pradesh\metadata\document.xlsx,4bf05d889c56070f43e73558469b6cab4e2a96f37cf6cc1e9a7aa54c7efd5abe,2026-08-30T14:57:47.230486+00:00
1,,Bansi,,PR (9) KR (7),,PT/OSD,,25,,"1,040",,...,,B,,W/HP,,,,,,262,,21,,90,,76,,,,9.0,7.0,ORDINARY,,False,0,basti_civic_1971,Basti,Uttar Pradesh,1971,format_001,basti_civic_001,basti_civic_1971.pdf,5cf1f27cac3a3696b16a74aa42b030a79f0107b9f68f967d46e115ecd5e6949e,26,27,6,7,E:\Archival-Digitisation-Project\1971_Trimmed_PDF\Uttar_Pradesh\metadata\document.xlsx,4bf05d889c56070f43e73558469b6cab4e2a96f37cf6cc1e9a7aa54c7efd5abe,2026-08-30T14:58:00.478761+00:00
2,,Basti,,PR (53) KR (9),,PT/OSD,,"1,500",,"3,500",,...,,B/C,,TW/OTH,,"50,000 Gall",,Yes,,"2,274",,654,,140,,552,,,,53.0,9.0,ORDINARY,,False,1,basti_civic_1971,Basti,Uttar Pradesh,1971,format_001,basti_civic_001,basti_civic_1971.pdf,5cf1f27cac3a3696b16a74aa42b030a79f0107b9f68f967d46e115ecd5e6949e,26,27,6,7,E:\Archival-Digitisation-Project\1971_Trimmed_PDF\Uttar_Pradesh\metadata\document.xlsx,4bf05d889c56070f43e73558469b6cab4e2a96f37cf6cc1e9a7aa54c7efd5abe,2026-08-30T14:58:00.478761+00:00
3,,Khalilabad,,PR (5) KR (7),,PT/OSD,,85,,"1,087",,...,,B,,W/HP,,,,,,728,,67,,40,,33,,,,5.0,7.0,ORDINARY,,False,2,basti_civic_1971,Basti,Uttar Pradesh,1971,format_001,basti_civic_001,basti_civic_1971.pdf,5cf1f27cac3a3696b16a74aa42b030a79f0107b9f68f967d46e115ecd5e6949e,26,27,6,7,E:\Archival-Digitisation-Project\1971_Trimmed_PDF\Uttar_Pradesh\metadata\document.xlsx,4bf05d889c56070f43e73558469b6cab4e2a96f37cf6cc1e9a7aa54c7efd5abe,2026-08-30T14:58:00.478761+00:00
1,,Afzalgarh,,PR (5) KR (3),,OSD,,...,,"2,100",,...,,HC,,HP,,...,,...,,177,,27,,59,,93,,...,,5,3,ORDINARY,,False,0,bijnor_civic_1971,Bijnor,Uttar Pradesh,1971,format_001,bijnor_civic_001,bijnor_civic_1971.pdf,11e80c2fc7ba4eb11d362491ea9e601b01cac60e45add084718fa9c5479cf0f5,33,34,10,11,E:\Archival-Digitisation-Project\1971_Trimmed_PDF\Uttar_Pradesh\metadata\document.xlsx,4bf05d889c56070f43e73558469b6cab4e2a96f37cf6cc1e9a7aa54c7efd5abe,2026-08-30T19:34:36.190325+00:00
2,,Bijnor,,PR (20) KR (10),,OSD,,...,,"10,000",,...,,HL,,TW/OHT,,"100,000 Galls.",,Yes,,"2,516",,34,,160,,566,,...,,20,10,ORDINARY,,False,1,bijnor_civic_1971,Bijnor,Uttar Pradesh,1971,format_001,bijnor_civic_001,bijnor_civic_1971.pdf,11e80c2fc7ba4eb11d362491ea9e601b01cac60e45add084718fa9c5479cf0f5,33,34,10,11,E:\Archival-Digitisation-Project\1971_Trimmed_PDF\Uttar_Pradesh\metadata\document.xlsx,4bf05d889c56070f43e73558469b6cab4e2a96f37cf6cc1e9a7aa54c7efd5abe,2026-08-30T19:34:36.190325+00:00
3,,Chandpur,,PR (25) KR (0),,OSD,,...,,"5,120",,...,,HL/B,,TW/OHT,,"30,000 Galls.",,...,,"1,222",,48,,70,,400,,...,,25,0,ORDINARY,,False,2,bijnor_civic_1971,Bijnor,Uttar Pradesh,1971,format_001,bijnor_civic_001,bijnor_civic_1971.pdf,11e80c2fc7ba4eb11d362491ea9e601b01cac60e45add084718fa9c5479cf0f5,33,34,10,11,E:\Archival-Digitisation-Project\1971_Trimmed_PDF\Uttar_Pradesh\metadata\document.xlsx,4bf05d889c56070f43e73558469b6cab4e2a96f37cf6cc1e9a7aa54c7efd5abe,2026-08-30T19:34:36.190325+00:00
4,,Dhampur,,PR (12) KR (18),,OSD,,...,,"4,749",,...,,HL/B,,TW/OHT,,"50,000 Galls.",,...,,"1,956",,92,,94,,400,,...,,12,18,ORDINARY,,False,3,bijnor_civic_1971,Bijnor,Uttar Pradesh,1971,format_001,bijnor_civic_001,bijnor_civic_1971.pdf,11e80c2fc7ba4eb11d362491ea9e601b01cac60e45add084718fa9c5479cf0f5,33,34,10,11,E:\Archival-Digitisation-Project\1971_Trimmed_PDF\Uttar_Pradesh\metadata\document.xlsx,4bf05d889c56070f43e73558469b6cab4e2a96f37cf6cc1e9a7aa54c7efd5abe,2026-08-30T19:34:36.190325+00:00
5,,Kiratpur,,PR (8) KR (6),,OSD,,...,,"3,500",,...,,HC/B,,HP,,...,,...,,505,,17,,59,,250,,...,,8,6,ORDINARY,,False,4,bijnor_civic_1971,Bijnor,Uttar Pradesh,1971,format_001,bijnor_civic_001,bijnor_civic_1971.pdf,11e80c2fc7ba4eb11d362491ea9e601b01cac60e45add084718fa9c5479cf0f5,33,34,10,11,E:\Archival-Digitisation-Project\1971_Trimmed_PDF\Uttar_Pradesh\metadata\document.xlsx,4bf05d889c56070f43e73558469b6cab4e2a96f37cf6cc1e9a7aa54c7efd5abe,2026-08-30T19:34:36.190325+00:00
6,,Mandawar,,PR (5) KR (7),,OSD,,...,,"1,421",,...,,B,,HP,,...,,...,,151,,47,,70,,116,,...,,5,7,ORDINARY,,False,5,bijnor_civic_1971,Bijnor,Uttar Pradesh,1971,format_001,bijnor_civic_001,bijnor_civic_1971.pdf,11e80c2fc7ba4eb11d362491ea9e601b01cac60e45add084718fa9c5479cf0f5,33,34,10,11,E:\Archival-Digitisation-Project\1971_Trimmed_PDF\Uttar_Pradesh\metadata\document.xlsx,4bf05d889c56070f43e73558469b6cab4e2a96f37cf6cc1e9a7aa54c7efd5abe,2026-08-30T19:34:36.190325+00:00
7,,Nagina,,PR (23) KR (9),,OSD,,...,,"5,234",,...,,HC,,TW/OHT,,"100,000 Galls.",,Yes,,"1,618",,42,,133,,325,,...,,23,9,ORDINARY,,False,6,bijnor_civic_1971,Bijnor,Uttar Pradesh,1971,format_001,bijnor_civic_001,bijnor_civic_1971.pdf,11e80c2fc7ba4eb11d362491ea9e601b01cac60e45add084718fa9c5479cf0f5,33,34,10,11,E:\Archival-Digitisation-Project\1971_Trimmed_PDF\Uttar_Pradesh\metadata\document.xlsx,4bf05d889c56070f43e73558469b6cab4e2a96f37cf6cc1e9a7aa54c7efd5abe,2026-08-30T19:34:36.190325+00:00
8,,Najibabad,,PR (15) KR (8),,OSD,,...,,"6,651",,...,,HC/B,,TW/OHT,,"800,000 Galls.",,...,,"2,028",,148,,232,,609,,...,,15,8,ORDINARY,,False,7,bijnor_civic_1971,Bijnor,Uttar Pradesh,1971,format_001,bijnor_civic_001,bijnor_civic_1971.pdf,11e80c2fc7ba4eb11d362491ea9e601b01cac60e45add084718fa9c5479cf0f5,33,34,10,11,E:\Archival-Digitisation-Project\1971_Trimmed_PDF\Uttar_Pradesh\metadata\document.xlsx,4bf05d889c56070f43e73558469b6cab4e2a96f37cf6cc1e9a7aa54c7efd5abe,2026-08-30T19:34:36.190325+00:00
9,,Nahtaur,,PR (5) KR (5),,OSD,,...,,"3,821",,...,,HC,,HP,,...,,...,,725,,28,,136,,184,,...,,5,5,ORDINARY,,False,8,bijnor_civic_1971,Bijnor,Uttar Pradesh,1971,format_001,bijnor_civic_001,bijnor_civic_1971.pdf,11e80c2fc7ba4eb11d362491ea9e601b01cac60e45add084718fa9c5479cf0f5,33,34,10,11,E:\Archival-Digitisation-Project\1971_Trimmed_PDF\Uttar_Pradesh\metadata\document.xlsx,4bf05d889c56070f43e73558469b6cab4e2a96f37cf6cc1e9a7aa54c7efd5abe,2026-08-30T19:34:36.190325+00:00
10,,Seohara,,PR (7) KR (2),,OSD,,...,,"2,500",,...,,B,,HP,,...,,...,,574,,58,,121,,123,,...,,7,2,ORDINARY,,False,9,bijnor_civic_1971,Bijnor,Uttar Pradesh,1971,format_001,bijnor_civic_001,bijnor_civic_1971.pdf,11e80c2fc7ba4eb11d362491ea9e601b01cac60e45add084718fa9c5479cf0f5,33,34,10,11,E:\Archival-Digitisation-Project\1971_Trimmed_PDF\Uttar_Pradesh\metadata\document.xlsx,4bf05d889c56070f43e73558469b6cab4e2a96f37cf6cc1e9a7aa54c7efd5abe,2026-08-30T19:34:36.190325+00:00
11,,Tajpur,,PR (3) KR (4),,OSD,,...,,"1,000",,...,,HL/B,,HP,,...,,...,,133,,14,,38,,40,,...,,3,4,ORDINARY,,False,10,bijnor_civic_1971,Bijnor,Uttar Pradesh,1971,format_001,bijnor_civic_001,bijnor_civic_1971.pdf,11e80c2fc7ba4eb11d362491ea9e601b01cac60e45add084718fa9c5479cf0f5,33,34,10,11,E:\Archival-Digitisation-Project\1971_Trimmed_PDF\Uttar_Pradesh\metadata\document.xlsx,4bf05d889c56070f43e73558469b6cab4e2a96f37cf6cc1e9a7aa54c7efd5abe,2026-08-30T19:34:36.190325+00:00
1,,Bilsi,,PR (6) KR (2),,PT/OSD,,12,,"1,458",,...,,B/HL,,HP,,...,,...,,401,,28,,200,,90,,...,,6,2,ORDINARY,,False,0,budaun_civic_1971,Budaun,Uttar Pradesh,1971,format_001,budaun_civic_001,budaun_civic_1971.pdf,68c888778e24b2ea3a0aff31ecc12e20e4f9ef1c0b912b5b5983a3d826903014,24,25,6,7,E:\Archival-Digitisation-Project\1971_Trimmed_PDF\Uttar_Pradesh\metadata\document.xlsx,4bf05d889c56070f43e73558469b6cab4e2a96f37cf6cc1e9a7aa54c7efd5abe,2026-08-30T14:58:25.873114+00:00
2,,Budaun,,PR (35) KR (5),,PT/OSD,,260,,"4,000",,10,,HL,,TW/OHT/W,,"200,000 Galls.",,...,,"2,753",,217,,954,,805,,...,,35,5,ORDINARY,,False,1,budaun_civic_1971,Budaun,Uttar Pradesh,1971,format_001,budaun_civic_001,budaun_civic_1971.pdf,68c888778e24b2ea3a0aff31ecc12e20e4f9ef1c0b912b5b5983a3d826903014,24,25,6,7,E:\Archival-Digitisation-Project\1971_Trimmed_PDF\Uttar_Pradesh\metadata\document.xlsx,4bf05d889c56070f43e73558469b6cab4e2a96f37cf6cc1e9a7aa54c7efd5abe,2026-08-30T14:58:25.873114+00:00
3,,Dataganj,,PR (4) KR (1),,PT/OSD,,17,,500,,...,,B/HL,,TW/OHT,,"20,000 Galls.",,...,,320,,20,,14,,44,,...,,4,1,ORDINARY,,False,2,budaun_civic_1971,Budaun,Uttar Pradesh,1971,format_001,budaun_civic_001,budaun_civic_1971.pdf,68c888778e24b2ea3a0aff31ecc12e20e4f9ef1c0b912b5b5983a3d826903014,24,25,6,7,E:\Archival-Digitisation-Project\1971_Trimmed_PDF\Uttar_Pradesh\metadata\document.xlsx,4bf05d889c56070f43e73558469b6cab4e2a96f37cf6cc1e9a7aa54c7efd5abe,2026-08-30T14:58:25.873114+00:00
4,,Kakrala,,PR (5) KR (13),,PT/OSD,,15,,"2,000",,...,,B/HL,,HP,,...,,...,,43,,8,,20,,45,,...,,5,13,ORDINARY,,False,3,budaun_civic_1971,Budaun,Uttar Pradesh,1971,format_001,budaun_civic_001,budaun_civic_1971.pdf,68c888778e24b2ea3a0aff31ecc12e20e4f9ef1c0b912b5b5983a3d826903014,24,25,6,7,E:\Archival-Digitisation-Project\1971_Trimmed_PDF\Uttar_Pradesh\metadata\document.xlsx,4bf05d889c56070f43e73558469b6cab4e2a96f37cf6cc1e9a7aa54c7efd5abe,2026-08-30T14:58:25.873114+00:00
5,,Sahaswan,,PR (19.3) KR (4),,OSD,,...,,"4,800",,10,,HL,,HP,,...,,...,,505,,37,,134,,25,,...,,19.3,4,ORDINARY,,False,4,budaun_civic_1971,Budaun,Uttar Pradesh,1971,format_001,budaun_civic_001,budaun_civic_1971.pdf,68c888778e24b2ea3a0aff31ecc12e20e4f9ef1c0b912b5b5983a3d826903014,24,25,6,7,E:\Archival-Digitisation-Project\1971_Trimmed_PDF\Uttar_Pradesh\metadata\document.xlsx,4bf05d889c56070f43e73558469b6cab4e2a96f37cf6cc1e9a7aa54c7efd5abe,2026-08-30T14:58:25.873114+00:00
6,,Ujhani,,PR (13) KR (3),,PT/OSD,,130,,"2,000",,...,,HL,,TW/OHT,,"50,000 Galls.",,...,,"1,012",,59,,17,,350,,...,,13,3,ORDINARY,,False,5,budaun_civic_1971,Budaun,Uttar Pradesh,1971,format_001,budaun_civic_001,budaun_civic_1971.pdf,68c888778e24b2ea3a0aff31ecc12e20e4f9ef1c0b912b5b5983a3d826903014,24,25,6,7,E:\Archival-Digitisation-Project\1971_Trimmed_PDF\Uttar_Pradesh\metadata\document.xlsx,4bf05d889c56070f43e73558469b6cab4e2a96f37cf6cc1e9a7aa54c7efd5abe,2026-08-30T14:58:25.873114+00:00
1,,Anupshahr,,PR (10) KR (2),,PT/OSD,,272,,"1,900",,...,,HC,,HP/W,,...,,...,,429,,23,,264,,259,,...,,10,2,ORDINARY,,False,0,bulandshahr_civic_1971,Bulandshahr,Uttar Pradesh,1971,format_001,bulandshahr_civic_001,bulandshahr_civic_1971.pdf,f0c287864437fd9e854fbdd0e48ec6382ec60180f7dd8328b10d251b1edc88e7,23,24,6,7,E:\Archival-Digitisation-Project\1971_Trimmed_PDF\Uttar_Pradesh\metadata\document.xlsx,4bf05d889c56070f43e73558469b6cab4e2a96f37cf6cc1e9a7aa54c7efd5abe,2026-08-30T19:39:17.373454+00:00
2,,Bugrasi,,PR (3) KR (7),,OSD,,...,,800,,.,,HL,,HP/W,,...,,...,,163,,11,,37,,99,,...,,3,7,ORDINARY,,False,1,bulandshahr_civic_1971,Bulandshahr,Uttar Pradesh,1971,format_001,bulandshahr_civic_001,bulandshahr_civic_1971.pdf,f0c287864437fd9e854fbdd0e48ec6382ec60180f7dd8328b10d251b1edc88e7,23,24,6,7,E:\Archival-Digitisation-Project\1971_Trimmed_PDF\Uttar_Pradesh\metadata\document.xlsx,4bf05d889c56070f43e73558469b6cab4e2a96f37cf6cc1e9a7aa54c7efd5abe,2026-08-30T19:39:17.373454+00:00
3,,Bulandshahr,,PR (30) KR (27),,PT/OSD,,390,,"9,530",,...,,MT/B,,TW/OHT,,"625,000 Galls.",,...,,"5,425",,316,,"1,575",,"1,172",,...,,30,27,ORDINARY,,False,2,bulandshahr_civic_1971,Bulandshahr,Uttar Pradesh,1971,format_001,bulandshahr_civic_001,bulandshahr_civic_1971.pdf,f0c287864437fd9e854fbdd0e48ec6382ec60180f7dd8328b10d251b1edc88e7,23,24,6,7,E:\Archival-Digitisation-Project\1971_Trimmed_PDF\Uttar_Pradesh\metadata\document.xlsx,4bf05d889c56070f43e73558469b6cab4e2a96f37cf6cc1e9a7aa54c7efd5abe,2026-08-30T19:39:17.373454+00:00
4,,Dadri,,PR (10) KR (10),,OSD,,...,,"2,000",,...,,HC/HL,,HP/W,,...,,...,,425,,53,,200,,125,,...,,10,10,ORDINARY,,False,3,bulandshahr_civic_1971,Bulandshahr,Uttar Pradesh,1971,format_001,bulandshahr_civic_001,bulandshahr_civic_1971.pdf,f0c287864437fd9e854fbdd0e48ec6382ec60180f7dd8328b10d251b1edc88e7,23,24,6,7,E:\Archival-Digitisation-Project\1971_Trimmed_PDF\Uttar_Pradesh\metadata\document.xlsx,4bf05d889c56070f43e73558469b6cab4e2a96f37cf6cc1e9a7aa54c7efd5abe,2026-08-30T19:39:17.373454+00:00
5,,Dankaur,,PR (4) KR (4),,OSD,,...,,800,,...,,HC/B,,HP/W,,...,,...,,409,,52,,100,,79,,...,,4,4,ORDINARY,,False,4,bulandshahr_civic_1971,Bulandshahr,Uttar Pradesh,1971,format_001,bulandshahr_civic_001,bulandshahr_civic_1971.pdf,f0c287864437fd9e854fbdd0e48ec6382ec60180f7dd8328b10d251b1edc88e7,23,24,6,7,E:\Archival-Digitisation-Project\1971_Trimmed_PDF\Uttar_Pradesh\metadata\document.xlsx,4bf05d889c56070f43e73558469b6cab4e2a96f37cf6cc1e9a7aa54c7efd5abe,2026-08-30T19:39:17.373454+00:00
6,,Debai,,PR (19) KR (3),,PT/OSD,,220,,"2,000",,...,,HC,,TW/OHT,,"50,000 Galls.",,...,,800,,56,,300,,400,,...,,19,3,ORDINARY,,False,5,bulandshahr_civic_1971,Bulandshahr,Uttar Pradesh,1971,format_001,bulandshahr_civic_001,bulandshahr_civic_1971.pdf,f0c287864437fd9e854fbdd0e48ec6382ec60180f7dd8328b10d251b1edc88e7,23,24,6,7,E:\Archival-Digitisation-Project\1971_Trimmed_PDF\Uttar_Pradesh\metadata\document.xlsx,4bf05d889c56070f43e73558469b6cab4e2a96f37cf6cc1e9a7aa54c7efd5abe,2026-08-30T19:39:17.373454+00:00
7,,Gulaothi,,PR (3) KR (3),,PT/OSD,,20,,"3,005",,...,,HL,,HP/W,,...,,...,,"3,000",,40,,400,,115,,...,,3,3,ORDINARY,,False,6,bulandshahr_civic_1971,Bulandshahr,Uttar Pradesh,1971,format_001,bulandshahr_civic_001,bulandshahr_civic_1971.pdf,f0c287864437fd9e854fbdd0e48ec6382ec60180f7dd8328b10d251b1edc88e7,23,24,6,7,E:\Archival-Digitisation-Project\1971_Trimmed_PDF\Uttar_Pradesh\metadata\document.xlsx,4bf05d889c56070f43e73558469b6cab4e2a96f37cf6cc1e9a7aa54c7efd5abe,2026-08-30T19:39:17.373454+00:00
8,,Jahangirabad,,PR (8) KR (3),,OSD,,...,,"3,629",,...,,HC/B,,HP/W,,...,,...,,787,,53,,240,,160,,...,,8,3,ORDINARY,,False,7,bulandshahr_civic_1971,Bulandshahr,Uttar Pradesh,1971,format_001,bulandshahr_civic_001,bulandshahr_civic_1971.pdf,f0c287864437fd9e854fbdd0e48ec6382ec60180f7dd8328b10d251b1edc88e7,23,24,6,7,E:\Archival-Digitisation-Project\1971_Trimmed_PDF\Uttar_Pradesh\metadata\document.xlsx,4bf05d889c56070f43e73558469b6cab4e2a96f37cf6cc1e9a7aa54c7efd5abe,2026-08-30T19:39:17.373454+00:00
9,,Khurja,,PR (38) KR (17),,PT/OSD,,250,,"12,000",,...,,HC,,HP/W,,...,,...,,"2,811",,314,,"1,100",,"1,200",,...,,38,17,ORDINARY,,False,8,bulandshahr_civic_1971,Bulandshahr,Uttar Pradesh,1971,format_001,bulandshahr_civic_001,bulandshahr_civic_1971.pdf,f0c287864437fd9e854fbdd0e48ec6382ec60180f7dd8328b10d251b1edc88e7,23,24,6,7,E:\Archival-Digitisation-Project\1971_Trimmed_PDF\Uttar_Pradesh\metadata\document.xlsx,4bf05d889c56070f43e73558469b6cab4e2a96f37cf6cc1e9a7aa54c7efd5abe,2026-08-30T19:39:17.373454+00:00
10,,Pahasu,,PR (1) KR (4),,OSD,,.,,"2,000",,...,,HL,,HP/W,,...,,...,,475,,15,,150,,66,,...,,1,4,ORDINARY,,False,9,bulandshahr_civic_1971,Bulandshahr,Uttar Pradesh,1971,format_001,bulandshahr_civic_001,bulandshahr_civic_1971.pdf,f0c287864437fd9e854fbdd0e48ec6382ec60180f7dd8328b10d251b1edc88e7,23,24,6,7,E:\Archival-Digitisation-Project\1971_Trimmed_PDF\Uttar_Pradesh\metadata\document.xlsx,4bf05d889c56070f43e73558469b6cab4e2a96f37cf6cc1e9a7aa54c7efd5abe,2026-08-30T19:39:17.373454+00:00
11,,Shikarpur,,PR (9) KR (1),,PT/OSD,,800,,"1,500",,...,,HL,,HP/W,,...,,...,,"1,500",,15,,400,,225,,...,,9,1,ORDINARY,,False,10,bulandshahr_civic_1971,Bulandshahr,Uttar Pradesh,1971,format_001,bulandshahr_civic_001,bulandshahr_civic_1971.pdf,f0c287864437fd9e854fbdd0e48ec6382ec60180f7dd8328b10d251b1edc88e7,23,24,6,7,E:\Archival-Digitisation-Project\1971_Trimmed_PDF\Uttar_Pradesh\metadata\document.xlsx,4bf05d889c56070f43e73558469b6cab4e2a96f37cf6cc1e9a7aa54c7efd5abe,2026-08-30T19:39:17.373454+00:00
12,,Siana,,PR (5) KR (6),,ST/OSD,,50,,"2,025",,...,,B,,HP/W,,...,,...,,301,,44,,225,,250,,...,,5,6,ORDINARY,,False,11,bulandshahr_civic_1971,Bulandshahr,Uttar Pradesh,1971,format_001,bulandshahr_civic_001,bulandshahr_civic_1971.pdf,f0c287864437fd9e854fbdd0e48ec6382ec60180f7dd8328b10d251b1edc88e7,23,24,6,7,E:\Archival-Digitisation-Project\1971_Trimmed_PDF\Uttar_Pradesh\metadata\document.xlsx,4bf05d889c56070f43e73558469b6cab4e2a96f37cf6cc1e9a7aa54c7efd5abe,2026-08-30T19:39:17.373454+00:00
13,,Sikandrabad,,PR (16) KR (1),,PT/OSD,,15,,"2,500",,...,,HL,,HP/W,,...,,...,,"1,170",,71,,118,,422,,...,,16,1,ORDINARY,,False,12,bulandshahr_civic_1971,Bulandshahr,Uttar Pradesh,1971,format_001,bulandshahr_civic_001,bulandshahr_civic_1971.pdf,f0c287864437fd9e854fbdd0e48ec6382ec60180f7dd8328b10d251b1edc88e7,23,24,6,7,E:\Archival-Digitisation-Project\1971_Trimmed_PDF\Uttar_Pradesh\metadata\document.xlsx,4bf05d889c56070f43e73558469b6cab4e2a96f37cf6cc1e9a7aa54c7efd5abe,2026-08-30T19:39:17.373454+00:00
1,,Badrinathpuri,,PR (3) KR (0),,PT/OSD,,68,,464,,...,,B,,R/SR,,"13,860 Gallons",,...,,21,,1,,53,,25,,...,,3,0,ORDINARY,,False,0,chamoli_civic_1971,Chamoli,Uttar Pradesh,1971,format_001,chamoli_civic_001,chamoli_civic_1971.pdf,a97d8581509571c781cac5750e2bf07c50644e94b223b25ce733260e2e4cabc8,24,25,6,7,E:\Archival-Digitisation-Project\1971_Trimmed_PDF\Uttar_Pradesh\metadata\document.xlsx,4bf05d889c56070f43e73558469b6cab4e2a96f37cf6cc1e9a7aa54c7efd5abe,2026-08-30T15:01:35.503835+00:00
2,,Chamoli Gopeshwar,,PR (22) KR (8),,PT/OSD,,48,,29,,...,,B,,R/SR,,"3,74,000 Gallons",,...,,219,,4,,54,,122,,...,,22,8,ORDINARY,,False,1,chamoli_civic_1971,Chamoli,Uttar Pradesh,1971,format_001,chamoli_civic_001,chamoli_civic_1971.pdf,a97d8581509571c781cac5750e2bf07c50644e94b223b25ce733260e2e4cabc8,24,25,6,7,E:\Archival-Digitisation-Project\1971_Trimmed_PDF\Uttar_Pradesh\metadata\document.xlsx,4bf05d889c56070f43e73558469b6cab4e2a96f37cf6cc1e9a7aa54c7efd5abe,2026-08-30T15:01:35.503835+00:00
3,,Joshimath,,PR (15) KR (5),,PT/OSD,,90,,300,,...,,B,,R/SR,,"14,430 Gallons",,...,,99,,4,,60,,50,,...,,15,5,ORDINARY,,False,2,chamoli_civic_1971,Chamoli,Uttar Pradesh,1971,format_001,chamoli_civic_001,chamoli_civic_1971.pdf,a97d8581509571c781cac5750e2bf07c50644e94b223b25ce733260e2e4cabc8,24,25,6,7,E:\Archival-Digitisation-Project\1971_Trimmed_PDF\Uttar_Pradesh\metadata\document.xlsx,4bf05d889c56070f43e73558469b6cab4e2a96f37cf6cc1e9a7aa54c7efd5abe,2026-08-30T15:01:35.503835+00:00
1,,Chakrata Cantt.,,PR (30) KR (0),,OSD,,,,537,,...,,B/HL,,F/OHT,,"25,000 Galls.",,Yes,,...,,...,,...,,...,,...,,30.0,0.0,ORDINARY,,False,0,dehra_dun_civic_1971,Dehra Dun,Uttar Pradesh,1971,format_001,dehra_dun_civic_001,dehra_dun_civic_1971.pdf,c0eea6b967671df4ac8d773ae6ab3f37da7b850bc06f10d3fe84702392d7905f,31,32,10,11,E:\Archival-Digitisation-Project\1971_Trimmed_PDF\Uttar_Pradesh\metadata\document.xlsx,4bf05d889c56070f43e73558469b6cab4e2a96f37cf6cc1e9a7aa54c7efd5abe,2026-08-30T15:06:44.364270+00:00
2,,Clement Town Cantt.,,PR (24) KR (0),,ST,,100,,360,,...,,B/MT,,HP,,...,,...,,160,,3,,15,,75,,...,,24.0,0.0,ORDINARY,,False,1,dehra_dun_civic_1971,Dehra Dun,Uttar Pradesh,1971,format_001,dehra_dun_civic_001,dehra_dun_civic_1971.pdf,c0eea6b967671df4ac8d773ae6ab3f37da7b850bc06f10d3fe84702392d7905f,31,32,10,11,E:\Archival-Digitisation-Project\1971_Trimmed_PDF\Uttar_Pradesh\metadata\document.xlsx,4bf05d889c56070f43e73558469b6cab4e2a96f37cf6cc1e9a7aa54c7efd5abe,2026-08-30T15:06:44.364270+00:00
3,,Dehra Dun,,,,,,,,,,,,,,,,,,,,,,,,,,,,,,,,CROSS_REFERENCE,Dehra Dun City Urban Agglomeration,False,2,dehra_dun_civic_1971,Dehra Dun,Uttar Pradesh,1971,format_001,dehra_dun_civic_001,dehra_dun_civic_1971.pdf,c0eea6b967671df4ac8d773ae6ab3f37da7b850bc06f10d3fe84702392d7905f,31,32,10,11,E:\Archival-Digitisation-Project\1971_Trimmed_PDF\Uttar_Pradesh\metadata\document.xlsx,4bf05d889c56070f43e73558469b6cab4e2a96f37cf6cc1e9a7aa54c7efd5abe,2026-08-30T15:06:44.364270+00:00
4,,Dehra Dun Cantt.,,,,,,,,,,,,,,,,,,,,,,,,,,,,,,,,CROSS_REFERENCE,Dehra Dun City Urban Agglomeration,False,3,dehra_dun_civic_1971,Dehra Dun,Uttar Pradesh,1971,format_001,dehra_dun_civic_001,dehra_dun_civic_1971.pdf,c0eea6b967671df4ac8d773ae6ab3f37da7b850bc06f10d3fe84702392d7905f,31,32,10,11,E:\Archival-Digitisation-Project\1971_Trimmed_PDF\Uttar_Pradesh\metadata\document.xlsx,4bf05d889c56070f43e73558469b6cab4e2a96f37cf6cc1e9a7aa54c7efd5abe,2026-08-30T15:06:44.364270+00:00
5,,Forest Research Institute & College Area,,,,,,,,,,,,,,,,,,,,,,,,,,,,,,,,CROSS_REFERENCE,Dehra Dun City Urban Agglomeration,False,4,dehra_dun_civic_1971,Dehra Dun,Uttar Pradesh,1971,format_001,dehra_dun_civic_001,dehra_dun_civic_1971.pdf,c0eea6b967671df4ac8d773ae6ab3f37da7b850bc06f10d3fe84702392d7905f,31,32,10,11,E:\Archival-Digitisation-Project\1971_Trimmed_PDF\Uttar_Pradesh\metadata\document.xlsx,4bf05d889c56070f43e73558469b6cab4e2a96f37cf6cc1e9a7aa54c7efd5abe,2026-08-30T15:06:44.364270+00:00
,,Dehra Dun City Urban Agglomeration,,PR (200) KR (22),,S/PT/OSD,,"4,351",,"16,967",,...,,B/MT/HL,,R/C/TW/OHT,,"865,182 Galls.",,Yes,,"22,039",,554,,"5,930",,"3,647",,...,,200.0,22.0,AGGREGATE,,False,5,dehra_dun_civic_1971,Dehra Dun,Uttar Pradesh,1971,format_001,dehra_dun_civic_001,dehra_dun_civic_1971.pdf,c0eea6b967671df4ac8d773ae6ab3f37da7b850bc06f10d3fe84702392d7905f,31,32,10,11,E:\Archival-Digitisation-Project\1971_Trimmed_PDF\Uttar_Pradesh\metadata\document.xlsx,4bf05d889c56070f43e73558469b6cab4e2a96f37cf6cc1e9a7aa54c7efd5abe,2026-08-30T15:06:44.364270+00:00
(i),,Dehra Dun,,PR (132) KR (19),,S/PT/OSD,,"3,594",,"14,453",,...,,MT,,R/C/TW/OHT,,"448,182 Galls.",,Yes,,"16,589",,549,,"5,898",,"2,706",,...,,132.0,19.0,COMPONENT,,False,6,dehra_dun_civic_1971,Dehra Dun,Uttar Pradesh,1971,format_001,dehra_dun_civic_001,dehra_dun_civic_1971.pdf,c0eea6b967671df4ac8d773ae6ab3f37da7b850bc06f10d3fe84702392d7905f,31,32,10,11,E:\Archival-Digitisation-Project\1971_Trimmed_PDF\Uttar_Pradesh\metadata\document.xlsx,4bf05d889c56070f43e73558469b6cab4e2a96f37cf6cc1e9a7aa54c7efd5abe,2026-08-30T15:06:44.364270+00:00
(ii),,Dehra Dun Cantt.,,PR (50) KR (3),,S/PT/OSD,,170,,"2,373",,...,,B/MT,,R/TW/OHT,,"140,000 Galls.",,...,,"5,000",,4,,20,,679,,...,,50.0,3.0,COMPONENT,,False,7,dehra_dun_civic_1971,Dehra Dun,Uttar Pradesh,1971,format_001,dehra_dun_civic_001,dehra_dun_civic_1971.pdf,c0eea6b967671df4ac8d773ae6ab3f37da7b850bc06f10d3fe84702392d7905f,31,32,10,11,E:\Archival-Digitisation-Project\1971_Trimmed_PDF\Uttar_Pradesh\metadata\document.xlsx,4bf05d889c56070f43e73558469b6cab4e2a96f37cf6cc1e9a7aa54c7efd5abe,2026-08-30T15:06:44.364270+00:00
(iii),,Forest Research Institute & College Area,,PR (18) KR (0),,S,,587,,141,,...,,B/HL,,R/TW/OHT,,"277,000 Galls.",,Yes,,450,,1,,12,,262,,...,,18.0,0.0,COMPONENT,,False,8,dehra_dun_civic_1971,Dehra Dun,Uttar Pradesh,1971,format_001,dehra_dun_civic_001,dehra_dun_civic_1971.pdf,c0eea6b967671df4ac8d773ae6ab3f37da7b850bc06f10d3fe84702392d7905f,31,32,10,11,E:\Archival-Digitisation-Project\1971_Trimmed_PDF\Uttar_Pradesh\metadata\document.xlsx,4bf05d889c56070f43e73558469b6cab4e2a96f37cf6cc1e9a7aa54c7efd5abe,2026-08-30T15:06:44.364270+00:00
6,,Landour Cantt.,,PR (3) KR (4),,PT/OSD,,,,70,,...,,B/HL,,F/OHT,,"33,525 Galls.",,...,,175,,3,,5,,117,,...,,3.0,4.0,ORDINARY,,False,9,dehra_dun_civic_1971,Dehra Dun,Uttar Pradesh,1971,format_001,dehra_dun_civic_001,dehra_dun_civic_1971.pdf,c0eea6b967671df4ac8d773ae6ab3f37da7b850bc06f10d3fe84702392d7905f,31,32,10,11,E:\Archival-Digitisation-Project\1971_Trimmed_PDF\Uttar_Pradesh\metadata\document.xlsx,4bf05d889c56070f43e73558469b6cab4e2a96f37cf6cc1e9a7aa54c7efd5abe,2026-08-30T15:06:44.364270+00:00
7,,Mussoorie,,PR (32) KR (72),,S,,"2,300",,"3,425",,...,,MT,,F/OHT,,"3,791,375 Galls.",,Yes,,"3,180",,19,,666,,"1,232",,...,,32.0,72.0,ORDINARY,,False,10,dehra_dun_civic_1971,Dehra Dun,Uttar Pradesh,1971,format_001,dehra_dun_civic_001,dehra_dun_civic_1971.pdf,c0eea6b967671df4ac8d773ae6ab3f37da7b850bc06f10d3fe84702392d7905f,31,32,10,11,E:\Archival-Digitisation-Project\1971_Trimmed_PDF\Uttar_Pradesh\metadata\document.xlsx,4bf05d889c56070f43e73558469b6cab4e2a96f37cf6cc1e9a7aa54c7efd5abe,2026-08-30T15:06:44.364270+00:00
8,,Raipur,,PR (6) KR (0),,ST,,404,,40,,...,,MT,,C/OHT,,"176,000 Galls.",,Yes,,405,,2,,14,,150,,...,,6.0,0.0,ORDINARY,,False,11,dehra_dun_civic_1971,Dehra Dun,Uttar Pradesh,1971,format_001,dehra_dun_civic_001,dehra_dun_civic_1971.pdf,c0eea6b967671df4ac8d773ae6ab3f37da7b850bc06f10d3fe84702392d7905f,31,32,10,11,E:\Archival-Digitisation-Project\1971_Trimmed_PDF\Uttar_Pradesh\metadata\document.xlsx,4bf05d889c56070f43e73558469b6cab4e2a96f37cf6cc1e9a7aa54c7efd5abe,2026-08-30T15:06:44.364270+00:00
9,,Rishikesh,,PR (22) KR (21),,S/OSD,,200,,"1,800",,...,,MT,,R/OHT,,"100,000 Galls.",,Yes,,"1,182",,215,,770,,353,,...,,22.0,21.0,ORDINARY,,False,12,dehra_dun_civic_1971,Dehra Dun,Uttar Pradesh,1971,format_001,dehra_dun_civic_001,dehra_dun_civic_1971.pdf,c0eea6b967671df4ac8d773ae6ab3f37da7b850bc06f10d3fe84702392d7905f,31,32,10,11,E:\Archival-Digitisation-Project\1971_Trimmed_PDF\Uttar_Pradesh\metadata\document.xlsx,4bf05d889c56070f43e73558469b6cab4e2a96f37cf6cc1e9a7aa54c7efd5abe,2026-08-30T15:06:44.364270+00:00
10,,Vikasnagar,,PR (2) KR (8),,ST/OSD,,...,,500,,...,,...,,TW/OHT,,"100,000 Galls.",,...,,354,,29,,200,,144,,...,,2.0,8.0,ORDINARY,,False,13,dehra_dun_civic_1971,Dehra Dun,Uttar Pradesh,1971,format_001,dehra_dun_civic_001,dehra_dun_civic_1971.pdf,c0eea6b967671df4ac8d773ae6ab3f37da7b850bc06f10d3fe84702392d7905f,31,32,10,11,E:\Archival-Digitisation-Project\1971_Trimmed_PDF\Uttar_Pradesh\metadata\document.xlsx,4bf05d889c56070f43e73558469b6cab4e2a96f37cf6cc1e9a7aa54c7efd5abe,2026-08-30T15:06:44.364270+00:00
1,,Deoria,,PR (35) KR (6),,ST/OSD,,360,,"7,500",,...,,B/C,,TW/OHT,,"50,000 Gallons",,...,,"2,120",,160,,635,,507,,...,,35.0,6.0,ORDINARY,,False,0,deoria_civic_1971,Deoria,Uttar Pradesh,1971,format_001,deoria_civic_001,deoria_civic_1971.pdf,9b3474074deffca098b04b76ad3939cec32038d00272be037d0c37e5bf0970f4,25,26,6,7,E:\Archival-Digitisation-Project\1971_Trimmed_PDF\Uttar_Pradesh\metadata\document.xlsx,4bf05d889c56070f43e73558469b6cab4e2a96f37cf6cc1e9a7aa54c7efd5abe,2026-08-30T19:54:41.339601+00:00
2,,Gaura Barhaj,,PR (2) KR (8),,ST/OSD,,50,,450,,2,,B,,TW/OHT,,"40,000 Gallons",,...,,306,,21,,47,,122,,...,,2.0,8.0,ORDINARY,,False,1,deoria_civic_1971,Deoria,Uttar Pradesh,1971,format_001,deoria_civic_001,deoria_civic_1971.pdf,9b3474074deffca098b04b76ad3939cec32038d00272be037d0c37e5bf0970f4,25,26,6,7,E:\Archival-Digitisation-Project\1971_Trimmed_PDF\Uttar_Pradesh\metadata\document.xlsx,4bf05d889c56070f43e73558469b6cab4e2a96f37cf6cc1e9a7aa54c7efd5abe,2026-08-30T19:54:41.339601+00:00
3,,Padrauna,,PR (15) KR (3),,ST/OSD,,150,,"1,850",,...,,B/HL,,TW/OHT,,"25,000 Gallons",,...,,718,,39,,26,,224,,...,,15.0,3.0,ORDINARY,,False,2,deoria_civic_1971,Deoria,Uttar Pradesh,1971,format_001,deoria_civic_001,deoria_civic_1971.pdf,9b3474074deffca098b04b76ad3939cec32038d00272be037d0c37e5bf0970f4,25,26,6,7,E:\Archival-Digitisation-Project\1971_Trimmed_PDF\Uttar_Pradesh\metadata\document.xlsx,4bf05d889c56070f43e73558469b6cab4e2a96f37cf6cc1e9a7aa54c7efd5abe,2026-08-30T19:54:41.339601+00:00
4,,Siwarhi,,PR (2) KR (8),,ST/OSD,,35,,750,,...,,B,,W/HP,,...,,...,,515,,27,,210,,63,,...,,2.0,8.0,ORDINARY,,False,3,deoria_civic_1971,Deoria,Uttar Pradesh,1971,format_001,deoria_civic_001,deoria_civic_1971.pdf,9b3474074deffca098b04b76ad3939cec32038d00272be037d0c37e5bf0970f4,25,26,6,7,E:\Archival-Digitisation-Project\1971_Trimmed_PDF\Uttar_Pradesh\metadata\document.xlsx,4bf05d889c56070f43e73558469b6cab4e2a96f37cf6cc1e9a7aa54c7efd5abe,2026-08-30T19:54:41.339601+00:00
1,,Aliganj,,PR (9) KR (2),,PT/OSD,,9,,"1,942",,...,,B,,HP/W,,...,,...,,324,,32,,167,,220,,...,,9.0,2.0,ORDINARY,,False,0,etah_civic_1971,Etah,Uttar Pradesh,1971,format_001,etah_civic_001,etah_civic_1971.pdf,f120ab94b293016f6df0c82ff16ecf824979cead224853dabc0dab25acdd1ce9,25,26,6,7,E:\Archival-Digitisation-Project\1971_Trimmed_PDF\Uttar_Pradesh\metadata\document.xlsx,4bf05d889c56070f43e73558469b6cab4e2a96f37cf6cc1e9a7aa54c7efd5abe,2026-08-30T19:58:37.432633+00:00
2,,Etah,,PR (36.5) KR (3),,PT/OSD,,"2,205",,"5,600",,...,,HC,,HP/TW/OHT,,"100,000 Galls.",,...,,"1,308",,100,,"1,000",,605,,49,,36.5,3.0,ORDINARY,,False,1,etah_civic_1971,Etah,Uttar Pradesh,1971,format_001,etah_civic_001,etah_civic_1971.pdf,f120ab94b293016f6df0c82ff16ecf824979cead224853dabc0dab25acdd1ce9,25,26,6,7,E:\Archival-Digitisation-Project\1971_Trimmed_PDF\Uttar_Pradesh\metadata\document.xlsx,4bf05d889c56070f43e73558469b6cab4e2a96f37cf6cc1e9a7aa54c7efd5abe,2026-08-30T19:58:37.432633+00:00
3,,Ganj Dundwara,,PR (16.8) KR (3.5),,PT/OSD,,104,,"1,900",,...,,HC,,HP/W,,...,,...,,368,,33,,137,,250,,...,,16.8,3.5,ORDINARY,,False,2,etah_civic_1971,Etah,Uttar Pradesh,1971,format_001,etah_civic_001,etah_civic_1971.pdf,f120ab94b293016f6df0c82ff16ecf824979cead224853dabc0dab25acdd1ce9,25,26,6,7,E:\Archival-Digitisation-Project\1971_Trimmed_PDF\Uttar_Pradesh\metadata\document.xlsx,4bf05d889c56070f43e73558469b6cab4e2a96f37cf6cc1e9a7aa54c7efd5abe,2026-08-30T19:58:37.432633+00:00
4,,Jalesar,,PR (16) KR (4),,PT/OSD,,8,,500,,...,,HC,,HP/TW/OHT,,"5,640 Galls.",,.,,360,,13,,113,,206,,...,,16.0,4.0,ORDINARY,,False,3,etah_civic_1971,Etah,Uttar Pradesh,1971,format_001,etah_civic_001,etah_civic_1971.pdf,f120ab94b293016f6df0c82ff16ecf824979cead224853dabc0dab25acdd1ce9,25,26,6,7,E:\Archival-Digitisation-Project\1971_Trimmed_PDF\Uttar_Pradesh\metadata\document.xlsx,4bf05d889c56070f43e73558469b6cab4e2a96f37cf6cc1e9a7aa54c7efd5abe,2026-08-30T19:58:37.432633+00:00
5,,Kasganj,,PR (17) KR (5),,PT/OSD,,8,,"9,000",,...,,HC,,HP/W/TW/OHT,,"100,000 Galls.",,...,,"1,823",,125,,"1,127",,824,,...,,17.0,5.0,ORDINARY,,False,4,etah_civic_1971,Etah,Uttar Pradesh,1971,format_001,etah_civic_001,etah_civic_1971.pdf,f120ab94b293016f6df0c82ff16ecf824979cead224853dabc0dab25acdd1ce9,25,26,6,7,E:\Archival-Digitisation-Project\1971_Trimmed_PDF\Uttar_Pradesh\metadata\document.xlsx,4bf05d889c56070f43e73558469b6cab4e2a96f37cf6cc1e9a7aa54c7efd5abe,2026-08-30T19:58:37.432633+00:00
6,,Marehra,,PR (13.6) KR (5),,OSD,,...,,"2,113",,...,,B,,HP/W,,...,,...,,165,,51,,150,,135,,...,,13.6,5.0,ORDINARY,,False,5,etah_civic_1971,Etah,Uttar Pradesh,1971,format_001,etah_civic_001,etah_civic_1971.pdf,f120ab94b293016f6df0c82ff16ecf824979cead224853dabc0dab25acdd1ce9,25,26,6,7,E:\Archival-Digitisation-Project\1971_Trimmed_PDF\Uttar_Pradesh\metadata\document.xlsx,4bf05d889c56070f43e73558469b6cab4e2a96f37cf6cc1e9a7aa54c7efd5abe,2026-08-30T19:58:37.432633+00:00
7,,Soron,,PR (17.2) KR (6),,OSD,,...,,"2,386",,...,,HC,,HP/W,,...,,...,,559,,...,,29,,218,,...,,17.2,6.0,ORDINARY,,False,6,etah_civic_1971,Etah,Uttar Pradesh,1971,format_001,etah_civic_001,etah_civic_1971.pdf,f120ab94b293016f6df0c82ff16ecf824979cead224853dabc0dab25acdd1ce9,25,26,6,7,E:\Archival-Digitisation-Project\1971_Trimmed_PDF\Uttar_Pradesh\metadata\document.xlsx,4bf05d889c56070f43e73558469b6cab4e2a96f37cf6cc1e9a7aa54c7efd5abe,2026-08-30T19:58:37.432633+00:00
1,,Auraiya,,PR (35) KR (16),,OSD,,...,,"2,000",,30,,B/HC/MT,,TW/OHT,,"50,000 gallons",,...,,"1,046",,92,,346,,800,,...,,35.0,16.0,ORDINARY,,False,0,etawah_civic_1971,Etawah,Uttar Pradesh,1971,format_001,etawah_civic_001,etawah_civic_1971.pdf,2df4c7d73ae01349d6136f0d4374a719f4515d3018355230df50225542b0bd96,24,25,6,7,E:\Archival-Digitisation-Project\1971_Trimmed_PDF\Uttar_Pradesh\metadata\document.xlsx,4bf05d889c56070f43e73558469b6cab4e2a96f37cf6cc1e9a7aa54c7efd5abe,2026-08-30T20:02:16.521440+00:00
2,,Bharthana,,PR (2) KR (11),,OSD,,...,,"1,700",,100,,B/HC,,HP,,...,,...,,832,,60,,150,,245,,...,,2.0,11.0,ORDINARY,,False,1,etawah_civic_1971,Etawah,Uttar Pradesh,1971,format_001,etawah_civic_001,etawah_civic_1971.pdf,2df4c7d73ae01349d6136f0d4374a719f4515d3018355230df50225542b0bd96,24,25,6,7,E:\Archival-Digitisation-Project\1971_Trimmed_PDF\Uttar_Pradesh\metadata\document.xlsx,4bf05d889c56070f43e73558469b6cab4e2a96f37cf6cc1e9a7aa54c7efd5abe,2026-08-30T20:02:16.521440+00:00
3,,Etawah,,PR (26) KR (2),,OSD,,...,,"17,751",,15,,HC/MT,,TW/OHT,,"200,000 gallons",,...,,"4,700",,414,,361,,"1,737",,...,,26.0,2.0,ORDINARY,,False,2,etawah_civic_1971,Etawah,Uttar Pradesh,1971,format_001,etawah_civic_001,etawah_civic_1971.pdf,2df4c7d73ae01349d6136f0d4374a719f4515d3018355230df50225542b0bd96,24,25,6,7,E:\Archival-Digitisation-Project\1971_Trimmed_PDF\Uttar_Pradesh\metadata\document.xlsx,4bf05d889c56070f43e73558469b6cab4e2a96f37cf6cc1e9a7aa54c7efd5abe,2026-08-30T20:02:16.521440+00:00
4,,Jaswantnagar,,PR (0) KR (4),,OSD,,...,,"1,000",,...,,B/HC,,TW/OHT,,"25,000 gallons",,...,,175,,20,,25,,80,,...,,0.0,4.0,ORDINARY,,False,3,etawah_civic_1971,Etawah,Uttar Pradesh,1971,format_001,etawah_civic_001,etawah_civic_1971.pdf,2df4c7d73ae01349d6136f0d4374a719f4515d3018355230df50225542b0bd96,24,25,6,7,E:\Archival-Digitisation-Project\1971_Trimmed_PDF\Uttar_Pradesh\metadata\document.xlsx,4bf05d889c56070f43e73558469b6cab4e2a96f37cf6cc1e9a7aa54c7efd5abe,2026-08-30T20:02:16.521440+00:00
5,,Lakhna,,PR (0) KR (4),,OSD,,...,,896,,10,,B/HC,,TW/OHT,,"11,000 gallons",,...,,200,,8,,250,,80,,...,,0.0,4.0,ORDINARY,,False,4,etawah_civic_1971,Etawah,Uttar Pradesh,1971,format_001,etawah_civic_001,etawah_civic_1971.pdf,2df4c7d73ae01349d6136f0d4374a719f4515d3018355230df50225542b0bd96,24,25,6,7,E:\Archival-Digitisation-Project\1971_Trimmed_PDF\Uttar_Pradesh\metadata\document.xlsx,4bf05d889c56070f43e73558469b6cab4e2a96f37cf6cc1e9a7aa54c7efd5abe,2026-08-30T20:02:16.521440+00:00
1,,Akbarpur,,PR (4) KR (8),,ST/OSD,,16,,"3,955",,...,,C,,R/W/HP,,...,,...,,"1,495",,305,,280,,130,,...,,4.0,8.0,ORDINARY,,False,0,faizabad_civic_1971,Faizabad,Uttar Pradesh,1971,format_001,faizabad_civic_001,faizabad_civic_1971.pdf,c14bb80c38d462602c558f64f0f55130ba512ec214b7be8573d1ccc3d2d46395,26,27,6,7,E:\Archival-Digitisation-Project\1971_Trimmed_PDF\Uttar_Pradesh\metadata\document.xlsx,4bf05d889c56070f43e73558469b6cab4e2a96f37cf6cc1e9a7aa54c7efd5abe,2026-08-30T20:04:42.026023+00:00
2,,Faizabad Cantt.,,,,,,,,,,,,,,,,,,,,,,,,,,,,,,,,CROSS_REFERENCE,Faizabad City Urban Agglomeration,False,1,faizabad_civic_1971,Faizabad,Uttar Pradesh,1971,format_001,faizabad_civic_001,faizabad_civic_1971.pdf,c14bb80c38d462602c558f64f0f55130ba512ec214b7be8573d1ccc3d2d46395,26,27,6,7,E:\Archival-Digitisation-Project\1971_Trimmed_PDF\Uttar_Pradesh\metadata\document.xlsx,4bf05d889c56070f43e73558469b6cab4e2a96f37cf6cc1e9a7aa54c7efd5abe,2026-08-30T20:04:42.026023+00:00
3,,Faizabad-cum-Ayodhya,,,,,,,,,,,,,,,,,,,,,,,,,,,,,,,,CROSS_REFERENCE,Faizabad City Urban Agglomeration,False,2,faizabad_civic_1971,Faizabad,Uttar Pradesh,1971,format_001,faizabad_civic_001,faizabad_civic_1971.pdf,c14bb80c38d462602c558f64f0f55130ba512ec214b7be8573d1ccc3d2d46395,26,27,6,7,E:\Archival-Digitisation-Project\1971_Trimmed_PDF\Uttar_Pradesh\metadata\document.xlsx,4bf05d889c56070f43e73558469b6cab4e2a96f37cf6cc1e9a7aa54c7efd5abe,2026-08-30T20:04:42.026023+00:00
,,Faizabad City Urban Agglomeration,,PR (118) KR (12),,S/ST/OSD,,"2,395",,"14,065",,...,,B/MT/C,,TW/OHT,,"3,270,454 Galls.",,Yes,,"13,994",,318,,"3,553",,"1,937",,...,,118.0,12.0,AGGREGATE,,False,3,faizabad_civic_1971,Faizabad,Uttar Pradesh,1971,format_001,faizabad_civic_001,faizabad_civic_1971.pdf,c14bb80c38d462602c558f64f0f55130ba512ec214b7be8573d1ccc3d2d46395,26,27,6,7,E:\Archival-Digitisation-Project\1971_Trimmed_PDF\Uttar_Pradesh\metadata\document.xlsx,4bf05d889c56070f43e73558469b6cab4e2a96f37cf6cc1e9a7aa54c7efd5abe,2026-08-30T20:04:42.026023+00:00
(i),,Faizabad Cantt.,,PR (10) KR (0),,ST/OSD,,260,,200,,...,,MT/C,,TW/OHT,,"100,000 Galls.",,Yes,,180,,...,,70,,192,,...,,10.0,0.0,COMPONENT,,False,4,faizabad_civic_1971,Faizabad,Uttar Pradesh,1971,format_001,faizabad_civic_001,faizabad_civic_1971.pdf,c14bb80c38d462602c558f64f0f55130ba512ec214b7be8573d1ccc3d2d46395,26,27,6,7,E:\Archival-Digitisation-Project\1971_Trimmed_PDF\Uttar_Pradesh\metadata\document.xlsx,4bf05d889c56070f43e73558469b6cab4e2a96f37cf6cc1e9a7aa54c7efd5abe,2026-08-30T20:04:42.026023+00:00
(ii),,Faizabad-cum-Ayodhya,,PR (108) KR (12),,S/ST/OSD,,"2,135",,"13,865",,...,,B/MT/C,,TW/OHT,,"3,170,454 Galls.",,Yes,,"13,814",,318,,"3,483",,"1,745",,...,,108.0,12.0,COMPONENT,,False,5,faizabad_civic_1971,Faizabad,Uttar Pradesh,1971,format_001,faizabad_civic_001,faizabad_civic_1971.pdf,c14bb80c38d462602c558f64f0f55130ba512ec214b7be8573d1ccc3d2d46395,26,27,6,7,E:\Archival-Digitisation-Project\1971_Trimmed_PDF\Uttar_Pradesh\metadata\document.xlsx,4bf05d889c56070f43e73558469b6cab4e2a96f37cf6cc1e9a7aa54c7efd5abe,2026-08-30T20:04:42.026023+00:00
4,,Gosainganj,,PR (3) KR (0),,ST/OSD,,10,,400,,...,,C,,W/HP,,...,,...,,250,,25,,110,,52,,...,,3.0,0.0,ORDINARY,,False,6,faizabad_civic_1971,Faizabad,Uttar Pradesh,1971,format_001,faizabad_civic_001,faizabad_civic_1971.pdf,c14bb80c38d462602c558f64f0f55130ba512ec214b7be8573d1ccc3d2d46395,26,27,6,7,E:\Archival-Digitisation-Project\1971_Trimmed_PDF\Uttar_Pradesh\metadata\document.xlsx,4bf05d889c56070f43e73558469b6cab4e2a96f37cf6cc1e9a7aa54c7efd5abe,2026-08-30T20:04:42.026023+00:00
5,,Jalalpur,,PR (3) KR (0),,ST/OSD,,16,,"1,105",,...,,C,,W/HP,,...,,...,,414,,109,,293,,70,,...,,3.0,0.0,ORDINARY,,False,7,faizabad_civic_1971,Faizabad,Uttar Pradesh,1971,format_001,faizabad_civic_001,faizabad_civic_1971.pdf,c14bb80c38d462602c558f64f0f55130ba512ec214b7be8573d1ccc3d2d46395,26,27,6,7,E:\Archival-Digitisation-Project\1971_Trimmed_PDF\Uttar_Pradesh\metadata\document.xlsx,4bf05d889c56070f43e73558469b6cab4e2a96f37cf6cc1e9a7aa54c7efd5abe,2026-08-30T20:04:42.026023+00:00
6,,Tanda,,PR (66) KR (0),,S/OSD,,250,,"5,625",,...,,MT/C,,TW/OHT,,"100,000 Galls.",,...,,756,,612,,293,,260,,...,,66.0,0.0,ORDINARY,,False,8,faizabad_civic_1971,Faizabad,Uttar Pradesh,1971,format_001,faizabad_civic_001,faizabad_civic_1971.pdf,c14bb80c38d462602c558f64f0f55130ba512ec214b7be8573d1ccc3d2d46395,26,27,6,7,E:\Archival-Digitisation-Project\1971_Trimmed_PDF\Uttar_Pradesh\metadata\document.xlsx,4bf05d889c56070f43e73558469b6cab4e2a96f37cf6cc1e9a7aa54c7efd5abe,2026-08-30T20:04:42.026023+00:00
1,,Chhibramau,,PR (10) KR (4),,OSD,,...,,"2,047",,...,,B/HC,,TW/OHT,,"40,000 Galls.",,...,,386,,55,,310,,400,,...,,10.0,4.0,ORDINARY,,False,0,farrukhabad_civic_1971,Farrukhabad,Uttar Pradesh,1971,format_001,farrukhabad_civic_001,farrukhabad_civic_1971.pdf,3a35838cb30d77c0b7281b7261c854b6ca48feb12b4ff71bab0d400979556dc5,18,19,6,7,E:\Archival-Digitisation-Project\1971_Trimmed_PDF\Uttar_Pradesh\metadata\document.xlsx,4bf05d889c56070f43e73558469b6cab4e2a96f37cf6cc1e9a7aa54c7efd5abe,2026-08-30T20:10:26.976042+00:00
2,,Farrukhabad-cum-Fatehgarh,,,,,,,,,,,,,,,,,,,,,,,,,,,,,,,CROSS_REFERENCE,CROSS_REFERENCE,Farrukhabad-cum-Fatehgarh City Urban Agglomeration,False,1,farrukhabad_civic_1971,Farrukhabad,Uttar Pradesh,1971,format_001,farrukhabad_civic_001,farrukhabad_civic_1971.pdf,3a35838cb30d77c0b7281b7261c854b6ca48feb12b4ff71bab0d400979556dc5,18,19,6,7,E:\Archival-Digitisation-Project\1971_Trimmed_PDF\Uttar_Pradesh\metadata\document.xlsx,4bf05d889c56070f43e73558469b6cab4e2a96f37cf6cc1e9a7aa54c7efd5abe,2026-08-30T20:10:26.976042+00:00
,,Farrukhabad-cum-Fatehgarh City Urban Agglomeration,,PR (45) KR (20),,PT/OSD,,275,,"17,771",,...,,B/HC/MT/HL,,TW/OHT,,"360,000 Galls.",,...,,"4,123",,418,,"2,956",,"1,572",,...,,45.0,20.0,AGGREGATE,,False,2,farrukhabad_civic_1971,Farrukhabad,Uttar Pradesh,1971,format_001,farrukhabad_civic_001,farrukhabad_civic_1971.pdf,3a35838cb30d77c0b7281b7261c854b6ca48feb12b4ff71bab0d400979556dc5,18,19,6,7,E:\Archival-Digitisation-Project\1971_Trimmed_PDF\Uttar_Pradesh\metadata\document.xlsx,4bf05d889c56070f43e73558469b6cab4e2a96f37cf6cc1e9a7aa54c7efd5abe,2026-08-30T20:10:26.976042+00:00
(i),,Farrukhabad-cum-Fatehgarh,,PR (41.4) KR (20),,PT/OSD,,109,,"17,000",,...,,B/HC,,TW/OHT,,"300,000 Galls.",,...,,"4,011",,414,,"2,929",,"1,458",,...,,41.4,20.0,COMPONENT,,False,3,farrukhabad_civic_1971,Farrukhabad,Uttar Pradesh,1971,format_001,farrukhabad_civic_001,farrukhabad_civic_1971.pdf,3a35838cb30d77c0b7281b7261c854b6ca48feb12b4ff71bab0d400979556dc5,18,19,6,7,E:\Archival-Digitisation-Project\1971_Trimmed_PDF\Uttar_Pradesh\metadata\document.xlsx,4bf05d889c56070f43e73558469b6cab4e2a96f37cf6cc1e9a7aa54c7efd5abe,2026-08-30T20:10:26.976042+00:00
(ii),,Fatehgarh Cantt.,,PR (3.6) KR (0),,PT/OSD,,166,,771,,.,,HL/MT,,TW/OHT,,"60,000 Galls.",,.,,112,,4,,27,,114,,...,,3.6,0.0,COMPONENT,,False,4,farrukhabad_civic_1971,Farrukhabad,Uttar Pradesh,1971,format_001,farrukhabad_civic_001,farrukhabad_civic_1971.pdf,3a35838cb30d77c0b7281b7261c854b6ca48feb12b4ff71bab0d400979556dc5,18,19,6,7,E:\Archival-Digitisation-Project\1971_Trimmed_PDF\Uttar_Pradesh\metadata\document.xlsx,4bf05d889c56070f43e73558469b6cab4e2a96f37cf6cc1e9a7aa54c7efd5abe,2026-08-30T20:10:26.976042+00:00
3,,Fatehgarh Cantt.,,,,,,,,,,,,,,,,,,,,,,,,,,CROSS_REFERENCE,,Farrukhabad-cum-Fatehgarh City Urban Agglomeration,,10.0,4.0,CROSS_REFERENCE,Farrukhabad-cum-Fatehgarh City Urban Agglomeration,False,5,farrukhabad_civic_1971,Farrukhabad,Uttar Pradesh,1971,format_001,farrukhabad_civic_001,farrukhabad_civic_1971.pdf,3a35838cb30d77c0b7281b7261c854b6ca48feb12b4ff71bab0d400979556dc5,18,19,6,7,E:\Archival-Digitisation-Project\1971_Trimmed_PDF\Uttar_Pradesh\metadata\document.xlsx,4bf05d889c56070f43e73558469b6cab4e2a96f37cf6cc1e9a7aa54c7efd5abe,2026-08-30T20:10:26.976042+00:00
4,,Kaimganj,,PR (7) KR (3),,OSD,,...,,"1,934",,...,,B/HC,,TW/OHT,,"50,000 Galls.",,...,,470,,70,,975,,227,,...,,7.0,3.0,ORDINARY,,False,6,farrukhabad_civic_1971,Farrukhabad,Uttar Pradesh,1971,format_001,farrukhabad_civic_001,farrukhabad_civic_1971.pdf,3a35838cb30d77c0b7281b7261c854b6ca48feb12b4ff71bab0d400979556dc5,18,19,6,7,E:\Archival-Digitisation-Project\1971_Trimmed_PDF\Uttar_Pradesh\metadata\document.xlsx,4bf05d889c56070f43e73558469b6cab4e2a96f37cf6cc1e9a7aa54c7efd5abe,2026-08-30T20:10:26.976042+00:00
5,,Kannauj,,PR (10) KR (38),,OSD,,...,,"4,360",,1,,HL/B,,TW/OHT,,"150,000 Galls.",,...,,840,,70,,265,,266,,...,,10.0,38.0,ORDINARY,,False,7,farrukhabad_civic_1971,Farrukhabad,Uttar Pradesh,1971,format_001,farrukhabad_civic_001,farrukhabad_civic_1971.pdf,3a35838cb30d77c0b7281b7261c854b6ca48feb12b4ff71bab0d400979556dc5,18,19,6,7,E:\Archival-Digitisation-Project\1971_Trimmed_PDF\Uttar_Pradesh\metadata\document.xlsx,4bf05d889c56070f43e73558469b6cab4e2a96f37cf6cc1e9a7aa54c7efd5abe,2026-08-30T20:10:26.976042+00:00
1,,Bindki,,PR (9) KR (6),,ST/OSD,,100,,"1,847",,...,,B/HC,,TW/OHT,,"54,000 Gal.",,...,,664,,67,,1,,168,,...,,9.0,6.0,ORDINARY,,False,0,fatehpur_civic_1971,Fatehpur,Uttar Pradesh,1971,format_001,fatehpur_civic_001,fatehpur_civic_1971.pdf,28b3c54efd25ba6621e641183bff4468a182a1332f72cd247d64161e1369b1ee,28,29,6,7,E:\Archival-Digitisation-Project\1971_Trimmed_PDF\Uttar_Pradesh\metadata\document.xlsx,4bf05d889c56070f43e73558469b6cab4e2a96f37cf6cc1e9a7aa54c7efd5abe,2026-08-30T20:14:48.870854+00:00
2,,Fatehpur,,PR (72) KR (96),,ST/OSD,,450,,"5,018",,.,,B/HC,,TW/OHT,,"100,000 Gal.",,...,,"1,707",,107,,2,,300,,...,,72.0,96.0,ORDINARY,,False,1,fatehpur_civic_1971,Fatehpur,Uttar Pradesh,1971,format_001,fatehpur_civic_001,fatehpur_civic_1971.pdf,28b3c54efd25ba6621e641183bff4468a182a1332f72cd247d64161e1369b1ee,28,29,6,7,E:\Archival-Digitisation-Project\1971_Trimmed_PDF\Uttar_Pradesh\metadata\document.xlsx,4bf05d889c56070f43e73558469b6cab4e2a96f37cf6cc1e9a7aa54c7efd5abe,2026-08-30T20:14:48.870854+00:00
1,,Bah Bazar,,PR (1) KR (1),,OSD,,...,,152,,...,,HL,,F,,...,,...,,250,,1,,25,,90,,...,,1.0,1.0,ORDINARY,,False,0,garhwal_civic_1971,Garhwal,Uttar Pradesh,1971,format_001,garhwal_civic_001,garhwal_civic_1971.pdf,f7a75fec60b4a611bcdd55ccbe04a0da3dd54850dd327326341138031eae05c8,25,26,6,7,E:\Archival-Digitisation-Project\1971_Trimmed_PDF\Uttar_Pradesh\metadata\document.xlsx,4bf05d889c56070f43e73558469b6cab4e2a96f37cf6cc1e9a7aa54c7efd5abe,2026-08-30T20:16:53.321645+00:00
2,,Dogadda,,PR (2) KR (0),,OSD,,...,,100,,...,,HL,,W/F,,...,,...,,...,,...,,...,,...,,...,,2.0,0.0,ORDINARY,,False,1,garhwal_civic_1971,Garhwal,Uttar Pradesh,1971,format_001,garhwal_civic_001,garhwal_civic_1971.pdf,f7a75fec60b4a611bcdd55ccbe04a0da3dd54850dd327326341138031eae05c8,25,26,6,7,E:\Archival-Digitisation-Project\1971_Trimmed_PDF\Uttar_Pradesh\metadata\document.xlsx,4bf05d889c56070f43e73558469b6cab4e2a96f37cf6cc1e9a7aa54c7efd5abe,2026-08-30T20:16:53.321645+00:00
3,,Kotdwara,,PR (13) KR (2),,S/OSD,,130,,"1,200",,...,,HL/B,,R,,...,,...,,"1,000",,57,,21,,235,,...,,13.0,2.0,ORDINARY,,False,2,garhwal_civic_1971,Garhwal,Uttar Pradesh,1971,format_001,garhwal_civic_001,garhwal_civic_1971.pdf,f7a75fec60b4a611bcdd55ccbe04a0da3dd54850dd327326341138031eae05c8,25,26,6,7,E:\Archival-Digitisation-Project\1971_Trimmed_PDF\Uttar_Pradesh\metadata\document.xlsx,4bf05d889c56070f43e73558469b6cab4e2a96f37cf6cc1e9a7aa54c7efd5abe,2026-08-30T20:16:53.321645+00:00
4,,Lansdowne Cantt.,,PR (4) KR (1),,PT/OSD,,167,,548,,...,,HL,,R/OHT,,"2,000 Galls.",,...,,90,,...,,3,,135,,...,,4.0,1.0,ORDINARY,,False,3,garhwal_civic_1971,Garhwal,Uttar Pradesh,1971,format_001,garhwal_civic_001,garhwal_civic_1971.pdf,f7a75fec60b4a611bcdd55ccbe04a0da3dd54850dd327326341138031eae05c8,25,26,6,7,E:\Archival-Digitisation-Project\1971_Trimmed_PDF\Uttar_Pradesh\metadata\document.xlsx,4bf05d889c56070f43e73558469b6cab4e2a96f37cf6cc1e9a7aa54c7efd5abe,2026-08-30T20:16:53.321645+00:00
5,,Pauri,,PR (4) KR (25),,PT/OSD,,20,,200,,...,,HL,,F,,...,,...,,332,,4,,...,,320,,...,,4.0,25.0,ORDINARY,,False,4,garhwal_civic_1971,Garhwal,Uttar Pradesh,1971,format_001,garhwal_civic_001,garhwal_civic_1971.pdf,f7a75fec60b4a611bcdd55ccbe04a0da3dd54850dd327326341138031eae05c8,25,26,6,7,E:\Archival-Digitisation-Project\1971_Trimmed_PDF\Uttar_Pradesh\metadata\document.xlsx,4bf05d889c56070f43e73558469b6cab4e2a96f37cf6cc1e9a7aa54c7efd5abe,2026-08-30T20:16:53.321645+00:00
6,,Srinagar,,PR (3) KR (7),,PT/OSD,,120,,46,,...,,HL,,F/R,,-,,...,,248,,3,,...,,80,,...,,3.0,7.0,ORDINARY,,False,5,garhwal_civic_1971,Garhwal,Uttar Pradesh,1971,format_001,garhwal_civic_001,garhwal_civic_1971.pdf,f7a75fec60b4a611bcdd55ccbe04a0da3dd54850dd327326341138031eae05c8,25,26,6,7,E:\Archival-Digitisation-Project\1971_Trimmed_PDF\Uttar_Pradesh\metadata\document.xlsx,4bf05d889c56070f43e73558469b6cab4e2a96f37cf6cc1e9a7aa54c7efd5abe,2026-08-30T20:16:53.321645+00:00
1,,Balrampur,,PR (29) KR (3),,OSD,,...,,"4,287",,...,,B/C,,TW/OHT,,"75,000 Galls.",,...,,"1,624",,146,,789,,384,,...,,29.0,3.0,ORDINARY,,False,0,gonda_civic_1971,Gonda,Uttar Pradesh,1971,format_001,gonda_civic_001,gonda_civic_1971.pdf,4ad67c907e1a57492e4cb39936a64dd88e8709b8ce311d8377dbfb993a4b8ce1,23,24,6,7,E:\Archival-Digitisation-Project\1971_Trimmed_PDF\Uttar_Pradesh\metadata\document.xlsx,4bf05d889c56070f43e73558469b6cab4e2a96f37cf6cc1e9a7aa54c7efd5abe,2026-08-30T20:19:20.694580+00:00
2,,Colonelganj,,PR (2) KR (1),,PT/OSD,,5,,709,,...,,B,,W/HP,,...,,...,,407,,38,,33,,102,,...,,2.0,1.0,ORDINARY,,False,1,gonda_civic_1971,Gonda,Uttar Pradesh,1971,format_001,gonda_civic_001,gonda_civic_1971.pdf,4ad67c907e1a57492e4cb39936a64dd88e8709b8ce311d8377dbfb993a4b8ce1,23,24,6,7,E:\Archival-Digitisation-Project\1971_Trimmed_PDF\Uttar_Pradesh\metadata\document.xlsx,4bf05d889c56070f43e73558469b6cab4e2a96f37cf6cc1e9a7aa54c7efd5abe,2026-08-30T20:19:20.694580+00:00
3,,Gonda,,PR (28) KR (6),,PT/OSD,,313,,"6,533",,...,,B/HC,,TW/OHT,,"75,000 Galls.",,...,,"8,059",,535,,"2,413",,818,,...,,28.0,6.0,ORDINARY,,False,2,gonda_civic_1971,Gonda,Uttar Pradesh,1971,format_001,gonda_civic_001,gonda_civic_1971.pdf,4ad67c907e1a57492e4cb39936a64dd88e8709b8ce311d8377dbfb993a4b8ce1,23,24,6,7,E:\Archival-Digitisation-Project\1971_Trimmed_PDF\Uttar_Pradesh\metadata\document.xlsx,4bf05d889c56070f43e73558469b6cab4e2a96f37cf6cc1e9a7aa54c7efd5abe,2026-08-30T20:19:20.694580+00:00
4,,Nawabganj,,PR (6) KR (2),,PT/OSD,,18,,"1,217",,...,,B,,TW/OHT,,"15,000 Galls.",,...,,409,,23,,48,,96,,...,,6.0,2.0,ORDINARY,,False,3,gonda_civic_1971,Gonda,Uttar Pradesh,1971,format_001,gonda_civic_001,gonda_civic_1971.pdf,4ad67c907e1a57492e4cb39936a64dd88e8709b8ce311d8377dbfb993a4b8ce1,23,24,6,7,E:\Archival-Digitisation-Project\1971_Trimmed_PDF\Uttar_Pradesh\metadata\document.xlsx,4bf05d889c56070f43e73558469b6cab4e2a96f37cf6cc1e9a7aa54c7efd5abe,2026-08-30T20:19:20.694580+00:00
5,,Tulsipur,,PR (4) KR (5),,OSD,,...,,562,,...,,B,,W/HP,,...,,...,,421,,21,,31,,83,,...,,4.0,5.0,ORDINARY,,False,4,gonda_civic_1971,Gonda,Uttar Pradesh,1971,format_001,gonda_civic_001,gonda_civic_1971.pdf,4ad67c907e1a57492e4cb39936a64dd88e8709b8ce311d8377dbfb993a4b8ce1,23,24,6,7,E:\Archival-Digitisation-Project\1971_Trimmed_PDF\Uttar_Pradesh\metadata\document.xlsx,4bf05d889c56070f43e73558469b6cab4e2a96f37cf6cc1e9a7aa54c7efd5abe,2026-08-30T20:19:20.694580+00:00
6,,Utraula,,PR (2) KR (7),,OSD,,...,,"2,177",,...,,B/HC,,W/HP,,...,,...,,436,,25,,60,,103,,...,,2.0,7.0,ORDINARY,,False,5,gonda_civic_1971,Gonda,Uttar Pradesh,1971,format_001,gonda_civic_001,gonda_civic_1971.pdf,4ad67c907e1a57492e4cb39936a64dd88e8709b8ce311d8377dbfb993a4b8ce1,23,24,6,7,E:\Archival-Digitisation-Project\1971_Trimmed_PDF\Uttar_Pradesh\metadata\document.xlsx,4bf05d889c56070f43e73558469b6cab4e2a96f37cf6cc1e9a7aa54c7efd5abe,2026-08-30T20:19:20.694580+00:00
1,,Barhalganj,,PR (3) KR (2.5),,ST/OSD,,35,,"1,320",,...,,B,,W/HP,,...,,...,,595,,32,,10,,47,,...,,3.0,2.5,ORDINARY,,False,0,gorakhpur_civic_1971,Gorakhpur,Uttar Pradesh,1971,format_001,gorakhpur_civic_001,gorakhpur_civic_1971.pdf,b8771cb6a81ada0253943d22848d684a0620bce41f2d83d5db9954645ef9d712,28,29,6,7,E:\Archival-Digitisation-Project\1971_Trimmed_PDF\Uttar_Pradesh\metadata\document.xlsx,4bf05d889c56070f43e73558469b6cab4e2a96f37cf6cc1e9a7aa54c7efd5abe,2026-08-30T20:22:20.345260+00:00
2,,Gorakhpur,,PR (60) KR (30),,S/ST/OSD,,"5,700",,"20,000",,...,,B/C/MT,,TW/OHT,,"1,500,000 Galls.",,Yes,,"11,312",,524,,"3,357",,"6,345",,...,,60.0,30.0,ORDINARY,,False,1,gorakhpur_civic_1971,Gorakhpur,Uttar Pradesh,1971,format_001,gorakhpur_civic_001,gorakhpur_civic_1971.pdf,b8771cb6a81ada0253943d22848d684a0620bce41f2d83d5db9954645ef9d712,28,29,6,7,E:\Archival-Digitisation-Project\1971_Trimmed_PDF\Uttar_Pradesh\metadata\document.xlsx,4bf05d889c56070f43e73558469b6cab4e2a96f37cf6cc1e9a7aa54c7efd5abe,2026-08-30T20:22:20.345260+00:00
1,,Charkhari,,KR (8) PR (5),,PT/OSD,,100,,"2,500",,...,,HL,,TW/OHT,,"100,000 Gallons",,...,,33,,16,,42,,155,,...,,5.0,8.0,ORDINARY,,False,0,hamirpur_civic_1971,Hamirpur,Uttar Pradesh,1971,format_001,hamirpur_civic_001,hamirpur_civic_1971.pdf,ea7f25854089055025871d159b02c36927a0155f48090ba4ebc5477c2eadc55a,26,27,6,7,E:\Archival-Digitisation-Project\1971_Trimmed_PDF\Uttar_Pradesh\metadata\document.xlsx,4bf05d889c56070f43e73558469b6cab4e2a96f37cf6cc1e9a7aa54c7efd5abe,2026-08-30T20:24:00.494634+00:00
2,,Hamirpur,,KR (0) PR (8.71),,PT/OSD,,178,,"2,399",,125,,HL,,TW/OHT,,"50,000 Gallons",,...,,517,,31,,23,,115,,...,,8.71,0.0,ORDINARY,,False,1,hamirpur_civic_1971,Hamirpur,Uttar Pradesh,1971,format_001,hamirpur_civic_001,hamirpur_civic_1971.pdf,ea7f25854089055025871d159b02c36927a0155f48090ba4ebc5477c2eadc55a,26,27,6,7,E:\Archival-Digitisation-Project\1971_Trimmed_PDF\Uttar_Pradesh\metadata\document.xlsx,4bf05d889c56070f43e73558469b6cab4e2a96f37cf6cc1e9a7aa54c7efd5abe,2026-08-30T20:24:00.494634+00:00
3,,Mahoba,,KR (14) PR (11),,PT/OSD,,200,,"3,500",,300,,B,,TW/OHT,,"200,000 Gallons",,...,,984,,59,,26,,345,,...,,11.0,14.0,ORDINARY,,False,2,hamirpur_civic_1971,Hamirpur,Uttar Pradesh,1971,format_001,hamirpur_civic_001,hamirpur_civic_1971.pdf,ea7f25854089055025871d159b02c36927a0155f48090ba4ebc5477c2eadc55a,26,27,6,7,E:\Archival-Digitisation-Project\1971_Trimmed_PDF\Uttar_Pradesh\metadata\document.xlsx,4bf05d889c56070f43e73558469b6cab4e2a96f37cf6cc1e9a7aa54c7efd5abe,2026-08-30T20:24:00.494634+00:00
4,,Maudaha,,KR (10) PR (6),,PT/OSD,,80,,"3,020",,...,,HL,,TW/OHT,,"50,000 Gallons",,...,,351,,22,,55,,170,,...,,6.0,10.0,ORDINARY,,False,3,hamirpur_civic_1971,Hamirpur,Uttar Pradesh,1971,format_001,hamirpur_civic_001,hamirpur_civic_1971.pdf,ea7f25854089055025871d159b02c36927a0155f48090ba4ebc5477c2eadc55a,26,27,6,7,E:\Archival-Digitisation-Project\1971_Trimmed_PDF\Uttar_Pradesh\metadata\document.xlsx,4bf05d889c56070f43e73558469b6cab4e2a96f37cf6cc1e9a7aa54c7efd5abe,2026-08-30T20:24:00.494634+00:00
5,,Rath,,KR (7) PR (12),,PT/OSD,,142,,"2,734",,...,,HL,,TW/OHT,,"50,000 Gallons",,...,,501,,77,,12,,130,,...,,12.0,7.0,ORDINARY,,False,4,hamirpur_civic_1971,Hamirpur,Uttar Pradesh,1971,format_001,hamirpur_civic_001,hamirpur_civic_1971.pdf,ea7f25854089055025871d159b02c36927a0155f48090ba4ebc5477c2eadc55a,26,27,6,7,E:\Archival-Digitisation-Project\1971_Trimmed_PDF\Uttar_Pradesh\metadata\document.xlsx,4bf05d889c56070f43e73558469b6cab4e2a96f37cf6cc1e9a7aa54c7efd5abe,2026-08-30T20:24:00.494634+00:00
1,,Bilgram,,PR (13) KR (3.2),,OSD,,...,,200,,...,,B/HC,,TW/OHT,,"25,000 Galls.",,...,,216,,13,,40,,87,,...,,13.0,3.2,ORDINARY,,False,0,hardoi_civic_1971,Hardoi,Uttar Pradesh,1971,format_001,hardoi_civic_001,hardoi_civic_1971.pdf,f96856aa941d20e3a9beb3ba13715fbc9bb297c8f9589c405782d90c7cdbf192,30,31,6,7,E:\Archival-Digitisation-Project\1971_Trimmed_PDF\Uttar_Pradesh\metadata\document.xlsx,4bf05d889c56070f43e73558469b6cab4e2a96f37cf6cc1e9a7aa54c7efd5abe,2026-08-30T20:27:10.107324+00:00
2,,Hardoi,,PR (16.7) KR (0),,BD/ST/OSD,,100,,"5,000",,...,,B/HC,,TW/OHT,,"1,17,000 Galls.",,...,,"2,323",,221,,185,,"1,125",,...,,16.7,0.0,ORDINARY,,False,1,hardoi_civic_1971,Hardoi,Uttar Pradesh,1971,format_001,hardoi_civic_001,hardoi_civic_1971.pdf,f96856aa941d20e3a9beb3ba13715fbc9bb297c8f9589c405782d90c7cdbf192,30,31,6,7,E:\Archival-Digitisation-Project\1971_Trimmed_PDF\Uttar_Pradesh\metadata\document.xlsx,4bf05d889c56070f43e73558469b6cab4e2a96f37cf6cc1e9a7aa54c7efd5abe,2026-08-30T20:27:10.107324+00:00
3,,Madhoganj,,PR (4.0) KR (0.0),,ST/OSD,,70,,"1,500",,...,,B,,HP/W,,...,,...,,250,,33,,60,,58,,...,,4.0,0.0,ORDINARY,,False,2,hardoi_civic_1971,Hardoi,Uttar Pradesh,1971,format_001,hardoi_civic_001,hardoi_civic_1971.pdf,f96856aa941d20e3a9beb3ba13715fbc9bb297c8f9589c405782d90c7cdbf192,30,31,6,7,E:\Archival-Digitisation-Project\1971_Trimmed_PDF\Uttar_Pradesh\metadata\document.xlsx,4bf05d889c56070f43e73558469b6cab4e2a96f37cf6cc1e9a7aa54c7efd5abe,2026-08-30T20:27:10.107324+00:00
4,,Pihani,,PR (16) KR (1.5),,OSD,,...,,"1,500",,...,,B,,HP/W,,...,,...,,250,,9,,50,,42,,...,,16.0,1.5,ORDINARY,,False,3,hardoi_civic_1971,Hardoi,Uttar Pradesh,1971,format_001,hardoi_civic_001,hardoi_civic_1971.pdf,f96856aa941d20e3a9beb3ba13715fbc9bb297c8f9589c405782d90c7cdbf192,30,31,6,7,E:\Archival-Digitisation-Project\1971_Trimmed_PDF\Uttar_Pradesh\metadata\document.xlsx,4bf05d889c56070f43e73558469b6cab4e2a96f37cf6cc1e9a7aa54c7efd5abe,2026-08-30T20:27:10.107324+00:00
5,,Sandi,,PR (10.3) KR (3),,ST/OSD,,15,,800,,...,,B,,HP,,...,,...,,355,,40,,45,,91,,...,,10.3,3.0,ORDINARY,,False,4,hardoi_civic_1971,Hardoi,Uttar Pradesh,1971,format_001,hardoi_civic_001,hardoi_civic_1971.pdf,f96856aa941d20e3a9beb3ba13715fbc9bb297c8f9589c405782d90c7cdbf192,30,31,6,7,E:\Archival-Digitisation-Project\1971_Trimmed_PDF\Uttar_Pradesh\metadata\document.xlsx,4bf05d889c56070f43e73558469b6cab4e2a96f37cf6cc1e9a7aa54c7efd5abe,2026-08-30T20:27:10.107324+00:00
6,,Sandila,,PR (30.7) KR (6.2),,ST/OSD,,20,,"1,500",,...,,B/HC/MT,,TW/OHT,,"50,000 Galls.",,...,,513,,44,,56,,100,,...,,30.7,6.2,ORDINARY,,False,5,hardoi_civic_1971,Hardoi,Uttar Pradesh,1971,format_001,hardoi_civic_001,hardoi_civic_1971.pdf,f96856aa941d20e3a9beb3ba13715fbc9bb297c8f9589c405782d90c7cdbf192,30,31,6,7,E:\Archival-Digitisation-Project\1971_Trimmed_PDF\Uttar_Pradesh\metadata\document.xlsx,4bf05d889c56070f43e73558469b6cab4e2a96f37cf6cc1e9a7aa54c7efd5abe,2026-08-30T20:27:10.107324+00:00
7,,Shahabad,,PR (20.6) KR (7.6),,ST/OSD,,45,,"4,516",,...,,B/HC,,HP/W,,...,,...,,360,,64,,200,,182,,...,,20.6,7.6,ORDINARY,,False,6,hardoi_civic_1971,Hardoi,Uttar Pradesh,1971,format_001,hardoi_civic_001,hardoi_civic_1971.pdf,f96856aa941d20e3a9beb3ba13715fbc9bb297c8f9589c405782d90c7cdbf192,30,31,6,7,E:\Archival-Digitisation-Project\1971_Trimmed_PDF\Uttar_Pradesh\metadata\document.xlsx,4bf05d889c56070f43e73558469b6cab4e2a96f37cf6cc1e9a7aa54c7efd5abe,2026-08-30T20:27:10.107324+00:00
1,,Jalaun,,KR (12) PR (8),,PT/OSD,,25,,"1,500",,30,,B,,TW/OHT,,"50,000 Galls.",,...,,269,,38,,213,,180,,...,,8.0,12.0,ORDINARY,,False,0,jalaun_civic_1971,Jalaun,Uttar Pradesh,1971,format_001,jalaun_civic_001,jalaun_civic_1971.pdf,9ab772c5710186801e4f99331d94372ffca47c12fcf7df43e3589c64fa518e29,25,26,6,7,E:\Archival-Digitisation-Project\1971_Trimmed_PDF\Uttar_Pradesh\metadata\document.xlsx,4bf05d889c56070f43e73558469b6cab4e2a96f37cf6cc1e9a7aa54c7efd5abe,2026-08-30T20:31:27.078318+00:00
2,,Kalpi,,KR (7.5) PR (12.5),,PT/OSD,,50,,"4,000",,...,,B/HL,,TW/OHT,,"50,000 Galls.",,...,,896,,18,,40,,254,,...,,12.5,7.5,ORDINARY,,False,1,jalaun_civic_1971,Jalaun,Uttar Pradesh,1971,format_001,jalaun_civic_001,jalaun_civic_1971.pdf,9ab772c5710186801e4f99331d94372ffca47c12fcf7df43e3589c64fa518e29,25,26,6,7,E:\Archival-Digitisation-Project\1971_Trimmed_PDF\Uttar_Pradesh\metadata\document.xlsx,4bf05d889c56070f43e73558469b6cab4e2a96f37cf6cc1e9a7aa54c7efd5abe,2026-08-30T20:31:27.078318+00:00
3,,Konch,,KR (10) PR (8),,PT/OSD,,45,,"3,004",,...,,HL,,TW/OHT,,"75,000 Galls.",,...,,"1,042",,62,,12,,310,,...,,8.0,10.0,ORDINARY,,False,2,jalaun_civic_1971,Jalaun,Uttar Pradesh,1971,format_001,jalaun_civic_001,jalaun_civic_1971.pdf,9ab772c5710186801e4f99331d94372ffca47c12fcf7df43e3589c64fa518e29,25,26,6,7,E:\Archival-Digitisation-Project\1971_Trimmed_PDF\Uttar_Pradesh\metadata\document.xlsx,4bf05d889c56070f43e73558469b6cab4e2a96f37cf6cc1e9a7aa54c7efd5abe,2026-08-30T20:31:27.078318+00:00
4,,Orai,,KR (15) PR (12),,S/OSD,,250,,"2,500",,-,,B/HL,,TW/OHT,,"72,600 Galls.",,...,,"2,364",,70,,88,,615,,...,,12.0,15.0,ORDINARY,,False,3,jalaun_civic_1971,Jalaun,Uttar Pradesh,1971,format_001,jalaun_civic_001,jalaun_civic_1971.pdf,9ab772c5710186801e4f99331d94372ffca47c12fcf7df43e3589c64fa518e29,25,26,6,7,E:\Archival-Digitisation-Project\1971_Trimmed_PDF\Uttar_Pradesh\metadata\document.xlsx,4bf05d889c56070f43e73558469b6cab4e2a96f37cf6cc1e9a7aa54c7efd5abe,2026-08-30T20:31:27.078318+00:00
1,,Jaunpur,,PR (35) KR (59),,PT/OSD,,60,,"2,125",,...,,HC,,TW/OHT,,"540,000 Galls.",,Yes,,"3,219",,238,,"1,745",,"1,018",,...,,35.0,59.0,ORDINARY,,False,0,jaunpur_civic_1971,Jaunpur,Uttar Pradesh,1971,format_001,jaunpur_civic_001,jaunpur_civic_1971.pdf,b8ad558635abc452e32a492113035f0ca28800e6a53cf4d30e6318a2cb51228b,27,28,6,7,E:\Archival-Digitisation-Project\1971_Trimmed_PDF\Uttar_Pradesh\metadata\document.xlsx,4bf05d889c56070f43e73558469b6cab4e2a96f37cf6cc1e9a7aa54c7efd5abe,2026-08-30T20:35:03.342971+00:00
2,,Kerakat,,PR (4) KR (0),,OSD,,...,,120,,...,,B,,TW/OHT,,"20,000 Galls.",,...,,300,,17,,20,,32,,...,,4.0,0.0,ORDINARY,,False,1,jaunpur_civic_1971,Jaunpur,Uttar Pradesh,1971,format_001,jaunpur_civic_001,jaunpur_civic_1971.pdf,b8ad558635abc452e32a492113035f0ca28800e6a53cf4d30e6318a2cb51228b,27,28,6,7,E:\Archival-Digitisation-Project\1971_Trimmed_PDF\Uttar_Pradesh\metadata\document.xlsx,4bf05d889c56070f43e73558469b6cab4e2a96f37cf6cc1e9a7aa54c7efd5abe,2026-08-30T20:35:03.342971+00:00
3,,Machhli shahr,,PR (2) KR (0),,OSD,,-,,935,,...,,B,,HP,,...,,...,,242,,19,,...,,20,,...,,2.0,0.0,ORDINARY,,False,2,jaunpur_civic_1971,Jaunpur,Uttar Pradesh,1971,format_001,jaunpur_civic_001,jaunpur_civic_1971.pdf,b8ad558635abc452e32a492113035f0ca28800e6a53cf4d30e6318a2cb51228b,27,28,6,7,E:\Archival-Digitisation-Project\1971_Trimmed_PDF\Uttar_Pradesh\metadata\document.xlsx,4bf05d889c56070f43e73558469b6cab4e2a96f37cf6cc1e9a7aa54c7efd5abe,2026-08-30T20:35:03.342971+00:00
4,,Mariahu,,PR (2) KR (2),,OSD,,...,,141,,...,,B,,TW/OHT,,"5,000 Galls.",,...,,295,,21,,...,,15,,...,,2.0,2.0,ORDINARY,,False,3,jaunpur_civic_1971,Jaunpur,Uttar Pradesh,1971,format_001,jaunpur_civic_001,jaunpur_civic_1971.pdf,b8ad558635abc452e32a492113035f0ca28800e6a53cf4d30e6318a2cb51228b,27,28,6,7,E:\Archival-Digitisation-Project\1971_Trimmed_PDF\Uttar_Pradesh\metadata\document.xlsx,4bf05d889c56070f43e73558469b6cab4e2a96f37cf6cc1e9a7aa54c7efd5abe,2026-08-30T20:35:03.342971+00:00
5,,Mongra Badshahpur,,PR (8) KR (10),,PT/OSD,,250,,250,,...,,B,,TW/OHT,,"20,000 Galls.",,...,,335,,31,,26,,112,,...,,8.0,10.0,ORDINARY,,False,4,jaunpur_civic_1971,Jaunpur,Uttar Pradesh,1971,format_001,jaunpur_civic_001,jaunpur_civic_1971.pdf,b8ad558635abc452e32a492113035f0ca28800e6a53cf4d30e6318a2cb51228b,27,28,6,7,E:\Archival-Digitisation-Project\1971_Trimmed_PDF\Uttar_Pradesh\metadata\document.xlsx,4bf05d889c56070f43e73558469b6cab4e2a96f37cf6cc1e9a7aa54c7efd5abe,2026-08-30T20:35:03.342971+00:00
6,,Shahganj,,PR (6) KR (1),,PT/OSD,,9,,551,,...,,B,,HP,,...,,...,,838,,57,,...,,156,,...,,6.0,1.0,ORDINARY,,False,5,jaunpur_civic_1971,Jaunpur,Uttar Pradesh,1971,format_001,jaunpur_civic_001,jaunpur_civic_1971.pdf,b8ad558635abc452e32a492113035f0ca28800e6a53cf4d30e6318a2cb51228b,27,28,6,7,E:\Archival-Digitisation-Project\1971_Trimmed_PDF\Uttar_Pradesh\metadata\document.xlsx,4bf05d889c56070f43e73558469b6cab4e2a96f37cf6cc1e9a7aa54c7efd5abe,2026-08-30T20:35:03.342971+00:00
1,,Babina Cantt.,,PR (8) KR (2),,PT/OSD,,400,,"1,395",,...,,B/HC,,W/HP,,...,,...,,256,,18,,64,,32,,...,,8.0,2.0,ORDINARY,,False,0,jhansi_civic_1971,Jhansi,Uttar Pradesh,1971,format_001,jhansi_civic_001,jhansi_civic_1971.pdf,a5be100b9d40b16ce260272f50f4a852da48fb53bd46f3510ab4606b5c85f796,35,36,10,11,E:\Archival-Digitisation-Project\1971_Trimmed_PDF\Uttar_Pradesh\metadata\document.xlsx,4bf05d889c56070f43e73558469b6cab4e2a96f37cf6cc1e9a7aa54c7efd5abe,2026-08-30T20:39:02.064448+00:00
2,,Chirgaon,,PR (4) KR (2.4),,OSD,,...,,350,,60,,B/HC,,W/HP,,...,,...,,511,,...,,27,,110,,...,,4.0,2.4,ORDINARY,,False,1,jhansi_civic_1971,Jhansi,Uttar Pradesh,1971,format_001,jhansi_civic_001,jhansi_civic_1971.pdf,a5be100b9d40b16ce260272f50f4a852da48fb53bd46f3510ab4606b5c85f796,35,36,10,11,E:\Archival-Digitisation-Project\1971_Trimmed_PDF\Uttar_Pradesh\metadata\document.xlsx,4bf05d889c56070f43e73558469b6cab4e2a96f37cf6cc1e9a7aa54c7efd5abe,2026-08-30T20:39:02.064448+00:00
3,,Gursarai,,PR (3.5) KR (4),,PT/OSD,,10,,225,,50,,HC,,W/HP,,...,,...,,275,,...,,9,,84,,...,,3.5,4.0,ORDINARY,,False,2,jhansi_civic_1971,Jhansi,Uttar Pradesh,1971,format_001,jhansi_civic_001,jhansi_civic_1971.pdf,a5be100b9d40b16ce260272f50f4a852da48fb53bd46f3510ab4606b5c85f796,35,36,10,11,E:\Archival-Digitisation-Project\1971_Trimmed_PDF\Uttar_Pradesh\metadata\document.xlsx,4bf05d889c56070f43e73558469b6cab4e2a96f37cf6cc1e9a7aa54c7efd5abe,2026-08-30T20:39:02.064448+00:00
4,,Hansari Gird,,PR (4) KR (2),,OSD,,...,,60,,...,,B/HC,,W/HP,,...,,...,,30,,9,,8,,10,,...,,4.0,2.0,ORDINARY,,False,3,jhansi_civic_1971,Jhansi,Uttar Pradesh,1971,format_001,jhansi_civic_001,jhansi_civic_1971.pdf,a5be100b9d40b16ce260272f50f4a852da48fb53bd46f3510ab4606b5c85f796,35,36,10,11,E:\Archival-Digitisation-Project\1971_Trimmed_PDF\Uttar_Pradesh\metadata\document.xlsx,4bf05d889c56070f43e73558469b6cab4e2a96f37cf6cc1e9a7aa54c7efd5abe,2026-08-30T20:39:02.064448+00:00
5,,Jhansi,,,,,,,,,,,,,,,,,,,,,,,,,,,,,,,,CROSS_REFERENCE,Jhansi City Urban Agglomeration,False,4,jhansi_civic_1971,Jhansi,Uttar Pradesh,1971,format_001,jhansi_civic_001,jhansi_civic_1971.pdf,a5be100b9d40b16ce260272f50f4a852da48fb53bd46f3510ab4606b5c85f796,35,36,10,11,E:\Archival-Digitisation-Project\1971_Trimmed_PDF\Uttar_Pradesh\metadata\document.xlsx,4bf05d889c56070f43e73558469b6cab4e2a96f37cf6cc1e9a7aa54c7efd5abe,2026-08-30T20:39:02.064448+00:00
6,,Jhansi Cantt.,,,,,,,,,,,,,,,,,,,,,,,,,,,,,,,,CROSS_REFERENCE,Jhansi City Urban Agglomeration,False,5,jhansi_civic_1971,Jhansi,Uttar Pradesh,1971,format_001,jhansi_civic_001,jhansi_civic_1971.pdf,a5be100b9d40b16ce260272f50f4a852da48fb53bd46f3510ab4606b5c85f796,35,36,10,11,E:\Archival-Digitisation-Project\1971_Trimmed_PDF\Uttar_Pradesh\metadata\document.xlsx,4bf05d889c56070f43e73558469b6cab4e2a96f37cf6cc1e9a7aa54c7efd5abe,2026-08-30T20:39:02.064448+00:00
7,,Jhansi Rly. Settlement,,,,,,,,,,,,,,,,,,,,,,,,,,,,,,,CROSS_REFERENCE,CROSS_REFERENCE,Jhansi City Urban Agglomeration,False,6,jhansi_civic_1971,Jhansi,Uttar Pradesh,1971,format_001,jhansi_civic_001,jhansi_civic_1971.pdf,a5be100b9d40b16ce260272f50f4a852da48fb53bd46f3510ab4606b5c85f796,35,36,10,11,E:\Archival-Digitisation-Project\1971_Trimmed_PDF\Uttar_Pradesh\metadata\document.xlsx,4bf05d889c56070f43e73558469b6cab4e2a96f37cf6cc1e9a7aa54c7efd5abe,2026-08-30T20:39:02.064448+00:00
,,Jhansi City Urban Agglomeration,,PR (136.5) KR (52.5),,PT/OSD,,"2,189",,"9,053",,...,,B/HC/HL/MT,,W/TW/OHT,,"5,065,066 Galls.",,Yes,,"10,594",,394,,344,,"2,963",,...,,136.5,52.5,AGGREGATE,,False,7,jhansi_civic_1971,Jhansi,Uttar Pradesh,1971,format_001,jhansi_civic_001,jhansi_civic_1971.pdf,a5be100b9d40b16ce260272f50f4a852da48fb53bd46f3510ab4606b5c85f796,35,36,10,11,E:\Archival-Digitisation-Project\1971_Trimmed_PDF\Uttar_Pradesh\metadata\document.xlsx,4bf05d889c56070f43e73558469b6cab4e2a96f37cf6cc1e9a7aa54c7efd5abe,2026-08-30T20:39:02.064448+00:00
(i),,Jhansi,,PR (82.0) KR (40.5),,PT/OSD,,"1,600",,"5,600",,...,,B/HC,,W/TW/OHT,,"4,280,000 Galls.",,Yes,,"8,574",,371,,137,,"1,800",,...,,82.0,40.5,COMPONENT,,False,8,jhansi_civic_1971,Jhansi,Uttar Pradesh,1971,format_001,jhansi_civic_001,jhansi_civic_1971.pdf,a5be100b9d40b16ce260272f50f4a852da48fb53bd46f3510ab4606b5c85f796,35,36,10,11,E:\Archival-Digitisation-Project\1971_Trimmed_PDF\Uttar_Pradesh\metadata\document.xlsx,4bf05d889c56070f43e73558469b6cab4e2a96f37cf6cc1e9a7aa54c7efd5abe,2026-08-30T20:39:02.064448+00:00
(ii),,Jhansi Cantt.,,PR (40) KR (12),,PT/OSD,,130,,"1,820",,...,,B/HL,,W/TW/OHT,,"48,000 Galls.",,...,,350,,20,,200,,323,,...,,40.0,12.0,COMPONENT,,False,9,jhansi_civic_1971,Jhansi,Uttar Pradesh,1971,format_001,jhansi_civic_001,jhansi_civic_1971.pdf,a5be100b9d40b16ce260272f50f4a852da48fb53bd46f3510ab4606b5c85f796,35,36,10,11,E:\Archival-Digitisation-Project\1971_Trimmed_PDF\Uttar_Pradesh\metadata\document.xlsx,4bf05d889c56070f43e73558469b6cab4e2a96f37cf6cc1e9a7aa54c7efd5abe,2026-08-30T20:39:02.064448+00:00
(iii),,Jhansi Rly. Settlement,,PR (14.5) KR (0),,PT/OSD,,459,,"1,633",,...,,B/MT,,TW/OHT,,"737,066 Galls.",,Yes,,"1,670",,3,,7,,840,,...,,14.5,0.0,COMPONENT,,False,10,jhansi_civic_1971,Jhansi,Uttar Pradesh,1971,format_001,jhansi_civic_001,jhansi_civic_1971.pdf,a5be100b9d40b16ce260272f50f4a852da48fb53bd46f3510ab4606b5c85f796,35,36,10,11,E:\Archival-Digitisation-Project\1971_Trimmed_PDF\Uttar_Pradesh\metadata\document.xlsx,4bf05d889c56070f43e73558469b6cab4e2a96f37cf6cc1e9a7aa54c7efd5abe,2026-08-30T20:39:02.064448+00:00
8,,Lalitpur,,PR (13) KR (5.5),,PT/OSD,,60,,"2,000",,...,,,,TW/OHT,,"350,000 Galls.",,...,,980,,...,,34,,"1,000",,...,,13.0,5.5,ORDINARY,,False,11,jhansi_civic_1971,Jhansi,Uttar Pradesh,1971,format_001,jhansi_civic_001,jhansi_civic_1971.pdf,a5be100b9d40b16ce260272f50f4a852da48fb53bd46f3510ab4606b5c85f796,35,36,10,11,E:\Archival-Digitisation-Project\1971_Trimmed_PDF\Uttar_Pradesh\metadata\document.xlsx,4bf05d889c56070f43e73558469b6cab4e2a96f37cf6cc1e9a7aa54c7efd5abe,2026-08-30T20:39:02.064448+00:00
9,,Mauranipur,,PR (17) KR (6.5),,PT/OSD,,15,,"3,000",,...,,B,,TW/OHT,,"200,000 Galls.",,...,,"1,135",,11,,75,,140,,...,,17.0,6.5,ORDINARY,,False,12,jhansi_civic_1971,Jhansi,Uttar Pradesh,1971,format_001,jhansi_civic_001,jhansi_civic_1971.pdf,a5be100b9d40b16ce260272f50f4a852da48fb53bd46f3510ab4606b5c85f796,35,36,10,11,E:\Archival-Digitisation-Project\1971_Trimmed_PDF\Uttar_Pradesh\metadata\document.xlsx,4bf05d889c56070f43e73558469b6cab4e2a96f37cf6cc1e9a7aa54c7efd5abe,2026-08-30T20:39:02.064448+00:00
10,,Ranipur,,PR (14) KR (6.5),,OSD,,...,,"1,000",,...,,HC,,W/HP,,...,,...,,144,,...,,13,,40,,...,,14.0,6.5,ORDINARY,,False,13,jhansi_civic_1971,Jhansi,Uttar Pradesh,1971,format_001,jhansi_civic_001,jhansi_civic_1971.pdf,a5be100b9d40b16ce260272f50f4a852da48fb53bd46f3510ab4606b5c85f796,35,36,10,11,E:\Archival-Digitisation-Project\1971_Trimmed_PDF\Uttar_Pradesh\metadata\document.xlsx,4bf05d889c56070f43e73558469b6cab4e2a96f37cf6cc1e9a7aa54c7efd5abe,2026-08-30T20:39:02.064448+00:00
11,,Samthar,,PR (2) KR (1),,OSD,,...,,235,,45,,C,,TW/OHT,,"36,000 Galls.",,...,,650,,10,,50,,100,,...,,2.0,1.0,ORDINARY,,False,14,jhansi_civic_1971,Jhansi,Uttar Pradesh,1971,format_001,jhansi_civic_001,jhansi_civic_1971.pdf,a5be100b9d40b16ce260272f50f4a852da48fb53bd46f3510ab4606b5c85f796,35,36,10,11,E:\Archival-Digitisation-Project\1971_Trimmed_PDF\Uttar_Pradesh\metadata\document.xlsx,4bf05d889c56070f43e73558469b6cab4e2a96f37cf6cc1e9a7aa54c7efd5abe,2026-08-30T20:39:02.064448+00:00
12,,Talbehat,,PR (1.5) KR (1),,OSD,,...,,900,,...,,HC,,W/HP,,...,,...,,178,,15,,20,,56,,...,,1.5,1.0,ORDINARY,,False,15,jhansi_civic_1971,Jhansi,Uttar Pradesh,1971,format_001,jhansi_civic_001,jhansi_civic_1971.pdf,a5be100b9d40b16ce260272f50f4a852da48fb53bd46f3510ab4606b5c85f796,35,36,10,11,E:\Archival-Digitisation-Project\1971_Trimmed_PDF\Uttar_Pradesh\metadata\document.xlsx,4bf05d889c56070f43e73558469b6cab4e2a96f37cf6cc1e9a7aa54c7efd5abe,2026-08-30T20:39:02.064448+00:00
1,,Armapur Estate,,,,,,,,,,,,,,,,,,,,,,,,,,,,,,,,CROSS_REFERENCE,Kanpur City Urban Agglomeration,False,0,kanpur_civic_1971,Kanpur,Uttar Pradesh,1971,format_001,kanpur_civic_001,kanpur_civic_1971.pdf,61ef82de6fc98573095288a86667005fd4df57958a359f45c2454fdfa7414b7e,31,32,10,11,E:\Archival-Digitisation-Project\1971_Trimmed_PDF\Uttar_Pradesh\metadata\document.xlsx,4bf05d889c56070f43e73558469b6cab4e2a96f37cf6cc1e9a7aa54c7efd5abe,2026-08-30T20:46:27.332065+00:00
2,,Central Rly. Colony,,,,,,,,,,,,,,,,,,,,,,,,,,,,,,,,CROSS_REFERENCE,Kanpur City Urban Agglomeration,False,1,kanpur_civic_1971,Kanpur,Uttar Pradesh,1971,format_001,kanpur_civic_001,kanpur_civic_1971.pdf,61ef82de6fc98573095288a86667005fd4df57958a359f45c2454fdfa7414b7e,31,32,10,11,E:\Archival-Digitisation-Project\1971_Trimmed_PDF\Uttar_Pradesh\metadata\document.xlsx,4bf05d889c56070f43e73558469b6cab4e2a96f37cf6cc1e9a7aa54c7efd5abe,2026-08-30T20:46:27.332065+00:00
3,,Chakeri,,,,,,,,,,,,,,,,,,,,,,,,,,,,,,,,CROSS_REFERENCE,Kanpur City Urban Agglomeration,False,2,kanpur_civic_1971,Kanpur,Uttar Pradesh,1971,format_001,kanpur_civic_001,kanpur_civic_1971.pdf,61ef82de6fc98573095288a86667005fd4df57958a359f45c2454fdfa7414b7e,31,32,10,11,E:\Archival-Digitisation-Project\1971_Trimmed_PDF\Uttar_Pradesh\metadata\document.xlsx,4bf05d889c56070f43e73558469b6cab4e2a96f37cf6cc1e9a7aa54c7efd5abe,2026-08-30T20:46:27.332065+00:00
4,,I. I. T.,,,,,,,,,,,,,,,,,,,,,,,,,,,,,,,,CROSS_REFERENCE,Kanpur City Urban Agglomeration,False,3,kanpur_civic_1971,Kanpur,Uttar Pradesh,1971,format_001,kanpur_civic_001,kanpur_civic_1971.pdf,61ef82de6fc98573095288a86667005fd4df57958a359f45c2454fdfa7414b7e,31,32,10,11,E:\Archival-Digitisation-Project\1971_Trimmed_PDF\Uttar_Pradesh\metadata\document.xlsx,4bf05d889c56070f43e73558469b6cab4e2a96f37cf6cc1e9a7aa54c7efd5abe,2026-08-30T20:46:27.332065+00:00
5,,Kanpur,,,,,,,,,,,,,,,,,,,,,,,,,,,,,,,,CROSS_REFERENCE,Kanpur City Urban Agglomeration,False,4,kanpur_civic_1971,Kanpur,Uttar Pradesh,1971,format_001,kanpur_civic_001,kanpur_civic_1971.pdf,61ef82de6fc98573095288a86667005fd4df57958a359f45c2454fdfa7414b7e,31,32,10,11,E:\Archival-Digitisation-Project\1971_Trimmed_PDF\Uttar_Pradesh\metadata\document.xlsx,4bf05d889c56070f43e73558469b6cab4e2a96f37cf6cc1e9a7aa54c7efd5abe,2026-08-30T20:46:27.332065+00:00
6,,Kanpur Cantt.,,,,,,,,,,,,,,,,,,,,,,,,,,,,,,,,CROSS_REFERENCE,Kanpur City Urban Agglomeration,False,5,kanpur_civic_1971,Kanpur,Uttar Pradesh,1971,format_001,kanpur_civic_001,kanpur_civic_1971.pdf,61ef82de6fc98573095288a86667005fd4df57958a359f45c2454fdfa7414b7e,31,32,10,11,E:\Archival-Digitisation-Project\1971_Trimmed_PDF\Uttar_Pradesh\metadata\document.xlsx,4bf05d889c56070f43e73558469b6cab4e2a96f37cf6cc1e9a7aa54c7efd5abe,2026-08-30T20:46:27.332065+00:00
,,Kanpur City Urban Agglomeration,,PR (934.4) KR (35),,S/PT/OSD,,"104,812",,"48,886",,28,,B/MT/HC,,TW/OHT,,"1,471,700 Galls.",,Yes,,"72,178",,"3,986",,"21,065",,"23,182",,...,,934.4,35.0,AGGREGATE,,False,6,kanpur_civic_1971,Kanpur,Uttar Pradesh,1971,format_001,kanpur_civic_001,kanpur_civic_1971.pdf,61ef82de6fc98573095288a86667005fd4df57958a359f45c2454fdfa7414b7e,31,32,10,11,E:\Archival-Digitisation-Project\1971_Trimmed_PDF\Uttar_Pradesh\metadata\document.xlsx,4bf05d889c56070f43e73558469b6cab4e2a96f37cf6cc1e9a7aa54c7efd5abe,2026-08-30T20:46:27.332065+00:00
(i),,Armapur Estate,,PR (22) KR (0),,PT/OSD,,"2,626",,370,,...,,MT,,TW/OHT,,"311,400 Galls.",,Yes,,"1,400",,3,,26,,631,,...,,22.0,0.0,COMPONENT,,False,7,kanpur_civic_1971,Kanpur,Uttar Pradesh,1971,format_001,kanpur_civic_001,kanpur_civic_1971.pdf,61ef82de6fc98573095288a86667005fd4df57958a359f45c2454fdfa7414b7e,31,32,10,11,E:\Archival-Digitisation-Project\1971_Trimmed_PDF\Uttar_Pradesh\metadata\document.xlsx,4bf05d889c56070f43e73558469b6cab4e2a96f37cf6cc1e9a7aa54c7efd5abe,2026-08-30T20:46:27.332065+00:00
(ii),,Central Rly. Colony,,PR (3) KR (0),,PT/OSD,,44,,67,,28,,HC,,TW/OHT,,"52,300 Galls.",,...,,47,,5,,...,,27,,...,,3.0,0.0,COMPONENT,,False,8,kanpur_civic_1971,Kanpur,Uttar Pradesh,1971,format_001,kanpur_civic_001,kanpur_civic_1971.pdf,61ef82de6fc98573095288a86667005fd4df57958a359f45c2454fdfa7414b7e,31,32,10,11,E:\Archival-Digitisation-Project\1971_Trimmed_PDF\Uttar_Pradesh\metadata\document.xlsx,4bf05d889c56070f43e73558469b6cab4e2a96f37cf6cc1e9a7aa54c7efd5abe,2026-08-30T20:46:27.332065+00:00
(iii),,Chakeri,,N. A.,,,,N. A.,,N. A.,,,,N. A.,,,,Not Available,,,,Not Available,,...,,7,,595,,...,,,,COMPONENT,,False,9,kanpur_civic_1971,Kanpur,Uttar Pradesh,1971,format_001,kanpur_civic_001,kanpur_civic_1971.pdf,61ef82de6fc98573095288a86667005fd4df57958a359f45c2454fdfa7414b7e,31,32,10,11,E:\Archival-Digitisation-Project\1971_Trimmed_PDF\Uttar_Pradesh\metadata\document.xlsx,4bf05d889c56070f43e73558469b6cab4e2a96f37cf6cc1e9a7aa54c7efd5abe,2026-08-30T20:46:27.332065+00:00
(iv),,I. I. T.,,PR (14.4) KR (0),,S,,"1,262",,...,,...,,...,,,,Not Available,,,,835,,...,,7,,595,,...,,14.4,0.0,COMPONENT,,False,10,kanpur_civic_1971,Kanpur,Uttar Pradesh,1971,format_001,kanpur_civic_001,kanpur_civic_1971.pdf,61ef82de6fc98573095288a86667005fd4df57958a359f45c2454fdfa7414b7e,31,32,10,11,E:\Archival-Digitisation-Project\1971_Trimmed_PDF\Uttar_Pradesh\metadata\document.xlsx,4bf05d889c56070f43e73558469b6cab4e2a96f37cf6cc1e9a7aa54c7efd5abe,2026-08-30T20:46:27.332065+00:00
(v),,Kanpur,,PR (850) KR (26),,S/OSD,,"100,058",,"42,803",,...,,B/HC/MT,,TW/OHT,,"800,000 Galls.",,Yes,,"59,916",,"1,037",,"20,836",,"19,837",,...,,850.0,26.0,COMPONENT,,False,11,kanpur_civic_1971,Kanpur,Uttar Pradesh,1971,format_001,kanpur_civic_001,kanpur_civic_1971.pdf,61ef82de6fc98573095288a86667005fd4df57958a359f45c2454fdfa7414b7e,31,32,10,11,E:\Archival-Digitisation-Project\1971_Trimmed_PDF\Uttar_Pradesh\metadata\document.xlsx,4bf05d889c56070f43e73558469b6cab4e2a96f37cf6cc1e9a7aa54c7efd5abe,2026-08-30T20:46:27.332065+00:00
(vi),,Kanpur Cantt.,,PR (29) KR (6),,S/OSD,,168,,"1,583",,...,,MT,,TW/OHT,,"50,000 Galls.",,...,,"2,000",,N.A.,,110,,764,,...,,29.0,6.0,COMPONENT,,False,12,kanpur_civic_1971,Kanpur,Uttar Pradesh,1971,format_001,kanpur_civic_001,kanpur_civic_1971.pdf,61ef82de6fc98573095288a86667005fd4df57958a359f45c2454fdfa7414b7e,31,32,10,11,E:\Archival-Digitisation-Project\1971_Trimmed_PDF\Uttar_Pradesh\metadata\document.xlsx,4bf05d889c56070f43e73558469b6cab4e2a96f37cf6cc1e9a7aa54c7efd5abe,2026-08-30T20:46:27.332065+00:00
(vii),,Northern Rly. Colony,,PR (8) KR (3),,S/OSD,,500,,"3,900",,...,,HC,,TW/OHT,,"100,000 Galls.",,...,,"7,480",,"2,941",,50,,"1,200",,...,,8.0,3.0,COMPONENT,,False,13,kanpur_civic_1971,Kanpur,Uttar Pradesh,1971,format_001,kanpur_civic_001,kanpur_civic_1971.pdf,61ef82de6fc98573095288a86667005fd4df57958a359f45c2454fdfa7414b7e,31,32,10,11,E:\Archival-Digitisation-Project\1971_Trimmed_PDF\Uttar_Pradesh\metadata\document.xlsx,4bf05d889c56070f43e73558469b6cab4e2a96f37cf6cc1e9a7aa54c7efd5abe,2026-08-30T20:46:27.332065+00:00
(viii),,Rawatpur Station Yard,,PR (8) KR (0),,S/OSD,,154,,86,,...,,HC,,TW/OHT,,"108,000 Galls.",,...,,500,,...,,36,,128,,...,,8.0,0.0,COMPONENT,,False,14,kanpur_civic_1971,Kanpur,Uttar Pradesh,1971,format_001,kanpur_civic_001,kanpur_civic_1971.pdf,61ef82de6fc98573095288a86667005fd4df57958a359f45c2454fdfa7414b7e,31,32,10,11,E:\Archival-Digitisation-Project\1971_Trimmed_PDF\Uttar_Pradesh\metadata\document.xlsx,4bf05d889c56070f43e73558469b6cab4e2a96f37cf6cc1e9a7aa54c7efd5abe,2026-08-30T20:46:27.332065+00:00
7,,Northern Rly. Colony,,,,,,,,,,,,,,,,,,,,,,,,,,,,,,,,CROSS_REFERENCE,Kanpur City Urban Agglomeration,False,15,kanpur_civic_1971,Kanpur,Uttar Pradesh,1971,format_001,kanpur_civic_001,kanpur_civic_1971.pdf,61ef82de6fc98573095288a86667005fd4df57958a359f45c2454fdfa7414b7e,31,32,10,11,E:\Archival-Digitisation-Project\1971_Trimmed_PDF\Uttar_Pradesh\metadata\document.xlsx,4bf05d889c56070f43e73558469b6cab4e2a96f37cf6cc1e9a7aa54c7efd5abe,2026-08-30T20:46:27.332065+00:00
8,,Pukhrayan,,PR (8) KR (9),,ST/OSD,,26,,"1,185",,...,,B/HC,,TW/OHT,,"15,000 Galls.",,...,,410,,9,,30,,83,,...,,8.0,9.0,ORDINARY,,False,16,kanpur_civic_1971,Kanpur,Uttar Pradesh,1971,format_001,kanpur_civic_001,kanpur_civic_1971.pdf,61ef82de6fc98573095288a86667005fd4df57958a359f45c2454fdfa7414b7e,31,32,10,11,E:\Archival-Digitisation-Project\1971_Trimmed_PDF\Uttar_Pradesh\metadata\document.xlsx,4bf05d889c56070f43e73558469b6cab4e2a96f37cf6cc1e9a7aa54c7efd5abe,2026-08-30T20:46:27.332065+00:00
9,,Rawatpur Station Yard,,,,,,,,,,,,,,,,,,,,,,,,,,,,,,,,CROSS_REFERENCE,Kanpur City Urban Agglomeration,False,17,kanpur_civic_1971,Kanpur,Uttar Pradesh,1971,format_001,kanpur_civic_001,kanpur_civic_1971.pdf,61ef82de6fc98573095288a86667005fd4df57958a359f45c2454fdfa7414b7e,31,32,10,11,E:\Archival-Digitisation-Project\1971_Trimmed_PDF\Uttar_Pradesh\metadata\document.xlsx,4bf05d889c56070f43e73558469b6cab4e2a96f37cf6cc1e9a7aa54c7efd5abe,2026-08-30T20:46:27.332065+00:00
1,,Gola Gokaran Nath,,PR (46.4) KR (3),,PT/OSD,,212,,"2,356",,14,,HC,,TW/OHT,,"50,000 Galls.",,...,,443,,62,,647,,200,,...,,46.4,3.0,ORDINARY,,False,0,kheri_civic_1971,Kheri,Uttar Pradesh,1971,format_001,kheri_civic_001,kheri_civic_1971.pdf,3ff8b29bb398bf4cee5a944079cbe64105bea3c2115a569ad6d94b0fac04c856,27,28,6,7,E:\Archival-Digitisation-Project\1971_Trimmed_PDF\Uttar_Pradesh\metadata\document.xlsx,4bf05d889c56070f43e73558469b6cab4e2a96f37cf6cc1e9a7aa54c7efd5abe,2026-08-30T20:54:25.495388+00:00
2,,Kheri,,PR (30.4) KR (8.2),,PT/OSD,,204,,480,,20,,B,,HP,,...,,...,,310,,13,,110,,90,,...,,30.4,8.2,ORDINARY,,False,1,kheri_civic_1971,Kheri,Uttar Pradesh,1971,format_001,kheri_civic_001,kheri_civic_1971.pdf,3ff8b29bb398bf4cee5a944079cbe64105bea3c2115a569ad6d94b0fac04c856,27,28,6,7,E:\Archival-Digitisation-Project\1971_Trimmed_PDF\Uttar_Pradesh\metadata\document.xlsx,4bf05d889c56070f43e73558469b6cab4e2a96f37cf6cc1e9a7aa54c7efd5abe,2026-08-30T20:54:25.495388+00:00
3,,Lakhimpur,,PR (82.8) KR (6.3),,PT/OSD,,910,,"4,000",,50,,HC,,TW/OHT,,"100,000 Galls.",,...,,"2,240",,172,,"1,654",,530,,...,,82.8,6.3,ORDINARY,,False,2,kheri_civic_1971,Kheri,Uttar Pradesh,1971,format_001,kheri_civic_001,kheri_civic_1971.pdf,3ff8b29bb398bf4cee5a944079cbe64105bea3c2115a569ad6d94b0fac04c856,27,28,6,7,E:\Archival-Digitisation-Project\1971_Trimmed_PDF\Uttar_Pradesh\metadata\document.xlsx,4bf05d889c56070f43e73558469b6cab4e2a96f37cf6cc1e9a7aa54c7efd5abe,2026-08-30T20:54:25.495388+00:00
4,,Mohamdi,,PR (6) KR (20),,PT/OSD,,12,,"1,528",,2,,B/HC,,HP,,...,,...,,248,,18,,30,,142,,...,,6.0,20.0,ORDINARY,,False,3,kheri_civic_1971,Kheri,Uttar Pradesh,1971,format_001,kheri_civic_001,kheri_civic_1971.pdf,3ff8b29bb398bf4cee5a944079cbe64105bea3c2115a569ad6d94b0fac04c856,27,28,6,7,E:\Archival-Digitisation-Project\1971_Trimmed_PDF\Uttar_Pradesh\metadata\document.xlsx,4bf05d889c56070f43e73558469b6cab4e2a96f37cf6cc1e9a7aa54c7efd5abe,2026-08-30T20:54:25.495388+00:00
1,,Charbagh-Alambagh,,,,,,,,,,,,,,,,,,,,,,,,,,,,,,,,CROSS_REFERENCE,Lucknow City Urban Agglomeration,False,0,lucknow_civic_1971,Lucknow,Uttar Pradesh,1971,format_001,lucknow_civic_001,lucknow_civic_1971.pdf,9219e35283323b047ca06c2725c3d2e194202e6696b249eb36f2e86c71624ab8,24,25,6,7,E:\Archival-Digitisation-Project\1971_Trimmed_PDF\Uttar_Pradesh\metadata\document.xlsx,4bf05d889c56070f43e73558469b6cab4e2a96f37cf6cc1e9a7aa54c7efd5abe,2026-08-30T20:56:42.295630+00:00
2,,Lucknow,,,,,,,,,,,,,,,,,,,,,,,,,,,,,,,,CROSS_REFERENCE,Lucknow City Urban Agglomeration,False,1,lucknow_civic_1971,Lucknow,Uttar Pradesh,1971,format_001,lucknow_civic_001,lucknow_civic_1971.pdf,9219e35283323b047ca06c2725c3d2e194202e6696b249eb36f2e86c71624ab8,24,25,6,7,E:\Archival-Digitisation-Project\1971_Trimmed_PDF\Uttar_Pradesh\metadata\document.xlsx,4bf05d889c56070f43e73558469b6cab4e2a96f37cf6cc1e9a7aa54c7efd5abe,2026-08-30T20:56:42.295630+00:00
3,,Lucknow Cantt.,,,,,,,,,,,,,,,,,,,,,,,,,,,,,,,,CROSS_REFERENCE,Lucknow City Urban Agglomeration,False,2,lucknow_civic_1971,Lucknow,Uttar Pradesh,1971,format_001,lucknow_civic_001,lucknow_civic_1971.pdf,9219e35283323b047ca06c2725c3d2e194202e6696b249eb36f2e86c71624ab8,24,25,6,7,E:\Archival-Digitisation-Project\1971_Trimmed_PDF\Uttar_Pradesh\metadata\document.xlsx,4bf05d889c56070f43e73558469b6cab4e2a96f37cf6cc1e9a7aa54c7efd5abe,2026-08-30T20:56:42.295630+00:00
,,Lucknow City Urban Agglomeration,,PR (366) KR (20),,S/ST/OSD/BSD,,"20,301",,"49,910",,57,,MT/B,,TW/OHT,,"43,444,000 Galls.",,Yes,,"34,339",,"2,124",,"15,447",,"15,800",,...,,366.0,20.0,AGGREGATE,,False,3,lucknow_civic_1971,Lucknow,Uttar Pradesh,1971,format_001,lucknow_civic_001,lucknow_civic_1971.pdf,9219e35283323b047ca06c2725c3d2e194202e6696b249eb36f2e86c71624ab8,24,25,6,7,E:\Archival-Digitisation-Project\1971_Trimmed_PDF\Uttar_Pradesh\metadata\document.xlsx,4bf05d889c56070f43e73558469b6cab4e2a96f37cf6cc1e9a7aa54c7efd5abe,2026-08-30T20:56:42.295630+00:00
(i),,Charbagh-Alambagh,,PR (51) KR (0),,OSD/ST,,296,,303,,...,,MT/B,,TW/OHT,,"244,000 Galls.",,Yes,,N.A.,,N.A.,,N.A.,,N.A.,,...,,51.0,0.0,COMPONENT,,False,4,lucknow_civic_1971,Lucknow,Uttar Pradesh,1971,format_001,lucknow_civic_001,lucknow_civic_1971.pdf,9219e35283323b047ca06c2725c3d2e194202e6696b249eb36f2e86c71624ab8,24,25,6,7,E:\Archival-Digitisation-Project\1971_Trimmed_PDF\Uttar_Pradesh\metadata\document.xlsx,4bf05d889c56070f43e73558469b6cab4e2a96f37cf6cc1e9a7aa54c7efd5abe,2026-08-30T20:56:42.295630+00:00
(ii),,Lucknow,,PR (26) KR (20),,S/OSD/BSD,,"20,000",,"60,000",,97,,MT/B,,TW/OHT,,"43,000,000 Galls.",,Yes,,"34,339*",,"2,124*",,"15,447*",,"15,800*",,...,,26.0,20.0,COMPONENT,,False,5,lucknow_civic_1971,Lucknow,Uttar Pradesh,1971,format_001,lucknow_civic_001,lucknow_civic_1971.pdf,9219e35283323b047ca06c2725c3d2e194202e6696b249eb36f2e86c71624ab8,24,25,6,7,E:\Archival-Digitisation-Project\1971_Trimmed_PDF\Uttar_Pradesh\metadata\document.xlsx,4bf05d889c56070f43e73558469b6cab4e2a96f37cf6cc1e9a7aa54c7efd5abe,2026-08-30T20:56:42.295630+00:00
(iii),,Lucknow Cantt.,,PR (51) KR (0),,OSD,,5,,607,,...,,MT/B,,TW/OHT,,"200,000 Gall.",,...,,N.A.,,N.A.,,N.A.,,N.A.,,...,,51.0,0.0,COMPONENT,,False,6,lucknow_civic_1971,Lucknow,Uttar Pradesh,1971,format_001,lucknow_civic_001,lucknow_civic_1971.pdf,9219e35283323b047ca06c2725c3d2e194202e6696b249eb36f2e86c71624ab8,24,25,6,7,E:\Archival-Digitisation-Project\1971_Trimmed_PDF\Uttar_Pradesh\metadata\document.xlsx,4bf05d889c56070f43e73558469b6cab4e2a96f37cf6cc1e9a7aa54c7efd5abe,2026-08-30T20:56:42.295630+00:00
4,,Malihabad,,PR (3) KR (0),,OSD,,...,,"1,217",,...,,B,,HP,,...,,...,,50,,14,,35,,40,,...,,3.0,0.0,ORDINARY,,False,7,lucknow_civic_1971,Lucknow,Uttar Pradesh,1971,format_001,lucknow_civic_001,lucknow_civic_1971.pdf,9219e35283323b047ca06c2725c3d2e194202e6696b249eb36f2e86c71624ab8,24,25,6,7,E:\Archival-Digitisation-Project\1971_Trimmed_PDF\Uttar_Pradesh\metadata\document.xlsx,4bf05d889c56070f43e73558469b6cab4e2a96f37cf6cc1e9a7aa54c7efd5abe,2026-08-30T20:56:42.295630+00:00
1,,Bewar,,PR (7) KR (0),,ST/OSD,,15,,"1,026",,...,,B/HC,,TW/OHT,,"15,000 Gallons",,...,,175,,40,,160,,135,,...,,7.0,0.0,ORDINARY,,False,0,mainpuri_civic_1971,Mainpuri,Uttar Pradesh,1971,format_001,mainpuri_civic_001,mainpuri_civic_1971.pdf,6f64a523a615a77c0b41a0293ad9cc46320ff5e2a108bbda073103054f63670c,21,22,6,7,E:\Archival-Digitisation-Project\1971_Trimmed_PDF\Uttar_Pradesh\metadata\document.xlsx,4bf05d889c56070f43e73558469b6cab4e2a96f37cf6cc1e9a7aa54c7efd5abe,2026-08-30T21:01:18.093059+00:00
2,,Bhongaon,,PR (6) KR (0),,OSD,,...,,"1,005",,...,,HC,,TW/OHT,,"15,000 Gallons",,...,,165,,23,,133,,145,,...,,6.0,0.0,ORDINARY,,False,1,mainpuri_civic_1971,Mainpuri,Uttar Pradesh,1971,format_001,mainpuri_civic_001,mainpuri_civic_1971.pdf,6f64a523a615a77c0b41a0293ad9cc46320ff5e2a108bbda073103054f63670c,21,22,6,7,E:\Archival-Digitisation-Project\1971_Trimmed_PDF\Uttar_Pradesh\metadata\document.xlsx,4bf05d889c56070f43e73558469b6cab4e2a96f37cf6cc1e9a7aa54c7efd5abe,2026-08-30T21:01:18.093059+00:00
3,,Karhal,,PR (2) KR (1),,PT/OSD,,11,,"1,018",,...,,B/HC,,HP/W,,...,,...,,245,,15,,35,,50,,...,,2.0,1.0,ORDINARY,,False,2,mainpuri_civic_1971,Mainpuri,Uttar Pradesh,1971,format_001,mainpuri_civic_001,mainpuri_civic_1971.pdf,6f64a523a615a77c0b41a0293ad9cc46320ff5e2a108bbda073103054f63670c,21,22,6,7,E:\Archival-Digitisation-Project\1971_Trimmed_PDF\Uttar_Pradesh\metadata\document.xlsx,4bf05d889c56070f43e73558469b6cab4e2a96f37cf6cc1e9a7aa54c7efd5abe,2026-08-30T21:01:18.093059+00:00
4,,Kuraoli,,PR (2) KR (4),,PT/OSD,,2,,"1,106",,...,,B/HC,,HP/W,,...,,...,,131,,26,,148,,68,,...,,2.0,4.0,ORDINARY,,False,3,mainpuri_civic_1971,Mainpuri,Uttar Pradesh,1971,format_001,mainpuri_civic_001,mainpuri_civic_1971.pdf,6f64a523a615a77c0b41a0293ad9cc46320ff5e2a108bbda073103054f63670c,21,22,6,7,E:\Archival-Digitisation-Project\1971_Trimmed_PDF\Uttar_Pradesh\metadata\document.xlsx,4bf05d889c56070f43e73558469b6cab4e2a96f37cf6cc1e9a7aa54c7efd5abe,2026-08-30T21:01:18.093059+00:00
5,,*Mainpuri,,PR (41.4) KR (0),,OSD,,...,,"6,125",,...,,B/HC,,TW/OHT,,"10,000 Gallons",,...,,"2,347",,142,,973,,842,,...,,41.4,0.0,ORDINARY,,False,4,mainpuri_civic_1971,Mainpuri,Uttar Pradesh,1971,format_001,mainpuri_civic_001,mainpuri_civic_1971.pdf,6f64a523a615a77c0b41a0293ad9cc46320ff5e2a108bbda073103054f63670c,21,22,6,7,E:\Archival-Digitisation-Project\1971_Trimmed_PDF\Uttar_Pradesh\metadata\document.xlsx,4bf05d889c56070f43e73558469b6cab4e2a96f37cf6cc1e9a7aa54c7efd5abe,2026-08-30T21:01:18.093059+00:00
6,,Shikohabad,,PR (31.8) KR (13.43),,ST/OSD,,402,,"2,476",,...,,B/HC,,TW/OHT,,"75,000 Gallons",,...,,"1,460",,132,,647,,658,,...,,31.8,13.43,ORDINARY,,False,5,mainpuri_civic_1971,Mainpuri,Uttar Pradesh,1971,format_001,mainpuri_civic_001,mainpuri_civic_1971.pdf,6f64a523a615a77c0b41a0293ad9cc46320ff5e2a108bbda073103054f63670c,21,22,6,7,E:\Archival-Digitisation-Project\1971_Trimmed_PDF\Uttar_Pradesh\metadata\document.xlsx,4bf05d889c56070f43e73558469b6cab4e2a96f37cf6cc1e9a7aa54c7efd5abe,2026-08-30T21:01:18.093059+00:00
7,,Sirsaganj,,PR (7.5) KR (0),,OSD,,...,,"1,523",,...,,B,,TW/OHT,,"30,000 Gallons",,...,,306,,50,,300,,174,,...,,7.5,0.0,ORDINARY,,False,6,mainpuri_civic_1971,Mainpuri,Uttar Pradesh,1971,format_001,mainpuri_civic_001,mainpuri_civic_1971.pdf,6f64a523a615a77c0b41a0293ad9cc46320ff5e2a108bbda073103054f63670c,21,22,6,7,E:\Archival-Digitisation-Project\1971_Trimmed_PDF\Uttar_Pradesh\metadata\document.xlsx,4bf05d889c56070f43e73558469b6cab4e2a96f37cf6cc1e9a7aa54c7efd5abe,2026-08-30T21:01:18.093059+00:00
1,,Baldeo,,PR (3) KR (1),,PT/OSD,,20,,250,,...,,HC,,HP/W,,...,,...,,175,,6,,125,,65,,...,,3.0,1.0,ORDINARY,,False,0,mathura_civic_1971,Mathura,Uttar Pradesh,1971,format_001,mathura_civic_001,mathura_civic_1971.pdf,7e6052bbe49d05177837a71883dca0d995b2e5dccb735c3143f19700dae9afb0,25,26,6,7,E:\Archival-Digitisation-Project\1971_Trimmed_PDF\Uttar_Pradesh\metadata\document.xlsx,4bf05d889c56070f43e73558469b6cab4e2a96f37cf6cc1e9a7aa54c7efd5abe,2026-08-30T21:04:10.762961+00:00
2,,Govardhan,,PR (4) KR (15),,PT/OSD,,33,,"2,000",,...,,HL/HC,,TW/OHT,,"100,000 Gallons",,...,,703,,33,,293,,96,,13,,4.0,15.0,ORDINARY,,False,1,mathura_civic_1971,Mathura,Uttar Pradesh,1971,format_001,mathura_civic_001,mathura_civic_1971.pdf,7e6052bbe49d05177837a71883dca0d995b2e5dccb735c3143f19700dae9afb0,25,26,6,7,E:\Archival-Digitisation-Project\1971_Trimmed_PDF\Uttar_Pradesh\metadata\document.xlsx,4bf05d889c56070f43e73558469b6cab4e2a96f37cf6cc1e9a7aa54c7efd5abe,2026-08-30T21:04:10.762961+00:00
3,,Kosi Kalan,,PR (6),,PT/OSD,,30,,"2,000",,...,,MT,,TW/OHT,,"180,000 Gallons",,...,,482,,44,,590,,225,,10,,6.0,,ORDINARY,,False,2,mathura_civic_1971,Mathura,Uttar Pradesh,1971,format_001,mathura_civic_001,mathura_civic_1971.pdf,7e6052bbe49d05177837a71883dca0d995b2e5dccb735c3143f19700dae9afb0,25,26,6,7,E:\Archival-Digitisation-Project\1971_Trimmed_PDF\Uttar_Pradesh\metadata\document.xlsx,4bf05d889c56070f43e73558469b6cab4e2a96f37cf6cc1e9a7aa54c7efd5abe,2026-08-30T21:04:10.762961+00:00
4,,Mathura,,,,,,,,,,,,,,,,,,,,,,,,,,,,,,,,CROSS_REFERENCE,Mathura City Urban Agglomeration,False,3,mathura_civic_1971,Mathura,Uttar Pradesh,1971,format_001,mathura_civic_001,mathura_civic_1971.pdf,7e6052bbe49d05177837a71883dca0d995b2e5dccb735c3143f19700dae9afb0,25,26,6,7,E:\Archival-Digitisation-Project\1971_Trimmed_PDF\Uttar_Pradesh\metadata\document.xlsx,4bf05d889c56070f43e73558469b6cab4e2a96f37cf6cc1e9a7aa54c7efd5abe,2026-08-30T21:04:10.762961+00:00
5,,Mathura Cantt.,,,,,,,,,,,,,,,,,,,,,,,,,,,,,,,,CROSS_REFERENCE,Mathura City Urban Agglomeration,False,4,mathura_civic_1971,Mathura,Uttar Pradesh,1971,format_001,mathura_civic_001,mathura_civic_1971.pdf,7e6052bbe49d05177837a71883dca0d995b2e5dccb735c3143f19700dae9afb0,25,26,6,7,E:\Archival-Digitisation-Project\1971_Trimmed_PDF\Uttar_Pradesh\metadata\document.xlsx,4bf05d889c56070f43e73558469b6cab4e2a96f37cf6cc1e9a7aa54c7efd5abe,2026-08-30T21:04:10.762961+00:00
,,Mathura City Urban Agglomeration,,PR (71.8) KR (17.8),,S/OSD/BD,,250,,"3,500",,...,,MT,,TW/OHT,,"750,000 Gallons",,Yes,,"12,479",,328,,302,,"2,361",,...,,71.8,17.8,AGGREGATE,,False,5,mathura_civic_1971,Mathura,Uttar Pradesh,1971,format_001,mathura_civic_001,mathura_civic_1971.pdf,7e6052bbe49d05177837a71883dca0d995b2e5dccb735c3143f19700dae9afb0,25,26,6,7,E:\Archival-Digitisation-Project\1971_Trimmed_PDF\Uttar_Pradesh\metadata\document.xlsx,4bf05d889c56070f43e73558469b6cab4e2a96f37cf6cc1e9a7aa54c7efd5abe,2026-08-30T21:04:10.762961+00:00
(i),,Mathura,,PR (62.3) KR (6.3),,S/OSD/BD,,250,,"3,000",,...,,MT,,TW/OHT,,"700,000 Gallons",,Yes,,"12,409",,324,,300,,"2,016",,...,,62.3,6.3,COMPONENT,,False,6,mathura_civic_1971,Mathura,Uttar Pradesh,1971,format_001,mathura_civic_001,mathura_civic_1971.pdf,7e6052bbe49d05177837a71883dca0d995b2e5dccb735c3143f19700dae9afb0,25,26,6,7,E:\Archival-Digitisation-Project\1971_Trimmed_PDF\Uttar_Pradesh\metadata\document.xlsx,4bf05d889c56070f43e73558469b6cab4e2a96f37cf6cc1e9a7aa54c7efd5abe,2026-08-30T21:04:10.762961+00:00
(ii),,Mathura Cantt.,,PR (9.5) KR (0),,OSD,,...,,500,,...,,MT,,TW/OHT,,"50,000 Gallons",,...,,70,,4,,2,,345,,...,,9.5,0.0,COMPONENT,,False,7,mathura_civic_1971,Mathura,Uttar Pradesh,1971,format_001,mathura_civic_001,mathura_civic_1971.pdf,7e6052bbe49d05177837a71883dca0d995b2e5dccb735c3143f19700dae9afb0,25,26,6,7,E:\Archival-Digitisation-Project\1971_Trimmed_PDF\Uttar_Pradesh\metadata\document.xlsx,4bf05d889c56070f43e73558469b6cab4e2a96f37cf6cc1e9a7aa54c7efd5abe,2026-08-30T21:04:10.762961+00:00
6,,Sadabad,,PR (2.5) KR (5),,OSD,,...,,150,,...,,HC,,TW/OHT,,"25,000 Gallons",,...,,281,,...,,156,,81,,...,,2.5,5.0,ORDINARY,,False,8,mathura_civic_1971,Mathura,Uttar Pradesh,1971,format_001,mathura_civic_001,mathura_civic_1971.pdf,7e6052bbe49d05177837a71883dca0d995b2e5dccb735c3143f19700dae9afb0,25,26,6,7,E:\Archival-Digitisation-Project\1971_Trimmed_PDF\Uttar_Pradesh\metadata\document.xlsx,4bf05d889c56070f43e73558469b6cab4e2a96f37cf6cc1e9a7aa54c7efd5abe,2026-08-30T21:04:10.762961+00:00
7,,Vrindaban,,PR (15),,S/OSD,,231,,"2,154",,...,,MT,,TW/OHT,,"262,500 Gallons",,...,,"3,267",,278,,545,,3,,...,,15.0,,ORDINARY,,False,9,mathura_civic_1971,Mathura,Uttar Pradesh,1971,format_001,mathura_civic_001,mathura_civic_1971.pdf,7e6052bbe49d05177837a71883dca0d995b2e5dccb735c3143f19700dae9afb0,25,26,6,7,E:\Archival-Digitisation-Project\1971_Trimmed_PDF\Uttar_Pradesh\metadata\document.xlsx,4bf05d889c56070f43e73558469b6cab4e2a96f37cf6cc1e9a7aa54c7efd5abe,2026-08-30T21:04:10.762961+00:00
1,,Aminagar Sarai,,PR (8) KR (6),,PT/OSD,,15,,699,,...,,HL,,TW/OHT,,"20,000 Galls.",,...,,405,,15,,182,,150,,...,,8.0,6.0,ORDINARY,,False,0,meerut_civic_1971,Meerut,Uttar Pradesh,1971,format_001,meerut_civic_001,meerut_civic_1971.pdf,c88ebacfdc6e1cf7552bd616e7efe31ddad6e4a49afda7eb61c5b64bae35890b,30,31,10,11,E:\Archival-Digitisation-Project\1971_Trimmed_PDF\Uttar_Pradesh\metadata\document.xlsx,4bf05d889c56070f43e73558469b6cab4e2a96f37cf6cc1e9a7aa54c7efd5abe,2026-08-30T21:12:05.136344+00:00
2,,Baghpat,,PR (17) KR (1),,OSD,,...,,"1,550",,...,,B/H,,TW/OHT,,"25,000 Galls.",,Yes,,"1,050",,82,,250,,250,,...,,17.0,1.0,ORDINARY,,False,1,meerut_civic_1971,Meerut,Uttar Pradesh,1971,format_001,meerut_civic_001,meerut_civic_1971.pdf,c88ebacfdc6e1cf7552bd616e7efe31ddad6e4a49afda7eb61c5b64bae35890b,30,31,10,11,E:\Archival-Digitisation-Project\1971_Trimmed_PDF\Uttar_Pradesh\metadata\document.xlsx,4bf05d889c56070f43e73558469b6cab4e2a96f37cf6cc1e9a7aa54c7efd5abe,2026-08-30T21:12:05.136344+00:00
3,,Baraut,,PR (26) KR (4),,S/OSD,,50,,"5,000",,...,,B/H,,TW/OHT,,"50,000 Galls.",,Yes,,"2,500",,125,,280,,260,,...,,26.0,4.0,ORDINARY,,False,2,meerut_civic_1971,Meerut,Uttar Pradesh,1971,format_001,meerut_civic_001,meerut_civic_1971.pdf,c88ebacfdc6e1cf7552bd616e7efe31ddad6e4a49afda7eb61c5b64bae35890b,30,31,10,11,E:\Archival-Digitisation-Project\1971_Trimmed_PDF\Uttar_Pradesh\metadata\document.xlsx,4bf05d889c56070f43e73558469b6cab4e2a96f37cf6cc1e9a7aa54c7efd5abe,2026-08-30T21:12:05.136344+00:00
4,,Faridnagar,,PR (5) KR (2),,PT/OSD,,28,,21,,...,,B/HL,,HP,,...,,...,,150,,1,,37,,21,,...,,5.0,2.0,ORDINARY,,False,3,meerut_civic_1971,Meerut,Uttar Pradesh,1971,format_001,meerut_civic_001,meerut_civic_1971.pdf,c88ebacfdc6e1cf7552bd616e7efe31ddad6e4a49afda7eb61c5b64bae35890b,30,31,10,11,E:\Archival-Digitisation-Project\1971_Trimmed_PDF\Uttar_Pradesh\metadata\document.xlsx,4bf05d889c56070f43e73558469b6cab4e2a96f37cf6cc1e9a7aa54c7efd5abe,2026-08-30T21:12:05.136344+00:00
5,,Garh Mukteshwar,,PR (23) KR (16),,OSD,,...,,"4,000",,...,,B,,HP,,...,,...,,402,,1,,266,,268,,...,,23.0,16.0,ORDINARY,,False,4,meerut_civic_1971,Meerut,Uttar Pradesh,1971,format_001,meerut_civic_001,meerut_civic_1971.pdf,c88ebacfdc6e1cf7552bd616e7efe31ddad6e4a49afda7eb61c5b64bae35890b,30,31,10,11,E:\Archival-Digitisation-Project\1971_Trimmed_PDF\Uttar_Pradesh\metadata\document.xlsx,4bf05d889c56070f43e73558469b6cab4e2a96f37cf6cc1e9a7aa54c7efd5abe,2026-08-30T21:12:05.136344+00:00
6,,Ghaziabad,,,,,,,,,,,,,,,,,,,,,,,,,,,,,,,,CROSS_REFERENCE,Ghaziabad City Urban Agglomeration,False,5,meerut_civic_1971,Meerut,Uttar Pradesh,1971,format_001,meerut_civic_001,meerut_civic_1971.pdf,c88ebacfdc6e1cf7552bd616e7efe31ddad6e4a49afda7eb61c5b64bae35890b,30,31,10,11,E:\Archival-Digitisation-Project\1971_Trimmed_PDF\Uttar_Pradesh\metadata\document.xlsx,4bf05d889c56070f43e73558469b6cab4e2a96f37cf6cc1e9a7aa54c7efd5abe,2026-08-30T21:12:05.136344+00:00
7,,Ghaziabad Rly. Colony,,,,,,,,,,,,,,,,,,,,,,,,,,,,,,,,CROSS_REFERENCE,Ghaziabad City Urban Agglomeration,False,6,meerut_civic_1971,Meerut,Uttar Pradesh,1971,format_001,meerut_civic_001,meerut_civic_1971.pdf,c88ebacfdc6e1cf7552bd616e7efe31ddad6e4a49afda7eb61c5b64bae35890b,30,31,10,11,E:\Archival-Digitisation-Project\1971_Trimmed_PDF\Uttar_Pradesh\metadata\document.xlsx,4bf05d889c56070f43e73558469b6cab4e2a96f37cf6cc1e9a7aa54c7efd5abe,2026-08-30T21:12:05.136344+00:00
,,Ghaziabad City Urban Agglomeration,,PR (46) KR (0),,S/PT/OSD,,"2,250",,"5,012",,...,,MT/HC,,TW/OHT,,"484,055 Galls.",,Yes,,"6,000",,660,,"1,162",,"2,714",,...,,46.0,0.0,AGGREGATE,,False,7,meerut_civic_1971,Meerut,Uttar Pradesh,1971,format_001,meerut_civic_001,meerut_civic_1971.pdf,c88ebacfdc6e1cf7552bd616e7efe31ddad6e4a49afda7eb61c5b64bae35890b,30,31,10,11,E:\Archival-Digitisation-Project\1971_Trimmed_PDF\Uttar_Pradesh\metadata\document.xlsx,4bf05d889c56070f43e73558469b6cab4e2a96f37cf6cc1e9a7aa54c7efd5abe,2026-08-30T21:12:05.136344+00:00
(i),,Ghaziabad,,PR (38) KR (0),,S/PT,,"2,000",,"5,000",,...,,MT/HC,,TW/OHT,,"300,000 Galls.",,Yes,,"4,000",,650,,"1,062",,"2,229",,...,,38.0,0.0,COMPONENT,,False,8,meerut_civic_1971,Meerut,Uttar Pradesh,1971,format_001,meerut_civic_001,meerut_civic_1971.pdf,c88ebacfdc6e1cf7552bd616e7efe31ddad6e4a49afda7eb61c5b64bae35890b,30,31,10,11,E:\Archival-Digitisation-Project\1971_Trimmed_PDF\Uttar_Pradesh\metadata\document.xlsx,4bf05d889c56070f43e73558469b6cab4e2a96f37cf6cc1e9a7aa54c7efd5abe,2026-08-30T21:12:05.136344+00:00
(ii),,Ghaziabad Rly. Colony,,PR (8) KR (0),,S/PT/OSD,,250,,12,,...,,MT/HC,,TW/OHT,,"184,055 Galls.",,Yes,,"2,000",,10,,103,,485,,...,,8.0,0.0,COMPONENT,,False,9,meerut_civic_1971,Meerut,Uttar Pradesh,1971,format_001,meerut_civic_001,meerut_civic_1971.pdf,c88ebacfdc6e1cf7552bd616e7efe31ddad6e4a49afda7eb61c5b64bae35890b,30,31,10,11,E:\Archival-Digitisation-Project\1971_Trimmed_PDF\Uttar_Pradesh\metadata\document.xlsx,4bf05d889c56070f43e73558469b6cab4e2a96f37cf6cc1e9a7aa54c7efd5abe,2026-08-30T21:12:05.136344+00:00
8,,Hapur,,PR (59) KR (2),,OSD,,...,,"4,943",,...,,HL/B,,TW/OHT,,"114,000 Galls.",,Yes,,"3,500",,221,,435,,836,,...,,59.0,2.0,ORDINARY,,False,10,meerut_civic_1971,Meerut,Uttar Pradesh,1971,format_001,meerut_civic_001,meerut_civic_1971.pdf,c88ebacfdc6e1cf7552bd616e7efe31ddad6e4a49afda7eb61c5b64bae35890b,30,31,10,11,E:\Archival-Digitisation-Project\1971_Trimmed_PDF\Uttar_Pradesh\metadata\document.xlsx,4bf05d889c56070f43e73558469b6cab4e2a96f37cf6cc1e9a7aa54c7efd5abe,2026-08-30T21:12:05.136344+00:00
9,,Hastinapur,,PR (15) KR (5),,PT/OSD,,130,,500,,...,,HC/B,,TW/OHT,,"40,000 Galls.",,Yes,,"2,750",,10,,100,,485,,...,,15.0,5.0,ORDINARY,,False,11,meerut_civic_1971,Meerut,Uttar Pradesh,1971,format_001,meerut_civic_001,meerut_civic_1971.pdf,c88ebacfdc6e1cf7552bd616e7efe31ddad6e4a49afda7eb61c5b64bae35890b,30,31,10,11,E:\Archival-Digitisation-Project\1971_Trimmed_PDF\Uttar_Pradesh\metadata\document.xlsx,4bf05d889c56070f43e73558469b6cab4e2a96f37cf6cc1e9a7aa54c7efd5abe,2026-08-30T21:12:05.136344+00:00
10,,Kaila,,PR (0) KR (2),,OSD,,...,,500,,...,,B/HL,,HP,,...,,...,,250,,3,,52,,21,,...,,0.0,2.0,ORDINARY,,False,12,meerut_civic_1971,Meerut,Uttar Pradesh,1971,format_001,meerut_civic_001,meerut_civic_1971.pdf,c88ebacfdc6e1cf7552bd616e7efe31ddad6e4a49afda7eb61c5b64bae35890b,30,31,10,11,E:\Archival-Digitisation-Project\1971_Trimmed_PDF\Uttar_Pradesh\metadata\document.xlsx,4bf05d889c56070f43e73558469b6cab4e2a96f37cf6cc1e9a7aa54c7efd5abe,2026-08-30T21:12:05.136344+00:00
11,,Kanker Khera,,PR (3) KR (2),,PT/OSD,,50,,"1,500",,...,,B/HL,,HP,,...,,...,,500,,5,,75,,170,,...,,3.0,2.0,ORDINARY,,False,13,meerut_civic_1971,Meerut,Uttar Pradesh,1971,format_001,meerut_civic_001,meerut_civic_1971.pdf,c88ebacfdc6e1cf7552bd616e7efe31ddad6e4a49afda7eb61c5b64bae35890b,30,31,10,11,E:\Archival-Digitisation-Project\1971_Trimmed_PDF\Uttar_Pradesh\metadata\document.xlsx,4bf05d889c56070f43e73558469b6cab4e2a96f37cf6cc1e9a7aa54c7efd5abe,2026-08-30T21:12:05.136344+00:00
12,,Malyana,,,,,,,,,,,,,,,,,,,,,,,,,,,,,,,,CROSS_REFERENCE,Meerut City Urban Agglomeration,False,14,meerut_civic_1971,Meerut,Uttar Pradesh,1971,format_001,meerut_civic_001,meerut_civic_1971.pdf,c88ebacfdc6e1cf7552bd616e7efe31ddad6e4a49afda7eb61c5b64bae35890b,30,31,10,11,E:\Archival-Digitisation-Project\1971_Trimmed_PDF\Uttar_Pradesh\metadata\document.xlsx,4bf05d889c56070f43e73558469b6cab4e2a96f37cf6cc1e9a7aa54c7efd5abe,2026-08-30T21:12:05.136344+00:00
13,,Mawana,,PR (19) KR (0),,PT/OSD,,40,,"3,819",,...,,HC,,HP,,...,,...,,900,,15,,100,,248,,...,,19.0,0.0,ORDINARY,,False,15,meerut_civic_1971,Meerut,Uttar Pradesh,1971,format_001,meerut_civic_001,meerut_civic_1971.pdf,c88ebacfdc6e1cf7552bd616e7efe31ddad6e4a49afda7eb61c5b64bae35890b,30,31,10,11,E:\Archival-Digitisation-Project\1971_Trimmed_PDF\Uttar_Pradesh\metadata\document.xlsx,4bf05d889c56070f43e73558469b6cab4e2a96f37cf6cc1e9a7aa54c7efd5abe,2026-08-30T21:12:05.136344+00:00
14,,Meerut,,,,,,,,,,,,,,,,,,,,,,,,,,,,,,,,CROSS_REFERENCE,Meerut City Urban Agglomeration,False,16,meerut_civic_1971,Meerut,Uttar Pradesh,1971,format_001,meerut_civic_001,meerut_civic_1971.pdf,c88ebacfdc6e1cf7552bd616e7efe31ddad6e4a49afda7eb61c5b64bae35890b,30,31,10,11,E:\Archival-Digitisation-Project\1971_Trimmed_PDF\Uttar_Pradesh\metadata\document.xlsx,4bf05d889c56070f43e73558469b6cab4e2a96f37cf6cc1e9a7aa54c7efd5abe,2026-08-30T21:12:05.136344+00:00
15,,Meerut Cantt.,,,,,,,,,,,,,,,,,,,,,,,,,,,,,,,,CROSS_REFERENCE,Meerut City Urban Agglomeration,False,17,meerut_civic_1971,Meerut,Uttar Pradesh,1971,format_001,meerut_civic_001,meerut_civic_1971.pdf,c88ebacfdc6e1cf7552bd616e7efe31ddad6e4a49afda7eb61c5b64bae35890b,30,31,10,11,E:\Archival-Digitisation-Project\1971_Trimmed_PDF\Uttar_Pradesh\metadata\document.xlsx,4bf05d889c56070f43e73558469b6cab4e2a96f37cf6cc1e9a7aa54c7efd5abe,2026-08-30T21:12:05.136344+00:00
,,Meerut City Urban Agglomeration,,PR (223) KR (19),,PT/OSD,,"2,075",,"5,350",,...,,HL/HC/B/MT,,HT/TW,,"570,000 Galls.",,Yes,,"15,531",,"1,539",,"5,745",,"5,825",,...,,223.0,19.0,AGGREGATE,,False,18,meerut_civic_1971,Meerut,Uttar Pradesh,1971,format_001,meerut_civic_001,meerut_civic_1971.pdf,c88ebacfdc6e1cf7552bd616e7efe31ddad6e4a49afda7eb61c5b64bae35890b,30,31,10,11,E:\Archival-Digitisation-Project\1971_Trimmed_PDF\Uttar_Pradesh\metadata\document.xlsx,4bf05d889c56070f43e73558469b6cab4e2a96f37cf6cc1e9a7aa54c7efd5abe,2026-08-30T21:12:05.136344+00:00
(i),,Malyana,,PR (5) KR (0),,OSD,,...,,"1,350",,...,,HL/B,,HP,,...,,...,,401,,25,,75,,52,,...,,5.0,0.0,COMPONENT,,False,19,meerut_civic_1971,Meerut,Uttar Pradesh,1971,format_001,meerut_civic_001,meerut_civic_1971.pdf,c88ebacfdc6e1cf7552bd616e7efe31ddad6e4a49afda7eb61c5b64bae35890b,30,31,10,11,E:\Archival-Digitisation-Project\1971_Trimmed_PDF\Uttar_Pradesh\metadata\document.xlsx,4bf05d889c56070f43e73558469b6cab4e2a96f37cf6cc1e9a7aa54c7efd5abe,2026-08-30T21:12:05.136344+00:00
(ii),,Meerut,,PR (195) KR (16),,PT/OSD,,"1,510",,"33,313",,...,,HC/MT,,TW/OHT,,"300,000 Galls.",,Yes,,"13,630",,"1,610",,"5,574",,"4,073",,...,,195.0,16.0,COMPONENT,,False,20,meerut_civic_1971,Meerut,Uttar Pradesh,1971,format_001,meerut_civic_001,meerut_civic_1971.pdf,c88ebacfdc6e1cf7552bd616e7efe31ddad6e4a49afda7eb61c5b64bae35890b,30,31,10,11,E:\Archival-Digitisation-Project\1971_Trimmed_PDF\Uttar_Pradesh\metadata\document.xlsx,4bf05d889c56070f43e73558469b6cab4e2a96f37cf6cc1e9a7aa54c7efd5abe,2026-08-30T21:12:05.136344+00:00
(iii),,Meerut Cantt.,,PR (32) KR (3),,PT/OSD,,547,,"4,000",,...,,HC/MT,,TW/OHT,,"450,000 Galls.",,Yes,,"1,500",,4,,96,,"1,700",,...,,32.0,3.0,COMPONENT,,False,21,meerut_civic_1971,Meerut,Uttar Pradesh,1971,format_001,meerut_civic_001,meerut_civic_1971.pdf,c88ebacfdc6e1cf7552bd616e7efe31ddad6e4a49afda7eb61c5b64bae35890b,30,31,10,11,E:\Archival-Digitisation-Project\1971_Trimmed_PDF\Uttar_Pradesh\metadata\document.xlsx,4bf05d889c56070f43e73558469b6cab4e2a96f37cf6cc1e9a7aa54c7efd5abe,2026-08-30T21:12:05.136344+00:00
16,,Modinagar,,PR (32) KR (14),,PT/OSD,,"2,511",,"7,340",,...,,HC/MT,,TW/OHT,,"40,000 Galls.",,Yes,,"3,184",,219,,"2,268",,"3,403",,...,,32.0,14.0,ORDINARY,,False,22,meerut_civic_1971,Meerut,Uttar Pradesh,1971,format_001,meerut_civic_001,meerut_civic_1971.pdf,c88ebacfdc6e1cf7552bd616e7efe31ddad6e4a49afda7eb61c5b64bae35890b,30,31,10,11,E:\Archival-Digitisation-Project\1971_Trimmed_PDF\Uttar_Pradesh\metadata\document.xlsx,4bf05d889c56070f43e73558469b6cab4e2a96f37cf6cc1e9a7aa54c7efd5abe,2026-08-30T21:12:05.136344+00:00
17,,Muradnagar,,PR (8) KR (2),,OSD,,...,,"2,100",,...,,HC/MT,,TW/OHT,,"35,000 Galls.",,...,,424,,7,,100,,94,,...,,8.0,2.0,ORDINARY,,False,23,meerut_civic_1971,Meerut,Uttar Pradesh,1971,format_001,meerut_civic_001,meerut_civic_1971.pdf,c88ebacfdc6e1cf7552bd616e7efe31ddad6e4a49afda7eb61c5b64bae35890b,30,31,10,11,E:\Archival-Digitisation-Project\1971_Trimmed_PDF\Uttar_Pradesh\metadata\document.xlsx,4bf05d889c56070f43e73558469b6cab4e2a96f37cf6cc1e9a7aa54c7efd5abe,2026-08-30T21:12:05.136344+00:00
18,,Ordnance Factory Muradnagar,,,,,,,,,,,,,,,,,,,,,,,,,,,,,,,,ORDINARY,,False,24,meerut_civic_1971,Meerut,Uttar Pradesh,1971,format_001,meerut_civic_001,meerut_civic_1971.pdf,c88ebacfdc6e1cf7552bd616e7efe31ddad6e4a49afda7eb61c5b64bae35890b,30,31,10,11,E:\Archival-Digitisation-Project\1971_Trimmed_PDF\Uttar_Pradesh\metadata\document.xlsx,4bf05d889c56070f43e73558469b6cab4e2a96f37cf6cc1e9a7aa54c7efd5abe,2026-08-30T21:12:05.136344+00:00
19,,Pilkhuwa,,PR (16) KR (6),,OSD,,...,,"2,300",,...,,HL/B,,TW/OHT,,"225,000 Galls.",,...,,800,,100,,600,,"3,501",,...,,16.0,6.0,ORDINARY,,False,25,meerut_civic_1971,Meerut,Uttar Pradesh,1971,format_001,meerut_civic_001,meerut_civic_1971.pdf,c88ebacfdc6e1cf7552bd616e7efe31ddad6e4a49afda7eb61c5b64bae35890b,30,31,10,11,E:\Archival-Digitisation-Project\1971_Trimmed_PDF\Uttar_Pradesh\metadata\document.xlsx,4bf05d889c56070f43e73558469b6cab4e2a96f37cf6cc1e9a7aa54c7efd5abe,2026-08-30T21:12:05.136344+00:00
20,,Rasulpur,,PR (5) KR (3),,PT/OSD,,25,,600,,...,,HC,,HP,,...,,...,,200,,3,,50,,105,,...,,5.0,3.0,ORDINARY,,False,26,meerut_civic_1971,Meerut,Uttar Pradesh,1971,format_001,meerut_civic_001,meerut_civic_1971.pdf,c88ebacfdc6e1cf7552bd616e7efe31ddad6e4a49afda7eb61c5b64bae35890b,30,31,10,11,E:\Archival-Digitisation-Project\1971_Trimmed_PDF\Uttar_Pradesh\metadata\document.xlsx,4bf05d889c56070f43e73558469b6cab4e2a96f37cf6cc1e9a7aa54c7efd5abe,2026-08-30T21:12:05.136344+00:00
21,,Sardhana,,PR (8) KR (6),,PT/OSD,,30,,500,,...,,HC,,TW/OHT,,"16,000 Galls.",,...,,700,,5,,60,,112,,...,,8.0,6.0,ORDINARY,,False,27,meerut_civic_1971,Meerut,Uttar Pradesh,1971,format_001,meerut_civic_001,meerut_civic_1971.pdf,c88ebacfdc6e1cf7552bd616e7efe31ddad6e4a49afda7eb61c5b64bae35890b,30,31,10,11,E:\Archival-Digitisation-Project\1971_Trimmed_PDF\Uttar_Pradesh\metadata\document.xlsx,4bf05d889c56070f43e73558469b6cab4e2a96f37cf6cc1e9a7aa54c7efd5abe,2026-08-30T21:12:05.136344+00:00
22,,Shahjahanpur,,PR (2) KR (2),,PT/OSD,,350,,750,,...,,B,,HP,,...,,...,,,,,,,,,,...,,2.0,2.0,ORDINARY,,False,28,meerut_civic_1971,Meerut,Uttar Pradesh,1971,format_001,meerut_civic_001,meerut_civic_1971.pdf,c88ebacfdc6e1cf7552bd616e7efe31ddad6e4a49afda7eb61c5b64bae35890b,30,31,10,11,E:\Archival-Digitisation-Project\1971_Trimmed_PDF\Uttar_Pradesh\metadata\document.xlsx,4bf05d889c56070f43e73558469b6cab4e2a96f37cf6cc1e9a7aa54c7efd5abe,2026-08-30T21:12:05.136344+00:00
1,,Ahraura,,PR (3) KR (2),,OSD,,...,,"1,000",,...,,HL,,TW/OHT,,"30,000 Galls.",,...,,247,,28,,24,,75,,...,,3.0,2.0,ORDINARY,,False,0,mirzapur_civic_1971,Mirzapur,Uttar Pradesh,1971,format_001,mirzapur_civic_001,mirzapur_civic_1971.pdf,cc406e78b82b06a0384f678e19fee6c632fe19980689f67b4a2f3303c98a4d24,27,28,10,11,E:\Archival-Digitisation-Project\1971_Trimmed_PDF\Uttar_Pradesh\metadata\document.xlsx,4bf05d889c56070f43e73558469b6cab4e2a96f37cf6cc1e9a7aa54c7efd5abe,2026-08-30T21:25:19.215019+00:00
2,,Chopan,,PR (14) KR (1),,ST/OSD,,250,,20,,...,,HL,,R/OHT,,"99,880 Galls.",,...,,305,,20,,45,,300,,...,,14.0,1.0,ORDINARY,,False,1,mirzapur_civic_1971,Mirzapur,Uttar Pradesh,1971,format_001,mirzapur_civic_001,mirzapur_civic_1971.pdf,cc406e78b82b06a0384f678e19fee6c632fe19980689f67b4a2f3303c98a4d24,27,28,10,11,E:\Archival-Digitisation-Project\1971_Trimmed_PDF\Uttar_Pradesh\metadata\document.xlsx,4bf05d889c56070f43e73558469b6cab4e2a96f37cf6cc1e9a7aa54c7efd5abe,2026-08-30T21:25:19.215019+00:00
3,,Chunar,,PR (6) KR (6),,OSD,,...,,769,,...,,HL,,TW/OHT,,"30,000 Galls.",,...,,414,,24,,88,,127,,...,,6.0,6.0,ORDINARY,,False,2,mirzapur_civic_1971,Mirzapur,Uttar Pradesh,1971,format_001,mirzapur_civic_001,mirzapur_civic_1971.pdf,cc406e78b82b06a0384f678e19fee6c632fe19980689f67b4a2f3303c98a4d24,27,28,10,11,E:\Archival-Digitisation-Project\1971_Trimmed_PDF\Uttar_Pradesh\metadata\document.xlsx,4bf05d889c56070f43e73558469b6cab4e2a96f37cf6cc1e9a7aa54c7efd5abe,2026-08-30T21:25:19.215019+00:00
4,,Churk Ghurma,,PR (3) KR (0),,ST,,796,,...,,...,,...,,R/OHT,,"15,840 Galls.",,Yes,,"1,308",,4,,73,,587,,...,,3.0,0.0,ORDINARY,,False,3,mirzapur_civic_1971,Mirzapur,Uttar Pradesh,1971,format_001,mirzapur_civic_001,mirzapur_civic_1971.pdf,cc406e78b82b06a0384f678e19fee6c632fe19980689f67b4a2f3303c98a4d24,27,28,10,11,E:\Archival-Digitisation-Project\1971_Trimmed_PDF\Uttar_Pradesh\metadata\document.xlsx,4bf05d889c56070f43e73558469b6cab4e2a96f37cf6cc1e9a7aa54c7efd5abe,2026-08-30T21:25:19.215019+00:00
5,,Dudhi,,PR (3) KR (0),,PT/OSD,,18,,95,,...,,HL,,R/OHT,,"14,960 Galls.",,...,,110,,6,,24,,130,,...,,3.0,0.0,ORDINARY,,False,4,mirzapur_civic_1971,Mirzapur,Uttar Pradesh,1971,format_001,mirzapur_civic_001,mirzapur_civic_1971.pdf,cc406e78b82b06a0384f678e19fee6c632fe19980689f67b4a2f3303c98a4d24,27,28,10,11,E:\Archival-Digitisation-Project\1971_Trimmed_PDF\Uttar_Pradesh\metadata\document.xlsx,4bf05d889c56070f43e73558469b6cab4e2a96f37cf6cc1e9a7aa54c7efd5abe,2026-08-30T21:25:19.215019+00:00
6,,Kachhwa,,PR (2) KR (2),,PT/OSD,,25,,600,,...,,HL,,N.A.,,N.A.,,...,,100,,1,,21,,36,,...,,2.0,2.0,ORDINARY,,False,5,mirzapur_civic_1971,Mirzapur,Uttar Pradesh,1971,format_001,mirzapur_civic_001,mirzapur_civic_1971.pdf,cc406e78b82b06a0384f678e19fee6c632fe19980689f67b4a2f3303c98a4d24,27,28,10,11,E:\Archival-Digitisation-Project\1971_Trimmed_PDF\Uttar_Pradesh\metadata\document.xlsx,4bf05d889c56070f43e73558469b6cab4e2a96f37cf6cc1e9a7aa54c7efd5abe,2026-08-30T21:25:19.215019+00:00
7,,Markundi,,PR (3) KR (0),,OSD,,...,,70,,...,,HL,,W,,...,,...,,...,,...,,...,,...,,...,,3.0,0.0,ORDINARY,,False,6,mirzapur_civic_1971,Mirzapur,Uttar Pradesh,1971,format_001,mirzapur_civic_001,mirzapur_civic_1971.pdf,cc406e78b82b06a0384f678e19fee6c632fe19980689f67b4a2f3303c98a4d24,27,28,10,11,E:\Archival-Digitisation-Project\1971_Trimmed_PDF\Uttar_Pradesh\metadata\document.xlsx,4bf05d889c56070f43e73558469b6cab4e2a96f37cf6cc1e9a7aa54c7efd5abe,2026-08-30T21:25:19.215019+00:00
8,,Mirzapur-cum-Vindhyachal,,PR (77) KR (6),,ST/OSD,,"2,000",,"14,000",,...,,HL/HC,,TW/OHT,,"375,000 Galls.",,Yes,,"5,148",,598,,"2,899",,"1,739",,...,,77.0,6.0,ORDINARY,,False,7,mirzapur_civic_1971,Mirzapur,Uttar Pradesh,1971,format_001,mirzapur_civic_001,mirzapur_civic_1971.pdf,cc406e78b82b06a0384f678e19fee6c632fe19980689f67b4a2f3303c98a4d24,27,28,10,11,E:\Archival-Digitisation-Project\1971_Trimmed_PDF\Uttar_Pradesh\metadata\document.xlsx,4bf05d889c56070f43e73558469b6cab4e2a96f37cf6cc1e9a7aa54c7efd5abe,2026-08-30T21:25:19.215019+00:00
9,,Obra,,PR (16) KR (0),,ST/OSD,,"1,215",,221,,...,,HL/HC,,TW/OHT,,"1,997,600 Galls.",,Yes,,"4,500",,14,,160,,400,,6,,16.0,0.0,ORDINARY,,False,8,mirzapur_civic_1971,Mirzapur,Uttar Pradesh,1971,format_001,mirzapur_civic_001,mirzapur_civic_1971.pdf,cc406e78b82b06a0384f678e19fee6c632fe19980689f67b4a2f3303c98a4d24,27,28,10,11,E:\Archival-Digitisation-Project\1971_Trimmed_PDF\Uttar_Pradesh\metadata\document.xlsx,4bf05d889c56070f43e73558469b6cab4e2a96f37cf6cc1e9a7aa54c7efd5abe,2026-08-30T21:25:19.215019+00:00
10,,Pipri,,PR (19) KR (0),,ST/OSD,,684,,...,,...,,...,,R/OHT,,"120,000 Galls.",,Yes,,410,,10,,158,,475,,1,,19.0,0.0,ORDINARY,,False,9,mirzapur_civic_1971,Mirzapur,Uttar Pradesh,1971,format_001,mirzapur_civic_001,mirzapur_civic_1971.pdf,cc406e78b82b06a0384f678e19fee6c632fe19980689f67b4a2f3303c98a4d24,27,28,10,11,E:\Archival-Digitisation-Project\1971_Trimmed_PDF\Uttar_Pradesh\metadata\document.xlsx,4bf05d889c56070f43e73558469b6cab4e2a96f37cf6cc1e9a7aa54c7efd5abe,2026-08-30T21:25:19.215019+00:00
11,,Renukoot,,PR (16) KR (0),,ST/OSD,,"2,296",,...,,...,,...,,R/OHT,,"3,500,000 Galls.",,Yes,,"1,745",,3,,63,,105,,3,,16.0,0.0,ORDINARY,,False,10,mirzapur_civic_1971,Mirzapur,Uttar Pradesh,1971,format_001,mirzapur_civic_001,mirzapur_civic_1971.pdf,cc406e78b82b06a0384f678e19fee6c632fe19980689f67b4a2f3303c98a4d24,27,28,10,11,E:\Archival-Digitisation-Project\1971_Trimmed_PDF\Uttar_Pradesh\metadata\document.xlsx,4bf05d889c56070f43e73558469b6cab4e2a96f37cf6cc1e9a7aa54c7efd5abe,2026-08-30T21:25:19.215019+00:00
12,,Robertsganj,,PR (8) KR (0),,ST/OSD,,40,,322,,...,,HL,,TW/OHT,,"122,222,222 Galls.",,...,,513,,30,,114,,125,,...,,8.0,0.0,ORDINARY,,False,11,mirzapur_civic_1971,Mirzapur,Uttar Pradesh,1971,format_001,mirzapur_civic_001,mirzapur_civic_1971.pdf,cc406e78b82b06a0384f678e19fee6c632fe19980689f67b4a2f3303c98a4d24,27,28,10,11,E:\Archival-Digitisation-Project\1971_Trimmed_PDF\Uttar_Pradesh\metadata\document.xlsx,4bf05d889c56070f43e73558469b6cab4e2a96f37cf6cc1e9a7aa54c7efd5abe,2026-08-30T21:25:19.215019+00:00
1,,Amroha,,PR (29) KR (5),,OSD,,...,,"21,012",,36,,B/HC,,TW/OHT,,"675,000 Galls.",,...,,"3,400",,250,,150,,"1,200",,...,,29.0,5.0,ORDINARY,,False,0,moradabad_civic_1971,Moradabad,Uttar Pradesh,1971,format_001,moradabad_civic_001,moradabad_civic_1971.pdf,b9e790e27ee022be9c299b178aad988d98760b2a2e1eb7718ba83899fb851f0e,28,29,10,11,E:\Archival-Digitisation-Project\1971_Trimmed_PDF\Uttar_Pradesh\metadata\document.xlsx,4bf05d889c56070f43e73558469b6cab4e2a96f37cf6cc1e9a7aa54c7efd5abe,2026-08-30T21:28:32.624998+00:00
2,,Bahjoi,,PR (4) KR (1),,PT/OSD,,11,,"1,742",,...,,B/HC,,HP/W,,...,,...,,700,,3,,64,,155,,...,,4.0,1.0,ORDINARY,,False,1,moradabad_civic_1971,Moradabad,Uttar Pradesh,1971,format_001,moradabad_civic_001,moradabad_civic_1971.pdf,b9e790e27ee022be9c299b178aad988d98760b2a2e1eb7718ba83899fb851f0e,28,29,10,11,E:\Archival-Digitisation-Project\1971_Trimmed_PDF\Uttar_Pradesh\metadata\document.xlsx,4bf05d889c56070f43e73558469b6cab4e2a96f37cf6cc1e9a7aa54c7efd5abe,2026-08-30T21:28:32.624998+00:00
3,,Bilari,,PR (6) KR (3),,PT/OSD,,95,,780,,...,,B/HC,,HP,,...,,...,,362,,67,,109,,203,,...,,6.0,3.0,ORDINARY,,False,2,moradabad_civic_1971,Moradabad,Uttar Pradesh,1971,format_001,moradabad_civic_001,moradabad_civic_1971.pdf,b9e790e27ee022be9c299b178aad988d98760b2a2e1eb7718ba83899fb851f0e,28,29,10,11,E:\Archival-Digitisation-Project\1971_Trimmed_PDF\Uttar_Pradesh\metadata\document.xlsx,4bf05d889c56070f43e73558469b6cab4e2a96f37cf6cc1e9a7aa54c7efd5abe,2026-08-30T21:28:32.624998+00:00
4,,Chandausi,,PR (17) KR (7),,PT/OSD,,400,,"4,500",,15,,B/HC/MT,,TW/OHT,,"60,000 Galls.",,Yes,,"3,161",,301,,118,,745,,...,,17.0,7.0,ORDINARY,,False,3,moradabad_civic_1971,Moradabad,Uttar Pradesh,1971,format_001,moradabad_civic_001,moradabad_civic_1971.pdf,b9e790e27ee022be9c299b178aad988d98760b2a2e1eb7718ba83899fb851f0e,28,29,10,11,E:\Archival-Digitisation-Project\1971_Trimmed_PDF\Uttar_Pradesh\metadata\document.xlsx,4bf05d889c56070f43e73558469b6cab4e2a96f37cf6cc1e9a7aa54c7efd5abe,2026-08-30T21:28:32.624998+00:00
5,,Dhanaura,,PR (11) KR (0),,PT/OSD,,29,,529,,...,,B,,HP/W,,...,,...,,507,,7,,38,,162,,...,,11.0,0.0,ORDINARY,,False,4,moradabad_civic_1971,Moradabad,Uttar Pradesh,1971,format_001,moradabad_civic_001,moradabad_civic_1971.pdf,b9e790e27ee022be9c299b178aad988d98760b2a2e1eb7718ba83899fb851f0e,28,29,10,11,E:\Archival-Digitisation-Project\1971_Trimmed_PDF\Uttar_Pradesh\metadata\document.xlsx,4bf05d889c56070f43e73558469b6cab4e2a96f37cf6cc1e9a7aa54c7efd5abe,2026-08-30T21:28:32.624998+00:00
6,,Hasanpur,,PR (20) KR (13),,OSD,,...,,"2,000",,...,,B,,HP/W,,...,,...,,672,,81,,167,,347,,...,,20.0,13.0,ORDINARY,,False,5,moradabad_civic_1971,Moradabad,Uttar Pradesh,1971,format_001,moradabad_civic_001,moradabad_civic_1971.pdf,b9e790e27ee022be9c299b178aad988d98760b2a2e1eb7718ba83899fb851f0e,28,29,10,11,E:\Archival-Digitisation-Project\1971_Trimmed_PDF\Uttar_Pradesh\metadata\document.xlsx,4bf05d889c56070f43e73558469b6cab4e2a96f37cf6cc1e9a7aa54c7efd5abe,2026-08-30T21:28:32.624998+00:00
7,,Kanth,,PR (2) KR (1),,OSD,,...,,"1,600",,...,,B,,HP/W,,...,,...,,354,,28,,94,,275,,...,,2.0,1.0,ORDINARY,,False,6,moradabad_civic_1971,Moradabad,Uttar Pradesh,1971,format_001,moradabad_civic_001,moradabad_civic_1971.pdf,b9e790e27ee022be9c299b178aad988d98760b2a2e1eb7718ba83899fb851f0e,28,29,10,11,E:\Archival-Digitisation-Project\1971_Trimmed_PDF\Uttar_Pradesh\metadata\document.xlsx,4bf05d889c56070f43e73558469b6cab4e2a96f37cf6cc1e9a7aa54c7efd5abe,2026-08-30T21:28:32.624998+00:00
8,,Moradabad,,,,,,,,,,,,,,,,,,,,,,,,,,,,,,,,CROSS_REFERENCE,Moradabad City Urban Agglomeration,False,7,moradabad_civic_1971,Moradabad,Uttar Pradesh,1971,format_001,moradabad_civic_001,moradabad_civic_1971.pdf,b9e790e27ee022be9c299b178aad988d98760b2a2e1eb7718ba83899fb851f0e,28,29,10,11,E:\Archival-Digitisation-Project\1971_Trimmed_PDF\Uttar_Pradesh\metadata\document.xlsx,4bf05d889c56070f43e73558469b6cab4e2a96f37cf6cc1e9a7aa54c7efd5abe,2026-08-30T21:28:32.624998+00:00
,,Moradabad City Urban Agglomeration,,PR (166) KR (5),,PT/OSD,,"5,706",,"36,983",,...,,B/HC/MT,,TW/OHT,,"3,313,270 Galls.",,Yes,,"29,498",,"3,020",,"7,480",,"3,400",,...,,166.0,5.0,AGGREGATE,,False,8,moradabad_civic_1971,Moradabad,Uttar Pradesh,1971,format_001,moradabad_civic_001,moradabad_civic_1971.pdf,b9e790e27ee022be9c299b178aad988d98760b2a2e1eb7718ba83899fb851f0e,28,29,10,11,E:\Archival-Digitisation-Project\1971_Trimmed_PDF\Uttar_Pradesh\metadata\document.xlsx,4bf05d889c56070f43e73558469b6cab4e2a96f37cf6cc1e9a7aa54c7efd5abe,2026-08-30T21:28:32.624998+00:00
(i),,Moradabad,,PR (153) KR (5),,PT/OSD,,"5,600",,"35,413",,...,,B/HC/MT,,TW/OHT,,"110,000 Galls.",,Yes,,"27,352",,"3,015",,"7,460",,"2,687",,...,,153.0,5.0,COMPONENT,,False,9,moradabad_civic_1971,Moradabad,Uttar Pradesh,1971,format_001,moradabad_civic_001,moradabad_civic_1971.pdf,b9e790e27ee022be9c299b178aad988d98760b2a2e1eb7718ba83899fb851f0e,28,29,10,11,E:\Archival-Digitisation-Project\1971_Trimmed_PDF\Uttar_Pradesh\metadata\document.xlsx,4bf05d889c56070f43e73558469b6cab4e2a96f37cf6cc1e9a7aa54c7efd5abe,2026-08-30T21:28:32.624998+00:00
(ii),,Moradabad Rly. Settlement,,PR (13) KR (0),,PT/OSD,,106,,"1,570",,...,,B/HC,,TW/OHT,,"3,203,270 Galls.",,Yes,,"2,146",,5,,20,,713,,...,,13.0,0.0,COMPONENT,,False,10,moradabad_civic_1971,Moradabad,Uttar Pradesh,1971,format_001,moradabad_civic_001,moradabad_civic_1971.pdf,b9e790e27ee022be9c299b178aad988d98760b2a2e1eb7718ba83899fb851f0e,28,29,10,11,E:\Archival-Digitisation-Project\1971_Trimmed_PDF\Uttar_Pradesh\metadata\document.xlsx,4bf05d889c56070f43e73558469b6cab4e2a96f37cf6cc1e9a7aa54c7efd5abe,2026-08-30T21:28:32.624998+00:00
9,,Moradabad Rly. Settlement,,,,,,,,,,,,,,,,,,,,,,,,,,,,,,,,CROSS_REFERENCE,Moradabad City Urban Agglomeration,False,11,moradabad_civic_1971,Moradabad,Uttar Pradesh,1971,format_001,moradabad_civic_001,moradabad_civic_1971.pdf,b9e790e27ee022be9c299b178aad988d98760b2a2e1eb7718ba83899fb851f0e,28,29,10,11,E:\Archival-Digitisation-Project\1971_Trimmed_PDF\Uttar_Pradesh\metadata\document.xlsx,4bf05d889c56070f43e73558469b6cab4e2a96f37cf6cc1e9a7aa54c7efd5abe,2026-08-30T21:28:32.624998+00:00
10,,Rustamnagar Sahaspur,,PR (1) KR (3),,PT/OSD,,11,,381,,85,,HC,,HP/W,,...,,...,,170,,1,,11,,24,,...,,1.0,3.0,ORDINARY,,False,12,moradabad_civic_1971,Moradabad,Uttar Pradesh,1971,format_001,moradabad_civic_001,moradabad_civic_1971.pdf,b9e790e27ee022be9c299b178aad988d98760b2a2e1eb7718ba83899fb851f0e,28,29,10,11,E:\Archival-Digitisation-Project\1971_Trimmed_PDF\Uttar_Pradesh\metadata\document.xlsx,4bf05d889c56070f43e73558469b6cab4e2a96f37cf6cc1e9a7aa54c7efd5abe,2026-08-30T21:28:32.624998+00:00
11,,Sambhal,,PR (35) KR (4),,OSD,,...,,"5,109",,...,,B/HC,,HP/W,,...,,...,,"3,158",,287,,118,,"1,500",,...,,35.0,4.0,ORDINARY,,False,13,moradabad_civic_1971,Moradabad,Uttar Pradesh,1971,format_001,moradabad_civic_001,moradabad_civic_1971.pdf,b9e790e27ee022be9c299b178aad988d98760b2a2e1eb7718ba83899fb851f0e,28,29,10,11,E:\Archival-Digitisation-Project\1971_Trimmed_PDF\Uttar_Pradesh\metadata\document.xlsx,4bf05d889c56070f43e73558469b6cab4e2a96f37cf6cc1e9a7aa54c7efd5abe,2026-08-30T21:28:32.624998+00:00
12,,Thakurdwara,,PR (10) KR (0),,OSD,,...,,"1,425",,...,,B/HC,,HP/W,,...,,...,,168,,22,,125,,136,,...,,10.0,0.0,ORDINARY,,False,14,moradabad_civic_1971,Moradabad,Uttar Pradesh,1971,format_001,moradabad_civic_001,moradabad_civic_1971.pdf,b9e790e27ee022be9c299b178aad988d98760b2a2e1eb7718ba83899fb851f0e,28,29,10,11,E:\Archival-Digitisation-Project\1971_Trimmed_PDF\Uttar_Pradesh\metadata\document.xlsx,4bf05d889c56070f43e73558469b6cab4e2a96f37cf6cc1e9a7aa54c7efd5abe,2026-08-30T21:28:32.624998+00:00
1,,Jansath,,PR (4) KR (0),,OSD,,...,,"2,000",,...,,HL,,HP,,...,,...,,"1,000",,...,,50,,40,,...,,4.0,0.0,ORDINARY,,False,0,muzaffarnagar_civic_1971,Muzaffarnagar,Uttar Pradesh,1971,format_001,muzaffarnagar_civic_001,muzaffarnagar_civic_1971.pdf,0f3e4342e67c6c2cdd0674ac36751152579cea78e4ccd65f7f6cdea2cc5f24fe,22,23,6,7,E:\Archival-Digitisation-Project\1971_Trimmed_PDF\Uttar_Pradesh\metadata\document.xlsx,4bf05d889c56070f43e73558469b6cab4e2a96f37cf6cc1e9a7aa54c7efd5abe,2026-08-30T21:39:52.988745+00:00
2,,Kairana,,PR (7) KR (10),,PT/OSD,,50,,"9,006",,...,,HC,,HP,,...,,...,,745,,32,,223,,500,,...,,7.0,10.0,ORDINARY,,False,1,muzaffarnagar_civic_1971,Muzaffarnagar,Uttar Pradesh,1971,format_001,muzaffarnagar_civic_001,muzaffarnagar_civic_1971.pdf,0f3e4342e67c6c2cdd0674ac36751152579cea78e4ccd65f7f6cdea2cc5f24fe,22,23,6,7,E:\Archival-Digitisation-Project\1971_Trimmed_PDF\Uttar_Pradesh\metadata\document.xlsx,4bf05d889c56070f43e73558469b6cab4e2a96f37cf6cc1e9a7aa54c7efd5abe,2026-08-30T21:39:52.988745+00:00
3,,Kandhla,,PR (6) KR (14),,S/OSD,,N.A.,,"2,000",,...,,HL/HC,,TW/OHT,,"50,000 Galls.",,...,,"1,200",,11,,18,,196,,...,,6.0,14.0,ORDINARY,,False,2,muzaffarnagar_civic_1971,Muzaffarnagar,Uttar Pradesh,1971,format_001,muzaffarnagar_civic_001,muzaffarnagar_civic_1971.pdf,0f3e4342e67c6c2cdd0674ac36751152579cea78e4ccd65f7f6cdea2cc5f24fe,22,23,6,7,E:\Archival-Digitisation-Project\1971_Trimmed_PDF\Uttar_Pradesh\metadata\document.xlsx,4bf05d889c56070f43e73558469b6cab4e2a96f37cf6cc1e9a7aa54c7efd5abe,2026-08-30T21:39:52.988745+00:00
4,,Khatauli,,PR (22) KR (7),,S/PT/OSD,,116,,"2,015",,...,,HL/HC,,TW/OHT,,"50,000 Galls.",,...,,"2,010",,35,,80,,400,,...,,22.0,7.0,ORDINARY,,False,3,muzaffarnagar_civic_1971,Muzaffarnagar,Uttar Pradesh,1971,format_001,muzaffarnagar_civic_001,muzaffarnagar_civic_1971.pdf,0f3e4342e67c6c2cdd0674ac36751152579cea78e4ccd65f7f6cdea2cc5f24fe,22,23,6,7,E:\Archival-Digitisation-Project\1971_Trimmed_PDF\Uttar_Pradesh\metadata\document.xlsx,4bf05d889c56070f43e73558469b6cab4e2a96f37cf6cc1e9a7aa54c7efd5abe,2026-08-30T21:39:52.988745+00:00
5,,Miranpur,,PR (6) KR (0),,PT/OSD,,10,,"2,500",,...,,HL,,HP,,...,,...,,"2,000",,20,,150,,70,,...,,6.0,0.0,ORDINARY,,False,4,muzaffarnagar_civic_1971,Muzaffarnagar,Uttar Pradesh,1971,format_001,muzaffarnagar_civic_001,muzaffarnagar_civic_1971.pdf,0f3e4342e67c6c2cdd0674ac36751152579cea78e4ccd65f7f6cdea2cc5f24fe,22,23,6,7,E:\Archival-Digitisation-Project\1971_Trimmed_PDF\Uttar_Pradesh\metadata\document.xlsx,4bf05d889c56070f43e73558469b6cab4e2a96f37cf6cc1e9a7aa54c7efd5abe,2026-08-30T21:39:52.988745+00:00
6,,Muzaffarnagar,,PR (16) KR (0),,PT/OSD,,"2,000",,"8,012",,...,,HC/HL/MT,,TW/OHT,,"94,800 Galls.",,Yes,,"9,217",,460,,750,,"1,650",,...,,16.0,0.0,ORDINARY,,False,5,muzaffarnagar_civic_1971,Muzaffarnagar,Uttar Pradesh,1971,format_001,muzaffarnagar_civic_001,muzaffarnagar_civic_1971.pdf,0f3e4342e67c6c2cdd0674ac36751152579cea78e4ccd65f7f6cdea2cc5f24fe,22,23,6,7,E:\Archival-Digitisation-Project\1971_Trimmed_PDF\Uttar_Pradesh\metadata\document.xlsx,4bf05d889c56070f43e73558469b6cab4e2a96f37cf6cc1e9a7aa54c7efd5abe,2026-08-30T21:39:52.988745+00:00
7,,Shamli,,PR (46) KR (0),,PT/OSD,,116,,"1,600",,...,,MT/HC,,TW/OHT,,"1,00,000 Galls.",,...,,"2,218",,5,,180,,530,,...,,46.0,0.0,ORDINARY,,False,6,muzaffarnagar_civic_1971,Muzaffarnagar,Uttar Pradesh,1971,format_001,muzaffarnagar_civic_001,muzaffarnagar_civic_1971.pdf,0f3e4342e67c6c2cdd0674ac36751152579cea78e4ccd65f7f6cdea2cc5f24fe,22,23,6,7,E:\Archival-Digitisation-Project\1971_Trimmed_PDF\Uttar_Pradesh\metadata\document.xlsx,4bf05d889c56070f43e73558469b6cab4e2a96f37cf6cc1e9a7aa54c7efd5abe,2026-08-30T21:39:52.988745+00:00
1,,Bhowali,,PR (10) KR (8),,OSD,,...,,423,,...,,HC,,F,,...,,...,,89,,5,,62,,40,,...,,10.0,8.0,ORDINARY,,False,0,nainital_civic_1971,Nainital,Uttar Pradesh,1971,format_001,nainital_civic_001,nainital_civic_1971.pdf,d173d558ab6761f9a4b046e0280692c13bb1e8aca301a5e22368b0b4c90f202a,25,26,6,7,E:\Archival-Digitisation-Project\1971_Trimmed_PDF\Uttar_Pradesh\metadata\document.xlsx,4bf05d889c56070f43e73558469b6cab4e2a96f37cf6cc1e9a7aa54c7efd5abe,2026-08-30T21:43:54.820379+00:00
2,,Haldwani-cum-Kathgodam,,PR (20.3) KR (1.2),,OSD,,N.A.,,N.A.,,N.A.,,HC,,TW/OHT,,"563,000 Gallons",,Yes,,"2,572",,136,,"1,378",,"1,045",,...,,20.3,1.2,ORDINARY,,False,1,nainital_civic_1971,Nainital,Uttar Pradesh,1971,format_001,nainital_civic_001,nainital_civic_1971.pdf,d173d558ab6761f9a4b046e0280692c13bb1e8aca301a5e22368b0b4c90f202a,25,26,6,7,E:\Archival-Digitisation-Project\1971_Trimmed_PDF\Uttar_Pradesh\metadata\document.xlsx,4bf05d889c56070f43e73558469b6cab4e2a96f37cf6cc1e9a7aa54c7efd5abe,2026-08-30T21:43:54.820379+00:00
3,,Jaspur,,PR (18) KR (7),,PT/OSD,,55,,"1,625",,...,,HC,,HP,,...,,...,,496,,39,,200,,120,,...,,18.0,7.0,ORDINARY,,False,2,nainital_civic_1971,Nainital,Uttar Pradesh,1971,format_001,nainital_civic_001,nainital_civic_1971.pdf,d173d558ab6761f9a4b046e0280692c13bb1e8aca301a5e22368b0b4c90f202a,25,26,6,7,E:\Archival-Digitisation-Project\1971_Trimmed_PDF\Uttar_Pradesh\metadata\document.xlsx,4bf05d889c56070f43e73558469b6cab4e2a96f37cf6cc1e9a7aa54c7efd5abe,2026-08-30T21:43:54.820379+00:00
4,,Kashipur,,PR (35.4) KR (3.5),,OSD,,N.A.,,N.A.,,N.A.,,HC,,TW/OHT,,"75,000 Gallons",,...,,"1,929",,179,,905,,240,,...,,35.4,3.5,ORDINARY,,False,3,nainital_civic_1971,Nainital,Uttar Pradesh,1971,format_001,nainital_civic_001,nainital_civic_1971.pdf,d173d558ab6761f9a4b046e0280692c13bb1e8aca301a5e22368b0b4c90f202a,25,26,6,7,E:\Archival-Digitisation-Project\1971_Trimmed_PDF\Uttar_Pradesh\metadata\document.xlsx,4bf05d889c56070f43e73558469b6cab4e2a96f37cf6cc1e9a7aa54c7efd5abe,2026-08-30T21:43:54.820379+00:00
5,,Naini Tal,,,,,,,,,,,,,,,,,,,,,,,,,,,,,,,,CROSS_REFERENCE,Naini Tal Urban Agglomeration,False,4,nainital_civic_1971,Nainital,Uttar Pradesh,1971,format_001,nainital_civic_001,nainital_civic_1971.pdf,d173d558ab6761f9a4b046e0280692c13bb1e8aca301a5e22368b0b4c90f202a,25,26,6,7,E:\Archival-Digitisation-Project\1971_Trimmed_PDF\Uttar_Pradesh\metadata\document.xlsx,4bf05d889c56070f43e73558469b6cab4e2a96f37cf6cc1e9a7aa54c7efd5abe,2026-08-30T21:43:54.820379+00:00
6,,Naini Tal Cantt.,,,,,,,,,,,,,,,,,,,,,,,,,,,,,,,,CROSS_REFERENCE,Naini Tal Urban Agglomeration,False,5,nainital_civic_1971,Nainital,Uttar Pradesh,1971,format_001,nainital_civic_001,nainital_civic_1971.pdf,d173d558ab6761f9a4b046e0280692c13bb1e8aca301a5e22368b0b4c90f202a,25,26,6,7,E:\Archival-Digitisation-Project\1971_Trimmed_PDF\Uttar_Pradesh\metadata\document.xlsx,4bf05d889c56070f43e73558469b6cab4e2a96f37cf6cc1e9a7aa54c7efd5abe,2026-08-30T21:43:54.820379+00:00
,,Naini Tal Urban Agglomeration,,PR (9.2) KR (5.2),,S/OSD,,N.A.,,N.A.,,N.A.,,HC,,F/L/OHT,,"2,636,959 Gallons",,Yes,,"4,617",,18,,"1,000",,"1,209",,...,,9.2,5.2,AGGREGATE,,False,6,nainital_civic_1971,Nainital,Uttar Pradesh,1971,format_001,nainital_civic_001,nainital_civic_1971.pdf,d173d558ab6761f9a4b046e0280692c13bb1e8aca301a5e22368b0b4c90f202a,25,26,6,7,E:\Archival-Digitisation-Project\1971_Trimmed_PDF\Uttar_Pradesh\metadata\document.xlsx,4bf05d889c56070f43e73558469b6cab4e2a96f37cf6cc1e9a7aa54c7efd5abe,2026-08-30T21:43:54.820379+00:00
(i),,Naini Tal,,PR (6.7) KR (3.7),,S/OSD,,"12,600",,"1,400",,...,,HC,,F/L/OHT,,"2,611,959 Gallons",,Yes,,"4,081",,18,,983,,"1,149",,...,,6.7,3.7,COMPONENT,,False,7,nainital_civic_1971,Nainital,Uttar Pradesh,1971,format_001,nainital_civic_001,nainital_civic_1971.pdf,d173d558ab6761f9a4b046e0280692c13bb1e8aca301a5e22368b0b4c90f202a,25,26,6,7,E:\Archival-Digitisation-Project\1971_Trimmed_PDF\Uttar_Pradesh\metadata\document.xlsx,4bf05d889c56070f43e73558469b6cab4e2a96f37cf6cc1e9a7aa54c7efd5abe,2026-08-30T21:43:54.820379+00:00
(ii),,Naini Tal Cantt.,,PR (2.5) KR (1.5),,OSD,,N.A.,,N.A.,,N.A.,,HC,,F/L/OHT,,"25,000 Gallons",,...,,536,,...,,17,,60,,...,,2.5,1.5,COMPONENT,,False,8,nainital_civic_1971,Nainital,Uttar Pradesh,1971,format_001,nainital_civic_001,nainital_civic_1971.pdf,d173d558ab6761f9a4b046e0280692c13bb1e8aca301a5e22368b0b4c90f202a,25,26,6,7,E:\Archival-Digitisation-Project\1971_Trimmed_PDF\Uttar_Pradesh\metadata\document.xlsx,4bf05d889c56070f43e73558469b6cab4e2a96f37cf6cc1e9a7aa54c7efd5abe,2026-08-30T21:43:54.820379+00:00
7,,Ramnagar,,PR (6.4) KR (5.5),,PT/OSD,,150,,739,,...,,HC,,TW/OHT,,"50,000 Gallons",,Yes,,874,,51,,619,,258,,...,,6.4,5.5,ORDINARY,,False,9,nainital_civic_1971,Nainital,Uttar Pradesh,1971,format_001,nainital_civic_001,nainital_civic_1971.pdf,d173d558ab6761f9a4b046e0280692c13bb1e8aca301a5e22368b0b4c90f202a,25,26,6,7,E:\Archival-Digitisation-Project\1971_Trimmed_PDF\Uttar_Pradesh\metadata\document.xlsx,4bf05d889c56070f43e73558469b6cab4e2a96f37cf6cc1e9a7aa54c7efd5abe,2026-08-30T21:43:54.820379+00:00
8,,Rudrapur,,PR (8) KR (12),,PT/OSD,,476,,"1,035",,...,,HC,,TW/OHT,,"24,000 Gallons",,...,,"1,009",,72,,590,,313,,...,,8.0,12.0,ORDINARY,,False,10,nainital_civic_1971,Nainital,Uttar Pradesh,1971,format_001,nainital_civic_001,nainital_civic_1971.pdf,d173d558ab6761f9a4b046e0280692c13bb1e8aca301a5e22368b0b4c90f202a,25,26,6,7,E:\Archival-Digitisation-Project\1971_Trimmed_PDF\Uttar_Pradesh\metadata\document.xlsx,4bf05d889c56070f43e73558469b6cab4e2a96f37cf6cc1e9a7aa54c7efd5abe,2026-08-30T21:43:54.820379+00:00
9,,Tanakpur,,PR (5.4) KR (1.2),,PT/OSD,,50,,600,,...,,HC,,TW/OHT,,"30,000 Gallons",,Yes,,432,,12,,122,,150,,...,,5.4,1.2,ORDINARY,,False,11,nainital_civic_1971,Nainital,Uttar Pradesh,1971,format_001,nainital_civic_001,nainital_civic_1971.pdf,d173d558ab6761f9a4b046e0280692c13bb1e8aca301a5e22368b0b4c90f202a,25,26,6,7,E:\Archival-Digitisation-Project\1971_Trimmed_PDF\Uttar_Pradesh\metadata\document.xlsx,4bf05d889c56070f43e73558469b6cab4e2a96f37cf6cc1e9a7aa54c7efd5abe,2026-08-30T21:43:54.820379+00:00
1,,Bela Pratapgarh,,PR (24) KR (4),,PT/OSD,,240,,"3,347",,...,,B,,TW/OHT,,"58,000 Gallons",,...,,"1,615",,133,,643,,497,,...,,24.0,4.0,ORDINARY,,False,0,parthpgad_civic_1971,Pratapgarh,Uttar Pradesh,1971,format_001,parthpgad_civic_001,parthpgad_civic_1971.pdf,649df837429f2699015d5471def4175894e3a3e759b11f8438560bbaa5e7867f,25,26,6,7,E:\Archival-Digitisation-Project\1971_Trimmed_PDF\Uttar_Pradesh\metadata\document.xlsx,4bf05d889c56070f43e73558469b6cab4e2a96f37cf6cc1e9a7aa54c7efd5abe,2026-08-30T21:47:58.358737+00:00
1,,Bisalpur,,PR (12.7) KR (2.1),,PT/OSD,,25,,"3,408",,...,,B,,HP,,...,,...,,800,,12,,77,,350,,...,,12.7,2.1,ORDINARY,,False,0,peelibhit_civic_1971,Peelibhit,Uttar Pradesh,1971,format_001,peelibhit_civic_001,peelibhit_civic_1971.pdf,d173611378d7ea401db7d629c1c23d33715bcdbdd797c2a70fbd2051a0ddc537,25,26,6,7,E:\Archival-Digitisation-Project\1971_Trimmed_PDF\Uttar_Pradesh\metadata\document.xlsx,4bf05d889c56070f43e73558469b6cab4e2a96f37cf6cc1e9a7aa54c7efd5abe,2026-08-30T21:55:00.849041+00:00
2,,Pilibhit,,PR (109.1) KR (5.3),,S/OSD,,"1,073",,"12,584",,...,,B,,TW/OHT,,"100,000 Galls.",,Yes,,"4,357",,230,,146,,"1,638",,...,,109.1,5.3,ORDINARY,,False,1,peelibhit_civic_1971,Peelibhit,Uttar Pradesh,1971,format_001,peelibhit_civic_001,peelibhit_civic_1971.pdf,d173611378d7ea401db7d629c1c23d33715bcdbdd797c2a70fbd2051a0ddc537,25,26,6,7,E:\Archival-Digitisation-Project\1971_Trimmed_PDF\Uttar_Pradesh\metadata\document.xlsx,4bf05d889c56070f43e73558469b6cab4e2a96f37cf6cc1e9a7aa54c7efd5abe,2026-08-30T21:55:00.849041+00:00
3,,Puranpur,,PR (1) KR (1),,PT/BD/OSD,,276,,"1,743",,...,,HC,,HP,,...,,...,,800,,100,,139,,150,,...,,1.0,1.0,ORDINARY,,False,2,peelibhit_civic_1971,Peelibhit,Uttar Pradesh,1971,format_001,peelibhit_civic_001,peelibhit_civic_1971.pdf,d173611378d7ea401db7d629c1c23d33715bcdbdd797c2a70fbd2051a0ddc537,25,26,6,7,E:\Archival-Digitisation-Project\1971_Trimmed_PDF\Uttar_Pradesh\metadata\document.xlsx,4bf05d889c56070f43e73558469b6cab4e2a96f37cf6cc1e9a7aa54c7efd5abe,2026-08-30T21:55:00.849041+00:00
1,,Pithoragarh,,PR (12) KR (20),,S/OSD,,225,,174,,...,,HL,,F/SR,,"65,000 Gallon.",,Yes,,679,,8,,216,,350,,...,,12.0,20.0,ORDINARY,,False,0,pithoragarh_civic_1971,Pithoragarh,Uttar Pradesh,1971,format_001,pithoragarh_civic_001,pithoragarh_civic_1971.pdf,de69c78f211486cf51caefa0ec788d73aaec25dbdc496b87184ce1c0d5b3f2eb,24,25,6,7,E:\Archival-Digitisation-Project\1971_Trimmed_PDF\Uttar_Pradesh\metadata\document.xlsx,4bf05d889c56070f43e73558469b6cab4e2a96f37cf6cc1e9a7aa54c7efd5abe,2026-08-30T22:02:14.949300+00:00
1,,Jais,,PR (5.0) KR (3.0),,PT/OSD,,14,,"1,200",,3,,B/HC,,TW/OHT,,"30,000 Gallons",,...,,250,,30,,50,,57,,...,,5.0,3.0,ORDINARY,,False,0,rae_bareli_civic_1971,Rae Bareli,Uttar Pradesh,1971,format_001,rae_bareli_civic_001,rae_bareli_civic_1971.pdf,1bf542abcda234a49fe34f9e39a74d4653bf99c89caabaa3bd294d4ae0518678,25,26,6,7,E:\Archival-Digitisation-Project\1971_Trimmed_PDF\Uttar_Pradesh\metadata\document.xlsx,4bf05d889c56070f43e73558469b6cab4e2a96f37cf6cc1e9a7aa54c7efd5abe,2026-08-30T22:03:37.175614+00:00
2,,Rae Bareli,,PR (59.5) KR (1.1),,PT/OSD,,187,,"3,648",,...,,B/HC/MT,,TW/OHT,,"62,500 Gallons",,...,,"1,219",,132,,547,,442,,...,,59.5,1.1,ORDINARY,,False,1,rae_bareli_civic_1971,Rae Bareli,Uttar Pradesh,1971,format_001,rae_bareli_civic_001,rae_bareli_civic_1971.pdf,1bf542abcda234a49fe34f9e39a74d4653bf99c89caabaa3bd294d4ae0518678,25,26,6,7,E:\Archival-Digitisation-Project\1971_Trimmed_PDF\Uttar_Pradesh\metadata\document.xlsx,4bf05d889c56070f43e73558469b6cab4e2a96f37cf6cc1e9a7aa54c7efd5abe,2026-08-30T22:03:37.175614+00:00
1,,Rampur,,PR (130) KR (45),,PT/OSD,,824,,"17,484",,60,,HL/B/HC,,TW/OHT,,"100,000 Galls.",,Yes,,"11,351",,605,,792,,"2,372",,...,,130,45,ORDINARY,,False,0,rampur_civic_1971,Rampur,Uttar Pradesh,1971,format_001,rampur_civic_001,rampur_civic_1971.pdf,8141c76e34b694e379c64147e2618648703ee26d248998216553d3fa2cf12dcd,25,26,6,7,E:\Archival-Digitisation-Project\1971_Trimmed_PDF\Uttar_Pradesh\metadata\document.xlsx,4bf05d889c56070f43e73558469b6cab4e2a96f37cf6cc1e9a7aa54c7efd5abe,2026-08-30T22:06:06.986705+00:00
2,,Tanda,,PR (3) KR (2),,OSD,,...,,"1,327",,...,,B/HL,,HP/W,,...,,...,,255,,34,,97,,176,,...,,3,2,ORDINARY,,False,1,rampur_civic_1971,Rampur,Uttar Pradesh,1971,format_001,rampur_civic_001,rampur_civic_1971.pdf,8141c76e34b694e379c64147e2618648703ee26d248998216553d3fa2cf12dcd,25,26,6,7,E:\Archival-Digitisation-Project\1971_Trimmed_PDF\Uttar_Pradesh\metadata\document.xlsx,4bf05d889c56070f43e73558469b6cab4e2a96f37cf6cc1e9a7aa54c7efd5abe,2026-08-30T22:06:06.986705+00:00
1,,"Bharat Heavy Electricals Ltd., Ranipur",,PR (40) KR (0),,ST,,"3,000",,...,,...,,...,,TW/OHT,,"120,000 Galls.",,Yes,,"3,000",,4,,40,,872,,...,,40.0,0.0,ORDINARY,,False,0,saharanpur_civic_1971,Saharanpur,Uttar Pradesh,1971,format_001,saharanpur_civic_001,saharanpur_civic_1971.pdf,297643cac7cef03dc13b36c2f3b9851002d6a3658e08c042256d2e87f6ebc282,32,33,10,11,E:\Archival-Digitisation-Project\1971_Trimmed_PDF\Uttar_Pradesh\metadata\document.xlsx,4bf05d889c56070f43e73558469b6cab4e2a96f37cf6cc1e9a7aa54c7efd5abe,2026-08-30T22:08:59.558149+00:00
2,,Deoband,,PR (46) KR (26),,PT/OSD,,10,,"5,000",,...,,B,,HP/W,,...,,...,,811,,52,,88,,459,,...,,46.0,26.0,ORDINARY,,False,1,saharanpur_civic_1971,Saharanpur,Uttar Pradesh,1971,format_001,saharanpur_civic_001,saharanpur_civic_1971.pdf,297643cac7cef03dc13b36c2f3b9851002d6a3658e08c042256d2e87f6ebc282,32,33,10,11,E:\Archival-Digitisation-Project\1971_Trimmed_PDF\Uttar_Pradesh\metadata\document.xlsx,4bf05d889c56070f43e73558469b6cab4e2a96f37cf6cc1e9a7aa54c7efd5abe,2026-08-30T22:08:59.558149+00:00
3,,Gangoh,,PR (17) KR (5),,OSD,,...,,935,,...,,HL,,HP/W,,...,,...,,980,,42,,120,,253,,...,,17.0,5.0,ORDINARY,,False,2,saharanpur_civic_1971,Saharanpur,Uttar Pradesh,1971,format_001,saharanpur_civic_001,saharanpur_civic_1971.pdf,297643cac7cef03dc13b36c2f3b9851002d6a3658e08c042256d2e87f6ebc282,32,33,10,11,E:\Archival-Digitisation-Project\1971_Trimmed_PDF\Uttar_Pradesh\metadata\document.xlsx,4bf05d889c56070f43e73558469b6cab4e2a96f37cf6cc1e9a7aa54c7efd5abe,2026-08-30T22:08:59.558149+00:00
4,,Gurukul Kangri,,,,,,,,,,,,,,,,,,,,,,,,,,,,,,,,CROSS_REFERENCE,Hardwar Urban Agglomeration,False,3,saharanpur_civic_1971,Saharanpur,Uttar Pradesh,1971,format_001,saharanpur_civic_001,saharanpur_civic_1971.pdf,297643cac7cef03dc13b36c2f3b9851002d6a3658e08c042256d2e87f6ebc282,32,33,10,11,E:\Archival-Digitisation-Project\1971_Trimmed_PDF\Uttar_Pradesh\metadata\document.xlsx,4bf05d889c56070f43e73558469b6cab4e2a96f37cf6cc1e9a7aa54c7efd5abe,2026-08-30T22:08:59.558149+00:00
5,,Hardwar,,,,,,,,,,,,,,,,,,,,,,,,,,,,,,,,CROSS_REFERENCE,Hardwar Urban Agglomeration,False,4,saharanpur_civic_1971,Saharanpur,Uttar Pradesh,1971,format_001,saharanpur_civic_001,saharanpur_civic_1971.pdf,297643cac7cef03dc13b36c2f3b9851002d6a3658e08c042256d2e87f6ebc282,32,33,10,11,E:\Archival-Digitisation-Project\1971_Trimmed_PDF\Uttar_Pradesh\metadata\document.xlsx,4bf05d889c56070f43e73558469b6cab4e2a96f37cf6cc1e9a7aa54c7efd5abe,2026-08-30T22:08:59.558149+00:00
,,Hardwar Urban Agglomeration,,PR (82) KR (0),,S/ST/OSD,,"1,702",,"5,588",,10,,HL/HC/MT,,TW/OHT,,"5,298,920 Galls.",,Yes,,"9,033",,261,,222,,"1,919",,...,,82.0,0.0,AGGREGATE,,False,5,saharanpur_civic_1971,Saharanpur,Uttar Pradesh,1971,format_001,saharanpur_civic_001,saharanpur_civic_1971.pdf,297643cac7cef03dc13b36c2f3b9851002d6a3658e08c042256d2e87f6ebc282,32,33,10,11,E:\Archival-Digitisation-Project\1971_Trimmed_PDF\Uttar_Pradesh\metadata\document.xlsx,4bf05d889c56070f43e73558469b6cab4e2a96f37cf6cc1e9a7aa54c7efd5abe,2026-08-30T22:08:59.558149+00:00
(i),,Gurukul Kangri,,PR (3) KR (0),,S,,82,,60,,10,,HL,,TW/OHT,,"12,000 Galls.",,...,,"1,815",,...,,1,,50,,...,,3.0,0.0,COMPONENT,,False,6,saharanpur_civic_1971,Saharanpur,Uttar Pradesh,1971,format_001,saharanpur_civic_001,saharanpur_civic_1971.pdf,297643cac7cef03dc13b36c2f3b9851002d6a3658e08c042256d2e87f6ebc282,32,33,10,11,E:\Archival-Digitisation-Project\1971_Trimmed_PDF\Uttar_Pradesh\metadata\document.xlsx,4bf05d889c56070f43e73558469b6cab4e2a96f37cf6cc1e9a7aa54c7efd5abe,2026-08-30T22:08:59.558149+00:00
(ii),,Hardwar,,PR (78) KR (0),,S/OSD,,"1,600",,"5,528",,...,,HC/MT,,TW/OHT,,"5,281,920 Galls.",,Yes,,"6,218",,258,,220,,"1,849",,...,,78.0,0.0,COMPONENT,,False,7,saharanpur_civic_1971,Saharanpur,Uttar Pradesh,1971,format_001,saharanpur_civic_001,saharanpur_civic_1971.pdf,297643cac7cef03dc13b36c2f3b9851002d6a3658e08c042256d2e87f6ebc282,32,33,10,11,E:\Archival-Digitisation-Project\1971_Trimmed_PDF\Uttar_Pradesh\metadata\document.xlsx,4bf05d889c56070f43e73558469b6cab4e2a96f37cf6cc1e9a7aa54c7efd5abe,2026-08-30T22:08:59.558149+00:00
(iii),,Jwalapur Mahavidyalaya,,PR (1) KR (0),,ST,,20,,...,,...,,HC,,TW/OHT,,"5,000 Galls.",,...,,"1,000",,3,,1,,20,,...,,1.0,0.0,COMPONENT,,False,8,saharanpur_civic_1971,Saharanpur,Uttar Pradesh,1971,format_001,saharanpur_civic_001,saharanpur_civic_1971.pdf,297643cac7cef03dc13b36c2f3b9851002d6a3658e08c042256d2e87f6ebc282,32,33,10,11,E:\Archival-Digitisation-Project\1971_Trimmed_PDF\Uttar_Pradesh\metadata\document.xlsx,4bf05d889c56070f43e73558469b6cab4e2a96f37cf6cc1e9a7aa54c7efd5abe,2026-08-30T22:08:59.558149+00:00
6,,Jwalapur Mahavidyalaya,,,,,,,,,,,,,,,,,,,,,,,,,,,,,,,,CROSS_REFERENCE,Hardwar Urban Agglomeration,False,9,saharanpur_civic_1971,Saharanpur,Uttar Pradesh,1971,format_001,saharanpur_civic_001,saharanpur_civic_1971.pdf,297643cac7cef03dc13b36c2f3b9851002d6a3658e08c042256d2e87f6ebc282,32,33,10,11,E:\Archival-Digitisation-Project\1971_Trimmed_PDF\Uttar_Pradesh\metadata\document.xlsx,4bf05d889c56070f43e73558469b6cab4e2a96f37cf6cc1e9a7aa54c7efd5abe,2026-08-30T22:08:59.558149+00:00
7,,Manglaur,,PR (21) KR (19),,PT/OSD,,15,,"3,500",,...,,HL/HC/MT,,HP/W,,...,,...,,399,,16,,100,,190,,...,,21.0,19.0,ORDINARY,,False,10,saharanpur_civic_1971,Saharanpur,Uttar Pradesh,1971,format_001,saharanpur_civic_001,saharanpur_civic_1971.pdf,297643cac7cef03dc13b36c2f3b9851002d6a3658e08c042256d2e87f6ebc282,32,33,10,11,E:\Archival-Digitisation-Project\1971_Trimmed_PDF\Uttar_Pradesh\metadata\document.xlsx,4bf05d889c56070f43e73558469b6cab4e2a96f37cf6cc1e9a7aa54c7efd5abe,2026-08-30T22:08:59.558149+00:00
8,,Nakur,,PR (9) KR (4),,PT/OSD,,17,,"1,153",,...,,HC,,TW/HP/W,,"1,500 Galls.",,...,,354,,11,,81,,45,,...,,9.0,4.0,ORDINARY,,False,11,saharanpur_civic_1971,Saharanpur,Uttar Pradesh,1971,format_001,saharanpur_civic_001,saharanpur_civic_1971.pdf,297643cac7cef03dc13b36c2f3b9851002d6a3658e08c042256d2e87f6ebc282,32,33,10,11,E:\Archival-Digitisation-Project\1971_Trimmed_PDF\Uttar_Pradesh\metadata\document.xlsx,4bf05d889c56070f43e73558469b6cab4e2a96f37cf6cc1e9a7aa54c7efd5abe,2026-08-30T22:08:59.558149+00:00
9,,Rampur Maniharan,,PR (8) KR (2),,PT/OSD,,10,,"1,535",,...,,B,,HP/W,,...,,...,,350,,35,,100,,76,,...,,8.0,2.0,ORDINARY,,False,12,saharanpur_civic_1971,Saharanpur,Uttar Pradesh,1971,format_001,saharanpur_civic_001,saharanpur_civic_1971.pdf,297643cac7cef03dc13b36c2f3b9851002d6a3658e08c042256d2e87f6ebc282,32,33,10,11,E:\Archival-Digitisation-Project\1971_Trimmed_PDF\Uttar_Pradesh\metadata\document.xlsx,4bf05d889c56070f43e73558469b6cab4e2a96f37cf6cc1e9a7aa54c7efd5abe,2026-08-30T22:08:59.558149+00:00
10,,Roorkee,,,,,,,,,,,,,,,,,,,,,,,,,,,,,,,,CROSS_REFERENCE,Roorkee Urban Agglomeration,False,13,saharanpur_civic_1971,Saharanpur,Uttar Pradesh,1971,format_001,saharanpur_civic_001,saharanpur_civic_1971.pdf,297643cac7cef03dc13b36c2f3b9851002d6a3658e08c042256d2e87f6ebc282,32,33,10,11,E:\Archival-Digitisation-Project\1971_Trimmed_PDF\Uttar_Pradesh\metadata\document.xlsx,4bf05d889c56070f43e73558469b6cab4e2a96f37cf6cc1e9a7aa54c7efd5abe,2026-08-30T22:08:59.558149+00:00
11,,Roorkee Cantt.,,,,,,,,,,,,,,,,,,,,,,,,,,,,,,,,CROSS_REFERENCE,Roorkee Urban Agglomeration,False,14,saharanpur_civic_1971,Saharanpur,Uttar Pradesh,1971,format_001,saharanpur_civic_001,saharanpur_civic_1971.pdf,297643cac7cef03dc13b36c2f3b9851002d6a3658e08c042256d2e87f6ebc282,32,33,10,11,E:\Archival-Digitisation-Project\1971_Trimmed_PDF\Uttar_Pradesh\metadata\document.xlsx,4bf05d889c56070f43e73558469b6cab4e2a96f37cf6cc1e9a7aa54c7efd5abe,2026-08-30T22:08:59.558149+00:00
,,Roorkee Urban Agglomeration,,PR (61) KR (0),,S/OSD,,300,,"7,870",,701,,MT/B/HL,,TW/OHT/HP,,"120,000 Galls.",,Yes,,"3,072",,230,,"1,036",,919,,-,,61.0,0.0,AGGREGATE,,False,15,saharanpur_civic_1971,Saharanpur,Uttar Pradesh,1971,format_001,saharanpur_civic_001,saharanpur_civic_1971.pdf,297643cac7cef03dc13b36c2f3b9851002d6a3658e08c042256d2e87f6ebc282,32,33,10,11,E:\Archival-Digitisation-Project\1971_Trimmed_PDF\Uttar_Pradesh\metadata\document.xlsx,4bf05d889c56070f43e73558469b6cab4e2a96f37cf6cc1e9a7aa54c7efd5abe,2026-08-30T22:08:59.558149+00:00
(i),,Roorkee,,PR (55) KR (0),,S/OSD,,300,,"7,812",,701,,B/MT,,TW/OHT,,"100,000 Galls.",,Yes,,"2,990",,230,,"1,032",,787,,...,,55.0,0.0,COMPONENT,,False,16,saharanpur_civic_1971,Saharanpur,Uttar Pradesh,1971,format_001,saharanpur_civic_001,saharanpur_civic_1971.pdf,297643cac7cef03dc13b36c2f3b9851002d6a3658e08c042256d2e87f6ebc282,32,33,10,11,E:\Archival-Digitisation-Project\1971_Trimmed_PDF\Uttar_Pradesh\metadata\document.xlsx,4bf05d889c56070f43e73558469b6cab4e2a96f37cf6cc1e9a7aa54c7efd5abe,2026-08-30T22:08:59.558149+00:00
(ii),,Roorkee Cantt.,,PR (6) KR (0),,OSD,,...,,58,,...,,HL,,TW/OHT/HP,,"20,000 Galls.",,...,,82,,...,,4,,132,,...,,6.0,0.0,COMPONENT,,False,17,saharanpur_civic_1971,Saharanpur,Uttar Pradesh,1971,format_001,saharanpur_civic_001,saharanpur_civic_1971.pdf,297643cac7cef03dc13b36c2f3b9851002d6a3658e08c042256d2e87f6ebc282,32,33,10,11,E:\Archival-Digitisation-Project\1971_Trimmed_PDF\Uttar_Pradesh\metadata\document.xlsx,4bf05d889c56070f43e73558469b6cab4e2a96f37cf6cc1e9a7aa54c7efd5abe,2026-08-30T22:08:59.558149+00:00
12,,Saharanpur,,PR (145) KR (45),,S/OSD,,"3,000",,"44,700",,...,,HL/HC/MT,,TW/OHT,,"300,000 Galls.",,Yes,,"17,534",,764,,"1,000",,"8,381",,...,,145.0,45.0,ORDINARY,,False,18,saharanpur_civic_1971,Saharanpur,Uttar Pradesh,1971,format_001,saharanpur_civic_001,saharanpur_civic_1971.pdf,297643cac7cef03dc13b36c2f3b9851002d6a3658e08c042256d2e87f6ebc282,32,33,10,11,E:\Archival-Digitisation-Project\1971_Trimmed_PDF\Uttar_Pradesh\metadata\document.xlsx,4bf05d889c56070f43e73558469b6cab4e2a96f37cf6cc1e9a7aa54c7efd5abe,2026-08-30T22:08:59.558149+00:00
1,,Jalalabad,,PR (2.2) KR (4),,PT/OSD,,25,,"1,860",,...,,B,,HP,,...,,...,,310,,37,,52,,61,,...,,2.2,4.0,ORDINARY,,False,0,shahjahanpur_civic_1971,Shahjahanpur,Uttar Pradesh,1971,format_001,shahjahanpur_civic_001,shahjahanpur_civic_1971.pdf,f24dca2a5241e8e86de179a4a7ff684aa4ca1c3394f776793cb35cef6175ab53,26,27,6,7,E:\Archival-Digitisation-Project\1971_Trimmed_PDF\Uttar_Pradesh\metadata\document.xlsx,4bf05d889c56070f43e73558469b6cab4e2a96f37cf6cc1e9a7aa54c7efd5abe,2026-08-30T22:16:13.821007+00:00
2,,Powayan,,PR (3.5) KR (2.7),,PT/OSD,,18,,"1,138",,...,,B,,HP,,...,,...,,398,,22,,47,,55,,...,,3.5,2.7,ORDINARY,,False,1,shahjahanpur_civic_1971,Shahjahanpur,Uttar Pradesh,1971,format_001,shahjahanpur_civic_001,shahjahanpur_civic_1971.pdf,f24dca2a5241e8e86de179a4a7ff684aa4ca1c3394f776793cb35cef6175ab53,26,27,6,7,E:\Archival-Digitisation-Project\1971_Trimmed_PDF\Uttar_Pradesh\metadata\document.xlsx,4bf05d889c56070f43e73558469b6cab4e2a96f37cf6cc1e9a7aa54c7efd5abe,2026-08-30T22:16:13.821007+00:00
3,,Rly. Settlement Roza,,PR (3) KR (6),,PT/OSD,,10,,800,,...,,B,,TW/OHT,,"288,000 Galls.",,...,,740,,3,,15,,270,,...,,3.0,6.0,ORDINARY,,False,2,shahjahanpur_civic_1971,Shahjahanpur,Uttar Pradesh,1971,format_001,shahjahanpur_civic_001,shahjahanpur_civic_1971.pdf,f24dca2a5241e8e86de179a4a7ff684aa4ca1c3394f776793cb35cef6175ab53,26,27,6,7,E:\Archival-Digitisation-Project\1971_Trimmed_PDF\Uttar_Pradesh\metadata\document.xlsx,4bf05d889c56070f43e73558469b6cab4e2a96f37cf6cc1e9a7aa54c7efd5abe,2026-08-30T22:16:13.821007+00:00
4,,Shahjahanpur Cantt.,,,,,,,,,,,,,,,,,,,,,,,,,,,,,,,,CROSS_REFERENCE,Shahjahanpur City Urban Agglomeration,False,3,shahjahanpur_civic_1971,Shahjahanpur,Uttar Pradesh,1971,format_001,shahjahanpur_civic_001,shahjahanpur_civic_1971.pdf,f24dca2a5241e8e86de179a4a7ff684aa4ca1c3394f776793cb35cef6175ab53,26,27,6,7,E:\Archival-Digitisation-Project\1971_Trimmed_PDF\Uttar_Pradesh\metadata\document.xlsx,4bf05d889c56070f43e73558469b6cab4e2a96f37cf6cc1e9a7aa54c7efd5abe,2026-08-30T22:16:13.821007+00:00
,,Shahjahanpur City Urban Agglomeration,,PR (146.2) KR (24.0),,PT/OSD,,630,,"19,175",,...,,B/HC,,TW/OHT,,"280,000 Galls.",,Yes,,"5,384",,260,,"1,530",,"2,018",,...,,146.2,24.0,AGGREGATE,,False,4,shahjahanpur_civic_1971,Shahjahanpur,Uttar Pradesh,1971,format_001,shahjahanpur_civic_001,shahjahanpur_civic_1971.pdf,f24dca2a5241e8e86de179a4a7ff684aa4ca1c3394f776793cb35cef6175ab53,26,27,6,7,E:\Archival-Digitisation-Project\1971_Trimmed_PDF\Uttar_Pradesh\metadata\document.xlsx,4bf05d889c56070f43e73558469b6cab4e2a96f37cf6cc1e9a7aa54c7efd5abe,2026-08-30T22:16:13.821007+00:00
(i),,Shahjahanpur Cantt.,,PR (17.7) KR (0),,PT/OSD,,40,,"1,500",,...,,B,,TW/OHT,,"80,000 Galls.",,Yes,,74,,9,,23,,151,,...,,17.7,0.0,COMPONENT,,False,5,shahjahanpur_civic_1971,Shahjahanpur,Uttar Pradesh,1971,format_001,shahjahanpur_civic_001,shahjahanpur_civic_1971.pdf,f24dca2a5241e8e86de179a4a7ff684aa4ca1c3394f776793cb35cef6175ab53,26,27,6,7,E:\Archival-Digitisation-Project\1971_Trimmed_PDF\Uttar_Pradesh\metadata\document.xlsx,4bf05d889c56070f43e73558469b6cab4e2a96f37cf6cc1e9a7aa54c7efd5abe,2026-08-30T22:16:13.821007+00:00
(ii),,Shahjahanpur,,PR (128.5) KR (24.0),,PT/OSD,,590,,"17,675",,...,,B/HC,,TW/OHT,,"200,000 Galls.",,Yes,,"5,310",,251,,"1,507",,"1,867",,...,,128.5,24.0,COMPONENT,,False,6,shahjahanpur_civic_1971,Shahjahanpur,Uttar Pradesh,1971,format_001,shahjahanpur_civic_001,shahjahanpur_civic_1971.pdf,f24dca2a5241e8e86de179a4a7ff684aa4ca1c3394f776793cb35cef6175ab53,26,27,6,7,E:\Archival-Digitisation-Project\1971_Trimmed_PDF\Uttar_Pradesh\metadata\document.xlsx,4bf05d889c56070f43e73558469b6cab4e2a96f37cf6cc1e9a7aa54c7efd5abe,2026-08-30T22:16:13.821007+00:00
5,,Shahjahanpur,,,,,,,,,,,,,,,,,,,,,,,,,,,,,,,,CROSS_REFERENCE,Shahjahanpur City Urban Agglomeration,False,7,shahjahanpur_civic_1971,Shahjahanpur,Uttar Pradesh,1971,format_001,shahjahanpur_civic_001,shahjahanpur_civic_1971.pdf,f24dca2a5241e8e86de179a4a7ff684aa4ca1c3394f776793cb35cef6175ab53,26,27,6,7,E:\Archival-Digitisation-Project\1971_Trimmed_PDF\Uttar_Pradesh\metadata\document.xlsx,4bf05d889c56070f43e73558469b6cab4e2a96f37cf6cc1e9a7aa54c7efd5abe,2026-08-30T22:16:13.821007+00:00
6,,Tilhar,,PR (29.6) KR (8.7),,PT/OSD,,35,,"3,843",,...,,B,,HP,,...,,...,,540,,74,,123,,206,,...,,29.6,8.7,ORDINARY,,False,8,shahjahanpur_civic_1971,Shahjahanpur,Uttar Pradesh,1971,format_001,shahjahanpur_civic_001,shahjahanpur_civic_1971.pdf,f24dca2a5241e8e86de179a4a7ff684aa4ca1c3394f776793cb35cef6175ab53,26,27,6,7,E:\Archival-Digitisation-Project\1971_Trimmed_PDF\Uttar_Pradesh\metadata\document.xlsx,4bf05d889c56070f43e73558469b6cab4e2a96f37cf6cc1e9a7aa54c7efd5abe,2026-08-30T22:16:13.821007+00:00
1,,Biswan,,PR (26) KR (11),,OSD/ST,,43,,"2,398",,...,,B,,TW/OHT,,"40,000 Galls.",,...,,681,,48,,160,,222,,...,,26.0,11.0,ORDINARY,,False,0,sitapur_civic_1971,Sitapur,Uttar Pradesh,1971,format_001,sitapur_civic_001,sitapur_civic_1971.pdf,debf9d8278da5ec0a458c2247945d5ed3cd51ea3febdeb9638575e3084c81c1f,26,27,6,7,E:\Archival-Digitisation-Project\1971_Trimmed_PDF\Uttar_Pradesh\metadata\document.xlsx,4bf05d889c56070f43e73558469b6cab4e2a96f37cf6cc1e9a7aa54c7efd5abe,2026-08-30T22:22:00.142053+00:00
2,,Khairabad,,PR (26.1) KR (39.8),,OSD/ST,,110,,"3,000",,...,,B,,HP,,...,,...,,208,,27,,85,,150,,...,,26.1,39.8,ORDINARY,,False,1,sitapur_civic_1971,Sitapur,Uttar Pradesh,1971,format_001,sitapur_civic_001,sitapur_civic_1971.pdf,debf9d8278da5ec0a458c2247945d5ed3cd51ea3febdeb9638575e3084c81c1f,26,27,6,7,E:\Archival-Digitisation-Project\1971_Trimmed_PDF\Uttar_Pradesh\metadata\document.xlsx,4bf05d889c56070f43e73558469b6cab4e2a96f37cf6cc1e9a7aa54c7efd5abe,2026-08-30T22:22:00.142053+00:00
3,,Laharpur,,PR (8.7) KR (4.1),,OSD/ST,,131,,"1,440",,...,,B,,HP,,...,,...,,450,,15,,260,,117,,...,,8.7,4.1,ORDINARY,,False,2,sitapur_civic_1971,Sitapur,Uttar Pradesh,1971,format_001,sitapur_civic_001,sitapur_civic_1971.pdf,debf9d8278da5ec0a458c2247945d5ed3cd51ea3febdeb9638575e3084c81c1f,26,27,6,7,E:\Archival-Digitisation-Project\1971_Trimmed_PDF\Uttar_Pradesh\metadata\document.xlsx,4bf05d889c56070f43e73558469b6cab4e2a96f37cf6cc1e9a7aa54c7efd5abe,2026-08-30T22:22:00.142053+00:00
4,,Mahmudabad,,PR (2) KR (14),,OSD/ST,,49,,"1,253",,...,,B,,HP,,...,,...,,325,,22,,81,,160,,...,,2.0,14.0,ORDINARY,,False,3,sitapur_civic_1971,Sitapur,Uttar Pradesh,1971,format_001,sitapur_civic_001,sitapur_civic_1971.pdf,debf9d8278da5ec0a458c2247945d5ed3cd51ea3febdeb9638575e3084c81c1f,26,27,6,7,E:\Archival-Digitisation-Project\1971_Trimmed_PDF\Uttar_Pradesh\metadata\document.xlsx,4bf05d889c56070f43e73558469b6cab4e2a96f37cf6cc1e9a7aa54c7efd5abe,2026-08-30T22:22:00.142053+00:00
5,,Neemsar Misrikh,,PR (3.6) KR (7.7),,OSD/ST,,48,,507,,...,,B,,HP,,...,,...,,323,,37,,82,,159,,...,,3.6,7.7,ORDINARY,,False,4,sitapur_civic_1971,Sitapur,Uttar Pradesh,1971,format_001,sitapur_civic_001,sitapur_civic_1971.pdf,debf9d8278da5ec0a458c2247945d5ed3cd51ea3febdeb9638575e3084c81c1f,26,27,6,7,E:\Archival-Digitisation-Project\1971_Trimmed_PDF\Uttar_Pradesh\metadata\document.xlsx,4bf05d889c56070f43e73558469b6cab4e2a96f37cf6cc1e9a7aa54c7efd5abe,2026-08-30T22:22:00.142053+00:00
6,,Sitapur,,PR (47) KR (15),,OSD/ST,,455,,"7,129",,...,,B/HC,,TW/OHT/HP,,"155,000 Galls.",,...,,"5,981",,279,,230,,850,,...,,47.0,15.0,ORDINARY,,False,5,sitapur_civic_1971,Sitapur,Uttar Pradesh,1971,format_001,sitapur_civic_001,sitapur_civic_1971.pdf,debf9d8278da5ec0a458c2247945d5ed3cd51ea3febdeb9638575e3084c81c1f,26,27,6,7,E:\Archival-Digitisation-Project\1971_Trimmed_PDF\Uttar_Pradesh\metadata\document.xlsx,4bf05d889c56070f43e73558469b6cab4e2a96f37cf6cc1e9a7aa54c7efd5abe,2026-08-30T22:22:00.142053+00:00
1,,Sultanpur,,PR (40) KR (10),,ST/OSD/BSD,,635,,"3,776",,...,,HC/HL,,TW/OHT,,"50,000 Galls.",,...,,"1,104",,143,,746,,296,,...,,40.0,10.0,ORDINARY,,False,0,sultanpur_civic_1971,Sultanpur,Uttar Pradesh,1971,format_001,sultanpur_civic_001,sultanpur_civic_1971.pdf,eb7a46383c5964b9f33452cd1077780e0ffdc373ee242c25f4ee6a0c0a449bee,27,28,6,7,E:\Archival-Digitisation-Project\1971_Trimmed_PDF\Uttar_Pradesh\metadata\document.xlsx,4bf05d889c56070f43e73558469b6cab4e2a96f37cf6cc1e9a7aa54c7efd5abe,2026-08-30T22:25:08.968987+00:00
1,,Devaprayag,,PR (10) KR (2),,PT/OSD,,16,,212,,...,,HC/HL,,F,,...,,...,,78,,1,,40,,193,,...,,10.0,2.0,ORDINARY,,False,0,tehri_garhwal_civic_1971,Tehri Garhwal,Uttar Pradesh,1971,format_001,tehri_garhwal_civic_001,tehri_garhwal_civic_1971.pdf,a88c486bf0e0d9d903f50f517ba1edd87c95145bfa2003e9a7c3ec07ab3649b9,33,34,10,11,E:\Archival-Digitisation-Project\1971_Trimmed_PDF\Uttar_Pradesh\metadata\document.xlsx,4bf05d889c56070f43e73558469b6cab4e2a96f37cf6cc1e9a7aa54c7efd5abe,2026-08-30T22:26:39.905978+00:00
2,,Muni-Ki-Reti,,PR (2) KR (3),,PT/OSD,,52,,142,,...,,HC/HL,,TW/SR,,"25,000 Galls.",,...,,88,,...,,16,,42,,...,,2.0,3.0,ORDINARY,,False,1,tehri_garhwal_civic_1971,Tehri Garhwal,Uttar Pradesh,1971,format_001,tehri_garhwal_civic_001,tehri_garhwal_civic_1971.pdf,a88c486bf0e0d9d903f50f517ba1edd87c95145bfa2003e9a7c3ec07ab3649b9,33,34,10,11,E:\Archival-Digitisation-Project\1971_Trimmed_PDF\Uttar_Pradesh\metadata\document.xlsx,4bf05d889c56070f43e73558469b6cab4e2a96f37cf6cc1e9a7aa54c7efd5abe,2026-08-30T22:26:39.905978+00:00
3,,Narendranagar,,PR (6) KR (4),,OSD,,...,,498,,...,,HC/HL,,F/SR,,"529,909 Galls.",,...,,192,,2,,14,,84,,...,,6.0,4.0,ORDINARY,,False,2,tehri_garhwal_civic_1971,Tehri Garhwal,Uttar Pradesh,1971,format_001,tehri_garhwal_civic_001,tehri_garhwal_civic_1971.pdf,a88c486bf0e0d9d903f50f517ba1edd87c95145bfa2003e9a7c3ec07ab3649b9,33,34,10,11,E:\Archival-Digitisation-Project\1971_Trimmed_PDF\Uttar_Pradesh\metadata\document.xlsx,4bf05d889c56070f43e73558469b6cab4e2a96f37cf6cc1e9a7aa54c7efd5abe,2026-08-30T22:26:39.905978+00:00
4,,Tehri,,PR (6) KR (8),,PT/OSD,,17,,720,,...,,HC/HL,,F/SR,,"30,600 Galls.",,...,,375,,1,,11,,202,,...,,6.0,8.0,ORDINARY,,False,3,tehri_garhwal_civic_1971,Tehri Garhwal,Uttar Pradesh,1971,format_001,tehri_garhwal_civic_001,tehri_garhwal_civic_1971.pdf,a88c486bf0e0d9d903f50f517ba1edd87c95145bfa2003e9a7c3ec07ab3649b9,33,34,10,11,E:\Archival-Digitisation-Project\1971_Trimmed_PDF\Uttar_Pradesh\metadata\document.xlsx,4bf05d889c56070f43e73558469b6cab4e2a96f37cf6cc1e9a7aa54c7efd5abe,2026-08-30T22:26:39.905978+00:00
1,,Unnao,,PR (32.8) KR (5.8),,S/OSD,,825,,"15,329",,...,,B,,TW/OHT,,"171,000 Galls.",,...,,"2,534",,133,,370,,702,,...,,32.8,5.8,ORDINARY,,False,0,unnao_civic_1971,Unnao,Uttar Pradesh,1971,format_001,unnao_civic_001,unnao_civic_1971.pdf,b1bb33bbe1e14c87bc30dc8f2b80174dba59e46f7a4b059d63276d9cd98163e1,22,23,4,5,E:\Archival-Digitisation-Project\1971_Trimmed_PDF\Uttar_Pradesh\metadata\document.xlsx,4bf05d889c56070f43e73558469b6cab4e2a96f37cf6cc1e9a7aa54c7efd5abe,2026-08-30T22:29:57.742557+00:00
1,,Uttarkashi,,PR (8) KR (2),,S/PT/OSD,,200,,400,,...,,HL/HC,,R,,...,,...,,395,,10,,170,,110,,...,,8.0,2.0,ORDINARY,,False,0,uttar_kashi_civic_1971,Uttar Kashi,Uttar Pradesh,1971,format_001,uttar_kashi_civic_001,uttar_kashi_civic_1971.pdf,5a2cc2959b2a12782b694a5d785f21574e6c87855da8669b0b8583f9ea880490,25,26,6,7,E:\Archival-Digitisation-Project\1971_Trimmed_PDF\Uttar_Pradesh\metadata\document.xlsx,4bf05d889c56070f43e73558469b6cab4e2a96f37cf6cc1e9a7aa54c7efd5abe,2026-08-30T22:31:05.263805+00:00
1,,Banaras Hindu University,,,,,,,,,,,,,,,,,,,,,,,,,,,,,,,,CROSS_REFERENCE,Varanasi City Urban Agglomeration,False,0,varanasi_civic_1971,Varanasi,Uttar Pradesh,1971,format_001,varanasi_civic_001,varanasi_civic_1971.pdf,0b180c41fcab96edb22ef620bffbd2c8b376d26e79b7925b41257cedcfcd122a,31,32,10,11,E:\Archival-Digitisation-Project\1971_Trimmed_PDF\Uttar_Pradesh\metadata\document.xlsx,4bf05d889c56070f43e73558469b6cab4e2a96f37cf6cc1e9a7aa54c7efd5abe,2026-08-30T22:35:34.448575+00:00
2,,Bhadohi,,PR (8) KR (12),,PT/OSD,,60,,134,,20,,B,,TW/OHT,,"50,000 Galls.",,...,,"1,100",,300,,100,,242,,...,,8.0,12.0,ORDINARY,,False,1,varanasi_civic_1971,Varanasi,Uttar Pradesh,1971,format_001,varanasi_civic_001,varanasi_civic_1971.pdf,0b180c41fcab96edb22ef620bffbd2c8b376d26e79b7925b41257cedcfcd122a,31,32,10,11,E:\Archival-Digitisation-Project\1971_Trimmed_PDF\Uttar_Pradesh\metadata\document.xlsx,4bf05d889c56070f43e73558469b6cab4e2a96f37cf6cc1e9a7aa54c7efd5abe,2026-08-30T22:35:34.448575+00:00
3,,Chakia,,PR (3) KR (2),,PT/OSD,,50,,250,,-,,HL,,TW/OHT,,"15,000 Galls.",,...,,139,,18,,150,,36,,...,,3.0,2.0,ORDINARY,,False,2,varanasi_civic_1971,Varanasi,Uttar Pradesh,1971,format_001,varanasi_civic_001,varanasi_civic_1971.pdf,0b180c41fcab96edb22ef620bffbd2c8b376d26e79b7925b41257cedcfcd122a,31,32,10,11,E:\Archival-Digitisation-Project\1971_Trimmed_PDF\Uttar_Pradesh\metadata\document.xlsx,4bf05d889c56070f43e73558469b6cab4e2a96f37cf6cc1e9a7aa54c7efd5abe,2026-08-30T22:35:34.448575+00:00
4,,Chandauli,,PR (3) KR (0),,PT/OSD,,25,,105,,...,,HL,,TW/OHT,,N. A.,,...,,240,,4,,25,,15,,...,,3.0,0.0,ORDINARY,,False,3,varanasi_civic_1971,Varanasi,Uttar Pradesh,1971,format_001,varanasi_civic_001,varanasi_civic_1971.pdf,0b180c41fcab96edb22ef620bffbd2c8b376d26e79b7925b41257cedcfcd122a,31,32,10,11,E:\Archival-Digitisation-Project\1971_Trimmed_PDF\Uttar_Pradesh\metadata\document.xlsx,4bf05d889c56070f43e73558469b6cab4e2a96f37cf6cc1e9a7aa54c7efd5abe,2026-08-30T22:35:34.448575+00:00
5,,Gopiganj,,PR (3) KR (4),,PT/OSD,,200,,200,,...,,B,,TW/OHT,,"27,000 Galls.",,...,,320,,17,,500,,150,,...,,3.0,4.0,ORDINARY,,False,4,varanasi_civic_1971,Varanasi,Uttar Pradesh,1971,format_001,varanasi_civic_001,varanasi_civic_1971.pdf,0b180c41fcab96edb22ef620bffbd2c8b376d26e79b7925b41257cedcfcd122a,31,32,10,11,E:\Archival-Digitisation-Project\1971_Trimmed_PDF\Uttar_Pradesh\metadata\document.xlsx,4bf05d889c56070f43e73558469b6cab4e2a96f37cf6cc1e9a7aa54c7efd5abe,2026-08-30T22:35:34.448575+00:00
6,,Gyanpur,,PR (5) KR (15),,PT/OSD,,80,,20,,...,,B,,TW/OHT,,"32,000 Galls.",,...,,200,,11,,100,,100,,...,,5.0,15.0,ORDINARY,,False,5,varanasi_civic_1971,Varanasi,Uttar Pradesh,1971,format_001,varanasi_civic_001,varanasi_civic_1971.pdf,0b180c41fcab96edb22ef620bffbd2c8b376d26e79b7925b41257cedcfcd122a,31,32,10,11,E:\Archival-Digitisation-Project\1971_Trimmed_PDF\Uttar_Pradesh\metadata\document.xlsx,4bf05d889c56070f43e73558469b6cab4e2a96f37cf6cc1e9a7aa54c7efd5abe,2026-08-30T22:35:34.448575+00:00
7,,Lohta,,PR (4) KR (0),,PT/OSD,,300,,70,,...,,B,,N. A.,,N. A.,,...,,300,,1,,20,,6,,...,,4.0,0.0,ORDINARY,,False,6,varanasi_civic_1971,Varanasi,Uttar Pradesh,1971,format_001,varanasi_civic_001,varanasi_civic_1971.pdf,0b180c41fcab96edb22ef620bffbd2c8b376d26e79b7925b41257cedcfcd122a,31,32,10,11,E:\Archival-Digitisation-Project\1971_Trimmed_PDF\Uttar_Pradesh\metadata\document.xlsx,4bf05d889c56070f43e73558469b6cab4e2a96f37cf6cc1e9a7aa54c7efd5abe,2026-08-30T22:35:34.448575+00:00
8,,Maruadih,,PR (25) KR (0),,PT/BSD,,"3,200",,...,,...,,...,,TW/OHT,,"2,000,000 Galls.",,Yes,,"2,779",,135,,87,,821,,...,,25.0,0.0,ORDINARY,,False,7,varanasi_civic_1971,Varanasi,Uttar Pradesh,1971,format_001,varanasi_civic_001,varanasi_civic_1971.pdf,0b180c41fcab96edb22ef620bffbd2c8b376d26e79b7925b41257cedcfcd122a,31,32,10,11,E:\Archival-Digitisation-Project\1971_Trimmed_PDF\Uttar_Pradesh\metadata\document.xlsx,4bf05d889c56070f43e73558469b6cab4e2a96f37cf6cc1e9a7aa54c7efd5abe,2026-08-30T22:35:34.448575+00:00
9,,Mughal Sarai,,,,,,,,,,,,,,,,,,,,,,,,,,,,,,,,CROSS_REFERENCE,Mughal Sarai Urban Agglomeration,False,8,varanasi_civic_1971,Varanasi,Uttar Pradesh,1971,format_001,varanasi_civic_001,varanasi_civic_1971.pdf,0b180c41fcab96edb22ef620bffbd2c8b376d26e79b7925b41257cedcfcd122a,31,32,10,11,E:\Archival-Digitisation-Project\1971_Trimmed_PDF\Uttar_Pradesh\metadata\document.xlsx,4bf05d889c56070f43e73558469b6cab4e2a96f37cf6cc1e9a7aa54c7efd5abe,2026-08-30T22:35:34.448575+00:00
10,,Northern Rly. Colony Mughal Sarai,,,,,,,,,,,,,,,,,,,,,,,,,,,,,,,,CROSS_REFERENCE,Mughal Sarai Urban Agglomeration,False,9,varanasi_civic_1971,Varanasi,Uttar Pradesh,1971,format_001,varanasi_civic_001,varanasi_civic_1971.pdf,0b180c41fcab96edb22ef620bffbd2c8b376d26e79b7925b41257cedcfcd122a,31,32,10,11,E:\Archival-Digitisation-Project\1971_Trimmed_PDF\Uttar_Pradesh\metadata\document.xlsx,4bf05d889c56070f43e73558469b6cab4e2a96f37cf6cc1e9a7aa54c7efd5abe,2026-08-30T22:35:34.448575+00:00
,,Mughal Sarai Urban Agglomeration,,PR (38) KR (2),,ST/OSD,,"1,381",,"1,330",,...,,HC,,TW/OHT,,"515,825 Galls.",,Yes,,"2,790",,15,,800,,572,,...,,38.0,2.0,AGGREGATE,,False,10,varanasi_civic_1971,Varanasi,Uttar Pradesh,1971,format_001,varanasi_civic_001,varanasi_civic_1971.pdf,0b180c41fcab96edb22ef620bffbd2c8b376d26e79b7925b41257cedcfcd122a,31,32,10,11,E:\Archival-Digitisation-Project\1971_Trimmed_PDF\Uttar_Pradesh\metadata\document.xlsx,4bf05d889c56070f43e73558469b6cab4e2a96f37cf6cc1e9a7aa54c7efd5abe,2026-08-30T22:35:34.448575+00:00
(i),,Mughal Sarai,,PR (5) KR (0),,ST/OSD,,59,,719,,...,,HC,,TW/OHT,,"50,000 Galls.",,Yes,,800,,15,,800,,125,,...,,5.0,0.0,COMPONENT,,False,11,varanasi_civic_1971,Varanasi,Uttar Pradesh,1971,format_001,varanasi_civic_001,varanasi_civic_1971.pdf,0b180c41fcab96edb22ef620bffbd2c8b376d26e79b7925b41257cedcfcd122a,31,32,10,11,E:\Archival-Digitisation-Project\1971_Trimmed_PDF\Uttar_Pradesh\metadata\document.xlsx,4bf05d889c56070f43e73558469b6cab4e2a96f37cf6cc1e9a7aa54c7efd5abe,2026-08-30T22:35:34.448575+00:00
(ii),,Northern Rly. Colony Mughal Sarai,,PR (33) KR (0),,ST/OSD,,"1,322",,611,,...,,HC,,TW/OHT,,"465,825 Galls.",,Yes,,"1,990",,...,,...,,467,,...,,33.0,0.0,COMPONENT,,False,12,varanasi_civic_1971,Varanasi,Uttar Pradesh,1971,format_001,varanasi_civic_001,varanasi_civic_1971.pdf,0b180c41fcab96edb22ef620bffbd2c8b376d26e79b7925b41257cedcfcd122a,31,32,10,11,E:\Archival-Digitisation-Project\1971_Trimmed_PDF\Uttar_Pradesh\metadata\document.xlsx,4bf05d889c56070f43e73558469b6cab4e2a96f37cf6cc1e9a7aa54c7efd5abe,2026-08-30T22:35:34.448575+00:00
11,,Ramnagar,,PR (15) KR (6),,PT/OSD,,401,,"1,003",,603,,HC,,R/TW/OHT,,"50,000 Galls.",,...,,774,,26,,130,,286,,...,,15.0,6.0,ORDINARY,,False,13,varanasi_civic_1971,Varanasi,Uttar Pradesh,1971,format_001,varanasi_civic_001,varanasi_civic_1971.pdf,0b180c41fcab96edb22ef620bffbd2c8b376d26e79b7925b41257cedcfcd122a,31,32,10,11,E:\Archival-Digitisation-Project\1971_Trimmed_PDF\Uttar_Pradesh\metadata\document.xlsx,4bf05d889c56070f43e73558469b6cab4e2a96f37cf6cc1e9a7aa54c7efd5abe,2026-08-30T22:35:34.448575+00:00
12,,Varanasi,,,,,,,,,,,,,,,,,,,,,,,,,,,,,,,,CROSS_REFERENCE,Varanasi City Urban Agglomeration,False,14,varanasi_civic_1971,Varanasi,Uttar Pradesh,1971,format_001,varanasi_civic_001,varanasi_civic_1971.pdf,0b180c41fcab96edb22ef620bffbd2c8b376d26e79b7925b41257cedcfcd122a,31,32,10,11,E:\Archival-Digitisation-Project\1971_Trimmed_PDF\Uttar_Pradesh\metadata\document.xlsx,4bf05d889c56070f43e73558469b6cab4e2a96f37cf6cc1e9a7aa54c7efd5abe,2026-08-30T22:35:34.448575+00:00
13,,Varanasi Cantt.,,,,,,,,,,,,,,,,,,,,,,,,,,,,,,,,CROSS_REFERENCE,Varanasi City Urban Agglomeration,False,15,varanasi_civic_1971,Varanasi,Uttar Pradesh,1971,format_001,varanasi_civic_001,varanasi_civic_1971.pdf,0b180c41fcab96edb22ef620bffbd2c8b376d26e79b7925b41257cedcfcd122a,31,32,10,11,E:\Archival-Digitisation-Project\1971_Trimmed_PDF\Uttar_Pradesh\metadata\document.xlsx,4bf05d889c56070f43e73558469b6cab4e2a96f37cf6cc1e9a7aa54c7efd5abe,2026-08-30T22:35:34.448575+00:00
,,Varanasi City Urban Agglomeration,,PR (280) KR (17),,S/OSD,,N. A.,,N. A.,,N. A.,,MT/B/HC/HL,,TW/OHT,,"42,532,666 Galls.",,Yes,,"55,387",,"1,355",,785,,"10,198",,350,,280.0,17.0,AGGREGATE,,False,16,varanasi_civic_1971,Varanasi,Uttar Pradesh,1971,format_001,varanasi_civic_001,varanasi_civic_1971.pdf,0b180c41fcab96edb22ef620bffbd2c8b376d26e79b7925b41257cedcfcd122a,31,32,10,11,E:\Archival-Digitisation-Project\1971_Trimmed_PDF\Uttar_Pradesh\metadata\document.xlsx,4bf05d889c56070f43e73558469b6cab4e2a96f37cf6cc1e9a7aa54c7efd5abe,2026-08-30T22:35:34.448575+00:00
(i),,Banaras Hindu University,,PR (35) KR (0),,S/OSD,,"1,250",,60,,...,,MT,,TW/OHT,,"230,000 Galls.",,...,,799,,...,,1,,650,,...,,35.0,0.0,COMPONENT,,False,17,varanasi_civic_1971,Varanasi,Uttar Pradesh,1971,format_001,varanasi_civic_001,varanasi_civic_1971.pdf,0b180c41fcab96edb22ef620bffbd2c8b376d26e79b7925b41257cedcfcd122a,31,32,10,11,E:\Archival-Digitisation-Project\1971_Trimmed_PDF\Uttar_Pradesh\metadata\document.xlsx,4bf05d889c56070f43e73558469b6cab4e2a96f37cf6cc1e9a7aa54c7efd5abe,2026-08-30T22:35:34.448575+00:00
(ii),,Varanasi,,PR (226) KR (16),,S/OSD,,N. A.,,N. A.,,N. A.,,MT/HC/B/HL,,TW/OHT,,"42,000,000 Galls.",,Yes,,"53,000",,"1,350",,750,,"9,120",,350,,226.0,16.0,COMPONENT,,False,18,varanasi_civic_1971,Varanasi,Uttar Pradesh,1971,format_001,varanasi_civic_001,varanasi_civic_1971.pdf,0b180c41fcab96edb22ef620bffbd2c8b376d26e79b7925b41257cedcfcd122a,31,32,10,11,E:\Archival-Digitisation-Project\1971_Trimmed_PDF\Uttar_Pradesh\metadata\document.xlsx,4bf05d889c56070f43e73558469b6cab4e2a96f37cf6cc1e9a7aa54c7efd5abe,2026-08-30T22:35:34.448575+00:00
(iii),,Varanasi Cantt.,,PR (12) KR (1),,S/OSD,,N. A.,,N. A.,,N. A.,,MT/HC,,**,,**,,...,,260,,5,,15,,192,,...,,12.0,1.0,COMPONENT,,False,19,varanasi_civic_1971,Varanasi,Uttar Pradesh,1971,format_001,varanasi_civic_001,varanasi_civic_1971.pdf,0b180c41fcab96edb22ef620bffbd2c8b376d26e79b7925b41257cedcfcd122a,31,32,10,11,E:\Archival-Digitisation-Project\1971_Trimmed_PDF\Uttar_Pradesh\metadata\document.xlsx,4bf05d889c56070f43e73558469b6cab4e2a96f37cf6cc1e9a7aa54c7efd5abe,2026-08-30T22:35:34.448575+00:00
(iv),,Varanasi Rly. Colony,,PR (7) KR (0),,S/OSD,,120,,195,,298,,HC,,TW/OHT,,"302,666 Galls.",,...,,"1,328",,...,,...,,236,,...,,7.0,0.0,COMPONENT,,False,20,varanasi_civic_1971,Varanasi,Uttar Pradesh,1971,format_001,varanasi_civic_001,varanasi_civic_1971.pdf,0b180c41fcab96edb22ef620bffbd2c8b376d26e79b7925b41257cedcfcd122a,31,32,10,11,E:\Archival-Digitisation-Project\1971_Trimmed_PDF\Uttar_Pradesh\metadata\document.xlsx,4bf05d889c56070f43e73558469b6cab4e2a96f37cf6cc1e9a7aa54c7efd5abe,2026-08-30T22:35:34.448575+00:00
14,,Varanasi Rly. Colony,,,,,,,,,,,,,,,,,,,,,,,,,,,,,,,,CROSS_REFERENCE,Varanasi City Urban Agglomeration,False,21,varanasi_civic_1971,Varanasi,Uttar Pradesh,1971,format_001,varanasi_civic_001,varanasi_civic_1971.pdf,0b180c41fcab96edb22ef620bffbd2c8b376d26e79b7925b41257cedcfcd122a,31,32,10,11,E:\Archival-Digitisation-Project\1971_Trimmed_PDF\Uttar_Pradesh\metadata\document.xlsx,4bf05d889c56070f43e73558469b6cab4e2a96f37cf6cc1e9a7aa54c7efd5abe,2026-08-30T22:35:34.448575+00:00
