sl_no,sl_no_flag,tahsil_name,tahsil_name_flag,junior_basic_villages,junior_basic_villages_flag,junior_basic_schools,junior_basic_schools_flag,senior_basic_villages,senior_basic_villages_flag,senior_basic_schools,senior_basic_schools_flag,higher_secondary_villages,higher_secondary_villages_flag,higher_secondary_schools,higher_secondary_schools_flag,college_villages,college_villages_flag,colleges,colleges_flag,other_edu_villages,other_edu_villages_flag,other_edu_institutions,other_edu_institutions_flag,hospital_villages,hospital_villages_flag,hospitals,hospitals_flag,dispensary_villages,dispensary_villages_flag,dispensaries,dispensaries_flag,mcw_villages,mcw_villages_flag,mcw_centres,mcw_centres_flag,health_centre_villages,health_centre_villages_flag,health_centres,health_centres_flag,family_planning_villages,family_planning_villages_flag,family_planning_centres,family_planning_centres_flag,other_med_villages,other_med_villages_flag,other_med_institutions,other_med_institutions_flag,power_available_villages,power_available_villages_flag,power_not_available_villages,power_not_available_villages_flag,tap_water_villages,tap_water_villages_flag,hand_pipe_villages,hand_pipe_villages_flag,well_villages,well_villages_flag,tank_villages,tank_villages_flag,river_villages,river_villages_flag,fountain_villages,fountain_villages_flag,canal_villages,canal_villages_flag,water_fall_villages,water_fall_villages_flag,lake_villages,lake_villages_flag,tube_well_villages,tube_well_villages_flag,other_water_villages,other_water_villages_flag,no_water_villages,no_water_villages_flag,pucca_road_villages,pucca_road_villages_flag,kachcha_road_villages,kachcha_road_villages_flag,pucca_kachcha_road_villages,pucca_kachcha_road_villages_flag,other_road_villages,other_road_villages_flag,post_office_villages,post_office_villages_flag,post_offices,post_offices_flag,telegraph_office_villages,telegraph_office_villages_flag,telegraph_offices,telegraph_offices_flag,post_telegraph_villages,post_telegraph_villages_flag,post_telegraph_offices,post_telegraph_offices_flag,telephone_villages,telephone_villages_flag,telephones,telephones_flag,row_type,reference_target,requires_review,row_index,pdf_id,district,state,year,format_id,table_id,source_pdf,source_pdf_sha256,source_page_start,source_page_end,anchor_printed_page,continuation_printed_page,metadata_workbook,metadata_workbook_sha256,extracted_at
1,,Kiraoli,,112,,115,,16,,18,,5,,5,,,,,,,,,,4,,4,,3,,3,,1,,1,,1,,1,,...,,...,,...,,...,,11,,163,,,,,,168,,,,,,,,,,,,,,4,,,,,,36,,46,,6,,49,,36,,36,,...,,...,,2,,2,,2,,2,,ORDINARY,,False,0,agra_tehsil_1971,Agra,Uttar Pradesh,1971,format_003,agra_tehsil_001,agra_tehsil_1971.pdf,26aa85d6ff0ab648a7ed3168335b2a631564b0b73e1fb6f002e46db79de0d2f4,170,171,152,153,E:\Archival-Digitisation-Project\1971_Trimmed_PDF\Uttar_Pradesh\metadata\document.xlsx,4bf05d889c56070f43e73558469b6cab4e2a96f37cf6cc1e9a7aa54c7efd5abe,2026-08-30T14:57:12.375482+00:00
2,,Kheragarh,,104,,127,,23,,24,,10,,10,,,,,,,,,,6,,6,,7,,7,,6,,6,,5,,5,,12,,12,,...,,...,,6,,151,,,,,,151,,...,,...,,...,,...,,...,,...,,...,,...,,,,46,,11,,1,,42,,39,,39,,...,,...,,...,,...,,1,,1,,ORDINARY,,False,1,agra_tehsil_1971,Agra,Uttar Pradesh,1971,format_003,agra_tehsil_001,agra_tehsil_1971.pdf,26aa85d6ff0ab648a7ed3168335b2a631564b0b73e1fb6f002e46db79de0d2f4,170,171,152,153,E:\Archival-Digitisation-Project\1971_Trimmed_PDF\Uttar_Pradesh\metadata\document.xlsx,4bf05d889c56070f43e73558469b6cab4e2a96f37cf6cc1e9a7aa54c7efd5abe,2026-08-30T14:57:12.375482+00:00
3,,Agra,,103,,114,,20,,21,,5,,5,,,,,,,,,,6,,6,,8,,8,,2,,2,,2,,2,,3,,3,,...,,...,,71,,78,,,,10,,134,,6,,,,,,3,,,,,,4,,,,,,58,,30,,10,,16,,30,,30,,...,,...,,3,,3,,4,,4,,ORDINARY,,False,2,agra_tehsil_1971,Agra,Uttar Pradesh,1971,format_003,agra_tehsil_001,agra_tehsil_1971.pdf,26aa85d6ff0ab648a7ed3168335b2a631564b0b73e1fb6f002e46db79de0d2f4,170,171,152,153,E:\Archival-Digitisation-Project\1971_Trimmed_PDF\Uttar_Pradesh\metadata\document.xlsx,4bf05d889c56070f43e73558469b6cab4e2a96f37cf6cc1e9a7aa54c7efd5abe,2026-08-30T14:57:12.375482+00:00
4,,Etmadpur,,115,,140,,33,,35,,4,,4,,,,,,1,,1,,7,,7,,6,,6,,3,,3,,1,,1,,6,,6,,1,,1,,75,,109,,,,10,,174,,,,2,,,,3,,,,,,33,,,,,,14,,45,,4,,60,,31,,31,,...,,...,,5,,5,,6,,6,,ORDINARY,,False,3,agra_tehsil_1971,Agra,Uttar Pradesh,1971,format_003,agra_tehsil_001,agra_tehsil_1971.pdf,26aa85d6ff0ab648a7ed3168335b2a631564b0b73e1fb6f002e46db79de0d2f4,170,171,152,153,E:\Archival-Digitisation-Project\1971_Trimmed_PDF\Uttar_Pradesh\metadata\document.xlsx,4bf05d889c56070f43e73558469b6cab4e2a96f37cf6cc1e9a7aa54c7efd5abe,2026-08-30T14:57:12.375482+00:00
5,,Firozabad,,103,,117,,20,,21,,9,,9,,,,,,,,,,7,,7,,6,,6,,1,,1,,1,,1,,4,,4,,...,,...,,100,,89,,,,,,183,,,,,,,,,,,,,,7,,,,,,28,,79,,11,,36,,34,,34,,...,,...,,...,,...,,1,,1,,ORDINARY,,False,4,agra_tehsil_1971,Agra,Uttar Pradesh,1971,format_003,agra_tehsil_001,agra_tehsil_1971.pdf,26aa85d6ff0ab648a7ed3168335b2a631564b0b73e1fb6f002e46db79de0d2f4,170,171,152,153,E:\Archival-Digitisation-Project\1971_Trimmed_PDF\Uttar_Pradesh\metadata\document.xlsx,4bf05d889c56070f43e73558469b6cab4e2a96f37cf6cc1e9a7aa54c7efd5abe,2026-08-30T14:57:12.375482+00:00
6,,Fatehabad,,88,,97,,14,,15,,2,,2,,,,,,,,,,...,,...,,6,,6,,...,,...,,...,,...,,...,,...,,...,,...,,29,,137,,,,3,,161,,,,3,,...,,...,,...,,...,,...,,,,,,30,,73,,11,,1,,21,,21,,...,,...,,...,,...,,...,,...,,ORDINARY,,False,5,agra_tehsil_1971,Agra,Uttar Pradesh,1971,format_003,agra_tehsil_001,agra_tehsil_1971.pdf,26aa85d6ff0ab648a7ed3168335b2a631564b0b73e1fb6f002e46db79de0d2f4,170,171,152,153,E:\Archival-Digitisation-Project\1971_Trimmed_PDF\Uttar_Pradesh\metadata\document.xlsx,4bf05d889c56070f43e73558469b6cab4e2a96f37cf6cc1e9a7aa54c7efd5abe,2026-08-30T14:57:12.375482+00:00
7,,Bah,,119,,135,,27,,31,,3,,8,,,,,,,,,,3,,3,,10,,10,,2,,2,,2,,2,,2,,2,,...,,...,,128,,85,,...,,3,,207,,...,,10,,...,,...,,...,,...,,...,,...,,...,,100,,62,,3,,3,,38,,38,,...,,...,,1,,1,,2,,2,,ORDINARY,,False,6,agra_tehsil_1971,Agra,Uttar Pradesh,1971,format_003,agra_tehsil_001,agra_tehsil_1971.pdf,26aa85d6ff0ab648a7ed3168335b2a631564b0b73e1fb6f002e46db79de0d2f4,170,171,152,153,E:\Archival-Digitisation-Project\1971_Trimmed_PDF\Uttar_Pradesh\metadata\document.xlsx,4bf05d889c56070f43e73558469b6cab4e2a96f37cf6cc1e9a7aa54c7efd5abe,2026-08-30T14:57:12.375482+00:00
,,DISTRICT AGRA,,744,,845,,153,,165,,38,,38,,,,,,1,,1,,33,,33,,46,,46,,15,,15,,12,,12,,27,,27,,1,,1,,420,,812,,,,28,,"1,178",,6,,,,15,,,,,,6,,48,,,,,,312,,346,,46,,207,,229,,229,,...,,...,,11,,11,,16,,16,,TOTAL,,False,7,agra_tehsil_1971,Agra,Uttar Pradesh,1971,format_003,agra_tehsil_001,agra_tehsil_1971.pdf,26aa85d6ff0ab648a7ed3168335b2a631564b0b73e1fb6f002e46db79de0d2f4,170,171,152,153,E:\Archival-Digitisation-Project\1971_Trimmed_PDF\Uttar_Pradesh\metadata\document.xlsx,4bf05d889c56070f43e73558469b6cab4e2a96f37cf6cc1e9a7aa54c7efd5abe,2026-08-30T14:57:12.375482+00:00
1,,Khair,,153,,185,,37,,40,,11,,11,,1,,1,,...,,...,,6,,6,,3,,3,,3,,3,,1,,1,,3,,3,,...,,...,,135,,148,,...,,167,,275,,...,,...,,...,,...,,...,,...,,26,,...,,...,,68,,5,,1,,11,,80,,80,,...,,...,,2,,2,,1,,1,,ORDINARY,,False,0,aligarh_tehsil_1971,Aligarh,Uttar Pradesh,1971,format_003,aligarh_tehsil_001,aligarh_tehsil_1971.pdf,9d257a3146db5a920d585bb002c597b4edad0d3ed903c6a35a706b6ea574ad8d,214,215,196,197,E:\Archival-Digitisation-Project\1971_Trimmed_PDF\Uttar_Pradesh\metadata\document.xlsx,4bf05d889c56070f43e73558469b6cab4e2a96f37cf6cc1e9a7aa54c7efd5abe,2026-08-29T15:08:55.148544+00:00
2,,Koil,,165,,177,,31,,31,,12,,12,,...,,...,,...,,...,,8,,8,,2,,2,,62,,6,,2,,2,,3,,3,,...,,...,,165,,192,,...,,192,,307,,1,,...,,...,,...,,...,,...,,9,,5,,...,,92,,34,,...,,53,,66,,66,,...,,...,,1,,1,,2,,2,,ORDINARY,,False,1,aligarh_tehsil_1971,Aligarh,Uttar Pradesh,1971,format_003,aligarh_tehsil_001,aligarh_tehsil_1971.pdf,9d257a3146db5a920d585bb002c597b4edad0d3ed903c6a35a706b6ea574ad8d,214,215,196,197,E:\Archival-Digitisation-Project\1971_Trimmed_PDF\Uttar_Pradesh\metadata\document.xlsx,4bf05d889c56070f43e73558469b6cab4e2a96f37cf6cc1e9a7aa54c7efd5abe,2026-08-29T15:08:55.148544+00:00
3,,Iglas,,90,,109,,19,,21,,6,,7,,...,,...,,...,,...,,4,,4,,5,,5,,4,,4,,...,,...,,4,,4,,...,,...,,85,,104,,...,,68,,186,,...,,...,,...,,...,,...,,...,,7,,...,,...,,48,,47,,4,,15,,50,,30,,...,,...,,1,,1,,...,,...,,ORDINARY,,False,2,aligarh_tehsil_1971,Aligarh,Uttar Pradesh,1971,format_003,aligarh_tehsil_001,aligarh_tehsil_1971.pdf,9d257a3146db5a920d585bb002c597b4edad0d3ed903c6a35a706b6ea574ad8d,214,215,196,197,E:\Archival-Digitisation-Project\1971_Trimmed_PDF\Uttar_Pradesh\metadata\document.xlsx,4bf05d889c56070f43e73558469b6cab4e2a96f37cf6cc1e9a7aa54c7efd5abe,2026-08-29T15:08:55.148544+00:00
4,,Hathras,,145,,157,,32,,34,,11,,11,,...,,...,,...,,...,,1,,1,,2,,2,,2,,2,,...,,...,,...,,...,,...,,...,,145,,233,,...,,48,,364,,...,,...,,...,,...,,...,,...,,28,,2,,...,,85,,10,,1,,32,,38,,38,,...,,...,,2,,2,,...,,...,,ORDINARY,,False,3,aligarh_tehsil_1971,Aligarh,Uttar Pradesh,1971,format_003,aligarh_tehsil_001,aligarh_tehsil_1971.pdf,9d257a3146db5a920d585bb002c597b4edad0d3ed903c6a35a706b6ea574ad8d,214,215,196,197,E:\Archival-Digitisation-Project\1971_Trimmed_PDF\Uttar_Pradesh\metadata\document.xlsx,4bf05d889c56070f43e73558469b6cab4e2a96f37cf6cc1e9a7aa54c7efd5abe,2026-08-29T15:08:55.148544+00:00
5,,Atrauli,,137,,146,,33,,35,,3,,3,,...,,...,,...,,...,,5,,5,,4,,4,,4,,4,,...,,...,,4,,4,,...,,...,,192,,117,,...,,235,,291,,...,,...,,...,,...,,...,,...,,2,,...,,...,,51,,71,,6,,61,,60,,60,,...,,...,,3,,3,,1,,1,,ORDINARY,,False,4,aligarh_tehsil_1971,Aligarh,Uttar Pradesh,1971,format_003,aligarh_tehsil_001,aligarh_tehsil_1971.pdf,9d257a3146db5a920d585bb002c597b4edad0d3ed903c6a35a706b6ea574ad8d,214,215,196,197,E:\Archival-Digitisation-Project\1971_Trimmed_PDF\Uttar_Pradesh\metadata\document.xlsx,4bf05d889c56070f43e73558469b6cab4e2a96f37cf6cc1e9a7aa54c7efd5abe,2026-08-29T15:08:55.148544+00:00
6,,Sikandra Rao,,152,,184,,33,,35,,9,,10,,...,,...,,...,,...,,4,,4,,5,,5,,4,,4,,...,,...,,4,,4,,...,,...,,26,,227,,...,,178,,247,,...,,...,,...,,...,,1,,...,,26,,5,,...,,84,,19,,1,,74,,44,,44,,...,,...,,4,,4,,...,,...,,ORDINARY,,False,5,aligarh_tehsil_1971,Aligarh,Uttar Pradesh,1971,format_003,aligarh_tehsil_001,aligarh_tehsil_1971.pdf,9d257a3146db5a920d585bb002c597b4edad0d3ed903c6a35a706b6ea574ad8d,214,215,196,197,E:\Archival-Digitisation-Project\1971_Trimmed_PDF\Uttar_Pradesh\metadata\document.xlsx,4bf05d889c56070f43e73558469b6cab4e2a96f37cf6cc1e9a7aa54c7efd5abe,2026-08-29T15:08:55.148544+00:00
,,District Total (Rural),,812,,958,,185,,195,,52,,54,,1,,1,,...,,...,,28,,28,,17,,17,,19,,19,,3,,3,,17,,17,,...,,...,,748,,"1,021",,...,,888,,370,,1,,...,,...,,1,,...,,...,,98,,12,,...,,428,,186,,13,,246,,318,,318,,...,,...,,13,,13,,4,,4,,TOTAL,,False,6,aligarh_tehsil_1971,Aligarh,Uttar Pradesh,1971,format_003,aligarh_tehsil_001,aligarh_tehsil_1971.pdf,9d257a3146db5a920d585bb002c597b4edad0d3ed903c6a35a706b6ea574ad8d,214,215,196,197,E:\Archival-Digitisation-Project\1971_Trimmed_PDF\Uttar_Pradesh\metadata\document.xlsx,4bf05d889c56070f43e73558469b6cab4e2a96f37cf6cc1e9a7aa54c7efd5abe,2026-08-29T15:08:55.148544+00:00
1,,Sirathu,,83,,88,,15,,16,,2,,2,,1,,1,,1,,2,,5,,5,,18,,18,,4,,4,,1,,1,,2,,2,,3,,3,,30,,265,,—,,2,,249,,—,,43,,—,,—,,—,,—,,—,,—,,—,,75,,117,,15,,17,,24,,24,,—,,—,,1,,1,,—,,—,,ORDINARY,,False,0,allahabad_tehsil_1971,Allahabad,Uttar Pradesh,1971,format_003,allahabad_tehsil_001,allahabad_tehsil_1971.pdf,4e3001737237d019e0fe3b54a3e19ae30c00f5899423f04ae6ded4706b13e7ee,413,414,394,395,E:\Archival-Digitisation-Project\1971_Trimmed_PDF\Uttar_Pradesh\metadata\document.xlsx,4bf05d889c56070f43e73558469b6cab4e2a96f37cf6cc1e9a7aa54c7efd5abe,2026-08-29T15:09:24.989126+00:00
2,,Manjhanpur,,104,,105,,12,,12,,5,,5,,—,,—,,—,,—,,3,,3,,2,,2,,—,,—,,1,,1,,1,,1,,—,,—,,1,,315,,—,,—,,265,,—,,3,,—,,—,,—,,—,,—,,—,,—,,75,,104,,17,,—,,23,,23,,—,,—,,1,,1,,—,,—,,ORDINARY,,False,1,allahabad_tehsil_1971,Allahabad,Uttar Pradesh,1971,format_003,allahabad_tehsil_001,allahabad_tehsil_1971.pdf,4e3001737237d019e0fe3b54a3e19ae30c00f5899423f04ae6ded4706b13e7ee,413,414,394,395,E:\Archival-Digitisation-Project\1971_Trimmed_PDF\Uttar_Pradesh\metadata\document.xlsx,4bf05d889c56070f43e73558469b6cab4e2a96f37cf6cc1e9a7aa54c7efd5abe,2026-08-29T15:09:24.989126+00:00
3,,Chail,,122,,124,,14,,14,,8,,9,,—,,—,,—,,—,,7,,7,,10,,10,,3,,3,,—,,—,,—,,—,,—,,—,,10,,358,,1,,2,,308,,—,,32,,—,,—,,—,,—,,2,,—,,—,,104,,193,,8,,6,,27,,27,,—,,—,,2,,2,,—,,—,,ORDINARY,,False,2,allahabad_tehsil_1971,Allahabad,Uttar Pradesh,1971,format_003,allahabad_tehsil_001,allahabad_tehsil_1971.pdf,4e3001737237d019e0fe3b54a3e19ae30c00f5899423f04ae6ded4706b13e7ee,413,414,394,395,E:\Archival-Digitisation-Project\1971_Trimmed_PDF\Uttar_Pradesh\metadata\document.xlsx,4bf05d889c56070f43e73558469b6cab4e2a96f37cf6cc1e9a7aa54c7efd5abe,2026-08-29T15:09:24.989126+00:00
4,,Soraon,,154,,163,,18,,18,,12,,12,,—,,—,,1,,1,,16,,16,,14,,15,,8,,8,,1,,1,,3,,3,,1,,1,,56,,400,,1,,1,,408,,3,,8,,—,,7,,—,,—,,7,,—,,—,,88,,213,,49,,179,,24,,24,,—,,—,,4,,4,,1,,1,,ORDINARY,,False,3,allahabad_tehsil_1971,Allahabad,Uttar Pradesh,1971,format_003,allahabad_tehsil_001,allahabad_tehsil_1971.pdf,4e3001737237d019e0fe3b54a3e19ae30c00f5899423f04ae6ded4706b13e7ee,413,414,394,395,E:\Archival-Digitisation-Project\1971_Trimmed_PDF\Uttar_Pradesh\metadata\document.xlsx,4bf05d889c56070f43e73558469b6cab4e2a96f37cf6cc1e9a7aa54c7efd5abe,2026-08-29T15:09:24.989126+00:00
5,,Phulpur,,142,,150,,12,,12,,10,,10,,1,,1,,—,,—,,2,,2,,1,,1,,1,,1,,—,,—,,1,,1,,—,,—,,191,,377,,—,,1,,502,,22,,29,,—,,28,,—,,—,,193,,—,,—,,110,,295,,11,,48,,31,,31,,—,,—,,1,,1,,—,,—,,ORDINARY,,False,4,allahabad_tehsil_1971,Allahabad,Uttar Pradesh,1971,format_003,allahabad_tehsil_001,allahabad_tehsil_1971.pdf,4e3001737237d019e0fe3b54a3e19ae30c00f5899423f04ae6ded4706b13e7ee,413,414,394,395,E:\Archival-Digitisation-Project\1971_Trimmed_PDF\Uttar_Pradesh\metadata\document.xlsx,4bf05d889c56070f43e73558469b6cab4e2a96f37cf6cc1e9a7aa54c7efd5abe,2026-08-29T15:09:24.989126+00:00
6,,Handia,,157,,158,,25,,25,,4,,4,,—,,—,,1,,1,,12,,12,,7,,7,,3,,3,,1,,1,,2,,2,,1,,1,,323,,309,,—,,3,,608,,123,,14,,—,,—,,—,,—,,1,,—,,—,,26,,282,,33,,64,,29,,29,,—,,—,,3,,3,,2,,2,,ORDINARY,,False,5,allahabad_tehsil_1971,Allahabad,Uttar Pradesh,1971,format_003,allahabad_tehsil_001,allahabad_tehsil_1971.pdf,4e3001737237d019e0fe3b54a3e19ae30c00f5899423f04ae6ded4706b13e7ee,413,414,394,395,E:\Archival-Digitisation-Project\1971_Trimmed_PDF\Uttar_Pradesh\metadata\document.xlsx,4bf05d889c56070f43e73558469b6cab4e2a96f37cf6cc1e9a7aa54c7efd5abe,2026-08-29T15:09:24.989126+00:00
7,,Karchhana,,190,,197,,21,,21,,10,,12,,—,,—,,1,,1,,10,,12,,5,,5,,4,,4,,—,,—,,3,,3,,—,,—,,46,,628,,—,,38,,571,,7,,92,,—,,—,,—,,—,,1,,—,,—,,204,,133,,28,,163,,34,,34,,—,,—,,8,,8,,1,,1,,ORDINARY,,False,6,allahabad_tehsil_1971,Allahabad,Uttar Pradesh,1971,format_003,allahabad_tehsil_001,allahabad_tehsil_1971.pdf,4e3001737237d019e0fe3b54a3e19ae30c00f5899423f04ae6ded4706b13e7ee,413,414,394,395,E:\Archival-Digitisation-Project\1971_Trimmed_PDF\Uttar_Pradesh\metadata\document.xlsx,4bf05d889c56070f43e73558469b6cab4e2a96f37cf6cc1e9a7aa54c7efd5abe,2026-08-29T15:09:24.989126+00:00
8,,Meja,,191,,200,,13,,13,,5,,5,,1,,1,,1,,1,,6,,6,,6,,6,,3,,3,,1,,1,,1,,1,,—,,—,,48,,631,,—,,19,,596,,69,,102,,—,,20,,—,,—,,5,,1,,—,,172,,153,,21,,104,,26,,26,,—,,—,,3,,3,,1,,1,,ORDINARY,,False,7,allahabad_tehsil_1971,Allahabad,Uttar Pradesh,1971,format_003,allahabad_tehsil_001,allahabad_tehsil_1971.pdf,4e3001737237d019e0fe3b54a3e19ae30c00f5899423f04ae6ded4706b13e7ee,413,414,394,395,E:\Archival-Digitisation-Project\1971_Trimmed_PDF\Uttar_Pradesh\metadata\document.xlsx,4bf05d889c56070f43e73558469b6cab4e2a96f37cf6cc1e9a7aa54c7efd5abe,2026-08-29T15:09:24.989126+00:00
,,DISTRICT TOTAL,,"1,143",,"1,185",,130,,131,,57,,59,,2,,2,,1,,1,,22,,22,,22,,22,,8,,8,,4,,4,,12,,12,,5,,5,,299,,"1,320",,...,,717,,"1,522",,8,,2,,—,,6,,—,,36,,209,,1,,—,,425,,472,,56,,231,,185,,185,,—,,—,,9,,9,,7,,7,,TOTAL,,False,8,allahabad_tehsil_1971,Allahabad,Uttar Pradesh,1971,format_003,allahabad_tehsil_001,allahabad_tehsil_1971.pdf,4e3001737237d019e0fe3b54a3e19ae30c00f5899423f04ae6ded4706b13e7ee,413,414,394,395,E:\Archival-Digitisation-Project\1971_Trimmed_PDF\Uttar_Pradesh\metadata\document.xlsx,4bf05d889c56070f43e73558469b6cab4e2a96f37cf6cc1e9a7aa54c7efd5abe,2026-08-29T15:09:24.989126+00:00
1,,Almora,,470,,486,,60,,61,,15,,15,,...,,...,,1,,1,,14,,14,,12,,12,,16,,16,,4,,4,,6,,6,,...,,...,,11,,"1,816",,27,,...,,3,,...,,285,,585,,13,,308,,...,,...,,"1,171",,...,,231,,"1,216",,33,,16,,129,,129,,...,,...,,3,,3,,1,,1,,ORDINARY,,False,0,almora_tehsil_1971,Almora,Uttar Pradesh,1971,format_003,almora_tehsil_001,almora_tehsil_1971.pdf,c356c5b21a92d289310523cd9d0ebac3d79f42f33d7d8b92ff6f1ff1d732f99f,329,330,318,319,E:\Archival-Digitisation-Project\1971_Trimmed_PDF\Uttar_Pradesh\metadata\document.xlsx,4bf05d889c56070f43e73558469b6cab4e2a96f37cf6cc1e9a7aa54c7efd5abe,2026-08-29T15:09:07.828567+00:00
2,,Ranikhet,,309,,309,,23,,23,,18,,18,,...,,...,,...,,...,,6,,6,,11,,11,,2,,2,,2,,2,,5,,5,,...,,...,,2,,"1,310",,46,,...,,...,,...,,30,,403,,13,,89,,...,,...,,72,,...,,413,,844,,4,,...,,85,,85,,1,,1,,...,,...,,...,,...,,ORDINARY,,False,1,almora_tehsil_1971,Almora,Uttar Pradesh,1971,format_003,almora_tehsil_001,almora_tehsil_1971.pdf,c356c5b21a92d289310523cd9d0ebac3d79f42f33d7d8b92ff6f1ff1d732f99f,329,330,318,319,E:\Archival-Digitisation-Project\1971_Trimmed_PDF\Uttar_Pradesh\metadata\document.xlsx,4bf05d889c56070f43e73558469b6cab4e2a96f37cf6cc1e9a7aa54c7efd5abe,2026-08-29T15:09:07.828567+00:00
3,,Champawat,,137,,137,,11,,12,,3,,3,,...,,...,,...,,...,,4,,4,,2,,2,,10,,10,,2,,2,,4,,4,,...,,...,,6,,650,,17,,...,,...,,...,,5,,208,,5,,...,,...,,...,,409,,...,,77,,535,,...,,...,,23,,23,,...,,...,,1,,1,,...,,...,,ORDINARY,,False,2,almora_tehsil_1971,Almora,Uttar Pradesh,1971,format_003,almora_tehsil_001,almora_tehsil_1971.pdf,c356c5b21a92d289310523cd9d0ebac3d79f42f33d7d8b92ff6f1ff1d732f99f,329,330,318,319,E:\Archival-Digitisation-Project\1971_Trimmed_PDF\Uttar_Pradesh\metadata\document.xlsx,4bf05d889c56070f43e73558469b6cab4e2a96f37cf6cc1e9a7aa54c7efd5abe,2026-08-29T15:09:07.828567+00:00
,,District Total (Rural),,916,,932,,94,,96,,36,,36,,...,,...,,1,,1,,24,,24,,25,,25,,28,,28,,8,,8,,15,,15,,...,,...,,19,,"3,776",,90,,...,,3,,...,,320,,"1,196",,31,,397,,...,,...,,"2,309",,...,,721,,"2,595",,37,,16,,237,,237,,1,,1,,4,,4,,1,,1,,TOTAL,,False,3,almora_tehsil_1971,Almora,Uttar Pradesh,1971,format_003,almora_tehsil_001,almora_tehsil_1971.pdf,c356c5b21a92d289310523cd9d0ebac3d79f42f33d7d8b92ff6f1ff1d732f99f,329,330,318,319,E:\Archival-Digitisation-Project\1971_Trimmed_PDF\Uttar_Pradesh\metadata\document.xlsx,4bf05d889c56070f43e73558469b6cab4e2a96f37cf6cc1e9a7aa54c7efd5abe,2026-08-29T15:09:07.828567+00:00
1,,Sagri,,166,,169,,11,,11,,14,,14,,...,,...,,2,,2,,2,,2,,3,,3,,2,,2,,...,,...,,1,,1,,...,,...,,140,,833,,7,,17,,915,,...,,4,,...,,...,,...,,...,,7,,68,,...,,237,,612,,8,,...,,46,,46,,...,,...,,1,,1,,...,,...,,ORDINARY,,False,0,azamgarh_tehsil_1971,Azamgarh,Uttar Pradesh,1971,format_003,azamgarh_tehsil_001,azamgarh_tehsil_1971.pdf,962dfbcb3f69b33cc4ac0d895fdc6687c25cff203dffd505fad36c8be6d8b085,549,550,532,533,E:\Archival-Digitisation-Project\1971_Trimmed_PDF\Uttar_Pradesh\metadata\document.xlsx,4bf05d889c56070f43e73558469b6cab4e2a96f37cf6cc1e9a7aa54c7efd5abe,2026-08-29T15:09:19.100331+00:00
2,,Ghosi,,221,,221,,28,,28,,18,,18,,2,,2,,1,,1,,10,,10,,3,,3,,5,,5,,2,,2,,6,,6,,1,,1,,272,,575,,...,,307,,796,,3,,4,,...,,2,,...,,...,,4,,13,,...,,162,,292,,49,,34,,62,,62,,...,,...,,2,,2,,1,,1,,ORDINARY,,False,1,azamgarh_tehsil_1971,Azamgarh,Uttar Pradesh,1971,format_003,azamgarh_tehsil_001,azamgarh_tehsil_1971.pdf,962dfbcb3f69b33cc4ac0d895fdc6687c25cff203dffd505fad36c8be6d8b085,549,550,532,533,E:\Archival-Digitisation-Project\1971_Trimmed_PDF\Uttar_Pradesh\metadata\document.xlsx,4bf05d889c56070f43e73558469b6cab4e2a96f37cf6cc1e9a7aa54c7efd5abe,2026-08-29T15:09:19.100331+00:00
3,,Azamgarh,,171,,171,,20,,20,,10,,10,,2,,2,,5,,5,,13,,13,,7,,7,,...,,...,,2,,2,,3,,3,,...,,...,,318,,602,,...,,606,,837,,27,,15,,...,,28,,...,,...,,39,,56,,...,,139,,335,,50,,98,,62,,62,,5,,5,,7,,7,,...,,...,,ORDINARY,,False,2,azamgarh_tehsil_1971,Azamgarh,Uttar Pradesh,1971,format_003,azamgarh_tehsil_001,azamgarh_tehsil_1971.pdf,962dfbcb3f69b33cc4ac0d895fdc6687c25cff203dffd505fad36c8be6d8b085,549,550,532,533,E:\Archival-Digitisation-Project\1971_Trimmed_PDF\Uttar_Pradesh\metadata\document.xlsx,4bf05d889c56070f43e73558469b6cab4e2a96f37cf6cc1e9a7aa54c7efd5abe,2026-08-29T15:09:19.100331+00:00
4,,Muhammadabad,,204,,213,,28,,28,,10,,10,,3,,3,,7,,7,,11,,11,,...,,...,,...,,...,,1,,1,,2,,2,,...,,...,,405,,581,,...,,81,,884,,...,,1,,...,,...,,...,,...,,4,,19,,...,,266,,75,,5,,16,,60,,60,,56,,56,,4,,4,,...,,...,,ORDINARY,,False,3,azamgarh_tehsil_1971,Azamgarh,Uttar Pradesh,1971,format_003,azamgarh_tehsil_001,azamgarh_tehsil_1971.pdf,962dfbcb3f69b33cc4ac0d895fdc6687c25cff203dffd505fad36c8be6d8b085,549,550,532,533,E:\Archival-Digitisation-Project\1971_Trimmed_PDF\Uttar_Pradesh\metadata\document.xlsx,4bf05d889c56070f43e73558469b6cab4e2a96f37cf6cc1e9a7aa54c7efd5abe,2026-08-29T15:09:19.100331+00:00
5,,Phulpur,,224,,226,,30,,30,,10,,10,,...,,...,,2,,2,,5,,5,,3,,3,,1,,1,,...,,...,,3,,3,,2,,2,,264,,778,,...,,702,,"1,006",,2,,5,,...,,21,,...,,...,,5,,31,,...,,222,,216,,31,,85,,76,,76,,...,,...,,2,,2,,...,,...,,ORDINARY,,False,4,azamgarh_tehsil_1971,Azamgarh,Uttar Pradesh,1971,format_003,azamgarh_tehsil_001,azamgarh_tehsil_1971.pdf,962dfbcb3f69b33cc4ac0d895fdc6687c25cff203dffd505fad36c8be6d8b085,549,550,532,533,E:\Archival-Digitisation-Project\1971_Trimmed_PDF\Uttar_Pradesh\metadata\document.xlsx,4bf05d889c56070f43e73558469b6cab4e2a96f37cf6cc1e9a7aa54c7efd5abe,2026-08-29T15:09:19.100331+00:00
6,,Lalganj,,202,,213,,26,,26,,11,,11,,...,,...,,8,,8,,6,,6,,...,,...,,3,,3,,...,,...,,1,,1,,...,,...,,96,,764,,...,,567,,738,,...,,...,,...,,...,,...,,...,,20,,20,,...,,208,,164,,32,,23,,64,,64,,...,,...,,1,,1,,...,,...,,ORDINARY,,False,5,azamgarh_tehsil_1971,Azamgarh,Uttar Pradesh,1971,format_003,azamgarh_tehsil_001,azamgarh_tehsil_1971.pdf,962dfbcb3f69b33cc4ac0d895fdc6687c25cff203dffd505fad36c8be6d8b085,549,550,532,533,E:\Archival-Digitisation-Project\1971_Trimmed_PDF\Uttar_Pradesh\metadata\document.xlsx,4bf05d889c56070f43e73558469b6cab4e2a96f37cf6cc1e9a7aa54c7efd5abe,2026-08-29T15:09:19.100331+00:00
,,DISTRICT TOTAL,,"1,188",,"1,213",,143,,143,,73,,73,,7,,7,,25,,25,,47,,47,,16,,16,,11,,11,,5,,5,,16,,16,,3,,3,,"1,495",,"4,133",,...,,"7,280",,"5,176",,32,,29,,...,,51,,...,,...,,79,,207,,...,,"1,234",,"1,694",,175,,256,,370,,370,,61,,61,,17,,17,,1,,1,,TOTAL,,False,6,azamgarh_tehsil_1971,Azamgarh,Uttar Pradesh,1971,format_003,azamgarh_tehsil_001,azamgarh_tehsil_1971.pdf,962dfbcb3f69b33cc4ac0d895fdc6687c25cff203dffd505fad36c8be6d8b085,549,550,532,533,E:\Archival-Digitisation-Project\1971_Trimmed_PDF\Uttar_Pradesh\metadata\document.xlsx,4bf05d889c56070f43e73558469b6cab4e2a96f37cf6cc1e9a7aa54c7efd5abe,2026-08-29T15:09:19.100331+00:00
1,,Nanpara,,228,,242,,24,,26,,3,,3,,1,,1,,...,,...,,12,,12,,7,,7,,4,,4,,5,,5,,17,,17,,...,,...,,67,,483,,...,,148,,520,,...,,6,,...,,...,,...,,...,,...,,...,,...,,45,,352,,9,,59,,94,,94,,...,,...,,1,,1,,...,,...,,ORDINARY,,False,0,bahraich_tehsil_1971,Bahraich,Uttar Pradesh,1971,format_003,bahraich_tehsil_001,bahraich_tehsil_1971.pdf,2d270f1e9d404c1580b0cafda3f03dfb942dabc1e9898abfbdbde46c66ebad0f,209,210,190,191,E:\Archival-Digitisation-Project\1971_Trimmed_PDF\Uttar_Pradesh\metadata\document.xlsx,4bf05d889c56070f43e73558469b6cab4e2a96f37cf6cc1e9a7aa54c7efd5abe,2026-08-29T15:12:28.391394+00:00
2,,Kaisarganj,,277,,301,,21,,22,,8,,8,,...,,...,,...,,...,,11,,11,,8,,8,,7,,7,,...,,...,,34,,36,,...,,...,,92,,559,,...,,347,,638,,...,,15,,...,,...,,...,,...,,3,,...,,...,,69,,437,,34,,18,,66,,66,,1,,1,,1,,1,,3,,3,,ORDINARY,,False,1,bahraich_tehsil_1971,Bahraich,Uttar Pradesh,1971,format_003,bahraich_tehsil_001,bahraich_tehsil_1971.pdf,2d270f1e9d404c1580b0cafda3f03dfb942dabc1e9898abfbdbde46c66ebad0f,209,210,190,191,E:\Archival-Digitisation-Project\1971_Trimmed_PDF\Uttar_Pradesh\metadata\document.xlsx,4bf05d889c56070f43e73558469b6cab4e2a96f37cf6cc1e9a7aa54c7efd5abe,2026-08-29T15:12:28.391394+00:00
3,,Bahraich,,333,,361,,23,,23,,10,,10,,1,,1,,...,,...,,13,,13,,9,,9,,6,,6,,2,,2,,4,,4,,...,,...,,189,,532,,...,,36,,705,,...,,1,,...,,...,,...,,...,,...,,...,,...,,127,,337,,43,,12,,78,,78,,...,,...,,1,,1,,...,,...,,ORDINARY,,False,2,bahraich_tehsil_1971,Bahraich,Uttar Pradesh,1971,format_003,bahraich_tehsil_001,bahraich_tehsil_1971.pdf,2d270f1e9d404c1580b0cafda3f03dfb942dabc1e9898abfbdbde46c66ebad0f,209,210,190,191,E:\Archival-Digitisation-Project\1971_Trimmed_PDF\Uttar_Pradesh\metadata\document.xlsx,4bf05d889c56070f43e73558469b6cab4e2a96f37cf6cc1e9a7aa54c7efd5abe,2026-08-29T15:12:28.391394+00:00
,,DISTRICT BAHRAICH,,838,,904,,68,,71,,21,,21,,2,,2,,...,,...,,36,,36,,24,,24,,17,,17,,7,,7,,55,,57,,...,,...,,348,,"1,574",,...,,531,,"1,863",,...,,22,,...,,...,,...,,...,,3,,...,,...,,241,,"1,126",,86,,89,,238,,238,,1,,1,,3,,3,,3,,3,,TOTAL,,False,3,bahraich_tehsil_1971,Bahraich,Uttar Pradesh,1971,format_003,bahraich_tehsil_001,bahraich_tehsil_1971.pdf,2d270f1e9d404c1580b0cafda3f03dfb942dabc1e9898abfbdbde46c66ebad0f,209,210,190,191,E:\Archival-Digitisation-Project\1971_Trimmed_PDF\Uttar_Pradesh\metadata\document.xlsx,4bf05d889c56070f43e73558469b6cab4e2a96f37cf6cc1e9a7aa54c7efd5abe,2026-08-29T15:12:28.391394+00:00
1,,Rasra,,274,,287,,47,,47,,15,,18,,,,,,,,,,17,,17,,5,,5,,6,,6,,1,,1,,16,,16,,...,,,,253,,605,,...,,1,,728,,,,14,,...,,...,,...,,...,,...,,...,,,,201,,366,,1,,180,,78,,78,,,,,,,,,,1,,,,ORDINARY,,False,0,baliya_tehsil_1971,Baliya,Uttar Pradesh,1971,format_003,baliya_tehsil_001,baliya_tehsil_1971.pdf,098137c6c7023f493d04e7a498aa9983ede60bfcc7fc777820f9c45e0cae5531,271,272,250,251,E:\Archival-Digitisation-Project\1971_Trimmed_PDF\Uttar_Pradesh\metadata\document.xlsx,4bf05d889c56070f43e73558469b6cab4e2a96f37cf6cc1e9a7aa54c7efd5abe,2026-08-30T14:57:18.349684+00:00
2,,Bansdih,,202,,211,,37,,38,,15,,15,,,,,,,,,,14,,14,,1,,1,,9,,9,,,,,,30,,30,,,,,,169,,595,,,,,,579,,...,,...,,... ...,,... ...,,...,,... ...,,... ...,,...,,... ...,,175,,237,,19,,8,,60,,60,,...,,...,,...,,...,,...,,,,ORDINARY,,False,1,baliya_tehsil_1971,Baliya,Uttar Pradesh,1971,format_003,baliya_tehsil_001,baliya_tehsil_1971.pdf,098137c6c7023f493d04e7a498aa9983ede60bfcc7fc777820f9c45e0cae5531,271,272,250,251,E:\Archival-Digitisation-Project\1971_Trimmed_PDF\Uttar_Pradesh\metadata\document.xlsx,4bf05d889c56070f43e73558469b6cab4e2a96f37cf6cc1e9a7aa54c7efd5abe,2026-08-30T14:57:18.349684+00:00
3,,Ballia,,193,,193,,24,,24,,28,,28,,,,,,,,,,28,,28,,1,,,,28,,28,,,,...,,... ...,,...,,...,,,,159,,701,,,,24,,565,,,,,,,,,,,,,,1,,,,,,264,,238,,8,,96,,89,,89,,,,,,2,,2,,,,,,ORDINARY,,False,2,baliya_tehsil_1971,Baliya,Uttar Pradesh,1971,format_003,baliya_tehsil_001,baliya_tehsil_1971.pdf,098137c6c7023f493d04e7a498aa9983ede60bfcc7fc777820f9c45e0cae5531,271,272,250,251,E:\Archival-Digitisation-Project\1971_Trimmed_PDF\Uttar_Pradesh\metadata\document.xlsx,4bf05d889c56070f43e73558469b6cab4e2a96f37cf6cc1e9a7aa54c7efd5abe,2026-08-30T14:57:18.349684+00:00
,,District Total (Rural),,669,,691,,108,,109,,58,,58,,,,,,,,,,59,,59,,7,,7,,43,,43,,1,,1,,4,,46,,...,,,,581,,"1,901",,,,25,,"1,872",,,,14,,...,,... ...,,...,,... ...,,...,,...,,...,,640,,841,,28,,224,,228,,228,,,,,,2,,2,,1,,,,TOTAL,,False,3,baliya_tehsil_1971,Baliya,Uttar Pradesh,1971,format_003,baliya_tehsil_001,baliya_tehsil_1971.pdf,098137c6c7023f493d04e7a498aa9983ede60bfcc7fc777820f9c45e0cae5531,271,272,250,251,E:\Archival-Digitisation-Project\1971_Trimmed_PDF\Uttar_Pradesh\metadata\document.xlsx,4bf05d889c56070f43e73558469b6cab4e2a96f37cf6cc1e9a7aa54c7efd5abe,2026-08-30T14:57:18.349684+00:00
1,,Banda,,163,,209,,28,,28,,4,,4,,...,,...,,...,,...,,2,,2,,47,,47,,1,,1,,...,,...,,...,,...,,2,,,,24,,187,,...,,1,,191,,...,,6,,...,,1,,...,,...,,...,,...,,...,,37,,130,,58,,58,,...,,...,,...,,...,,...,,...,,...,,...,,ORDINARY,,False,0,banda_tehsil_1971,Banda,Uttar Pradesh,1971,format_003,banda_tehsil_001,banda_tehsil_1971.pdf,d4e0813d4dd8c23a0738f46bfcc9468fede079e8749e5375c2d3f5c3a42cc599,160,161,144,145,E:\Archival-Digitisation-Project\1971_Trimmed_PDF\Uttar_Pradesh\metadata\document.xlsx,4bf05d889c56070f43e73558469b6cab4e2a96f37cf6cc1e9a7aa54c7efd5abe,2026-08-30T14:57:31.724566+00:00
2,,Baberu,,177,,195,,33,,35,,1,,1,,...,,...,,.,,...,,3,,3,,14,,14,,2,,2,,.,,.,,3,,3,,..,,..,,4,,214,,,,6,,208,,41,,24,,.,,2,,...,,...,,2,,...,,.,,19,,182,,39,,39,,...,,...,,1,,1,,...,,...,,...,,...,,ORDINARY,,False,1,banda_tehsil_1971,Banda,Uttar Pradesh,1971,format_003,banda_tehsil_001,banda_tehsil_1971.pdf,d4e0813d4dd8c23a0738f46bfcc9468fede079e8749e5375c2d3f5c3a42cc599,160,161,144,145,E:\Archival-Digitisation-Project\1971_Trimmed_PDF\Uttar_Pradesh\metadata\document.xlsx,4bf05d889c56070f43e73558469b6cab4e2a96f37cf6cc1e9a7aa54c7efd5abe,2026-08-30T14:57:31.724566+00:00
3,,Naraini,,171,,193,,21,,21,,3,,3,,,,,,.,,,,5,,5,,10,,10,,1,,1,,.,,.,,...,,...,,...,,...,,27,,265,,...,,19,,260,,5,,53,,...,,...,,.,,...,,1,,9,,...,,78,,141,,29,,29,,1,,1,,...,,...,,3,,3,,...,,...,,ORDINARY,,False,2,banda_tehsil_1971,Banda,Uttar Pradesh,1971,format_003,banda_tehsil_001,banda_tehsil_1971.pdf,d4e0813d4dd8c23a0738f46bfcc9468fede079e8749e5375c2d3f5c3a42cc599,160,161,144,145,E:\Archival-Digitisation-Project\1971_Trimmed_PDF\Uttar_Pradesh\metadata\document.xlsx,4bf05d889c56070f43e73558469b6cab4e2a96f37cf6cc1e9a7aa54c7efd5abe,2026-08-30T14:57:31.724566+00:00
4,,Karwi,,216,,221,,30,,30,,3,,3,,1,,1,,.,,...,,6,,6,,23,,23,,3,,3,,1,,1,,2,,2,,.,,..,,32,,359,,.,,4,,352,,25,,62,,...,,1,,.,,...,,1,,,,...,,71,,272,,27,,27,,...,,...,,3,,3,,1,,1,,...,,...,,ORDINARY,,False,3,banda_tehsil_1971,Banda,Uttar Pradesh,1971,format_003,banda_tehsil_001,banda_tehsil_1971.pdf,d4e0813d4dd8c23a0738f46bfcc9468fede079e8749e5375c2d3f5c3a42cc599,160,161,144,145,E:\Archival-Digitisation-Project\1971_Trimmed_PDF\Uttar_Pradesh\metadata\document.xlsx,4bf05d889c56070f43e73558469b6cab4e2a96f37cf6cc1e9a7aa54c7efd5abe,2026-08-30T14:57:31.724566+00:00
5,,Mau,,105,,114,,7,,7,,4,,4,,...,,...,,...,,...,,5,,5,,7,,7,,2,,2,,...,,...,,1,,1,,...,,.,,1,,183,,...,,1,,157,,7,,34,,...,,...,,...,,...,,...,,...,,...,,35,,129,,12,,12,,...,,...,,2,,2,,1,,1,,...,,...,,ORDINARY,,False,4,banda_tehsil_1971,Banda,Uttar Pradesh,1971,format_003,banda_tehsil_001,banda_tehsil_1971.pdf,d4e0813d4dd8c23a0738f46bfcc9468fede079e8749e5375c2d3f5c3a42cc599,160,161,144,145,E:\Archival-Digitisation-Project\1971_Trimmed_PDF\Uttar_Pradesh\metadata\document.xlsx,4bf05d889c56070f43e73558469b6cab4e2a96f37cf6cc1e9a7aa54c7efd5abe,2026-08-30T14:57:31.724566+00:00
,,DISTT. TOTAL,,832,,932,,119,,121,,15,,15,,1,,1,,...,,...,,21,,21,,101,,101,,9,,9,,1,,1,,6,,6,,2,,2,,88,,"1,208",,...,,31,,"1,167",,78,,185,,...,,4,,...,,.,,4,,9,,...,,240,,854,,165,,163,,1,,1,,6,,6,,2,,2,,...,,1,,TOTAL,,False,5,banda_tehsil_1971,Banda,Uttar Pradesh,1971,format_003,banda_tehsil_001,banda_tehsil_1971.pdf,d4e0813d4dd8c23a0738f46bfcc9468fede079e8749e5375c2d3f5c3a42cc599,160,161,144,145,E:\Archival-Digitisation-Project\1971_Trimmed_PDF\Uttar_Pradesh\metadata\document.xlsx,4bf05d889c56070f43e73558469b6cab4e2a96f37cf6cc1e9a7aa54c7efd5abe,2026-08-30T14:57:31.724566+00:00
1,,Fatehpur,,271,,283,,24,,26,,6,,6,,...,,...,,...,,...,,9,,9,,2,,2,,9,,9,,...,,...,,1,,1,,1,,1,,68,,620,,...,,6,,658,,1,,154,,...,,...,,...,,...,,...,,...,,...,,85,,312,,35,,116,,39,,39,,...,,...,,2,,2,,...,,...,,ORDINARY,,False,0,bara_banki_tehsil_1971,Bara Banki,Uttar Pradesh,1971,format_003,bara_banki_tehsil_001,bara_banki_tehsil_1971.pdf,16c497ab9fb997bb916dba023a5ff79ae3e62e382ca242976e76f68b35069309,228,229,210,211,E:\Archival-Digitisation-Project\1971_Trimmed_PDF\Uttar_Pradesh\metadata\document.xlsx,4bf05d889c56070f43e73558469b6cab4e2a96f37cf6cc1e9a7aa54c7efd5abe,2026-08-30T14:57:43.745178+00:00
2,,Nawabganj,,215,,220,,19,,19,,2,,2,,...,,...,,...,,...,,11,,11,,4,,4,,5,,5,,...,,...,,2,,2,,...,,...,,115,,278,,...,,...,,387,,22,,...,,...,,1,,...,,...,,8,,...,,...,,69,,181,,15,,76,,42,,42,,...,,...,,2,,2,,2,,2,,ORDINARY,,False,1,bara_banki_tehsil_1971,Bara Banki,Uttar Pradesh,1971,format_003,bara_banki_tehsil_001,bara_banki_tehsil_1971.pdf,16c497ab9fb997bb916dba023a5ff79ae3e62e382ca242976e76f68b35069309,228,229,210,211,E:\Archival-Digitisation-Project\1971_Trimmed_PDF\Uttar_Pradesh\metadata\document.xlsx,4bf05d889c56070f43e73558469b6cab4e2a96f37cf6cc1e9a7aa54c7efd5abe,2026-08-30T14:57:43.745178+00:00
3,,Ramsanehighat,,326,,338,,26,,26,,9,,9,,...,,...,,...,,...,,5,,5,,15,,15,,8,,8,,1,,1,,4,,4,,...,,...,,79,,560,,...,,1,,627,,8,,47,,...,,...,,...,,...,,1,,9,,...,,42,,233,,30,,200,,74,,74,,...,,...,,1,,1,,2,,1,,ORDINARY,,False,2,bara_banki_tehsil_1971,Bara Banki,Uttar Pradesh,1971,format_003,bara_banki_tehsil_001,bara_banki_tehsil_1971.pdf,16c497ab9fb997bb916dba023a5ff79ae3e62e382ca242976e76f68b35069309,228,229,210,211,E:\Archival-Digitisation-Project\1971_Trimmed_PDF\Uttar_Pradesh\metadata\document.xlsx,4bf05d889c56070f43e73558469b6cab4e2a96f37cf6cc1e9a7aa54c7efd5abe,2026-08-30T14:57:43.745178+00:00
4,,Haidargarh,,172,,173,,24,,23,,7,,7,,...,,...,,...,,...,,9,,9,,5,,5,,1,,1,,...,,...,,1,,1,,...,,...,,62,,312,,...,,1,,352,,...,,61,,...,,...,,...,,...,,2,,...,,...,,35,,91,,15,,75,,29,,29,,...,,...,,1,,1,,1,,1,,ORDINARY,,False,3,bara_banki_tehsil_1971,Bara Banki,Uttar Pradesh,1971,format_003,bara_banki_tehsil_001,bara_banki_tehsil_1971.pdf,16c497ab9fb997bb916dba023a5ff79ae3e62e382ca242976e76f68b35069309,228,229,210,211,E:\Archival-Digitisation-Project\1971_Trimmed_PDF\Uttar_Pradesh\metadata\document.xlsx,4bf05d889c56070f43e73558469b6cab4e2a96f37cf6cc1e9a7aa54c7efd5abe,2026-08-30T14:57:43.745178+00:00
,,District Total (Rural),,984,,1014,,93,,94,,24,,24,,...,,...,,...,,...,,34,,34,,26,,26,,23,,23,,1,,1,,8,,8,,1,,1,,324,,"1,770",,...,,8,,"2,024",,31,,262,,...,,1,,...,,...,,11,,...,,...,,231,,817,,95,,467,,184,,184,,...,,...,,6,,6,,5,,5,,TOTAL,,False,4,bara_banki_tehsil_1971,Bara Banki,Uttar Pradesh,1971,format_003,bara_banki_tehsil_001,bara_banki_tehsil_1971.pdf,16c497ab9fb997bb916dba023a5ff79ae3e62e382ca242976e76f68b35069309,228,229,210,211,E:\Archival-Digitisation-Project\1971_Trimmed_PDF\Uttar_Pradesh\metadata\document.xlsx,4bf05d889c56070f43e73558469b6cab4e2a96f37cf6cc1e9a7aa54c7efd5abe,2026-08-30T14:57:43.745178+00:00
1,,Baheri,,159,,161,,30,,30,,...,,...,,...,,...,,...,,...,,10,,10,,1,,1,,3,,3,,...,,...,,3,,3,,...,,.,,54,,397,,...,,411,,382,,13,,18,,...,,...,,...,,...,,36,,...,,...,,97,,194,,20,,149,,24,,24,,1,,1,,1,,1,,...,,...,,ORDINARY,,False,0,bareilly_tehsil_1971,Bareilly,Uttar Pradesh,1971,format_003,bareilly_tehsil_001,bareilly_tehsil_1971.pdf,9a57eed2357ddcf2a5c8480ab7ea03c981800e1bdf829f0b1b68e1e658d3fa94,236,237,222,225,E:\Archival-Digitisation-Project\1971_Trimmed_PDF\Uttar_Pradesh\metadata\document.xlsx,4bf05d889c56070f43e73558469b6cab4e2a96f37cf6cc1e9a7aa54c7efd5abe,2026-08-30T14:57:57.632917+00:00
2,,Bareilly,,227,,237,,24,,24,,13,,13,,...,,...,,...,,...,,10,,10,,8,,8,,2,,2,,2,,2,,5,,5,,...,,...,,138,,464,,...,,453,,496,,17,,20,,...,,17,,...,,...,,46,,...,,...,,117,,142,,48,,98,,47,,47,,...,,...,,5,,5,,1,,1,,ORDINARY,,False,1,bareilly_tehsil_1971,Bareilly,Uttar Pradesh,1971,format_003,bareilly_tehsil_001,bareilly_tehsil_1971.pdf,9a57eed2357ddcf2a5c8480ab7ea03c981800e1bdf829f0b1b68e1e658d3fa94,236,237,222,225,E:\Archival-Digitisation-Project\1971_Trimmed_PDF\Uttar_Pradesh\metadata\document.xlsx,4bf05d889c56070f43e73558469b6cab4e2a96f37cf6cc1e9a7aa54c7efd5abe,2026-08-30T14:57:57.632917+00:00
3,,Aonla,,160,,174,,21,,22,,8,,8,,...,,...,,...,,...,,3,,3,,24,,24,,7,,7,,1,,1,,4,,4,,...,,...,,183,,190,,...,,323,,327,,...,,5,,...,,...,,...,,...,,...,,...,,,,76,,145,,14,,59,,35,,35,,.,,...,,...,,...,,...,,.,,ORDINARY,,False,2,bareilly_tehsil_1971,Bareilly,Uttar Pradesh,1971,format_003,bareilly_tehsil_001,bareilly_tehsil_1971.pdf,9a57eed2357ddcf2a5c8480ab7ea03c981800e1bdf829f0b1b68e1e658d3fa94,236,237,222,225,E:\Archival-Digitisation-Project\1971_Trimmed_PDF\Uttar_Pradesh\metadata\document.xlsx,4bf05d889c56070f43e73558469b6cab4e2a96f37cf6cc1e9a7aa54c7efd5abe,2026-08-30T14:57:57.632917+00:00
4,,Nawabganj,,96,,103,,19,,19,,7,,7,,...,,...,,...,,...,,4,,4,,3,,8,,2,,2,,...,,...,,3,,3,,...,,.,,8,,114,,...,,298,,303,,3,,4,,...,,5,,...,,...,,...,,...,,...,,17,,119,,1,,133,,17,,17,,...,,...,,1,,1,,...,,...,,ORDINARY,,False,3,bareilly_tehsil_1971,Bareilly,Uttar Pradesh,1971,format_003,bareilly_tehsil_001,bareilly_tehsil_1971.pdf,9a57eed2357ddcf2a5c8480ab7ea03c981800e1bdf829f0b1b68e1e658d3fa94,236,237,222,225,E:\Archival-Digitisation-Project\1971_Trimmed_PDF\Uttar_Pradesh\metadata\document.xlsx,4bf05d889c56070f43e73558469b6cab4e2a96f37cf6cc1e9a7aa54c7efd5abe,2026-08-30T14:57:57.632917+00:00
5,,Faridpur,,107,,112,,15,,16,,2,,2,,...,,...,,...,,...,,1,,1,,3,,3,,1,,1,,1,,1,,1,,1,,...,,...,,31,,356,,...,,296,,315,,...,,...,,...,,...,,...,,...,,...,,...,,,,23,,240,,2,,4,,17,,17,,...,,...,,.,,...,,...,,...,,ORDINARY,,False,4,bareilly_tehsil_1971,Bareilly,Uttar Pradesh,1971,format_003,bareilly_tehsil_001,bareilly_tehsil_1971.pdf,9a57eed2357ddcf2a5c8480ab7ea03c981800e1bdf829f0b1b68e1e658d3fa94,236,237,222,225,E:\Archival-Digitisation-Project\1971_Trimmed_PDF\Uttar_Pradesh\metadata\document.xlsx,4bf05d889c56070f43e73558469b6cab4e2a96f37cf6cc1e9a7aa54c7efd5abe,2026-08-30T14:57:57.632917+00:00
,,District Total (Rural),,749,,787,,109,,111,,30,,30,,...,,...,,...,,...,,28,,28,,39,,39,,15,,15,,4,,4,,16,,16,,...,,...,,414,,"1,521",,...,,"1,781",,"1,823",,33,,47,,...,,22,,...,,...,,82,,...,,...,,330,,840,,85,,443,,140,,140,,1,,1,,7,,7,,1,,1,,TOTAL,,False,5,bareilly_tehsil_1971,Bareilly,Uttar Pradesh,1971,format_003,bareilly_tehsil_001,bareilly_tehsil_1971.pdf,9a57eed2357ddcf2a5c8480ab7ea03c981800e1bdf829f0b1b68e1e658d3fa94,236,237,222,225,E:\Archival-Digitisation-Project\1971_Trimmed_PDF\Uttar_Pradesh\metadata\document.xlsx,4bf05d889c56070f43e73558469b6cab4e2a96f37cf6cc1e9a7aa54c7efd5abe,2026-08-30T14:57:57.632917+00:00
1,,Domariaganj,,204,,213,,18,,18,,7,,7,,...,,...,,13,,13,,8,,8,,4,,4,,1,,1,,1,,1,,1,,1,,...,,.,,79,,993,,...,,662,,996,,...,,...,,...,,...,,...,,...,,17,,...,,...,,173,,542,,12,,...,,40,,40,,...,,...,,2,,2,,1,,1,,ORDINARY,,False,0,basti_tehsil_1971,Basti,Uttar Pradesh,1971,format_003,basti_tehsil_001,basti_tehsil_1971.pdf,c90ee9201a23fed2903578c10b33e7efe7eeadabab15086743aaaf4e7b77a9ac,726,727,706,707,E:\Archival-Digitisation-Project\1971_Trimmed_PDF\Uttar_Pradesh\metadata\document.xlsx,4bf05d889c56070f43e73558469b6cab4e2a96f37cf6cc1e9a7aa54c7efd5abe,2026-08-30T14:58:05.894741+00:00
2,,Naugarh,,207,,216,,17,,17,,11,,11,,1,,1,,4,,4,,10,,10,,1,,1,,3,,3,,2,,2,,5,,5,,...,,...,,14,,879,,...,,666,,837,,...,,3,,...,,...,,...,,...,,...,,...,,...,,126,,576,,20,,105,,34,,34,,...,,...,,6,,6,,3,,3,,ORDINARY,,False,1,basti_tehsil_1971,Basti,Uttar Pradesh,1971,format_003,basti_tehsil_001,basti_tehsil_1971.pdf,c90ee9201a23fed2903578c10b33e7efe7eeadabab15086743aaaf4e7b77a9ac,726,727,706,707,E:\Archival-Digitisation-Project\1971_Trimmed_PDF\Uttar_Pradesh\metadata\document.xlsx,4bf05d889c56070f43e73558469b6cab4e2a96f37cf6cc1e9a7aa54c7efd5abe,2026-08-30T14:58:05.894741+00:00
3,,Bansi,,196,,206,,19,,23,,8,,8,,...,,...,,...,,...,,8,,8,,2,,2,,6,,6,,...,,...,,1,,1,,...,,...,,94,,"1,099",,...,,335,,"1,103",,...,,8,,...,,...,,...,,...,,1,,...,,...,,340,,166,,...,,.,,36,,36,,...,,...,,1,,1,,...,,...,,ORDINARY,,False,2,basti_tehsil_1971,Basti,Uttar Pradesh,1971,format_003,basti_tehsil_001,basti_tehsil_1971.pdf,c90ee9201a23fed2903578c10b33e7efe7eeadabab15086743aaaf4e7b77a9ac,726,727,706,707,E:\Archival-Digitisation-Project\1971_Trimmed_PDF\Uttar_Pradesh\metadata\document.xlsx,4bf05d889c56070f43e73558469b6cab4e2a96f37cf6cc1e9a7aa54c7efd5abe,2026-08-30T14:58:05.894741+00:00
4,,Harraiya,,238,,245,,29,,29,,8,,8,,...,,...,,...,,...,,3,,3,,3,,3,,2,,2,,...,,...,,2,,2,,...,,.,,220,,"1,317",,...,,"1,001",,"1,412",,...,,6,,...,,...,,...,,...,,...,,...,,...,,152,,888,,12,,15,,47,,47,,...,,...,,1,,1,,1,,1,,ORDINARY,,False,3,basti_tehsil_1971,Basti,Uttar Pradesh,1971,format_003,basti_tehsil_001,basti_tehsil_1971.pdf,c90ee9201a23fed2903578c10b33e7efe7eeadabab15086743aaaf4e7b77a9ac,726,727,706,707,E:\Archival-Digitisation-Project\1971_Trimmed_PDF\Uttar_Pradesh\metadata\document.xlsx,4bf05d889c56070f43e73558469b6cab4e2a96f37cf6cc1e9a7aa54c7efd5abe,2026-08-30T14:58:05.894741+00:00
5,,Basti,,273,,292,,25,,27,,13,,13,,...,,...,,9,,9,,14,,14,,1,,1,,7,,7,,...,,...,,4,,4,,...,,...,,608,,886,,...,,27,,"1,355",,...,,.,,...,,...,,...,,...,,...,,...,,...,,553,,469,,6,,51,,40,,40,,...,,...,,3,,3,,2,,2,,ORDINARY,,False,4,basti_tehsil_1971,Basti,Uttar Pradesh,1971,format_003,basti_tehsil_001,basti_tehsil_1971.pdf,c90ee9201a23fed2903578c10b33e7efe7eeadabab15086743aaaf4e7b77a9ac,726,727,706,707,E:\Archival-Digitisation-Project\1971_Trimmed_PDF\Uttar_Pradesh\metadata\document.xlsx,4bf05d889c56070f43e73558469b6cab4e2a96f37cf6cc1e9a7aa54c7efd5abe,2026-08-30T14:58:05.894741+00:00
6,,Khalilabad,,257,,268,,30,,33,,8,,9,,...,,...,,2,,2,,5,,5,,9,,9,,1,,1,,1,,1,,1,,1,,...,,...,,295,,"1,142",,...,,"1,047",,"1,290",,...,,...,,...,,...,,...,,...,,4,,...,,...,,179,,687,,94,,181,,58,,58,,...,,...,,2,,2,,1,,1,,ORDINARY,,False,5,basti_tehsil_1971,Basti,Uttar Pradesh,1971,format_003,basti_tehsil_001,basti_tehsil_1971.pdf,c90ee9201a23fed2903578c10b33e7efe7eeadabab15086743aaaf4e7b77a9ac,726,727,706,707,E:\Archival-Digitisation-Project\1971_Trimmed_PDF\Uttar_Pradesh\metadata\document.xlsx,4bf05d889c56070f43e73558469b6cab4e2a96f37cf6cc1e9a7aa54c7efd5abe,2026-08-30T14:58:05.894741+00:00
,,District Total (Rural),,"1,375",,"1,440",,138,,147,,55,,56,,1,,1,,28,,28,,48,,48,,20,,20,,20,,20,,2,,2,,11,,11,,...,,.,,"1,310",,"6,316",,...,,"3,737",,"6,993",,...,,17,,...,,...,,...,,...,,22,,...,,...,,"1,523",,"3,328",,144,,352,,255,,255,,...,,...,,15,,15,,8,,8,,TOTAL,,False,6,basti_tehsil_1971,Basti,Uttar Pradesh,1971,format_003,basti_tehsil_001,basti_tehsil_1971.pdf,c90ee9201a23fed2903578c10b33e7efe7eeadabab15086743aaaf4e7b77a9ac,726,727,706,707,E:\Archival-Digitisation-Project\1971_Trimmed_PDF\Uttar_Pradesh\metadata\document.xlsx,4bf05d889c56070f43e73558469b6cab4e2a96f37cf6cc1e9a7aa54c7efd5abe,2026-08-30T14:58:05.894741+00:00
1,,Najibabad,,108,,114,,15,,16,,3,,3,,...,,...,,...,,...,,3,,3,,1,,1,,2,,2,,...,,...,,1,,1,,...,,...,,212,,337,,...,,217,,393,,...,,6,,...,,3,,...,,...,,2,,...,,...,,70,,115,,60,,24,,27,,27,,...,,...,,1,,1,,6,,7,,ORDINARY,,False,0,bijnor_tehsil_1971,Bijnor,Uttar Pradesh,1971,format_003,bijnor_tehsil_001,bijnor_tehsil_1971.pdf,de9838dc2236d66e77c795f2176fcbf397eeaf3a518fea736806afbdc9d6c840,325,326,224,305,E:\Archival-Digitisation-Project\1971_Trimmed_PDF\Uttar_Pradesh\metadata\document.xlsx,4bf05d889c56070f43e73558469b6cab4e2a96f37cf6cc1e9a7aa54c7efd5abe,2026-08-30T14:58:23.938655+00:00
2,,Bijnor,,149,,166,,22,,22,,7,,8,,...,,...,,1,,1,,6,,6,,5,,5,,3,,3,,...,,...,,1,,1,,...,,...,,412,,439,,...,,525,,522,,...,,3,,...,,...,,...,,...,,8,,...,,...,,61,,173,,19,,19,,38,,38,,...,,...,,1,,1,,1,,1,,ORDINARY,,False,1,bijnor_tehsil_1971,Bijnor,Uttar Pradesh,1971,format_003,bijnor_tehsil_001,bijnor_tehsil_1971.pdf,de9838dc2236d66e77c795f2176fcbf397eeaf3a518fea736806afbdc9d6c840,325,326,224,305,E:\Archival-Digitisation-Project\1971_Trimmed_PDF\Uttar_Pradesh\metadata\document.xlsx,4bf05d889c56070f43e73558469b6cab4e2a96f37cf6cc1e9a7aa54c7efd5abe,2026-08-30T14:58:23.938655+00:00
3,,Nagina,,134,,138,,19,,19,,5,,5,,...,,...,,1,,1,,10,,10,,1,,1,,4,,4,,...,,...,,2,,2,,...,,...,,144,,566,,...,,357,,407,,1,,...,,...,,...,,...,,...,,1,,...,,...,,123,,277,,25,,20,,36,,36,,...,,...,,1,,1,,2,,2,,ORDINARY,,False,2,bijnor_tehsil_1971,Bijnor,Uttar Pradesh,1971,format_003,bijnor_tehsil_001,bijnor_tehsil_1971.pdf,de9838dc2236d66e77c795f2176fcbf397eeaf3a518fea736806afbdc9d6c840,325,326,224,305,E:\Archival-Digitisation-Project\1971_Trimmed_PDF\Uttar_Pradesh\metadata\document.xlsx,4bf05d889c56070f43e73558469b6cab4e2a96f37cf6cc1e9a7aa54c7efd5abe,2026-08-30T14:58:23.938655+00:00
4,,Dhampur,,218,,236,,32,,33,,9,,12,,1,,1,,...,,...,,11,,11,,20,,23,,1,,1,,...,,...,,3,,3,,...,,...,,471,,475,,...,,556,,667,,...,,1,,...,,...,,...,,...,,3,,...,,...,,201,,302,,75,,20,,54,,54,,...,,...,,3,,3,,2,,2,,ORDINARY,,False,3,bijnor_tehsil_1971,Bijnor,Uttar Pradesh,1971,format_003,bijnor_tehsil_001,bijnor_tehsil_1971.pdf,de9838dc2236d66e77c795f2176fcbf397eeaf3a518fea736806afbdc9d6c840,325,326,224,305,E:\Archival-Digitisation-Project\1971_Trimmed_PDF\Uttar_Pradesh\metadata\document.xlsx,4bf05d889c56070f43e73558469b6cab4e2a96f37cf6cc1e9a7aa54c7efd5abe,2026-08-30T14:58:23.938655+00:00
,,District Total (Rural),,609,,654,,88,,90,,24,,28,,1,,1,,2,,2,,30,,30,,27,,30,,10,,10,,...,,...,,7,,7,,...,,...,,"1,239",,"1,817",,...,,"1,655",,"1,989",,1,,10,,...,,3,,...,,...,,14,,...,,...,,455,,867,,179,,83,,155,,155,,...,,...,,6,,6,,11,,12,,TOTAL,,False,4,bijnor_tehsil_1971,Bijnor,Uttar Pradesh,1971,format_003,bijnor_tehsil_001,bijnor_tehsil_1971.pdf,de9838dc2236d66e77c795f2176fcbf397eeaf3a518fea736806afbdc9d6c840,325,326,224,305,E:\Archival-Digitisation-Project\1971_Trimmed_PDF\Uttar_Pradesh\metadata\document.xlsx,4bf05d889c56070f43e73558469b6cab4e2a96f37cf6cc1e9a7aa54c7efd5abe,2026-08-30T14:58:23.938655+00:00
1,,Gunnaur,,127,,150,,14,,19,,8,,8,,...,,...,,...,,...,,7,,7,,9,,9,,,,,,,,,,2,,2,,,,...,,17,,368,,,,313,,315,,,,,,,,,,,,,,6,,,,,,10,,274,,30,,10,,24,,24,,...,,,,4,,4,,...,,,,ORDINARY,,False,0,budaun_tehsil_1971,Budaun,Uttar Pradesh,1971,format_003,budaun_tehsil_001,budaun_tehsil_1971.pdf,cfe596e84194b0008112624a6a96c07d2a2d2d98c6c6c240b464d626a63af20e,236,237,218,219,E:\Archival-Digitisation-Project\1971_Trimmed_PDF\Uttar_Pradesh\metadata\document.xlsx,4bf05d889c56070f43e73558469b6cab4e2a96f37cf6cc1e9a7aa54c7efd5abe,2026-08-30T14:58:32.820064+00:00
2,,Bisauli,,182,,218,,21,,21,,2,,2,,4,,4,,1,,1,,7,,7,,9,,9,,,,,,,,,,2,,2,,,,...,,17,,368,,,,313,,315,,,,,,,,,,,,,,6,,,,,,10,,274,,30,,10,,24,,24,,...,,,,4,,4,,...,,,,ORDINARY,,False,1,budaun_tehsil_1971,Budaun,Uttar Pradesh,1971,format_003,budaun_tehsil_001,budaun_tehsil_1971.pdf,cfe596e84194b0008112624a6a96c07d2a2d2d98c6c6c240b464d626a63af20e,236,237,218,219,E:\Archival-Digitisation-Project\1971_Trimmed_PDF\Uttar_Pradesh\metadata\document.xlsx,4bf05d889c56070f43e73558469b6cab4e2a96f37cf6cc1e9a7aa54c7efd5abe,2026-08-30T14:58:32.820064+00:00
3,,Sahaswan,,142,,146,,14,,17,,...,,...,,...,,...,,4,,4,,7,,7,,9,,9,,,,,,,,,,2,,2,,,,...,,17,,368,,,,313,,315,,,,,,,,,,,,,,6,,,,,,10,,274,,30,,10,,24,,24,,...,,,,4,,4,,...,,,,ORDINARY,,False,2,budaun_tehsil_1971,Budaun,Uttar Pradesh,1971,format_003,budaun_tehsil_001,budaun_tehsil_1971.pdf,cfe596e84194b0008112624a6a96c07d2a2d2d98c6c6c240b464d626a63af20e,236,237,218,219,E:\Archival-Digitisation-Project\1971_Trimmed_PDF\Uttar_Pradesh\metadata\document.xlsx,4bf05d889c56070f43e73558469b6cab4e2a96f37cf6cc1e9a7aa54c7efd5abe,2026-08-30T14:58:32.820064+00:00
4,,Budaun,,178,,197,,22,,26,,2,,3,,1,,1,,1,,1,,7,,7,,9,,9,,,,,,,,,,2,,2,,,,...,,17,,368,,,,313,,315,,,,,,,,,,,,,,6,,,,,,10,,274,,30,,10,,24,,24,,...,,,,4,,4,,...,,,,ORDINARY,,False,3,budaun_tehsil_1971,Budaun,Uttar Pradesh,1971,format_003,budaun_tehsil_001,budaun_tehsil_1971.pdf,cfe596e84194b0008112624a6a96c07d2a2d2d98c6c6c240b464d626a63af20e,236,237,218,219,E:\Archival-Digitisation-Project\1971_Trimmed_PDF\Uttar_Pradesh\metadata\document.xlsx,4bf05d889c56070f43e73558469b6cab4e2a96f37cf6cc1e9a7aa54c7efd5abe,2026-08-30T14:58:32.820064+00:00
5,,Dataganj,,155,,177,,15,,15,,...,,...,,1,,1,,...,,...,,7,,7,,9,,9,,,,,,,,,,2,,2,,,,...,,17,,368,,,,313,,315,,,,,,,,,,,,,,6,,,,,,10,,274,,30,,10,,24,,24,,...,,,,4,,4,,...,,,,ORDINARY,,False,4,budaun_tehsil_1971,Budaun,Uttar Pradesh,1971,format_003,budaun_tehsil_001,budaun_tehsil_1971.pdf,cfe596e84194b0008112624a6a96c07d2a2d2d98c6c6c240b464d626a63af20e,236,237,218,219,E:\Archival-Digitisation-Project\1971_Trimmed_PDF\Uttar_Pradesh\metadata\document.xlsx,4bf05d889c56070f43e73558469b6cab4e2a96f37cf6cc1e9a7aa54c7efd5abe,2026-08-30T14:58:32.820064+00:00
,,District Total (Rural),,784,,888,,86,,98,,12,,13,,6,,6,,6,,6,,7,,7,,9,,9,,,,,,,,,,2,,2,,,,...,,17,,368,,,,313,,315,,,,,,,,,,,,,,6,,,,,,10,,274,,30,,10,,24,,24,,...,,,,4,,4,,...,,,,TOTAL,,False,5,budaun_tehsil_1971,Budaun,Uttar Pradesh,1971,format_003,budaun_tehsil_001,budaun_tehsil_1971.pdf,cfe596e84194b0008112624a6a96c07d2a2d2d98c6c6c240b464d626a63af20e,236,237,218,219,E:\Archival-Digitisation-Project\1971_Trimmed_PDF\Uttar_Pradesh\metadata\document.xlsx,4bf05d889c56070f43e73558469b6cab4e2a96f37cf6cc1e9a7aa54c7efd5abe,2026-08-30T14:58:32.820064+00:00
1,,Sikandrabad,,216,,231,,40,,40,,3,,3,,...,,...,,...,,...,,8,,8,,13,,13,,...,,...,,...,,...,,1,,1,,...,,...,,179,,265,,...,,339,,398,,5,,5,,...,,12,,...,,...,,3,,1,,...,,93,,276,,16,,68,,35,,35,,...,,...,,1,,1,,...,,...,,ORDINARY,,False,0,bulandshahr_tehsil_1971,Bulandshahr,Uttar Pradesh,1971,format_003,bulandshahr_tehsil_001,bulandshahr_tehsil_1971.pdf,be522ddb50313485c7c35fc2091fb6eeda144199f3a062185cd8d86fd91f77e9,177,178,160,161,E:\Archival-Digitisation-Project\1971_Trimmed_PDF\Uttar_Pradesh\metadata\document.xlsx,4bf05d889c56070f43e73558469b6cab4e2a96f37cf6cc1e9a7aa54c7efd5abe,2026-08-30T19:46:21.316391+00:00
2,,Bulandshahr,,230,,264,,26,,30,,14,,14,,...,,...,,1,,1,,8,,8,,2,,2,,7,,7,,...,,...,,8,,8,,...,,...,,312,,94,,...,,299,,388,,4,,...,,...,,...,,...,,...,,...,,...,,...,,169,,190,,24,,4,,63,,63,,...,,...,,2,,2,,...,,...,,ORDINARY,,False,1,bulandshahr_tehsil_1971,Bulandshahr,Uttar Pradesh,1971,format_003,bulandshahr_tehsil_001,bulandshahr_tehsil_1971.pdf,be522ddb50313485c7c35fc2091fb6eeda144199f3a062185cd8d86fd91f77e9,177,178,160,161,E:\Archival-Digitisation-Project\1971_Trimmed_PDF\Uttar_Pradesh\metadata\document.xlsx,4bf05d889c56070f43e73558469b6cab4e2a96f37cf6cc1e9a7aa54c7efd5abe,2026-08-30T19:46:21.316391+00:00
3,,Khurja,,187,,217,,21,,22,,13,,15,,...,,...,,...,,...,,6,,6,,5,,5,,5,,5,,1,,1,,3,,3,,...,,...,,132,,220,,...,,334,,357,,...,,...,,...,,...,,...,,...,,...,,...,,...,,114,,135,,9,,18,,49,,49,,...,,...,,2,,2,,1,,...,,ORDINARY,,False,2,bulandshahr_tehsil_1971,Bulandshahr,Uttar Pradesh,1971,format_003,bulandshahr_tehsil_001,bulandshahr_tehsil_1971.pdf,be522ddb50313485c7c35fc2091fb6eeda144199f3a062185cd8d86fd91f77e9,177,178,160,161,E:\Archival-Digitisation-Project\1971_Trimmed_PDF\Uttar_Pradesh\metadata\document.xlsx,4bf05d889c56070f43e73558469b6cab4e2a96f37cf6cc1e9a7aa54c7efd5abe,2026-08-30T19:46:21.316391+00:00
4,,Anupshahr,,209,,214,,24,,24,,14,,15,,...,,...,,...,,...,,16,,16,,1,,1,,4,,4,,1,,1,,1,,1,,...,,...,,291,,132,,...,,289,,366,,...,,8,,...,,9,,...,,...,,...,,1,,...,,186,,144,,13,,17,,55,,55,,...,,...,,1,,1,,...,,...,,ORDINARY,,False,3,bulandshahr_tehsil_1971,Bulandshahr,Uttar Pradesh,1971,format_003,bulandshahr_tehsil_001,bulandshahr_tehsil_1971.pdf,be522ddb50313485c7c35fc2091fb6eeda144199f3a062185cd8d86fd91f77e9,177,178,160,161,E:\Archival-Digitisation-Project\1971_Trimmed_PDF\Uttar_Pradesh\metadata\document.xlsx,4bf05d889c56070f43e73558469b6cab4e2a96f37cf6cc1e9a7aa54c7efd5abe,2026-08-30T19:46:21.316391+00:00
,,District Total (Rural),,842,,926,,111,,116,,44,,47,,...,,...,,1,,1,,33,,33,,21,,21,,16,,16,,2,,2,,13,,13,,...,,...,,934,,711,,...,,"1,261",,"1,510",,17,,5,,...,,21,,...,,...,,3,,2,,...,,512,,745,,62,,107,,202,,202,,...,,...,,6,,6,,1,,...,,TOTAL,,False,4,bulandshahr_tehsil_1971,Bulandshahr,Uttar Pradesh,1971,format_003,bulandshahr_tehsil_001,bulandshahr_tehsil_1971.pdf,be522ddb50313485c7c35fc2091fb6eeda144199f3a062185cd8d86fd91f77e9,177,178,160,161,E:\Archival-Digitisation-Project\1971_Trimmed_PDF\Uttar_Pradesh\metadata\document.xlsx,4bf05d889c56070f43e73558469b6cab4e2a96f37cf6cc1e9a7aa54c7efd5abe,2026-08-30T19:46:21.316391+00:00
1,,Joshimath,,52,,53,,1,,1,,4,,4,,...,,...,,...,,...,,9,,9,,...,,...,,4,,4,,2,,2,,...,,...,,...,,...,,...,,93,,38,,...,,1,,...,,6,,47,,...,,...,,...,,...,,...,,...,,19,,71,,48,,...,,18,,18,,...,,...,,...,,...,,...,,...,,ORDINARY,,False,0,chamoli_tehsil_1971,Chamoli,Uttar Pradesh,1971,format_003,chamoli_tehsil_001,chamoli_tehsil_1971.pdf,ab2a7aa0c24524ffa75d611927e7e92c9cc25e11d5eb9e071589ace5fdbb405c,168,169,154,155,E:\Archival-Digitisation-Project\1971_Trimmed_PDF\Uttar_Pradesh\metadata\document.xlsx,4bf05d889c56070f43e73558469b6cab4e2a96f37cf6cc1e9a7aa54c7efd5abe,2026-08-30T19:50:12.439359+00:00
2,,Karan Prayag,,194,,201,,23,,23,,6,,6,,...,,...,,...,,...,,20,,20,,1,,1,,8,,8,,2,,2,,4,,4,,3,,3,,7,,806,,314,,...,,46,,1,,27,,63,,6,,269,,...,,...,,81,,...,,74,,611,,...,,...,,54,,54,,...,,...,,3,,3,,...,,...,,ORDINARY,,False,1,chamoli_tehsil_1971,Chamoli,Uttar Pradesh,1971,format_003,chamoli_tehsil_001,chamoli_tehsil_1971.pdf,ab2a7aa0c24524ffa75d611927e7e92c9cc25e11d5eb9e071589ace5fdbb405c,168,169,154,155,E:\Archival-Digitisation-Project\1971_Trimmed_PDF\Uttar_Pradesh\metadata\document.xlsx,4bf05d889c56070f43e73558469b6cab4e2a96f37cf6cc1e9a7aa54c7efd5abe,2026-08-30T19:50:12.439359+00:00
3,,Chamoli,,133,,137,,11,,11,,5,,5,,1,,1,,...,,...,,4,,4,,4,,4,,6,,6,,1,,1,,3,,3,,1,,1,,5,,412,,99,,...,,15,,...,,148,,120,,1,,19,,...,,...,,9,,...,,50,,323,,...,,...,,26,,26,,...,,...,,3,,3,,1,,1,,ORDINARY,,False,2,chamoli_tehsil_1971,Chamoli,Uttar Pradesh,1971,format_003,chamoli_tehsil_001,chamoli_tehsil_1971.pdf,ab2a7aa0c24524ffa75d611927e7e92c9cc25e11d5eb9e071589ace5fdbb405c,168,169,154,155,E:\Archival-Digitisation-Project\1971_Trimmed_PDF\Uttar_Pradesh\metadata\document.xlsx,4bf05d889c56070f43e73558469b6cab4e2a96f37cf6cc1e9a7aa54c7efd5abe,2026-08-30T19:50:12.439359+00:00
4,,Ukhimath,,113,,117,,9,,9,,8,,9,,...,,...,,...,,...,,4,,4,,5,,5,,4,,4,,2,,2,,...,,...,,...,,...,,15,,311,,183,,...,,11,,...,,125,,2,,1,,...,,...,,...,,...,,...,,42,,249,,10,,...,,59,,59,,...,,...,,...,,...,,...,,...,,ORDINARY,,False,3,chamoli_tehsil_1971,Chamoli,Uttar Pradesh,1971,format_003,chamoli_tehsil_001,chamoli_tehsil_1971.pdf,ab2a7aa0c24524ffa75d611927e7e92c9cc25e11d5eb9e071589ace5fdbb405c,168,169,154,155,E:\Archival-Digitisation-Project\1971_Trimmed_PDF\Uttar_Pradesh\metadata\document.xlsx,4bf05d889c56070f43e73558469b6cab4e2a96f37cf6cc1e9a7aa54c7efd5abe,2026-08-30T19:50:12.439359+00:00
,,Grand Total,,492,,508,,44,,44,,23,,24,,1,,1,,...,,...,,37,,37,,10,,10,,22,,22,,7,,7,,7,,7,,4,,4,,27,,"1,622",,634,,...,,73,,1,,306,,232,,8,,288,,...,,...,,90,,...,,185,,"1,254",,58,,...,,157,,157,,...,,...,,6,,6,,1,,1,,TOTAL,,False,4,chamoli_tehsil_1971,Chamoli,Uttar Pradesh,1971,format_003,chamoli_tehsil_001,chamoli_tehsil_1971.pdf,ab2a7aa0c24524ffa75d611927e7e92c9cc25e11d5eb9e071589ace5fdbb405c,168,169,154,155,E:\Archival-Digitisation-Project\1971_Trimmed_PDF\Uttar_Pradesh\metadata\document.xlsx,4bf05d889c56070f43e73558469b6cab4e2a96f37cf6cc1e9a7aa54c7efd5abe,2026-08-30T19:50:12.439359+00:00
1,,Chakrata,,130,,132,,16,,16,,...,,...,,...,,...,,...,,...,,6,,6,,9,,12,,8,,8,,2,,2,,2,,2,,2,,2,,5,,374,,228,,1,,30,,...,,8,,68,,8,,10,,...,,...,,34,,...,,23,,351,,5,,...,,27,,27,,...,,...,,4,,4,,5,,5,,ORDINARY,,False,0,dehra_dun_tehsil_1971,Dehra Dun,Uttar Pradesh,1971,format_003,dehra_dun_tehsil_001,dehra_dun_tehsil_1971.pdf,4a453b28c0c5d59d1ee0dd8a30683338b2ab05303082e95dd8e1f5703ea64dd3,117,118,96,97,E:\Archival-Digitisation-Project\1971_Trimmed_PDF\Uttar_Pradesh\metadata\document.xlsx,4bf05d889c56070f43e73558469b6cab4e2a96f37cf6cc1e9a7aa54c7efd5abe,2026-08-30T19:54:21.801905+00:00
2,,Dehra Dun,,181,,227,,27,,29,,12,,14,,...,,...,,...,,...,,6,,6,,11,,11,,5,,5,,2,,2,,5,,5,,...,,...,,95,,297,,136,,30,,82,,4,,86,,75,,52,,...,,...,,10,,9,,...,,31,,214,,95,,24,,37,,37,,...,,...,,7,,7,,9,,9,,ORDINARY,,False,1,dehra_dun_tehsil_1971,Dehra Dun,Uttar Pradesh,1971,format_003,dehra_dun_tehsil_001,dehra_dun_tehsil_1971.pdf,4a453b28c0c5d59d1ee0dd8a30683338b2ab05303082e95dd8e1f5703ea64dd3,117,118,96,97,E:\Archival-Digitisation-Project\1971_Trimmed_PDF\Uttar_Pradesh\metadata\document.xlsx,4bf05d889c56070f43e73558469b6cab4e2a96f37cf6cc1e9a7aa54c7efd5abe,2026-08-30T19:54:21.801905+00:00
,,District Total (Rural),,311,,359,,43,,45,,12,,14,,...,,...,,...,,...,,12,,12,,20,,23,,13,,13,,4,,4,,7,,7,,2,,2,,100,,671,,364,,31,,112,,4,,94,,143,,60,,10,,...,,10,,43,,...,,54,,565,,100,,24,,64,,64,,...,,...,,11,,11,,14,,14,,TOTAL,,False,2,dehra_dun_tehsil_1971,Dehra Dun,Uttar Pradesh,1971,format_003,dehra_dun_tehsil_001,dehra_dun_tehsil_1971.pdf,4a453b28c0c5d59d1ee0dd8a30683338b2ab05303082e95dd8e1f5703ea64dd3,117,118,96,97,E:\Archival-Digitisation-Project\1971_Trimmed_PDF\Uttar_Pradesh\metadata\document.xlsx,4bf05d889c56070f43e73558469b6cab4e2a96f37cf6cc1e9a7aa54c7efd5abe,2026-08-30T19:54:21.801905+00:00
1,,Hata,,273,,277,,38,,38,,10,,10,,4,,4,,2,,...,,4,,4,,9,,9,,...,,...,,3,,3,,...,,...,,...,,...,,155,,565,,...,,483,,679,,1,,53,,...,,...,,...,,29,,...,,...,,...,,104,,482,,36,,52,,60,,60,,...,,...,,5,,5,,1,,1,,ORDINARY,,False,0,deoria_tehsil_1971,Deoria,Uttar Pradesh,1971,format_003,deoria_tehsil_001,deoria_tehsil_1971.pdf,9baeec9d9c0555f807020692d2db4a50483b257052e61cbb43f4b9414776c49a,381,382,364,365,E:\Archival-Digitisation-Project\1971_Trimmed_PDF\Uttar_Pradesh\metadata\document.xlsx,4bf05d889c56070f43e73558469b6cab4e2a96f37cf6cc1e9a7aa54c7efd5abe,2026-08-30T19:57:42.809714+00:00
2,,Padrauna,,321,,323,,40,,40,,9,,9,,2,,2,,...,,...,,6,,6,,4,,4,,...,,...,,3,,3,,3,,3,,...,,...,,141,,761,,...,,302,,842,,...,,...,,...,,...,,...,,12,,...,,...,,...,,106,,632,,6,,15,,45,,45,,...,,...,,1,,1,,...,,...,,ORDINARY,,False,1,deoria_tehsil_1971,Deoria,Uttar Pradesh,1971,format_003,deoria_tehsil_001,deoria_tehsil_1971.pdf,9baeec9d9c0555f807020692d2db4a50483b257052e61cbb43f4b9414776c49a,381,382,364,365,E:\Archival-Digitisation-Project\1971_Trimmed_PDF\Uttar_Pradesh\metadata\document.xlsx,4bf05d889c56070f43e73558469b6cab4e2a96f37cf6cc1e9a7aa54c7efd5abe,2026-08-30T19:57:42.809714+00:00
3,,Deoria,,329,,332,,51,,51,,16,,16,,2,,2,,...,,...,,8,,8,,8,,8,,1,,1,,...,,1,,1,,...,,...,,...,,367,,588,,...,,538,,915,,...,,...,,...,,...,,...,,...,,...,,...,,...,,326,,581,,4,,3,,55,,55,,...,,...,,1,,1,,...,,...,,ORDINARY,,False,2,deoria_tehsil_1971,Deoria,Uttar Pradesh,1971,format_003,deoria_tehsil_001,deoria_tehsil_1971.pdf,9baeec9d9c0555f807020692d2db4a50483b257052e61cbb43f4b9414776c49a,381,382,364,365,E:\Archival-Digitisation-Project\1971_Trimmed_PDF\Uttar_Pradesh\metadata\document.xlsx,4bf05d889c56070f43e73558469b6cab4e2a96f37cf6cc1e9a7aa54c7efd5abe,2026-08-30T19:57:42.809714+00:00
4,,Salempur,,314,,321,,59,,60,,22,,22,,4,,4,,1,,...,,4,,4,,2,,2,,1,,1,,1,,1,,...,,...,,...,,...,,104,,"1,126",,...,,210,,"1,096",,3,,...,,...,,...,,...,,...,,...,,...,,...,,184,,817,,...,,30,,80,,80,,...,,...,,...,,...,,...,,...,,ORDINARY,,False,3,deoria_tehsil_1971,Deoria,Uttar Pradesh,1971,format_003,deoria_tehsil_001,deoria_tehsil_1971.pdf,9baeec9d9c0555f807020692d2db4a50483b257052e61cbb43f4b9414776c49a,381,382,364,365,E:\Archival-Digitisation-Project\1971_Trimmed_PDF\Uttar_Pradesh\metadata\document.xlsx,4bf05d889c56070f43e73558469b6cab4e2a96f37cf6cc1e9a7aa54c7efd5abe,2026-08-30T19:57:42.809714+00:00
,,District Total (Rural),,"1,237",,"1,253",,188,,189,,57,,57,,12,,12,,3,,...,,22,,22,,23,,23,,2,,2,,4,,4,,7,,7,,...,,...,,767,,"3,040",,...,,"1,533",,"3,532",,4,,53,,...,,...,,...,,41,,...,,...,,...,,720,,"2,512",,46,,100,,240,,240,,...,,...,,7,,7,,1,,1,,TOTAL,,False,4,deoria_tehsil_1971,Deoria,Uttar Pradesh,1971,format_003,deoria_tehsil_001,deoria_tehsil_1971.pdf,9baeec9d9c0555f807020692d2db4a50483b257052e61cbb43f4b9414776c49a,381,382,364,365,E:\Archival-Digitisation-Project\1971_Trimmed_PDF\Uttar_Pradesh\metadata\document.xlsx,4bf05d889c56070f43e73558469b6cab4e2a96f37cf6cc1e9a7aa54c7efd5abe,2026-08-30T19:57:42.809714+00:00
1,,Kasganj,,209,,228,,31,,35,,8,,8,,.,,...,,...,,...,,7,,7,,7,,7,,3,,3,,1,,1,,4,,4,,...,,...,,123,,403,,...,,313,,489,,...,,...,,...,,...,,...,,...,,...,,...,,...,,110,,151,,24,,68,,46,,46,,...,,...,,4,,4,,5,,5,,ORDINARY,,False,0,etah_tehsil_1971,Etah,Uttar Pradesh,1971,format_003,etah_tehsil_001,etah_tehsil_1971.pdf,1934e021624e29c090c03cae49d334b3bb0f571a6478e4977e0b4f7c8525ba87,189,190,170,171,E:\Archival-Digitisation-Project\1971_Trimmed_PDF\Uttar_Pradesh\metadata\document.xlsx,4bf05d889c56070f43e73558469b6cab4e2a96f37cf6cc1e9a7aa54c7efd5abe,2026-08-30T20:01:37.768404+00:00
2,,Jalesar,,104,,118,,27,,28,,3,,3,,.,,.,,.,,.,,...,,...,,4,,4,,1,,1,,1,,1,,2,,2,,...,,...,,34,,128,,...,,16,,161,,...,,...,,...,,...,,...,,...,,15,,...,,...,,15,,56,,9,,75,,23,,23,,...,,...,,2,,2,,1,,1,,ORDINARY,,False,1,etah_tehsil_1971,Etah,Uttar Pradesh,1971,format_003,etah_tehsil_001,etah_tehsil_1971.pdf,1934e021624e29c090c03cae49d334b3bb0f571a6478e4977e0b4f7c8525ba87,189,190,170,171,E:\Archival-Digitisation-Project\1971_Trimmed_PDF\Uttar_Pradesh\metadata\document.xlsx,4bf05d889c56070f43e73558469b6cab4e2a96f37cf6cc1e9a7aa54c7efd5abe,2026-08-30T20:01:37.768404+00:00
3,,Etah,,203,,241,,37,,41,,11,,12,,2,,2,,.,,.,,11,,11,,4,,4,,2,,2,,...,,...,,4,,4,,...,,...,,86,,406,,...,,120,,474,,...,,...,,...,,4,,...,,...,,15,,...,,...,,166,,102,,14,,32,,68,,68,,...,,...,,1,,1,,...,,...,,ORDINARY,,False,2,etah_tehsil_1971,Etah,Uttar Pradesh,1971,format_003,etah_tehsil_001,etah_tehsil_1971.pdf,1934e021624e29c090c03cae49d334b3bb0f571a6478e4977e0b4f7c8525ba87,189,190,170,171,E:\Archival-Digitisation-Project\1971_Trimmed_PDF\Uttar_Pradesh\metadata\document.xlsx,4bf05d889c56070f43e73558469b6cab4e2a96f37cf6cc1e9a7aa54c7efd5abe,2026-08-30T20:01:37.768404+00:00
4,,Aliganj,,193,,204,,32,,36,,5,,8,,...,,...,,1,,1,,4,,4,,7,,7,,2,,2,,2,,2,,2,,2,,...,,...,,56,,383,,...,,278,,398,,8,,2,,...,,2,,...,,...,,21,,...,,...,,34,,163,,...,,56,,48,,48,,...,,...,,2,,2,,1,,1,,ORDINARY,,False,3,etah_tehsil_1971,Etah,Uttar Pradesh,1971,format_003,etah_tehsil_001,etah_tehsil_1971.pdf,1934e021624e29c090c03cae49d334b3bb0f571a6478e4977e0b4f7c8525ba87,189,190,170,171,E:\Archival-Digitisation-Project\1971_Trimmed_PDF\Uttar_Pradesh\metadata\document.xlsx,4bf05d889c56070f43e73558469b6cab4e2a96f37cf6cc1e9a7aa54c7efd5abe,2026-08-30T20:01:37.768404+00:00
,,District Total,,709,,791,,127,,140,,27,,31,,2,,2,,1,,1,,22,,22,,22,,22,,8,,8,,4,,4,,12,,12,,...,,...,,299,,"1,320",,...,,757,,"1,522",,8,,2,,...,,6,,...,,...,,36,,...,,...,,325,,472,,56,,231,,185,,185,,...,,...,,9,,9,,7,,7,,TOTAL,,False,4,etah_tehsil_1971,Etah,Uttar Pradesh,1971,format_003,etah_tehsil_001,etah_tehsil_1971.pdf,1934e021624e29c090c03cae49d334b3bb0f571a6478e4977e0b4f7c8525ba87,189,190,170,171,E:\Archival-Digitisation-Project\1971_Trimmed_PDF\Uttar_Pradesh\metadata\document.xlsx,4bf05d889c56070f43e73558469b6cab4e2a96f37cf6cc1e9a7aa54c7efd5abe,2026-08-30T20:01:37.768404+00:00
1,,Bidhuna,,190,,207,,39,,42,,15,,15,,...,,...,,...,,...,,8,,8,,5,,5,,...,,...,,...,,...,,2,,2,,...,,...,,1,,432,,...,,92,,404,,...,,...,,...,,...,,...,,...,,...,,...,,Nil,,69,,33,,7,,5,,35,,35,,...,,...,,3,,3,,2,,2,,ORDINARY,,False,0,etawah_tehsil_1971,Etawah,Uttar Pradesh,1971,format_003,etawah_tehsil_001,etawah_tehsil_1971.pdf,e4b55b17102cba49f3a8ebad4a044343032eec31c4424bcd4140cab622889de6,180,181,162,163,E:\Archival-Digitisation-Project\1971_Trimmed_PDF\Uttar_Pradesh\metadata\document.xlsx,4bf05d889c56070f43e73558469b6cab4e2a96f37cf6cc1e9a7aa54c7efd5abe,2026-08-30T20:04:13.864197+00:00
2,,Auraiya,,210,,230,,44,,46,,8,,8,,4,,5,,...,,...,,...,,...,,9,,9,,2,,2,,...,,...,,1,,1,,2,,2,,22,,427,,.,,113,,590,,17,,11,,...,,...,,...,,...,,3,,...,,Nil,,98,,76,,9,,16,,40,,40,,...,,...,,4,,4,,...,,...,,ORDINARY,,False,1,etawah_tehsil_1971,Etawah,Uttar Pradesh,1971,format_003,etawah_tehsil_001,etawah_tehsil_1971.pdf,e4b55b17102cba49f3a8ebad4a044343032eec31c4424bcd4140cab622889de6,180,181,162,163,E:\Archival-Digitisation-Project\1971_Trimmed_PDF\Uttar_Pradesh\metadata\document.xlsx,4bf05d889c56070f43e73558469b6cab4e2a96f37cf6cc1e9a7aa54c7efd5abe,2026-08-30T20:04:13.864197+00:00
3,,Etawah,,174,,197,,26,,29,,6,,6,,...,,...,,...,,...,,6,,6,,6,,6,,2,,2,,2,,2,,5,,5,,...,,...,,68,,294,,6,,345,,5,,5,,.,,3,,...,,...,,18,,...,,...,,Nil,,95,,135,,34,,39,,39,,39,,...,,...,,2,,2,,2,,2,,ORDINARY,,False,2,etawah_tehsil_1971,Etawah,Uttar Pradesh,1971,format_003,etawah_tehsil_001,etawah_tehsil_1971.pdf,e4b55b17102cba49f3a8ebad4a044343032eec31c4424bcd4140cab622889de6,180,181,162,163,E:\Archival-Digitisation-Project\1971_Trimmed_PDF\Uttar_Pradesh\metadata\document.xlsx,4bf05d889c56070f43e73558469b6cab4e2a96f37cf6cc1e9a7aa54c7efd5abe,2026-08-30T20:04:13.864197+00:00
4,,Bharthana,,206,,213,,44,,46,,11,,12,,...,,...,,...,,...,,10,,10,,4,,4,,9,,9,,...,,...,,1,,1,,...,,...,,114,,197,,81,,307,,1,,4,,...,,...,,9,,...,,...,,Nil,,,,,,57,,120,,12,,11,,41,,41,,...,,...,,3,,3,,1,,1,,ORDINARY,,False,3,etawah_tehsil_1971,Etawah,Uttar Pradesh,1971,format_003,etawah_tehsil_001,etawah_tehsil_1971.pdf,e4b55b17102cba49f3a8ebad4a044343032eec31c4424bcd4140cab622889de6,180,181,162,163,E:\Archival-Digitisation-Project\1971_Trimmed_PDF\Uttar_Pradesh\metadata\document.xlsx,4bf05d889c56070f43e73558469b6cab4e2a96f37cf6cc1e9a7aa54c7efd5abe,2026-08-30T20:04:13.864197+00:00
1,,Faizabad,,204,,219,,18,,18,,2,,2,,...,,...,,1,,1,,3,,3,,6,,6,,1,,1,,2,,2,,4,,4,,...,,...,,224,,184,,...,,28,,377,,...,,7,,...,,...,,...,,...,,16,,...,,...,,119,,286,,...,,...,,48,,48,,...,,...,,3,,3,,...,,...,,ORDINARY,,False,0,faizabad_tehsil_1971,Faizabad,Uttar Pradesh,1971,format_003,faizabad_tehsil_001,faizabad_tehsil_1971.pdf,d35cb3766fdbd066fcb1bb315e20b1d9d4ee8cf4cccb10a7d5331f611a62a59b,296,297,276,277,E:\Archival-Digitisation-Project\1971_Trimmed_PDF\Uttar_Pradesh\metadata\document.xlsx,4bf05d889c56070f43e73558469b6cab4e2a96f37cf6cc1e9a7aa54c7efd5abe,2026-08-30T20:08:41.904237+00:00
2,,Bikapur,,267,,276,,15,,15,,5,,5,,4,,4,,...,,...,,5,,5,,2,,2,,1,,1,,3,,3,,2,,2,,...,,...,,377,,254,,...,,4,,628,,...,,...,,...,,...,,...,,...,,3,,...,,...,,131,,513,,...,,...,,72,,72,,...,,...,,1,,1,,...,,...,,ORDINARY,,False,1,faizabad_tehsil_1971,Faizabad,Uttar Pradesh,1971,format_003,faizabad_tehsil_001,faizabad_tehsil_1971.pdf,d35cb3766fdbd066fcb1bb315e20b1d9d4ee8cf4cccb10a7d5331f611a62a59b,296,297,276,277,E:\Archival-Digitisation-Project\1971_Trimmed_PDF\Uttar_Pradesh\metadata\document.xlsx,4bf05d889c56070f43e73558469b6cab4e2a96f37cf6cc1e9a7aa54c7efd5abe,2026-08-30T20:08:41.904237+00:00
3,,Akbarpur,,313,,327,,35,,36,,16,,16,,...,,...,,2,,2,,7,,7,,14,,14,,14,,14,,4,,4,,15,,15,,...,,...,,300,,605,,...,,763,,901,,...,,8,,...,,15,,...,,...,,...,,...,,.,,262,,417,,...,,...,,81,,81,,...,,...,,7,,7,,...,,...,,ORDINARY,,False,2,faizabad_tehsil_1971,Faizabad,Uttar Pradesh,1971,format_003,faizabad_tehsil_001,faizabad_tehsil_1971.pdf,d35cb3766fdbd066fcb1bb315e20b1d9d4ee8cf4cccb10a7d5331f611a62a59b,296,297,276,277,E:\Archival-Digitisation-Project\1971_Trimmed_PDF\Uttar_Pradesh\metadata\document.xlsx,4bf05d889c56070f43e73558469b6cab4e2a96f37cf6cc1e9a7aa54c7efd5abe,2026-08-30T20:08:41.904237+00:00
4,,Tanda,,220,,235,,29,,31,,5,,5,,1,,1,,...,,...,,4,,4,,1,,1,,7,,7,,...,,...,,3,,3,,...,,...,,147,,709,,...,,64,,757,,...,,2,,...,,...,,...,,...,,...,,...,,...,,132,,548,,...,,...,,56,,56,,...,,...,,...,,...,,...,,...,,ORDINARY,,False,3,faizabad_tehsil_1971,Faizabad,Uttar Pradesh,1971,format_003,faizabad_tehsil_001,faizabad_tehsil_1971.pdf,d35cb3766fdbd066fcb1bb315e20b1d9d4ee8cf4cccb10a7d5331f611a62a59b,296,297,276,277,E:\Archival-Digitisation-Project\1971_Trimmed_PDF\Uttar_Pradesh\metadata\document.xlsx,4bf05d889c56070f43e73558469b6cab4e2a96f37cf6cc1e9a7aa54c7efd5abe,2026-08-30T20:08:41.904237+00:00
,,District Total (Rural),,"1,004",,"1,057",,97,,100,,28,,28,,5,,5,,3,,3,,19,,19,,23,,23,,23,,23,,9,,9,,24,,24,,...,,...,,"1,048",,"1,752",,...,,859,,"2,663",,...,,17,,...,,15,,...,,...,,19,,...,,...,,644,,"1,764",,...,,...,,257,,257,,...,,...,,11,,11,,...,,...,,TOTAL,,False,4,faizabad_tehsil_1971,Faizabad,Uttar Pradesh,1971,format_003,faizabad_tehsil_001,faizabad_tehsil_1971.pdf,d35cb3766fdbd066fcb1bb315e20b1d9d4ee8cf4cccb10a7d5331f611a62a59b,296,297,276,277,E:\Archival-Digitisation-Project\1971_Trimmed_PDF\Uttar_Pradesh\metadata\document.xlsx,4bf05d889c56070f43e73558469b6cab4e2a96f37cf6cc1e9a7aa54c7efd5abe,2026-08-30T20:08:41.904237+00:00
1,,Kaimganj,,152,,162,,24,,27,,5,,6,,...,,...,,...,,...,,10,,11,,3,,3,,1,,1,,2,,2,,1,,1,,...,,...,,49,,394,,...,,10,,412,,...,,...,,...,,...,,...,,...,,6,,...,,...,,48,,273,,22,,60,,21,,21,,...,,...,,2,,2,,1,,1,,ORDINARY,,False,0,farrukhabad_tehsil_1971,Farrukhabad,Uttar Pradesh,1971,format_003,farrukhabad_tehsil_001,farrukhabad_tehsil_1971.pdf,6083c26d15ce962dfe7fac146f6e5b76fac4705929ae793fd3cf426e8b4b5213,190,191,180,181,E:\Archival-Digitisation-Project\1971_Trimmed_PDF\Uttar_Pradesh\metadata\document.xlsx,4bf05d889c56070f43e73558469b6cab4e2a96f37cf6cc1e9a7aa54c7efd5abe,2026-08-30T20:14:42.067901+00:00
2,,Farrukhabad,,210,,230,,43,,49,,10,,11,,...,,...,,...,,...,,8,,9,,8,,8,,7,,8,,1,,1,,1,,1,,...,,...,,229,,349,,10,,11,,518,,...,,1,,...,,...,,...,,...,,8,,...,,...,,60,,349,,59,,56,,55,,55,,1,,1,,2,,2,,4,,4,,ORDINARY,,False,1,farrukhabad_tehsil_1971,Farrukhabad,Uttar Pradesh,1971,format_003,farrukhabad_tehsil_001,farrukhabad_tehsil_1971.pdf,6083c26d15ce962dfe7fac146f6e5b76fac4705929ae793fd3cf426e8b4b5213,190,191,180,181,E:\Archival-Digitisation-Project\1971_Trimmed_PDF\Uttar_Pradesh\metadata\document.xlsx,4bf05d889c56070f43e73558469b6cab4e2a96f37cf6cc1e9a7aa54c7efd5abe,2026-08-30T20:14:42.067901+00:00
3,,Chhibramau,,179,,216,,37,,39,,14,,17,,2,,2,,...,,...,,11,,12,,2,,2,,4,,4,,1,,1,,3,,3,,...,,...,,89,,305,,1,,93,,388,,...,,...,,...,,...,,...,,...,,...,,...,,...,,68,,197,,14,,13,,45,,45,,2,,2,,3,,3,,...,,...,,ORDINARY,,False,2,farrukhabad_tehsil_1971,Farrukhabad,Uttar Pradesh,1971,format_003,farrukhabad_tehsil_001,farrukhabad_tehsil_1971.pdf,6083c26d15ce962dfe7fac146f6e5b76fac4705929ae793fd3cf426e8b4b5213,190,191,180,181,E:\Archival-Digitisation-Project\1971_Trimmed_PDF\Uttar_Pradesh\metadata\document.xlsx,4bf05d889c56070f43e73558469b6cab4e2a96f37cf6cc1e9a7aa54c7efd5abe,2026-08-30T20:14:42.067901+00:00
4,,Kannauj,,165,,194,,38,,49,,7,,9,,...,,...,,...,,...,,16,,17,,4,,4,,5,,5,,...,,...,,4,,6,,...,,...,,111,,258,,...,,1,,342,,...,,7,,...,,2,,...,,...,,13,,...,,...,,33,,240,,18,,54,,37,,37,,...,,...,,7,,7,,1,,1,,ORDINARY,,False,3,farrukhabad_tehsil_1971,Farrukhabad,Uttar Pradesh,1971,format_003,farrukhabad_tehsil_001,farrukhabad_tehsil_1971.pdf,6083c26d15ce962dfe7fac146f6e5b76fac4705929ae793fd3cf426e8b4b5213,190,191,180,181,E:\Archival-Digitisation-Project\1971_Trimmed_PDF\Uttar_Pradesh\metadata\document.xlsx,4bf05d889c56070f43e73558469b6cab4e2a96f37cf6cc1e9a7aa54c7efd5abe,2026-08-30T20:14:42.067901+00:00
,,District Total (Rural),,706,,802,,142,,164,,36,,43,,2,,2,,...,,...,,45,,49,,17,,17,,17,,18,,2,,2,,9,,11,,...,,...,,478,,"1,306",,11,,115,,"1,660",,...,,8,,...,,2,,...,,...,,27,,...,,...,,209,,"1,059",,113,,183,,158,,158,,3,,3,,14,,14,,6,,6,,TOTAL,,False,4,farrukhabad_tehsil_1971,Farrukhabad,Uttar Pradesh,1971,format_003,farrukhabad_tehsil_001,farrukhabad_tehsil_1971.pdf,6083c26d15ce962dfe7fac146f6e5b76fac4705929ae793fd3cf426e8b4b5213,190,191,180,181,E:\Archival-Digitisation-Project\1971_Trimmed_PDF\Uttar_Pradesh\metadata\document.xlsx,4bf05d889c56070f43e73558469b6cab4e2a96f37cf6cc1e9a7aa54c7efd5abe,2026-08-30T20:14:42.067901+00:00
1,,Bindki,,225,,254,,37,,43,,5,,5,,...,,...,,...,,...,,,,3,,15,,15,,...,,...,,...,,...,,1,,1,,...,,...,,87,,336,,...,,390,,6,,...,,...,,...,,...,,...,,...,,...,,...,,...,,111,,156,,13,,40,,45,,45,,...,,...,,4,,4,,2,,2,,ORDINARY,,False,0,fatehpur_tehsil_1971,Fatehpur,Uttar Pradesh,1971,format_003,fatehpur_tehsil_001,fatehpur_tehsil_1971.pdf,7000e1f05948485068f79fb232b0a41bb57d029e8126a601ad7d7cf5965d2334,178,179,156,157,E:\Archival-Digitisation-Project\1971_Trimmed_PDF\Uttar_Pradesh\metadata\document.xlsx,4bf05d889c56070f43e73558469b6cab4e2a96f37cf6cc1e9a7aa54c7efd5abe,2026-08-30T20:16:32.506573+00:00
2,,Fatehpur,,215,,234,,34,,39,,11,,11,,...,,...,,...,,...,,,,6,,7,,16,,17,,6,,6,,...,,...,,5,,5,,...,,52,,486,,...,,"1,474",,...,,6,,...,,...,,...,,...,,1,,...,,...,,...,,106,,122,,12,,38,,58,,58,,...,,...,,4,,4,,5,,5,,ORDINARY,,False,1,fatehpur_tehsil_1971,Fatehpur,Uttar Pradesh,1971,format_003,fatehpur_tehsil_001,fatehpur_tehsil_1971.pdf,7000e1f05948485068f79fb232b0a41bb57d029e8126a601ad7d7cf5965d2334,178,179,156,157,E:\Archival-Digitisation-Project\1971_Trimmed_PDF\Uttar_Pradesh\metadata\document.xlsx,4bf05d889c56070f43e73558469b6cab4e2a96f37cf6cc1e9a7aa54c7efd5abe,2026-08-30T20:16:32.506573+00:00
3,,Khaga,,178,,196,,25,,27,,11,,11,,...,,...,,...,,...,,,,6,,6,,...,,...,,5,,5,,1,,1,,5,,5,,...,,19,,550,,...,,486,,...,,1,,...,,...,,...,,...,,...,,...,,...,,...,,50,,181,,15,,30,,46,,46,,...,,...,,3,,3,,...,,...,,ORDINARY,,False,2,fatehpur_tehsil_1971,Fatehpur,Uttar Pradesh,1971,format_003,fatehpur_tehsil_001,fatehpur_tehsil_1971.pdf,7000e1f05948485068f79fb232b0a41bb57d029e8126a601ad7d7cf5965d2334,178,179,156,157,E:\Archival-Digitisation-Project\1971_Trimmed_PDF\Uttar_Pradesh\metadata\document.xlsx,4bf05d889c56070f43e73558469b6cab4e2a96f37cf6cc1e9a7aa54c7efd5abe,2026-08-30T20:16:32.506573+00:00
,,District Fatehpur,,618,,684,,96,,109,,27,,27,,...,,...,,...,,...,,,,15,,16,,31,,32,,11,,11,,1,,1,,11,,11,,...,,158,,"1,372",,...,,"2,350",,...,,13,,...,,1,,...,,...,,...,,...,,...,,...,,267,,459,,40,,108,,149,,149,,...,,...,,11,,11,,7,,7,,TOTAL,,False,3,fatehpur_tehsil_1971,Fatehpur,Uttar Pradesh,1971,format_003,fatehpur_tehsil_001,fatehpur_tehsil_1971.pdf,7000e1f05948485068f79fb232b0a41bb57d029e8126a601ad7d7cf5965d2334,178,179,156,157,E:\Archival-Digitisation-Project\1971_Trimmed_PDF\Uttar_Pradesh\metadata\document.xlsx,4bf05d889c56070f43e73558469b6cab4e2a96f37cf6cc1e9a7aa54c7efd5abe,2026-08-30T20:16:32.506573+00:00
1,,Pauri,,355,,357,,39,,39,,13,,13,,...,,...,,7,,7,,15,,15,,...,,...,,4,,4,,...,,...,,...,,...,,...,,...,,1,,"1,392",,353,,...,,...,,...,,35,,724,,...,,175,,...,,...,,109,,...,,193,,"1,217",,21,,...,,79,,79,,...,,...,,1,,1,,...,,...,,ORDINARY,,False,0,garhwal_tehsil_1971,Garhwal,Uttar Pradesh,1971,format_003,garhwal_tehsil_001,garhwal_tehsil_1971.pdf,92289313c3a7b52f991ea7da9e2007a9610a51d9af3e3b59f2111a90e7ec47b1,355,356,336,337,E:\Archival-Digitisation-Project\1971_Trimmed_PDF\Uttar_Pradesh\metadata\document.xlsx,4bf05d889c56070f43e73558469b6cab4e2a96f37cf6cc1e9a7aa54c7efd5abe,2026-08-30T20:19:02.550677+00:00
2,,Lansdowne,,496,,497,,49,,49,,13,,13,,...,,...,,5,,5,,21,,21,,...,,...,,12,,12,,...,,...,,4,,4,,...,,...,,2,,"2,173",,425,,...,,...,,...,,124,,"1,065",,...,,445,,...,,...,,103,,...,,183,,"1,992",,12,,...,,121,,121,,...,,...,,10,,10,,...,,...,,ORDINARY,,False,1,garhwal_tehsil_1971,Garhwal,Uttar Pradesh,1971,format_003,garhwal_tehsil_001,garhwal_tehsil_1971.pdf,92289313c3a7b52f991ea7da9e2007a9610a51d9af3e3b59f2111a90e7ec47b1,355,356,336,337,E:\Archival-Digitisation-Project\1971_Trimmed_PDF\Uttar_Pradesh\metadata\document.xlsx,4bf05d889c56070f43e73558469b6cab4e2a96f37cf6cc1e9a7aa54c7efd5abe,2026-08-30T20:19:02.550677+00:00
,,District Total (Rural),,851,,854,,88,,88,,26,,26,,...,,...,,12,,12,,36,,36,,...,,...,,16,,16,,...,,...,,4,,4,,...,,...,,3,,"3,565",,778,,...,,...,,...,,159,,"1,789",,...,,620,,...,,...,,212,,...,,316,,"3,219",,33,,...,,200,,200,,...,,...,,11,,11,,...,,...,,TOTAL,,False,2,garhwal_tehsil_1971,Garhwal,Uttar Pradesh,1971,format_003,garhwal_tehsil_001,garhwal_tehsil_1971.pdf,92289313c3a7b52f991ea7da9e2007a9610a51d9af3e3b59f2111a90e7ec47b1,355,356,336,337,E:\Archival-Digitisation-Project\1971_Trimmed_PDF\Uttar_Pradesh\metadata\document.xlsx,4bf05d889c56070f43e73558469b6cab4e2a96f37cf6cc1e9a7aa54c7efd5abe,2026-08-30T20:19:02.550677+00:00
1,,Balrampur,,303,,309,,11,,11,,2,,2,,...,,...,,...,,...,,6,,6,,2,,2,,2,,2,,1,,1,,7,,7,,...,,...,,85,,567,,...,,9,,639,,...,,...,,...,,...,,...,,...,,...,,...,,...,,117,,275,,23,,23,,58,,58,,...,,...,,...,,...,,...,,...,,ORDINARY,,False,0,gonda_tehsil_1971,Gonda,Uttar Pradesh,1971,format_003,gonda_tehsil_001,gonda_tehsil_1971.pdf,ad29d8df99d34b0bdf2c60bb42fecb51579451f4648a443c308e4ef1f54d339a,293,294,276,277,E:\Archival-Digitisation-Project\1971_Trimmed_PDF\Uttar_Pradesh\metadata\document.xlsx,4bf05d889c56070f43e73558469b6cab4e2a96f37cf6cc1e9a7aa54c7efd5abe,2026-08-30T20:22:10.906933+00:00
2,,Utraula,,334,,358,,19,,19,,7,,8,,1,,1,,...,,...,,14,,14,,7,,7,,7,,7,,1,,1,,12,,12,,1,,1,,101,,742,,...,,674,,836,,...,,...,,...,,...,,...,,...,,...,,...,,...,,92,,674,,42,,20,,78,,78,,1,,1,,...,,...,,1,,1,,ORDINARY,,False,1,gonda_tehsil_1971,Gonda,Uttar Pradesh,1971,format_003,gonda_tehsil_001,gonda_tehsil_1971.pdf,ad29d8df99d34b0bdf2c60bb42fecb51579451f4648a443c308e4ef1f54d339a,293,294,276,277,E:\Archival-Digitisation-Project\1971_Trimmed_PDF\Uttar_Pradesh\metadata\document.xlsx,4bf05d889c56070f43e73558469b6cab4e2a96f37cf6cc1e9a7aa54c7efd5abe,2026-08-30T20:22:10.906933+00:00
3,,Gonda,,356,,385,,18,,20,,4,,4,,2,,2,,2,,2,,,,7,,8,,8,,1,,1,,1,,1,,14,,15,,...,,...,,131,,652,,...,,545,,783,,...,,...,,...,,...,,...,,...,,8,,...,,...,,108,,153,,2,,144,,76,,76,,1,,1,,4,,4,,...,,...,,ORDINARY,,False,2,gonda_tehsil_1971,Gonda,Uttar Pradesh,1971,format_003,gonda_tehsil_001,gonda_tehsil_1971.pdf,ad29d8df99d34b0bdf2c60bb42fecb51579451f4648a443c308e4ef1f54d339a,293,294,276,277,E:\Archival-Digitisation-Project\1971_Trimmed_PDF\Uttar_Pradesh\metadata\document.xlsx,4bf05d889c56070f43e73558469b6cab4e2a96f37cf6cc1e9a7aa54c7efd5abe,2026-08-30T20:22:10.906933+00:00
4,,Tarabganj,,327,,355,,22,,24,,8,,9,,...,,...,,1,,1,,5,,5,,9,,9,,2,,2,,...,,...,,21,,21,,...,,...,,81,,479,,...,,293,,553,,...,,17,,...,,...,,...,,...,,33,,...,,...,,63,,279,,33,,38,,65,,65,,...,,...,,...,,3,,2,,2,,ORDINARY,,False,3,gonda_tehsil_1971,Gonda,Uttar Pradesh,1971,format_003,gonda_tehsil_001,gonda_tehsil_1971.pdf,ad29d8df99d34b0bdf2c60bb42fecb51579451f4648a443c308e4ef1f54d339a,293,294,276,277,E:\Archival-Digitisation-Project\1971_Trimmed_PDF\Uttar_Pradesh\metadata\document.xlsx,4bf05d889c56070f43e73558469b6cab4e2a96f37cf6cc1e9a7aa54c7efd5abe,2026-08-30T20:22:10.906933+00:00
,,District Total (Rural),,"1,320",,"1,407",,70,,74,,21,,23,,3,,3,,3,,3,,32,,32,,26,,26,,12,,12,,3,,3,,54,,55,,1,,1,,398,,"2,440",,...,,"1,526",,"2,811",,...,,17,,...,,...,,...,,...,,41,,...,,...,,380,,"1,381",,100,,225,,277,,277,,2,,...,,...,,...,,3,,3,,TOTAL,,False,4,gonda_tehsil_1971,Gonda,Uttar Pradesh,1971,format_003,gonda_tehsil_001,gonda_tehsil_1971.pdf,ad29d8df99d34b0bdf2c60bb42fecb51579451f4648a443c308e4ef1f54d339a,293,294,276,277,E:\Archival-Digitisation-Project\1971_Trimmed_PDF\Uttar_Pradesh\metadata\document.xlsx,4bf05d889c56070f43e73558469b6cab4e2a96f37cf6cc1e9a7aa54c7efd5abe,2026-08-30T20:22:10.906933+00:00
1,,Pharenda,,239,,250,,24,,24,,14,,15,,...,,...,,...,,...,,11,,11,,9,,9,,6,,6,,...,,...,,10,,10,,1,,1,,142,,494,,...,,482,,578,,...,,7,,...,,...,,...,,...,,13,,...,,...,,92,,215,,35,,102,,53,,53,,...,,...,,5,,5,,5,,5,,ORDINARY,,False,0,gorakhpur_tehsil_1971,Gorakhpur,Uttar Pradesh,1971,format_003,gorakhpur_tehsil_001,gorakhpur_tehsil_1971.pdf,e716e11722be15ef85991cea8628fc6a7cbc397bce7f85ddba0246b37c0692f3,456,457,434,435,E:\Archival-Digitisation-Project\1971_Trimmed_PDF\Uttar_Pradesh\metadata\document.xlsx,4bf05d889c56070f43e73558469b6cab4e2a96f37cf6cc1e9a7aa54c7efd5abe,2026-08-30T20:23:44.206541+00:00
2,,Maharajganj,,295,,312,,31,,35,,12,,13,,2,,2,,5,,5,,6,,6,,7,,7,,5,,5,,4,,4,,18,,18,,2,,2,,183,,577,,...,,710,,702,,...,,...,,...,,...,,...,,...,,...,,...,,...,,99,,445,,132,,19,,73,,73,,...,,...,,3,,3,,3,,3,,ORDINARY,,False,1,gorakhpur_tehsil_1971,Gorakhpur,Uttar Pradesh,1971,format_003,gorakhpur_tehsil_001,gorakhpur_tehsil_1971.pdf,e716e11722be15ef85991cea8628fc6a7cbc397bce7f85ddba0246b37c0692f3,456,457,434,435,E:\Archival-Digitisation-Project\1971_Trimmed_PDF\Uttar_Pradesh\metadata\document.xlsx,4bf05d889c56070f43e73558469b6cab4e2a96f37cf6cc1e9a7aa54c7efd5abe,2026-08-30T20:23:44.206541+00:00
3,,Gorakhpur,,371,,385,,54,,58,,19,,19,,7,,7,,8,,14,,15,,15,,17,,17,,7,,7,,...,,...,,8,,8,,...,,...,,396,,858,,...,,900,,"1,097",,5,,12,,...,,...,,...,,...,,27,,...,,...,,134,,661,,94,,98,,86,,86,,2,,2,,...,,...,,1,,1,,ORDINARY,,False,2,gorakhpur_tehsil_1971,Gorakhpur,Uttar Pradesh,1971,format_003,gorakhpur_tehsil_001,gorakhpur_tehsil_1971.pdf,e716e11722be15ef85991cea8628fc6a7cbc397bce7f85ddba0246b37c0692f3,456,457,434,435,E:\Archival-Digitisation-Project\1971_Trimmed_PDF\Uttar_Pradesh\metadata\document.xlsx,4bf05d889c56070f43e73558469b6cab4e2a96f37cf6cc1e9a7aa54c7efd5abe,2026-08-30T20:23:44.206541+00:00
4,,Bansgaon,,394,,413,,66,,69,,18,,18,,5,,5,,7,,7,,21,,21,,15,,15,,4,,4,,2,,2,,8,,8,,2,,2,,327,,"1,639",,1,,902,,"1,641",,4,,39,,...,,...,,...,,...,,71,,...,,...,,370,,353,,69,,43,,107,,107,,...,,...,,4,,4,,2,,2,,ORDINARY,,False,3,gorakhpur_tehsil_1971,Gorakhpur,Uttar Pradesh,1971,format_003,gorakhpur_tehsil_001,gorakhpur_tehsil_1971.pdf,e716e11722be15ef85991cea8628fc6a7cbc397bce7f85ddba0246b37c0692f3,456,457,434,435,E:\Archival-Digitisation-Project\1971_Trimmed_PDF\Uttar_Pradesh\metadata\document.xlsx,4bf05d889c56070f43e73558469b6cab4e2a96f37cf6cc1e9a7aa54c7efd5abe,2026-08-30T20:23:44.206541+00:00
,,District Total (Rural),,"1,299",,"1,360",,175,,186,,63,,65,,14,,14,,20,,26,,53,,53,,48,,48,,22,,22,,6,,6,,44,,44,,5,,5,,"1,048",,"3,568",,1,,"2,994",,"4,018",,9,,58,,...,,...,,...,,...,,111,,...,,...,,695,,"1,674",,330,,262,,319,,319,,2,,2,,12,,12,,11,,11,,TOTAL,,False,4,gorakhpur_tehsil_1971,Gorakhpur,Uttar Pradesh,1971,format_003,gorakhpur_tehsil_001,gorakhpur_tehsil_1971.pdf,e716e11722be15ef85991cea8628fc6a7cbc397bce7f85ddba0246b37c0692f3,456,457,434,435,E:\Archival-Digitisation-Project\1971_Trimmed_PDF\Uttar_Pradesh\metadata\document.xlsx,4bf05d889c56070f43e73558469b6cab4e2a96f37cf6cc1e9a7aa54c7efd5abe,2026-08-30T20:23:44.206541+00:00
1,,Rath,,152,,164,,19,,19,,1,,1,,1,,1,,...,,...,,9,,9,,3,,3,,2,,2,,...,,...,,2,,2,,...,,...,,5,,254,,...,,3,,194,,...,,1,,...,,...,,...,,...,,...,,...,,...,,29,,159,,...,,...,,38,,38,,...,,...,,2,,2,,...,,...,,ORDINARY,,False,0,hamirpur_tehsil_1971,Hamirpur,Uttar Pradesh,1971,format_003,hamirpur_tehsil_001,hamirpur_tehsil_1971.pdf,64b0e31ee4220f0d445d11558c98c37ee3469941b965ed11033999cfa969c1cf,154,155,134,135,E:\Archival-Digitisation-Project\1971_Trimmed_PDF\Uttar_Pradesh\metadata\document.xlsx,4bf05d889c56070f43e73558469b6cab4e2a96f37cf6cc1e9a7aa54c7efd5abe,2026-08-30T20:26:07.830142+00:00
2,,Hamirpur,,102,,131,,17,,20,,2,,2,,...,,...,,1,,1,,3,,4,,7,,10,,4,,4,,...,,...,,2,,2,,...,,...,,10,,184,,...,,3,,143,,...,,8,,...,,...,,...,,...,,3,,...,,...,,47,,111,,...,,12,,30,,30,,...,,...,,3,,3,,...,,...,,ORDINARY,,False,1,hamirpur_tehsil_1971,Hamirpur,Uttar Pradesh,1971,format_003,hamirpur_tehsil_001,hamirpur_tehsil_1971.pdf,64b0e31ee4220f0d445d11558c98c37ee3469941b965ed11033999cfa969c1cf,154,155,134,135,E:\Archival-Digitisation-Project\1971_Trimmed_PDF\Uttar_Pradesh\metadata\document.xlsx,4bf05d889c56070f43e73558469b6cab4e2a96f37cf6cc1e9a7aa54c7efd5abe,2026-08-30T20:26:07.830142+00:00
3,,Maudaha,,132,,153,,20,,22,,3,,3,,2,,4,,1,,2,,7,,7,,8,,8,,1,,1,,...,,...,,...,,...,,...,,...,,1,,204,,...,,1,,169,,1,,3,,...,,...,,...,,...,,...,,...,,...,,46,,124,,...,,7,,42,,42,,...,,...,,1,,1,,1,,1,,ORDINARY,,False,2,hamirpur_tehsil_1971,Hamirpur,Uttar Pradesh,1971,format_003,hamirpur_tehsil_001,hamirpur_tehsil_1971.pdf,64b0e31ee4220f0d445d11558c98c37ee3469941b965ed11033999cfa969c1cf,154,155,134,135,E:\Archival-Digitisation-Project\1971_Trimmed_PDF\Uttar_Pradesh\metadata\document.xlsx,4bf05d889c56070f43e73558469b6cab4e2a96f37cf6cc1e9a7aa54c7efd5abe,2026-08-30T20:26:07.830142+00:00
4,,Charkhari,,146,,166,,14,,15,,2,,2,,...,,...,,...,,...,,4,,4,,7,,8,,1,,1,,...,,...,,...,,...,,...,,...,,5,,271,,...,,...,,221,,...,,...,,...,,...,,...,,...,,...,,...,,...,,46,,176,,...,,8,,25,,25,,...,,...,,1,,1,,...,,...,,ORDINARY,,False,3,hamirpur_tehsil_1971,Hamirpur,Uttar Pradesh,1971,format_003,hamirpur_tehsil_001,hamirpur_tehsil_1971.pdf,64b0e31ee4220f0d445d11558c98c37ee3469941b965ed11033999cfa969c1cf,154,155,134,135,E:\Archival-Digitisation-Project\1971_Trimmed_PDF\Uttar_Pradesh\metadata\document.xlsx,4bf05d889c56070f43e73558469b6cab4e2a96f37cf6cc1e9a7aa54c7efd5abe,2026-08-30T20:26:07.830142+00:00
5,,Mahoba,,154,,183,,14,,17,,2,,2,,...,,...,,...,,...,,1,,1,,8,,8,,1,,1,,1,,1,,1,,1,,...,,...,,13,,201,,1,,2,,190,,5,,1,,...,,...,,...,,...,,...,,...,,...,,92,,145,,...,,15,,35,,35,,2,,2,,2,,2,,3,,3,,ORDINARY,,False,4,hamirpur_tehsil_1971,Hamirpur,Uttar Pradesh,1971,format_003,hamirpur_tehsil_001,hamirpur_tehsil_1971.pdf,64b0e31ee4220f0d445d11558c98c37ee3469941b965ed11033999cfa969c1cf,154,155,134,135,E:\Archival-Digitisation-Project\1971_Trimmed_PDF\Uttar_Pradesh\metadata\document.xlsx,4bf05d889c56070f43e73558469b6cab4e2a96f37cf6cc1e9a7aa54c7efd5abe,2026-08-30T20:26:07.830142+00:00
,,District Total (Rural),,686,,797,,84,,93,,10,,10,,3,,5,,2,,3,,24,,25,,35,,37,,9,,9,,...,,...,,5,,5,,...,,...,,34,,"1,114",,1,,9,,917,,6,,13,,...,,...,,...,,...,,3,,...,,...,,260,,715,,...,,42,,170,,170,,2,,2,,9,,9,,4,,4,,TOTAL,,False,5,hamirpur_tehsil_1971,Hamirpur,Uttar Pradesh,1971,format_003,hamirpur_tehsil_001,hamirpur_tehsil_1971.pdf,64b0e31ee4220f0d445d11558c98c37ee3469941b965ed11033999cfa969c1cf,154,155,134,135,E:\Archival-Digitisation-Project\1971_Trimmed_PDF\Uttar_Pradesh\metadata\document.xlsx,4bf05d889c56070f43e73558469b6cab4e2a96f37cf6cc1e9a7aa54c7efd5abe,2026-08-30T20:26:07.830142+00:00
1,,Shahabad,,219,,223,,15,,15,,3,,3,,2,,2,,...,,...,,...,,...,,11,,11,,...,,...,,...,,...,,4,,4,,...,,...,,43,,374,,...,,3,,415,,...,,...,,...,,...,,...,,...,,1,,...,,...,,60,,351,,...,,...,,55,,55,,...,,...,,1,,1,,...,,...,,ORDINARY,,False,0,hardoi_tehsil_1971,Hardoi,Uttar Pradesh,1971,format_003,hardoi_tehsil_001,hardoi_tehsil_1971.pdf,5b5c72ba0a8994c1d128898671aed7cfd923172df6901a00ac00fb5dafedbfc3,228,229,204,205,E:\Archival-Digitisation-Project\1971_Trimmed_PDF\Uttar_Pradesh\metadata\document.xlsx,4bf05d889c56070f43e73558469b6cab4e2a96f37cf6cc1e9a7aa54c7efd5abe,2026-08-30T20:31:14.271191+00:00
2,,Hardoi,,244,,268,,25,,25,,2,,2,,...,,...,,...,,...,,9,,10,,...,,...,,1,,1,,...,,...,,3,,3,,...,,...,,68,,424,,...,,33,,471,,4,,...,,...,,1,,...,,...,,1,,...,,...,,165,,247,,...,,...,,49,,49,,...,,...,,3,,3,,...,,...,,ORDINARY,,False,1,hardoi_tehsil_1971,Hardoi,Uttar Pradesh,1971,format_003,hardoi_tehsil_001,hardoi_tehsil_1971.pdf,5b5c72ba0a8994c1d128898671aed7cfd923172df6901a00ac00fb5dafedbfc3,228,229,204,205,E:\Archival-Digitisation-Project\1971_Trimmed_PDF\Uttar_Pradesh\metadata\document.xlsx,4bf05d889c56070f43e73558469b6cab4e2a96f37cf6cc1e9a7aa54c7efd5abe,2026-08-30T20:31:14.271191+00:00
3,,Bilgram,,235,,252,,19,,21,,12,,12,,...,,...,,...,,...,,8,,8,,1,,1,,3,,3,,...,,...,,5,,5,,...,,...,,97,,415,,...,,4,,475,,5,,6,,...,,...,,...,,...,,...,,...,,...,,69,,191,,...,,...,,50,,50,,...,,...,,2,,2,,...,,...,,ORDINARY,,False,2,hardoi_tehsil_1971,Hardoi,Uttar Pradesh,1971,format_003,hardoi_tehsil_001,hardoi_tehsil_1971.pdf,5b5c72ba0a8994c1d128898671aed7cfd923172df6901a00ac00fb5dafedbfc3,228,229,204,205,E:\Archival-Digitisation-Project\1971_Trimmed_PDF\Uttar_Pradesh\metadata\document.xlsx,4bf05d889c56070f43e73558469b6cab4e2a96f37cf6cc1e9a7aa54c7efd5abe,2026-08-30T20:31:14.271191+00:00
4,,Sandila,,206,,225,,17,,18,,8,,8,,...,,...,,...,,...,,5,,5,,1,,1,,14,,14,,4,,4,,1,,1,,...,,...,,60,,502,,...,,88,,510,,...,,...,,...,,...,,...,,...,,...,,...,,...,,61,,474,,...,,...,,54,,55,,...,,...,,...,,...,,...,,...,,ORDINARY,,False,3,hardoi_tehsil_1971,Hardoi,Uttar Pradesh,1971,format_003,hardoi_tehsil_001,hardoi_tehsil_1971.pdf,5b5c72ba0a8994c1d128898671aed7cfd923172df6901a00ac00fb5dafedbfc3,228,229,204,205,E:\Archival-Digitisation-Project\1971_Trimmed_PDF\Uttar_Pradesh\metadata\document.xlsx,4bf05d889c56070f43e73558469b6cab4e2a96f37cf6cc1e9a7aa54c7efd5abe,2026-08-30T20:31:14.271191+00:00
,,District Total,,904,,968,,76,,79,,25,,25,,2,,2,,...,,...,,22,,23,,13,,13,,18,,18,,4,,4,,15,,13,,...,,...,,268,,"1,715",,...,,128,,"1,871",,9,,6,,...,,1,,...,,...,,2,,...,,...,,335,,"1,263",,...,,...,,208,,209,,...,,...,,6,,6,,...,,...,,TOTAL,,False,4,hardoi_tehsil_1971,Hardoi,Uttar Pradesh,1971,format_003,hardoi_tehsil_001,hardoi_tehsil_1971.pdf,5b5c72ba0a8994c1d128898671aed7cfd923172df6901a00ac00fb5dafedbfc3,228,229,204,205,E:\Archival-Digitisation-Project\1971_Trimmed_PDF\Uttar_Pradesh\metadata\document.xlsx,4bf05d889c56070f43e73558469b6cab4e2a96f37cf6cc1e9a7aa54c7efd5abe,2026-08-30T20:31:14.271191+00:00
1,,Jalaun,,234,,260,,34,,36,,8,,8,,...,,...,,2,,2,,10,,10,,4,,4,,9,,9,,...,,...,,3,,3,,5,,5,,35,,407,,...,,3,,371,,4,,3,,...,,...,,...,,...,,...,,...,,61,,82,,164,,17,,1,,52,,52,,...,,...,,3,,3,,...,,...,,ORDINARY,,False,0,jalaun_tehsil_1971,Jalaun,Uttar Pradesh,1971,format_003,jalaun_tehsil_001,jalaun_tehsil_1971.pdf,71713fde65da703126e470f2a5b6360bc4f114c1b6a00b4a598524bf2a561417,149,150,130,131,E:\Archival-Digitisation-Project\1971_Trimmed_PDF\Uttar_Pradesh\metadata\document.xlsx,4bf05d889c56070f43e73558469b6cab4e2a96f37cf6cc1e9a7aa54c7efd5abe,2026-08-30T20:34:43.434821+00:00
2,,Konch,,148,,158,,20,,20,,2,,2,,1,,1,,...,,...,,8,,8,,...,,...,,3,,3,,1,,1,,2,,2,,...,,...,,20,,295,,3,,250,,21,,4,,...,,...,,...,,...,,...,,...,,...,,37,,35,,71,,3,,11,,33,,33,,...,,...,,1,,1,,...,,...,,ORDINARY,,False,1,jalaun_tehsil_1971,Jalaun,Uttar Pradesh,1971,format_003,jalaun_tehsil_001,jalaun_tehsil_1971.pdf,71713fde65da703126e470f2a5b6360bc4f114c1b6a00b4a598524bf2a561417,149,150,130,131,E:\Archival-Digitisation-Project\1971_Trimmed_PDF\Uttar_Pradesh\metadata\document.xlsx,4bf05d889c56070f43e73558469b6cab4e2a96f37cf6cc1e9a7aa54c7efd5abe,2026-08-30T20:34:43.434821+00:00
3,,Orai,,95,,110,,9,,9,,9,,9,,...,,...,,1,,1,,5,,5,,1,,1,,4,,4,,...,,...,,...,,...,,...,,...,,12,,145,,...,,...,,122,,...,,10,,1,,...,,...,,...,,...,,...,,24,,32,,80,,10,,3,,21,,21,,...,,...,,3,,3,,1,,1,,ORDINARY,,False,2,jalaun_tehsil_1971,Jalaun,Uttar Pradesh,1971,format_003,jalaun_tehsil_001,jalaun_tehsil_1971.pdf,71713fde65da703126e470f2a5b6360bc4f114c1b6a00b4a598524bf2a561417,149,150,130,131,E:\Archival-Digitisation-Project\1971_Trimmed_PDF\Uttar_Pradesh\metadata\document.xlsx,4bf05d889c56070f43e73558469b6cab4e2a96f37cf6cc1e9a7aa54c7efd5abe,2026-08-30T20:34:43.434821+00:00
4,,Kalpi,,118,,126,,23,,26,,3,,3,,...,,...,,...,,...,,9,,9,,3,,3,,4,,4,,...,,...,,2,,2,,...,,...,,7,,235,,...,,2,,197,,7,,9,,...,,...,,...,,...,,...,,1,,26,,20,,77,,11,,10,,28,,28,,...,,...,,3,,3,,2,,2,,ORDINARY,,False,3,jalaun_tehsil_1971,Jalaun,Uttar Pradesh,1971,format_003,jalaun_tehsil_001,jalaun_tehsil_1971.pdf,71713fde65da703126e470f2a5b6360bc4f114c1b6a00b4a598524bf2a561417,149,150,130,131,E:\Archival-Digitisation-Project\1971_Trimmed_PDF\Uttar_Pradesh\metadata\document.xlsx,4bf05d889c56070f43e73558469b6cab4e2a96f37cf6cc1e9a7aa54c7efd5abe,2026-08-30T20:34:43.434821+00:00
,,District Total (Rural),,595,,654,,86,,91,,22,,22,,1,,1,,3,,3,,32,,32,,8,,8,,20,,20,,1,,1,,7,,7,,5,,5,,74,,"1,082",,3,,255,,711,,15,,22,,1,,...,,...,,...,,...,,1,,148,,169,,392,,41,,25,,134,,134,,...,,...,,10,,10,,3,,3,,TOTAL,,False,4,jalaun_tehsil_1971,Jalaun,Uttar Pradesh,1971,format_003,jalaun_tehsil_001,jalaun_tehsil_1971.pdf,71713fde65da703126e470f2a5b6360bc4f114c1b6a00b4a598524bf2a561417,149,150,130,131,E:\Archival-Digitisation-Project\1971_Trimmed_PDF\Uttar_Pradesh\metadata\document.xlsx,4bf05d889c56070f43e73558469b6cab4e2a96f37cf6cc1e9a7aa54c7efd5abe,2026-08-30T20:34:43.434821+00:00
1,,Shahganj,,178,,191,,38,,39,,11,,11,,2,,2,,2,,2,,10,,10,,2,,2,,5,,5,,3,,3,,3,,3,,...,,...,,148,,592,,...,,302,,686,,...,,3,,...,,13,,...,,...,,4,,...,,...,,208,,225,,8,,100,,46,,46,,...,,...,,5,,5,,2,,2,,ORDINARY,,False,0,jaunpur_tehsil_1971,Jaunpur,Uttar Pradesh,1971,format_003,jaunpur_tehsil_001,jaunpur_tehsil_1971.pdf,586e071789cf552e03f3297d04381fb80a77f29f2615e4fc883d3c9f1c40145e,354,355,334,335,E:\Archival-Digitisation-Project\1971_Trimmed_PDF\Uttar_Pradesh\metadata\document.xlsx,4bf05d889c56070f43e73558469b6cab4e2a96f37cf6cc1e9a7aa54c7efd5abe,2026-08-30T20:37:41.171197+00:00
2,,Machhli shahr,,171,,173,,28,,28,,7,,8,,...,,...,,5,,5,,3,,3,,8,,8,,...,,...,,...,,...,,4,,4,,...,,...,,41,,612,,...,,...,,638,,...,,...,,...,,...,,...,,...,,...,,...,,...,,116,,145,,6,,32,,27,,27,,...,,...,,4,,4,,...,,...,,ORDINARY,,False,1,jaunpur_tehsil_1971,Jaunpur,Uttar Pradesh,1971,format_003,jaunpur_tehsil_001,jaunpur_tehsil_1971.pdf,586e071789cf552e03f3297d04381fb80a77f29f2615e4fc883d3c9f1c40145e,354,355,334,335,E:\Archival-Digitisation-Project\1971_Trimmed_PDF\Uttar_Pradesh\metadata\document.xlsx,4bf05d889c56070f43e73558469b6cab4e2a96f37cf6cc1e9a7aa54c7efd5abe,2026-08-30T20:37:41.171197+00:00
3,,Jaunpur,,170,,172,,33,,33,,7,,7,,...,,...,,3,,3,,7,,7,,...,,...,,...,,...,,...,,...,,...,,...,,...,,...,,168,,637,,...,,...,,751,,...,,...,,...,,...,,...,,...,,...,,...,,...,,199,,529,,...,,87,,48,,48,,...,,...,,...,,...,,...,,...,,ORDINARY,,False,2,jaunpur_tehsil_1971,Jaunpur,Uttar Pradesh,1971,format_003,jaunpur_tehsil_001,jaunpur_tehsil_1971.pdf,586e071789cf552e03f3297d04381fb80a77f29f2615e4fc883d3c9f1c40145e,354,355,334,335,E:\Archival-Digitisation-Project\1971_Trimmed_PDF\Uttar_Pradesh\metadata\document.xlsx,4bf05d889c56070f43e73558469b6cab4e2a96f37cf6cc1e9a7aa54c7efd5abe,2026-08-30T20:37:41.171197+00:00
4,,Mariahu,,179,,187,,29,,30,,16,,16,,...,,...,,...,,...,,5,,5,,6,,6,,...,,...,,...,,...,,2,,2,,...,,...,,114,,610,,...,,257,,688,,...,,2,,...,,...,,...,,...,,...,,...,,...,,98,,519,,5,,107,,42,,42,,...,,...,,...,,...,,...,,...,,ORDINARY,,False,3,jaunpur_tehsil_1971,Jaunpur,Uttar Pradesh,1971,format_003,jaunpur_tehsil_001,jaunpur_tehsil_1971.pdf,586e071789cf552e03f3297d04381fb80a77f29f2615e4fc883d3c9f1c40145e,354,355,334,335,E:\Archival-Digitisation-Project\1971_Trimmed_PDF\Uttar_Pradesh\metadata\document.xlsx,4bf05d889c56070f43e73558469b6cab4e2a96f37cf6cc1e9a7aa54c7efd5abe,2026-08-30T20:37:41.171197+00:00
5,,Kerakat,,175,,175,,41,,41,,7,,7,,...,,...,,...,,...,,3,,3,,9,,9,,1,,1,,1,,1,,1,,1,,...,,...,,203,,277,,...,,32,,471,,...,,19,,...,,3,,...,,...,,...,,...,,...,,49,,132,,7,,130,,49,,49,,...,,...,,2,,2,,...,,...,,ORDINARY,,False,4,jaunpur_tehsil_1971,Jaunpur,Uttar Pradesh,1971,format_003,jaunpur_tehsil_001,jaunpur_tehsil_1971.pdf,586e071789cf552e03f3297d04381fb80a77f29f2615e4fc883d3c9f1c40145e,354,355,334,335,E:\Archival-Digitisation-Project\1971_Trimmed_PDF\Uttar_Pradesh\metadata\document.xlsx,4bf05d889c56070f43e73558469b6cab4e2a96f37cf6cc1e9a7aa54c7efd5abe,2026-08-30T20:37:41.171197+00:00
,,District Total (Rural),,873,,898,,169,,171,,48,,49,,2,,2,,10,,10,,28,,28,,25,,25,,6,,6,,4,,4,,6,,6,,...,,...,,674,,"2,728",,...,,591,,"3,234",,...,,24,,...,,16,,...,,...,,4,,...,,...,,670,,"1,550",,26,,456,,212,,212,,...,,...,,11,,11,,2,,2,,TOTAL,,False,5,jaunpur_tehsil_1971,Jaunpur,Uttar Pradesh,1971,format_003,jaunpur_tehsil_001,jaunpur_tehsil_1971.pdf,586e071789cf552e03f3297d04381fb80a77f29f2615e4fc883d3c9f1c40145e,354,355,334,335,E:\Archival-Digitisation-Project\1971_Trimmed_PDF\Uttar_Pradesh\metadata\document.xlsx,4bf05d889c56070f43e73558469b6cab4e2a96f37cf6cc1e9a7aa54c7efd5abe,2026-08-30T20:37:41.171197+00:00
1,,Moth,,142,,156,,25,,29,,...,,...,,...,,...,,...,,...,,6,,6,,...,,...,,4,,4,,...,,...,,3,,3,,...,,...,,27,,241,,...,,...,,222,,...,,5,,...,,1,,...,,...,,...,,...,,...,,48,,60,,...,,6,,28,,28,,...,,...,,2,,2,,...,,...,,ORDINARY,,False,0,jhansi_tehsil_1971,Jhansi,Uttar Pradesh,1971,format_003,jhansi_tehsil_001,jhansi_tehsil_1971.pdf,797241adbf103c5130804f17f054a15a4e0926b2d0f266c7cb45c2915fec8171,209,210,184,185,E:\Archival-Digitisation-Project\1971_Trimmed_PDF\Uttar_Pradesh\metadata\document.xlsx,4bf05d889c56070f43e73558469b6cab4e2a96f37cf6cc1e9a7aa54c7efd5abe,2026-08-30T20:45:26.121181+00:00
2,,Garautha,,145,,154,,26,,26,,4,,4,,...,,...,,...,,...,,7,,7,,1,,1,,3,,3,,1,,1,,...,,...,,...,,...,,...,,233,,...,,1,,207,,...,,4,,...,,...,,...,,...,,...,,...,,...,,73,,116,,2,,13,,29,,29,,...,,...,,3,,3,,3,,3,,ORDINARY,,False,1,jhansi_tehsil_1971,Jhansi,Uttar Pradesh,1971,format_003,jhansi_tehsil_001,jhansi_tehsil_1971.pdf,797241adbf103c5130804f17f054a15a4e0926b2d0f266c7cb45c2915fec8171,209,210,184,185,E:\Archival-Digitisation-Project\1971_Trimmed_PDF\Uttar_Pradesh\metadata\document.xlsx,4bf05d889c56070f43e73558469b6cab4e2a96f37cf6cc1e9a7aa54c7efd5abe,2026-08-30T20:45:26.121181+00:00
3,,Lalitpur,,198,,198,,22,,22,,1,,1,,...,,...,,...,,...,,4,,4,,...,,...,,1,,1,,1,,1,,1,,1,,...,,...,,3,,408,,...,,4,,362,,...,,...,,...,,...,,...,,...,,...,,...,,...,,57,,307,,...,,10,,61,,61,,...,,...,,1,,1,,...,,...,,ORDINARY,,False,2,jhansi_tehsil_1971,Jhansi,Uttar Pradesh,1971,format_003,jhansi_tehsil_001,jhansi_tehsil_1971.pdf,797241adbf103c5130804f17f054a15a4e0926b2d0f266c7cb45c2915fec8171,209,210,184,185,E:\Archival-Digitisation-Project\1971_Trimmed_PDF\Uttar_Pradesh\metadata\document.xlsx,4bf05d889c56070f43e73558469b6cab4e2a96f37cf6cc1e9a7aa54c7efd5abe,2026-08-30T20:45:26.121181+00:00
4,,Jhansi,,122,,126,,14,,14,,5,,5,,...,,...,,...,,...,,13,,13,,...,,...,,2,,2,,1,,1,,1,,1,,...,,...,,11,,167,,...,,32,,156,,...,,6,,...,,1,,...,,...,,...,,...,,...,,61,,71,,4,,23,,36,,36,,...,,...,,1,,1,,1,,1,,ORDINARY,,False,3,jhansi_tehsil_1971,Jhansi,Uttar Pradesh,1971,format_003,jhansi_tehsil_001,jhansi_tehsil_1971.pdf,797241adbf103c5130804f17f054a15a4e0926b2d0f266c7cb45c2915fec8171,209,210,184,185,E:\Archival-Digitisation-Project\1971_Trimmed_PDF\Uttar_Pradesh\metadata\document.xlsx,4bf05d889c56070f43e73558469b6cab4e2a96f37cf6cc1e9a7aa54c7efd5abe,2026-08-30T20:45:26.121181+00:00
5,,Mauranipur,,125,,134,,27,,27,,1,,2,,...,,...,,...,,...,,11,,11,,...,,...,,4,,4,,...,,...,,...,,...,,...,,...,,3,,172,,1,,...,,162,,...,,...,,...,,...,,...,,...,,...,,...,,...,,42,,105,,2,,6,,29,,29,,...,,...,,2,,2,,...,,...,,ORDINARY,,False,4,jhansi_tehsil_1971,Jhansi,Uttar Pradesh,1971,format_003,jhansi_tehsil_001,jhansi_tehsil_1971.pdf,797241adbf103c5130804f17f054a15a4e0926b2d0f266c7cb45c2915fec8171,209,210,184,185,E:\Archival-Digitisation-Project\1971_Trimmed_PDF\Uttar_Pradesh\metadata\document.xlsx,4bf05d889c56070f43e73558469b6cab4e2a96f37cf6cc1e9a7aa54c7efd5abe,2026-08-30T20:45:26.121181+00:00
7,,Mahroni,,175,,188,,20,,21,,2,,3,,...,,...,,...,,...,,6,,6,,4,,4,,8,,8,,1,,1,,3,,3,,...,,...,,...,,341,,...,,4,,299,,...,,2,,...,,...,,...,,...,,...,,...,,...,,3,,245,,...,,...,,56,,56,,...,,...,,1,,1,,...,,...,,ORDINARY,,False,5,jhansi_tehsil_1971,Jhansi,Uttar Pradesh,1971,format_003,jhansi_tehsil_001,jhansi_tehsil_1971.pdf,797241adbf103c5130804f17f054a15a4e0926b2d0f266c7cb45c2915fec8171,209,210,184,185,E:\Archival-Digitisation-Project\1971_Trimmed_PDF\Uttar_Pradesh\metadata\document.xlsx,4bf05d889c56070f43e73558469b6cab4e2a96f37cf6cc1e9a7aa54c7efd5abe,2026-08-30T20:45:26.121181+00:00
,,District Total (Rural),,907,,956,,134,,139,,13,,15,,...,,...,,...,,...,,47,,47,,5,,5,,22,,22,,4,,4,,8,,8,,...,,...,,48,,"1,562",,1,,41,,"1,427",,...,,17,,...,,2,,...,,...,,...,,...,,...,,334,,904,,8,,58,,239,,239,,...,,...,,10,,10,,4,,4,,TOTAL,,False,6,jhansi_tehsil_1971,Jhansi,Uttar Pradesh,1971,format_003,jhansi_tehsil_001,jhansi_tehsil_1971.pdf,797241adbf103c5130804f17f054a15a4e0926b2d0f266c7cb45c2915fec8171,209,210,184,185,E:\Archival-Digitisation-Project\1971_Trimmed_PDF\Uttar_Pradesh\metadata\document.xlsx,4bf05d889c56070f43e73558469b6cab4e2a96f37cf6cc1e9a7aa54c7efd5abe,2026-08-30T20:45:26.121181+00:00
1,,Bilhaur,,202,,221,,39,,47,,6,,7,,...,,...,,...,,...,,10,,10,,4,,4,,6,,6,,3,,3,,5,,5,,...,,...,,36,,433,,...,,1,,413,,...,,7,,...,,...,,...,,...,,...,,...,,...,,54,,152,,1,,74,,33,,33,,...,,...,,1,,1,,1,,1,,ORDINARY,,False,0,kanpur_tehsil_1971,Kanpur,Uttar Pradesh,1971,format_003,kanpur_tehsil_001,kanpur_tehsil_1971.pdf,78092a508c4b5804d5327426c9271bfec9d4c2a0ccc1a091e9f207adcc26e61b,243,244,222,223,E:\Archival-Digitisation-Project\1971_Trimmed_PDF\Uttar_Pradesh\metadata\document.xlsx,4bf05d889c56070f43e73558469b6cab4e2a96f37cf6cc1e9a7aa54c7efd5abe,2026-08-30T20:54:03.950672+00:00
2,,Derapur,,187,,213,,36,,43,,17,,17,,...,,...,,1,,1,,8,,8,,4,,4,,3,,3,,1,,1,,5,,5,,...,,...,,8,,339,,...,,59,,328,,1,,...,,...,,...,,...,,...,,...,,...,,...,,14,,169,,...,,41,,36,,36,,...,,...,,1,,1,,2,,2,,ORDINARY,,False,1,kanpur_tehsil_1971,Kanpur,Uttar Pradesh,1971,format_003,kanpur_tehsil_001,kanpur_tehsil_1971.pdf,78092a508c4b5804d5327426c9271bfec9d4c2a0ccc1a091e9f207adcc26e61b,243,244,222,223,E:\Archival-Digitisation-Project\1971_Trimmed_PDF\Uttar_Pradesh\metadata\document.xlsx,4bf05d889c56070f43e73558469b6cab4e2a96f37cf6cc1e9a7aa54c7efd5abe,2026-08-30T20:54:03.950672+00:00
3,,Bhognipur,,163,,178,,27,,32,,11,,11,,...,,...,,...,,...,,9,,9,,10,,10,,1,,1,,...,,...,,2,,2,,...,,...,,19,,322,,...,,1,,307,,...,,...,,...,,...,,...,,...,,...,,...,,...,,56,,232,,15,,4,,22,,22,,...,,...,,2,,2,,...,,...,,ORDINARY,,False,2,kanpur_tehsil_1971,Kanpur,Uttar Pradesh,1971,format_003,kanpur_tehsil_001,kanpur_tehsil_1971.pdf,78092a508c4b5804d5327426c9271bfec9d4c2a0ccc1a091e9f207adcc26e61b,243,244,222,223,E:\Archival-Digitisation-Project\1971_Trimmed_PDF\Uttar_Pradesh\metadata\document.xlsx,4bf05d889c56070f43e73558469b6cab4e2a96f37cf6cc1e9a7aa54c7efd5abe,2026-08-30T20:54:03.950672+00:00
4,,Akbarpur,,160,,167,,27,,33,,10,,11,,...,,...,,...,,...,,5,,5,,6,,6,,3,,3,,...,,...,,1,,1,,...,,...,,14,,284,,...,,...,,288,,...,,...,,...,,...,,...,,...,,...,,...,,...,,58,,67,,4,,12,,34,,34,,...,,...,,1,,1,,1,,1,,ORDINARY,,False,3,kanpur_tehsil_1971,Kanpur,Uttar Pradesh,1971,format_003,kanpur_tehsil_001,kanpur_tehsil_1971.pdf,78092a508c4b5804d5327426c9271bfec9d4c2a0ccc1a091e9f207adcc26e61b,243,244,222,223,E:\Archival-Digitisation-Project\1971_Trimmed_PDF\Uttar_Pradesh\metadata\document.xlsx,4bf05d889c56070f43e73558469b6cab4e2a96f37cf6cc1e9a7aa54c7efd5abe,2026-08-30T20:54:03.950672+00:00
5,,Kanpur,,152,,170,,22,,28,,3,,3,,...,,...,,1,,1,,7,,7,,7,,7,,4,,4,,...,,...,,3,,3,,...,,...,,51,,235,,...,,12,,248,,...,,2,,...,,...,,...,,...,,...,,...,,...,,28,,131,,23,,33,,37,,37,,...,,...,,...,,...,,...,,...,,ORDINARY,,False,4,kanpur_tehsil_1971,Kanpur,Uttar Pradesh,1971,format_003,kanpur_tehsil_001,kanpur_tehsil_1971.pdf,78092a508c4b5804d5327426c9271bfec9d4c2a0ccc1a091e9f207adcc26e61b,243,244,222,223,E:\Archival-Digitisation-Project\1971_Trimmed_PDF\Uttar_Pradesh\metadata\document.xlsx,4bf05d889c56070f43e73558469b6cab4e2a96f37cf6cc1e9a7aa54c7efd5abe,2026-08-30T20:54:03.950672+00:00
6,,Ghatampur,,184,,207,,33,,35,,11,,11,,...,,...,,1,,1,,4,,4,,9,,9,,4,,4,,3,,3,,1,,1,,...,,...,,27,,295,,...,,3,,301,,...,,...,,...,,...,,...,,...,,15,,...,,...,,56,,82,,4,,89,,35,,35,,...,,...,,1,,1,,...,,...,,ORDINARY,,False,5,kanpur_tehsil_1971,Kanpur,Uttar Pradesh,1971,format_003,kanpur_tehsil_001,kanpur_tehsil_1971.pdf,78092a508c4b5804d5327426c9271bfec9d4c2a0ccc1a091e9f207adcc26e61b,243,244,222,223,E:\Archival-Digitisation-Project\1971_Trimmed_PDF\Uttar_Pradesh\metadata\document.xlsx,4bf05d889c56070f43e73558469b6cab4e2a96f37cf6cc1e9a7aa54c7efd5abe,2026-08-30T20:54:03.950672+00:00
,,District Total,,"1,048",,"1,156",,184,,218,,58,,60,,...,,...,,3,,3,,43,,43,,40,,40,,21,,21,,7,,7,,17,,17,,...,,...,,155,,"1,908",,...,,76,,"1,885",,1,,9,,...,,...,,...,,...,,15,,...,,...,,266,,833,,47,,253,,197,,197,,...,,...,,6,,6,,4,,4,,TOTAL,,False,6,kanpur_tehsil_1971,Kanpur,Uttar Pradesh,1971,format_003,kanpur_tehsil_001,kanpur_tehsil_1971.pdf,78092a508c4b5804d5327426c9271bfec9d4c2a0ccc1a091e9f207adcc26e61b,243,244,222,223,E:\Archival-Digitisation-Project\1971_Trimmed_PDF\Uttar_Pradesh\metadata\document.xlsx,4bf05d889c56070f43e73558469b6cab4e2a96f37cf6cc1e9a7aa54c7efd5abe,2026-08-30T20:54:03.950672+00:00
1,,Nighasan,,231,,240,,8,,8,,6,,6,,...,,...,,...,,...,,10,,10,,36,,36,,4,,4,,3,,3,,6,,6,,...,,...,,77,,339,,...,,388,,356,,...,,5,,...,,...,,...,,...,,...,,...,,...,,114,,152,,1,,74,,33,,33,,...,,...,,3,,3,,5,,5,,ORDINARY,,False,0,kheri_tehsil_1971,Kheri,Uttar Pradesh,1971,format_003,kheri_tehsil_001,kheri_tehsil_1971.pdf,be9ea918887a1d6565864a6c203b9bfe3687a8c2ee019309d9f7ba393eaba78d,197,198,176,177,E:\Archival-Digitisation-Project\1971_Trimmed_PDF\Uttar_Pradesh\metadata\document.xlsx,4bf05d889c56070f43e73558469b6cab4e2a96f37cf6cc1e9a7aa54c7efd5abe,2026-08-31T05:22:19.904181+00:00
2,,Lakhimpur,,360,,377,,15,,17,,14,,15,,2,,2,,...,,...,,12,,16,,8,,8,,7,,7,,5,,6,,5,,5,,...,,...,,126,,559,,...,,605,,65,,17,,1,,...,,14,,...,,...,,...,,...,,...,,195,,500,,...,,...,,36,,36,,...,,...,,3,,3,,1,,1,,ORDINARY,,False,1,kheri_tehsil_1971,Kheri,Uttar Pradesh,1971,format_003,kheri_tehsil_001,kheri_tehsil_1971.pdf,be9ea918887a1d6565864a6c203b9bfe3687a8c2ee019309d9f7ba393eaba78d,197,198,176,177,E:\Archival-Digitisation-Project\1971_Trimmed_PDF\Uttar_Pradesh\metadata\document.xlsx,4bf05d889c56070f43e73558469b6cab4e2a96f37cf6cc1e9a7aa54c7efd5abe,2026-08-31T05:22:19.904181+00:00
3,,Mohamdi,,317,,324,,24,,27,,4,,4,,...,,...,,...,,...,,12,,12,,39,,40,,5,,5,,3,,3,,3,,3,,...,,...,,208,,452,,...,,148,,604,,...,,20,,...,,...,,...,,...,,...,,...,,...,,129,,464,,...,,...,,...,,...,,...,,...,,...,,...,,...,,...,,ORDINARY,,False,2,kheri_tehsil_1971,Kheri,Uttar Pradesh,1971,format_003,kheri_tehsil_001,kheri_tehsil_1971.pdf,be9ea918887a1d6565864a6c203b9bfe3687a8c2ee019309d9f7ba393eaba78d,197,198,176,177,E:\Archival-Digitisation-Project\1971_Trimmed_PDF\Uttar_Pradesh\metadata\document.xlsx,4bf05d889c56070f43e73558469b6cab4e2a96f37cf6cc1e9a7aa54c7efd5abe,2026-08-31T05:22:19.904181+00:00
,,District Total (Rural),,908,,941,,47,,52,,24,,25,,2,,2,,...,,...,,34,,38,,83,,84,,16,,16,,11,,12,,14,,14,,...,,...,,411,,"1,350",,...,,"1,141",,"1,025",,77,,26,,...,,14,,...,,...,,...,,...,,...,,438,,"1,116",,...,,...,,197,,197,,...,,...,,6,,6,,6,,6,,TOTAL,,False,3,kheri_tehsil_1971,Kheri,Uttar Pradesh,1971,format_003,kheri_tehsil_001,kheri_tehsil_1971.pdf,be9ea918887a1d6565864a6c203b9bfe3687a8c2ee019309d9f7ba393eaba78d,197,198,176,177,E:\Archival-Digitisation-Project\1971_Trimmed_PDF\Uttar_Pradesh\metadata\document.xlsx,4bf05d889c56070f43e73558469b6cab4e2a96f37cf6cc1e9a7aa54c7efd5abe,2026-08-31T05:22:19.904181+00:00
1,,Malihabad,,191,,201,,10,,11,,8,,10,,...,,...,,...,,...,,11,,12,,2,,2,,2,,2,,2,,2,,2,,2,,...,,...,,85,,296,,...,,8,,376,,6,,3,,...,,...,,...,,...,,3,,...,,...,,115,,73,,...,,...,,24,,24,,...,,...,,5,,...,,...,,...,,ORDINARY,,False,0,lucknow_tehsil_1971,Lucknow,Uttar Pradesh,1971,format_003,lucknow_tehsil_001,lucknow_tehsil_1971.pdf,28b0ee16066cb4b51abc4645c171ed11e14b69bc8229ea0389b227c6d417eaab,124,125,106,107,E:\Archival-Digitisation-Project\1971_Trimmed_PDF\Uttar_Pradesh\metadata\document.xlsx,4bf05d889c56070f43e73558469b6cab4e2a96f37cf6cc1e9a7aa54c7efd5abe,2026-08-30T21:00:54.418293+00:00
2,,Lucknow,,175,,183,,19,,20,,7,,7,,...,,...,,2,,2,,6,,6,,6,,6,,4,,4,,4,,4,,4,,4,,...,,...,,108,,200,,...,,2,,302,,22,,4,,...,,14,,...,,...,,1,,...,,...,,110,,107,,...,,...,,31,,31,,1,,1,,3,,3,,...,,...,,ORDINARY,,False,1,lucknow_tehsil_1971,Lucknow,Uttar Pradesh,1971,format_003,lucknow_tehsil_001,lucknow_tehsil_1971.pdf,28b0ee16066cb4b51abc4645c171ed11e14b69bc8229ea0389b227c6d417eaab,124,125,106,107,E:\Archival-Digitisation-Project\1971_Trimmed_PDF\Uttar_Pradesh\metadata\document.xlsx,4bf05d889c56070f43e73558469b6cab4e2a96f37cf6cc1e9a7aa54c7efd5abe,2026-08-30T21:00:54.418293+00:00
3,,Mohanlalganj,,135,,153,,12,,13,,4,,4,,...,,...,,...,,...,,10,,10,,4,,4,,7,,7,,4,,4,,5,,5,,...,,...,,41,,190,,...,,3,,227,,7,,...,,...,,...,,...,,...,,...,,...,,...,,76,,73,,...,,...,,23,,23,,...,,...,,4,,...,,...,,...,,ORDINARY,,False,2,lucknow_tehsil_1971,Lucknow,Uttar Pradesh,1971,format_003,lucknow_tehsil_001,lucknow_tehsil_1971.pdf,28b0ee16066cb4b51abc4645c171ed11e14b69bc8229ea0389b227c6d417eaab,124,125,106,107,E:\Archival-Digitisation-Project\1971_Trimmed_PDF\Uttar_Pradesh\metadata\document.xlsx,4bf05d889c56070f43e73558469b6cab4e2a96f37cf6cc1e9a7aa54c7efd5abe,2026-08-30T21:00:54.418293+00:00
,,District Total,,501,,537,,41,,44,,19,,21,,...,,...,,2,,2,,27,,28,,12,,12,,13,,13,,10,,10,,11,,11,,...,,...,,234,,686,,...,,13,,905,,35,,7,,...,,14,,...,,...,,4,,...,,...,,301,,253,,...,,...,,78,,78,,1,,1,,...,,...,,1,,...,,TOTAL,,False,3,lucknow_tehsil_1971,Lucknow,Uttar Pradesh,1971,format_003,lucknow_tehsil_001,lucknow_tehsil_1971.pdf,28b0ee16066cb4b51abc4645c171ed11e14b69bc8229ea0389b227c6d417eaab,124,125,106,107,E:\Archival-Digitisation-Project\1971_Trimmed_PDF\Uttar_Pradesh\metadata\document.xlsx,4bf05d889c56070f43e73558469b6cab4e2a96f37cf6cc1e9a7aa54c7efd5abe,2026-08-30T21:00:54.418293+00:00
1,,Shikohabad,,157,,187,,32,,38,,2,,2,,...,,...,,...,,...,,3,,3,,5,,5,,...,,...,,...,,...,,1,,1,,...,,...,,172,,119,,...,,32,,283,,1,,2,,...,,...,,...,,...,,1,,...,,...,,92,,94,,...,,1,,26,,28,,...,,...,,1,,1,,...,,...,,ORDINARY,,False,0,mainpuri_tehsil_1971,Mainpuri,Uttar Pradesh,1971,format_003,mainpuri_tehsil_001,mainpuri_tehsil_1971.pdf,025aea215f59014c07d9262cf0adafdbbc4189c1c4c74b9ad613807080cdded9,175,176,160,161,E:\Archival-Digitisation-Project\1971_Trimmed_PDF\Uttar_Pradesh\metadata\document.xlsx,4bf05d889c56070f43e73558469b6cab4e2a96f37cf6cc1e9a7aa54c7efd5abe,2026-08-30T21:03:42.887913+00:00
2,,Karhal,,115,,133,,17,,20,,1,,2,,1,,1,,...,,...,,4,,4,,1,,1,,...,,...,,...,,...,,1,,1,,...,,...,,55,,138,,...,,10,,190,,11,,4,,...,,1,,...,,...,,13,,...,,...,,55,,86,,...,,13,,16,,16,,1,,1,,...,,...,,1,,1,,ORDINARY,,False,1,mainpuri_tehsil_1971,Mainpuri,Uttar Pradesh,1971,format_003,mainpuri_tehsil_001,mainpuri_tehsil_1971.pdf,025aea215f59014c07d9262cf0adafdbbc4189c1c4c74b9ad613807080cdded9,175,176,160,161,E:\Archival-Digitisation-Project\1971_Trimmed_PDF\Uttar_Pradesh\metadata\document.xlsx,4bf05d889c56070f43e73558469b6cab4e2a96f37cf6cc1e9a7aa54c7efd5abe,2026-08-30T21:03:42.887913+00:00
3,,Mainpuri,,132,,202,,28,,33,,9,,9,,...,,...,,1,,1,,4,,4,,...,,...,,3,,3,,...,,...,,2,,2,,...,,...,,87,,168,,...,,42,,242,,2,,...,,...,,...,,...,,...,,5,,...,,...,,84,,164,,...,,4,,35,,35,,1,,1,,4,,4,,...,,...,,ORDINARY,,False,2,mainpuri_tehsil_1971,Mainpuri,Uttar Pradesh,1971,format_003,mainpuri_tehsil_001,mainpuri_tehsil_1971.pdf,025aea215f59014c07d9262cf0adafdbbc4189c1c4c74b9ad613807080cdded9,175,176,160,161,E:\Archival-Digitisation-Project\1971_Trimmed_PDF\Uttar_Pradesh\metadata\document.xlsx,4bf05d889c56070f43e73558469b6cab4e2a96f37cf6cc1e9a7aa54c7efd5abe,2026-08-30T21:03:42.887913+00:00
4,,Jasrana,,142,,172,,18,,19,,9,,11,,...,,...,,...,,...,,5,,5,,...,,...,,6,,6,,...,,...,,3,,3,,...,,...,,110,,165,,...,,1,,239,,...,,...,,...,,...,,...,,...,,...,,...,,...,,58,,53,,...,,59,,27,,27,,1,,1,,2,,2,,1,,1,,ORDINARY,,False,3,mainpuri_tehsil_1971,Mainpuri,Uttar Pradesh,1971,format_003,mainpuri_tehsil_001,mainpuri_tehsil_1971.pdf,025aea215f59014c07d9262cf0adafdbbc4189c1c4c74b9ad613807080cdded9,175,176,160,161,E:\Archival-Digitisation-Project\1971_Trimmed_PDF\Uttar_Pradesh\metadata\document.xlsx,4bf05d889c56070f43e73558469b6cab4e2a96f37cf6cc1e9a7aa54c7efd5abe,2026-08-30T21:03:42.887913+00:00
5,,Bhongaon,,232,,323,,41,,44,,12,,12,,3,,3,,...,,...,,10,,10,,4,,4,,4,,4,,2,,2,,4,,4,,...,,...,,41,,373,,...,,145,,389,,...,,...,,...,,...,,...,,...,,...,,...,,...,,101,,30,,6,,21,,49,,49,,2,,2,,...,,...,,...,,...,,ORDINARY,,False,4,mainpuri_tehsil_1971,Mainpuri,Uttar Pradesh,1971,format_003,mainpuri_tehsil_001,mainpuri_tehsil_1971.pdf,025aea215f59014c07d9262cf0adafdbbc4189c1c4c74b9ad613807080cdded9,175,176,160,161,E:\Archival-Digitisation-Project\1971_Trimmed_PDF\Uttar_Pradesh\metadata\document.xlsx,4bf05d889c56070f43e73558469b6cab4e2a96f37cf6cc1e9a7aa54c7efd5abe,2026-08-30T21:03:42.887913+00:00
,,District Total,,778,,"1,017",,136,,154,,33,,36,,4,,4,,1,,1,,26,,26,,10,,10,,13,,13,,2,,2,,11,,11,,...,,...,,465,,964,,...,,230,,"1,343",,14,,6,,...,,1,,...,,...,,19,,...,,...,,390,,427,,6,,101,,155,,155,,5,,5,,7,,7,,2,,2,,TOTAL,,False,5,mainpuri_tehsil_1971,Mainpuri,Uttar Pradesh,1971,format_003,mainpuri_tehsil_001,mainpuri_tehsil_1971.pdf,025aea215f59014c07d9262cf0adafdbbc4189c1c4c74b9ad613807080cdded9,175,176,160,161,E:\Archival-Digitisation-Project\1971_Trimmed_PDF\Uttar_Pradesh\metadata\document.xlsx,4bf05d889c56070f43e73558469b6cab4e2a96f37cf6cc1e9a7aa54c7efd5abe,2026-08-30T21:03:42.887913+00:00
1,,Chhata,,135,,152,,10,,10,,4,,4,,...,,...,,...,,...,,6,,6,,5,,5,,9,,9,,1,,1,,5,,5,,...,,...,,5,,201,,...,,5,,170,,1,,12,,...,,...,,...,,...,,...,,...,,...,,35,,32,,5,,11,,33,,33,,...,,...,,1,,1,,4,,4,,ORDINARY,,False,0,mathura_tehsil_1971,Mathura,Uttar Pradesh,1971,format_003,mathura_tehsil_001,mathura_tehsil_1971.pdf,a0f31ea32684970d84ec7d38b8e42ca6e67527718b4440708dbc4a8b0f3fcacd,133,134,114,115,E:\Archival-Digitisation-Project\1971_Trimmed_PDF\Uttar_Pradesh\metadata\document.xlsx,4bf05d889c56070f43e73558469b6cab4e2a96f37cf6cc1e9a7aa54c7efd5abe,2026-08-30T21:07:38.310780+00:00
2,,Mathura,,171,,215,,21,,21,,6,,6,,2,,2,,...,,...,,1,,1,,14,,14,,8,,8,,1,,1,,6,,6,,...,,...,,42,,214,,...,,...,,212,,3,,...,,...,,...,,...,,...,,3,,...,,...,,55,,43,,19,,29,,35,,35,,3,,3,,5,,5,,7,,7,,ORDINARY,,False,1,mathura_tehsil_1971,Mathura,Uttar Pradesh,1971,format_003,mathura_tehsil_001,mathura_tehsil_1971.pdf,a0f31ea32684970d84ec7d38b8e42ca6e67527718b4440708dbc4a8b0f3fcacd,133,134,114,115,E:\Archival-Digitisation-Project\1971_Trimmed_PDF\Uttar_Pradesh\metadata\document.xlsx,4bf05d889c56070f43e73558469b6cab4e2a96f37cf6cc1e9a7aa54c7efd5abe,2026-08-30T21:07:38.310780+00:00
3,,Mat,,170,,204,,24,,24,,10,,10,,...,,...,,...,,...,,16,,17,,...,,...,,2,,2,,1,,1,,3,,3,,...,,...,,46,,278,,...,,35,,256,,...,,3,,...,,7,,...,,...,,44,,...,,...,,44,,29,,7,,71,,47,,47,,...,,...,,1,,1,,1,,1,,ORDINARY,,False,2,mathura_tehsil_1971,Mathura,Uttar Pradesh,1971,format_003,mathura_tehsil_001,mathura_tehsil_1971.pdf,a0f31ea32684970d84ec7d38b8e42ca6e67527718b4440708dbc4a8b0f3fcacd,133,134,114,115,E:\Archival-Digitisation-Project\1971_Trimmed_PDF\Uttar_Pradesh\metadata\document.xlsx,4bf05d889c56070f43e73558469b6cab4e2a96f37cf6cc1e9a7aa54c7efd5abe,2026-08-30T21:07:38.310780+00:00
4,,Sadabad,,164,,180,,20,,20,,2,,2,,2,,2,,...,,...,,8,,8,,20,,20,,...,,...,,...,,...,,3,,3,,...,,...,,97,,125,,...,,1,,214,,...,,...,,...,,...,,...,,...,,11,,...,,...,,56,,46,,...,,7,,36,,36,,...,,...,,...,,...,,...,,...,,ORDINARY,,False,3,mathura_tehsil_1971,Mathura,Uttar Pradesh,1971,format_003,mathura_tehsil_001,mathura_tehsil_1971.pdf,a0f31ea32684970d84ec7d38b8e42ca6e67527718b4440708dbc4a8b0f3fcacd,133,134,114,115,E:\Archival-Digitisation-Project\1971_Trimmed_PDF\Uttar_Pradesh\metadata\document.xlsx,4bf05d889c56070f43e73558469b6cab4e2a96f37cf6cc1e9a7aa54c7efd5abe,2026-08-30T21:07:38.310780+00:00
,,District Total,,640,,751,,75,,75,,22,,22,,4,,4,,...,,...,,31,,32,,39,,39,,19,,19,,3,,3,,17,,17,,...,,...,,190,,818,,...,,41,,852,,4,,15,,...,,7,,...,,...,,59,,...,,...,,190,,150,,31,,118,,151,,151,,3,,3,,7,,7,,12,,12,,TOTAL,,False,4,mathura_tehsil_1971,Mathura,Uttar Pradesh,1971,format_003,mathura_tehsil_001,mathura_tehsil_1971.pdf,a0f31ea32684970d84ec7d38b8e42ca6e67527718b4440708dbc4a8b0f3fcacd,133,134,114,115,E:\Archival-Digitisation-Project\1971_Trimmed_PDF\Uttar_Pradesh\metadata\document.xlsx,4bf05d889c56070f43e73558469b6cab4e2a96f37cf6cc1e9a7aa54c7efd5abe,2026-08-30T21:07:38.310780+00:00
1,,Baghpat,,191,,250,,23,,25,,20,,20,,...,,...,,...,,...,,5,,6,,3,,3,,...,,...,,1,,1,,1,,1,,...,,...,,123,,131,,...,,214,,215,,...,,2,,...,,...,,...,,...,,...,,...,,...,,54,,59,,22,,36,,68,,68,,...,,...,,4,,4,,3,,3,,ORDINARY,,False,0,meerut_tehsil_1971,Meerut,Uttar Pradesh,1971,format_003,meerut_tehsil_001,meerut_tehsil_1971.pdf,d289bc43edfdbc443fd090cc05d367fd09b46ddbcf762e5c568eff2917bba93e,214,215,194,195,E:\Archival-Digitisation-Project\1971_Trimmed_PDF\Uttar_Pradesh\metadata\document.xlsx,4bf05d889c56070f43e73558469b6cab4e2a96f37cf6cc1e9a7aa54c7efd5abe,2026-08-30T21:23:46.314353+00:00
2,,Ghaziabad,,205,,238,,16,,17,,14,,14,,...,,...,,...,,...,,5,,5,,4,,4,,3,,3,,1,,1,,1,,1,,...,,...,,113,,219,,...,,293,,295,,...,,...,,...,,...,,...,,...,,3,,...,,...,,89,,53,,4,,22,,65,,65,,...,,...,,...,,...,,2,,2,,ORDINARY,,False,1,meerut_tehsil_1971,Meerut,Uttar Pradesh,1971,format_003,meerut_tehsil_001,meerut_tehsil_1971.pdf,d289bc43edfdbc443fd090cc05d367fd09b46ddbcf762e5c568eff2917bba93e,214,215,194,195,E:\Archival-Digitisation-Project\1971_Trimmed_PDF\Uttar_Pradesh\metadata\document.xlsx,4bf05d889c56070f43e73558469b6cab4e2a96f37cf6cc1e9a7aa54c7efd5abe,2026-08-30T21:23:46.314353+00:00
3,,Sardhana,,186,,196,,18,,19,,17,,19,,...,,...,,...,,...,,7,,7,,3,,3,,...,,...,,...,,...,,...,,...,,...,,...,,134,,72,,...,,194,,185,,...,,...,,...,,...,,...,,...,,...,,...,,...,,73,,103,,6,,10,,69,,69,,...,,...,,1,,1,,1,,1,,ORDINARY,,False,2,meerut_tehsil_1971,Meerut,Uttar Pradesh,1971,format_003,meerut_tehsil_001,meerut_tehsil_1971.pdf,d289bc43edfdbc443fd090cc05d367fd09b46ddbcf762e5c568eff2917bba93e,214,215,194,195,E:\Archival-Digitisation-Project\1971_Trimmed_PDF\Uttar_Pradesh\metadata\document.xlsx,4bf05d889c56070f43e73558469b6cab4e2a96f37cf6cc1e9a7aa54c7efd5abe,2026-08-30T21:23:46.314353+00:00
4,,Meerut,,167,,188,,10,,11,,14,,14,,...,,...,,...,,...,,9,,9,,4,,4,,1,,1,,1,,1,,...,,...,,...,,...,,142,,87,,...,,41,,215,,...,,...,,...,,...,,...,,...,,...,,...,,...,,116,,70,,6,,20,,41,,41,,...,,...,,3,,3,,2,,2,,ORDINARY,,False,3,meerut_tehsil_1971,Meerut,Uttar Pradesh,1971,format_003,meerut_tehsil_001,meerut_tehsil_1971.pdf,d289bc43edfdbc443fd090cc05d367fd09b46ddbcf762e5c568eff2917bba93e,214,215,194,195,E:\Archival-Digitisation-Project\1971_Trimmed_PDF\Uttar_Pradesh\metadata\document.xlsx,4bf05d889c56070f43e73558469b6cab4e2a96f37cf6cc1e9a7aa54c7efd5abe,2026-08-30T21:23:46.314353+00:00
5,,Mawana,,169,,205,,24,,26,,5,,5,,...,,...,,...,,...,,2,,2,,2,,2,,...,,...,,...,,...,,1,,1,,...,,...,,90,,216,,...,,252,,208,,...,,...,,...,,...,,...,,...,,...,,...,,...,,111,,92,,8,,...,,36,,36,,...,,...,,1,,1,,3,,3,,ORDINARY,,False,4,meerut_tehsil_1971,Meerut,Uttar Pradesh,1971,format_003,meerut_tehsil_001,meerut_tehsil_1971.pdf,d289bc43edfdbc443fd090cc05d367fd09b46ddbcf762e5c568eff2917bba93e,214,215,194,195,E:\Archival-Digitisation-Project\1971_Trimmed_PDF\Uttar_Pradesh\metadata\document.xlsx,4bf05d889c56070f43e73558469b6cab4e2a96f37cf6cc1e9a7aa54c7efd5abe,2026-08-30T21:23:46.314353+00:00
6,,Hapur,,181,,200,,21,,23,,7,,7,,...,,...,,...,,...,,5,,5,,4,,4,,...,,...,,...,,...,,...,,...,,...,,...,,174,,158,,...,,292,,290,,...,,2,,...,,...,,...,,...,,...,,...,,...,,89,,166,,14,,18,,62,,62,,...,,...,,1,,1,,1,,1,,ORDINARY,,False,5,meerut_tehsil_1971,Meerut,Uttar Pradesh,1971,format_003,meerut_tehsil_001,meerut_tehsil_1971.pdf,d289bc43edfdbc443fd090cc05d367fd09b46ddbcf762e5c568eff2917bba93e,214,215,194,195,E:\Archival-Digitisation-Project\1971_Trimmed_PDF\Uttar_Pradesh\metadata\document.xlsx,4bf05d889c56070f43e73558469b6cab4e2a96f37cf6cc1e9a7aa54c7efd5abe,2026-08-30T21:23:46.314353+00:00
,,District Total,,"1,081",,"1,307",,114,,120,,77,,80,,2,,2,,...,,...,,34,,34,,22,,20,,4,,4,,5,,3,,3,,3,,...,,...,,776,,883,,...,,"1,460",,"1,448",,...,,5,,...,,...,,...,,...,,4,,...,,...,,529,,543,,60,,106,,332,,332,,...,,...,,10,,10,,12,,12,,TOTAL,,False,6,meerut_tehsil_1971,Meerut,Uttar Pradesh,1971,format_003,meerut_tehsil_001,meerut_tehsil_1971.pdf,d289bc43edfdbc443fd090cc05d367fd09b46ddbcf762e5c568eff2917bba93e,214,215,194,195,E:\Archival-Digitisation-Project\1971_Trimmed_PDF\Uttar_Pradesh\metadata\document.xlsx,4bf05d889c56070f43e73558469b6cab4e2a96f37cf6cc1e9a7aa54c7efd5abe,2026-08-30T21:23:46.314353+00:00
1,,Hasanpur,,233,,233,,17,,17,,5,,5,,...,,...,,...,,...,,9,,9,,...,,...,,3,,3,,...,,...,,...,,...,,...,,...,,141,,550,,...,,442,,525,,...,,...,,...,,...,,...,,...,,...,,...,,...,,91,,427,,19,,23,,24,,24,,...,,...,,3,,3,,...,,...,,ORDINARY,,False,0,moradabad_tehsil_1971,Moradabad,Uttar Pradesh,1971,format_003,moradabad_tehsil_001,moradabad_tehsil_1971.pdf,6ae54a33b2a25637d00fb99ac649519c6544a61e4788100298f8e3e25e123707,320,321,304,305,E:\Archival-Digitisation-Project\1971_Trimmed_PDF\Uttar_Pradesh\metadata\document.xlsx,4bf05d889c56070f43e73558469b6cab4e2a96f37cf6cc1e9a7aa54c7efd5abe,2026-08-30T21:38:16.138756+00:00
2,,Sambhal,,246,,249,,17,,17,,6,,6,,...,,...,,...,,...,,11,,11,,...,,...,,...,,...,,2,,2,,...,,...,,...,,...,,196,,336,,...,,485,,497,,...,,...,,...,,...,,...,,...,,...,,...,,...,,91,,369,,45,,8,,38,,38,,...,,...,,...,,...,,...,,...,,ORDINARY,,False,1,moradabad_tehsil_1971,Moradabad,Uttar Pradesh,1971,format_003,moradabad_tehsil_001,moradabad_tehsil_1971.pdf,6ae54a33b2a25637d00fb99ac649519c6544a61e4788100298f8e3e25e123707,320,321,304,305,E:\Archival-Digitisation-Project\1971_Trimmed_PDF\Uttar_Pradesh\metadata\document.xlsx,4bf05d889c56070f43e73558469b6cab4e2a96f37cf6cc1e9a7aa54c7efd5abe,2026-08-30T21:38:16.138756+00:00
3,,Amroha,,240,,257,,19,,20,,2,,2,,...,,...,,...,,...,,3,,3,,1,,1,,...,,...,,3,,3,,1,,1,,...,,...,,259,,343,,...,,490,,506,,2,,...,,...,,...,,...,,...,,4,,...,,...,,73,,404,,32,,41,,31,,31,,...,,...,,...,,...,,...,,...,,ORDINARY,,False,2,moradabad_tehsil_1971,Moradabad,Uttar Pradesh,1971,format_003,moradabad_tehsil_001,moradabad_tehsil_1971.pdf,6ae54a33b2a25637d00fb99ac649519c6544a61e4788100298f8e3e25e123707,320,321,304,305,E:\Archival-Digitisation-Project\1971_Trimmed_PDF\Uttar_Pradesh\metadata\document.xlsx,4bf05d889c56070f43e73558469b6cab4e2a96f37cf6cc1e9a7aa54c7efd5abe,2026-08-30T21:38:16.138756+00:00
4,,Thakurdwara,,124,,134,,15,,15,,4,,4,,...,,...,,...,,...,,3,,3,,...,,...,,5,,5,,1,,1,,1,,1,,...,,...,,45,,294,,...,,238,,238,,...,,...,,...,,...,,...,,...,,...,,...,,...,,19,,194,,23,,...,,24,,24,,...,,...,,...,,...,,...,,...,,ORDINARY,,False,3,moradabad_tehsil_1971,Moradabad,Uttar Pradesh,1971,format_003,moradabad_tehsil_001,moradabad_tehsil_1971.pdf,6ae54a33b2a25637d00fb99ac649519c6544a61e4788100298f8e3e25e123707,320,321,304,305,E:\Archival-Digitisation-Project\1971_Trimmed_PDF\Uttar_Pradesh\metadata\document.xlsx,4bf05d889c56070f43e73558469b6cab4e2a96f37cf6cc1e9a7aa54c7efd5abe,2026-08-30T21:38:16.138756+00:00
5,,Moradabad,,158,,160,,11,,11,,3,,3,,...,,...,,1,,1,,2,,2,,7,,7,,3,,3,,...,,...,,3,,3,,...,,...,,41,,300,,...,,242,,278,,...,,...,,...,,...,,...,,...,,1,,...,,...,,184,,62,,14,,53,,24,,24,,...,,...,,...,,...,,...,,...,,ORDINARY,,False,4,moradabad_tehsil_1971,Moradabad,Uttar Pradesh,1971,format_003,moradabad_tehsil_001,moradabad_tehsil_1971.pdf,6ae54a33b2a25637d00fb99ac649519c6544a61e4788100298f8e3e25e123707,320,321,304,305,E:\Archival-Digitisation-Project\1971_Trimmed_PDF\Uttar_Pradesh\metadata\document.xlsx,4bf05d889c56070f43e73558469b6cab4e2a96f37cf6cc1e9a7aa54c7efd5abe,2026-08-30T21:38:16.138756+00:00
6,,Bilari,,175,,177,,8,,9,,3,,3,,...,,...,,...,,...,,7,,7,,4,,4,,2,,2,,...,,...,,3,,3,,...,,...,,275,,174,,...,,390,,390,,1,,...,,...,,...,,...,,...,,...,,...,,...,,184,,204,,2,,2,,29,,29,,...,,...,,...,,1,,...,,...,,ORDINARY,,False,5,moradabad_tehsil_1971,Moradabad,Uttar Pradesh,1971,format_003,moradabad_tehsil_001,moradabad_tehsil_1971.pdf,6ae54a33b2a25637d00fb99ac649519c6544a61e4788100298f8e3e25e123707,320,321,304,305,E:\Archival-Digitisation-Project\1971_Trimmed_PDF\Uttar_Pradesh\metadata\document.xlsx,4bf05d889c56070f43e73558469b6cab4e2a96f37cf6cc1e9a7aa54c7efd5abe,2026-08-30T21:38:16.138756+00:00
,,District Total (Rural),,"1,176",,"1,210",,87,,89,,23,,23,,...,,...,,1,,1,,35,,35,,12,,12,,13,,13,,6,,6,,8,,8,,...,,...,,957,,"1,997",,...,,"2,287",,"2,434",,3,,...,,...,,...,,...,,...,,5,,...,,...,,642,,"1,660",,135,,127,,170,,170,,...,,...,,...,,4,,...,,...,,TOTAL,,False,6,moradabad_tehsil_1971,Moradabad,Uttar Pradesh,1971,format_003,moradabad_tehsil_001,moradabad_tehsil_1971.pdf,6ae54a33b2a25637d00fb99ac649519c6544a61e4788100298f8e3e25e123707,320,321,304,305,E:\Archival-Digitisation-Project\1971_Trimmed_PDF\Uttar_Pradesh\metadata\document.xlsx,4bf05d889c56070f43e73558469b6cab4e2a96f37cf6cc1e9a7aa54c7efd5abe,2026-08-30T21:38:16.138756+00:00
1,,Kairana,,173,,227,,36,,39,,4,,5,,1,,1,,1,,1,,8,,8,,2,,2,,6,,6,,2,,2,,3,,3,,...,,...,,96,,178,,...,,240,,231,,1,,1,,...,,...,,...,,...,,...,,...,,...,,49,,142,,33,,6,,47,,47,,...,,...,,4,,4,,2,,2,,ORDINARY,,False,0,muzaffarnagar_tehsil_1971,Muzaffarnagar,Uttar Pradesh,1971,format_003,muzaffarnagar_tehsil_001,muzaffarnagar_tehsil_1971.pdf,d76481430ed7a9ac07f23acbe31d29716034ed4d504bc5bbc9e6e4b3cf5c1463,138,139,122,123,E:\Archival-Digitisation-Project\1971_Trimmed_PDF\Uttar_Pradesh\metadata\document.xlsx,4bf05d889c56070f43e73558469b6cab4e2a96f37cf6cc1e9a7aa54c7efd5abe,2026-08-30T21:42:27.920584+00:00
2,,Muzaffarnagar,,187,,219,,20,,21,,14,,14,,...,,...,,...,,...,,5,,5,,7,,7,,5,,5,,...,,...,,1,,1,,...,,...,,107,,218,,...,,275,,223,,...,,...,,...,,2,,...,,...,,...,,...,,...,,75,,139,,44,,10,,58,,58,,1,,1,,1,,1,,3,,3,,ORDINARY,,False,1,muzaffarnagar_tehsil_1971,Muzaffarnagar,Uttar Pradesh,1971,format_003,muzaffarnagar_tehsil_001,muzaffarnagar_tehsil_1971.pdf,d76481430ed7a9ac07f23acbe31d29716034ed4d504bc5bbc9e6e4b3cf5c1463,138,139,122,123,E:\Archival-Digitisation-Project\1971_Trimmed_PDF\Uttar_Pradesh\metadata\document.xlsx,4bf05d889c56070f43e73558469b6cab4e2a96f37cf6cc1e9a7aa54c7efd5abe,2026-08-30T21:42:27.920584+00:00
3,,Budhana,,130,,178,,25,,29,,8,,9,,...,,...,,...,,...,,8,,9,,6,,6,,5,,5,,3,,3,,1,,1,,...,,...,,108,,60,,...,,144,,142,,...,,...,,...,,...,,...,,...,,2,,...,,...,,51,,92,,13,,7,,49,,49,,...,,...,,2,,2,,5,,5,,ORDINARY,,False,2,muzaffarnagar_tehsil_1971,Muzaffarnagar,Uttar Pradesh,1971,format_003,muzaffarnagar_tehsil_001,muzaffarnagar_tehsil_1971.pdf,d76481430ed7a9ac07f23acbe31d29716034ed4d504bc5bbc9e6e4b3cf5c1463,138,139,122,123,E:\Archival-Digitisation-Project\1971_Trimmed_PDF\Uttar_Pradesh\metadata\document.xlsx,4bf05d889c56070f43e73558469b6cab4e2a96f37cf6cc1e9a7aa54c7efd5abe,2026-08-30T21:42:27.920584+00:00
4,,Jansath,,178,,216,,23,,26,,12,,12,,...,,...,,...,,...,,5,,5,,5,,5,,2,,2,,...,,...,,1,,1,,...,,...,,145,,175,,...,,238,,230,,...,,...,,1,,...,,1,,...,,1,,...,,...,,94,,114,,28,,4,,46,,46,,...,,...,,3,,3,,5,,5,,ORDINARY,,False,3,muzaffarnagar_tehsil_1971,Muzaffarnagar,Uttar Pradesh,1971,format_003,muzaffarnagar_tehsil_001,muzaffarnagar_tehsil_1971.pdf,d76481430ed7a9ac07f23acbe31d29716034ed4d504bc5bbc9e6e4b3cf5c1463,138,139,122,123,E:\Archival-Digitisation-Project\1971_Trimmed_PDF\Uttar_Pradesh\metadata\document.xlsx,4bf05d889c56070f43e73558469b6cab4e2a96f37cf6cc1e9a7aa54c7efd5abe,2026-08-30T21:42:27.920584+00:00
,,District Total (Rural),,668,,840,,104,,115,,38,,40,,1,,1,,1,,1,,26,,27,,20,,20,,18,,18,,5,,5,,6,,6,,...,,...,,456,,631,,...,,897,,926,,1,,1,,1,,2,,1,,...,,3,,...,,1,,269,,487,,118,,27,,200,,200,,1,,1,,10,,10,,15,,15,,TOTAL,,False,4,muzaffarnagar_tehsil_1971,Muzaffarnagar,Uttar Pradesh,1971,format_003,muzaffarnagar_tehsil_001,muzaffarnagar_tehsil_1971.pdf,d76481430ed7a9ac07f23acbe31d29716034ed4d504bc5bbc9e6e4b3cf5c1463,138,139,122,123,E:\Archival-Digitisation-Project\1971_Trimmed_PDF\Uttar_Pradesh\metadata\document.xlsx,4bf05d889c56070f43e73558469b6cab4e2a96f37cf6cc1e9a7aa54c7efd5abe,2026-08-30T21:42:27.920584+00:00
1,,Nainital,,273,,288,,29,,28,,14,,15,,...,,...,,...,,...,,6,,6,,13,,13,,10,,10,,1,,1,,5,,5,,...,,...,,70,,558,,257,,...,,...,,1,,40,,367,,7,,...,,...,,...,,...,,-,,89,,463,,68,,425,,23,,6,,45,,...,,6,,6,,7,,7,,ORDINARY,,False,0,nainital_tehsil_1971,Nainital,Uttar Pradesh,1971,format_003,nainital_tehsil_001,nainital_tehsil_1971.pdf,1d7c4106c18b07b5902beb242dacf46cb8c6e6fba2313bdb542d680d8087cdf1,213,214,194,195,E:\Archival-Digitisation-Project\1971_Trimmed_PDF\Uttar_Pradesh\metadata\document.xlsx,4bf05d889c56070f43e73558469b6cab4e2a96f37cf6cc1e9a7aa54c7efd5abe,2026-08-30T21:47:53.910273+00:00
2,,Haldwani,,63,,70,,10,,10,,3,,3,,-,,...,,...,,...,,5,,5,,4,,4,,3,,3,,...,,...,,1,,1,,...,,...,,7,,364,,...,,...,,...,,...,,198,,2,,189,,...,,...,,8,,...,,-,,88,,296,,70,,278,,15,,3,,18,,...,,2,,2,,2,,2,,ORDINARY,,False,1,nainital_tehsil_1971,Nainital,Uttar Pradesh,1971,format_003,nainital_tehsil_001,nainital_tehsil_1971.pdf,1d7c4106c18b07b5902beb242dacf46cb8c6e6fba2313bdb542d680d8087cdf1,213,214,194,195,E:\Archival-Digitisation-Project\1971_Trimmed_PDF\Uttar_Pradesh\metadata\document.xlsx,4bf05d889c56070f43e73558469b6cab4e2a96f37cf6cc1e9a7aa54c7efd5abe,2026-08-30T21:47:53.910273+00:00
3,,Kashipur,,92,,102,,19,,19,,1,,1,,...,,...,,...,,...,,4,,4,,1,,1,,2,,2,,...,,...,,...,,...,,...,,...,,73,,234,,15,,233,,122,,1,,15,,...,,96,,...,,...,,15,,...,,...,,108,,219,,46,,154,,41,,35,,14,,...,,2,,2,,5,,5,,ORDINARY,,False,2,nainital_tehsil_1971,Nainital,Uttar Pradesh,1971,format_003,nainital_tehsil_001,nainital_tehsil_1971.pdf,1d7c4106c18b07b5902beb242dacf46cb8c6e6fba2313bdb542d680d8087cdf1,213,214,194,195,E:\Archival-Digitisation-Project\1971_Trimmed_PDF\Uttar_Pradesh\metadata\document.xlsx,4bf05d889c56070f43e73558469b6cab4e2a96f37cf6cc1e9a7aa54c7efd5abe,2026-08-30T21:47:53.910273+00:00
4,,Kichha,,107,,119,,15,,16,,6,,6,,1,,1,,...,,...,,10,,10,,4,,4,,9,,9,,3,,3,,5,,5,,...,,...,,118,,171,,...,,223,,77,,...,,11,,...,,...,,...,,...,,74,,...,,...,,153,,195,,67,,91,,37,,76,,14,,...,,7,,7,,12,,12,,ORDINARY,,False,3,nainital_tehsil_1971,Nainital,Uttar Pradesh,1971,format_003,nainital_tehsil_001,nainital_tehsil_1971.pdf,1d7c4106c18b07b5902beb242dacf46cb8c6e6fba2313bdb542d680d8087cdf1,213,214,194,195,E:\Archival-Digitisation-Project\1971_Trimmed_PDF\Uttar_Pradesh\metadata\document.xlsx,4bf05d889c56070f43e73558469b6cab4e2a96f37cf6cc1e9a7aa54c7efd5abe,2026-08-30T21:47:53.910273+00:00
5,,Khatima,,70,,70,,6,,8,,1,,1,,...,,...,,...,,...,,7,,7,,...,,...,,2,,2,,...,,...,,2,,2,,...,,...,,35,,209,,...,,219,,114,,...,,14,,...,,1,,...,,...,,...,,...,,...,,75,,195,,34,,154,,25,,19,,11,,...,,3,,3,,1,,1,,ORDINARY,,False,4,nainital_tehsil_1971,Nainital,Uttar Pradesh,1971,format_003,nainital_tehsil_001,nainital_tehsil_1971.pdf,1d7c4106c18b07b5902beb242dacf46cb8c6e6fba2313bdb542d680d8087cdf1,213,214,194,195,E:\Archival-Digitisation-Project\1971_Trimmed_PDF\Uttar_Pradesh\metadata\document.xlsx,4bf05d889c56070f43e73558469b6cab4e2a96f37cf6cc1e9a7aa54c7efd5abe,2026-08-30T21:47:53.910273+00:00
,,District Total,,605,,469,,79,,81,,25,,26,,1,,1,,...,,...,,32,,32,,22,,22,,26,,26,,4,,4,,13,,13,,...,,-,,253,,"1,535",,272,,675,,313,,2,,278,,369,,293,,...,,...,,97,,...,,-,,513,,"1,368",,285,,"1,102",,141,,139,,102,,...,,20,,20,,27,,27,,TOTAL,,False,5,nainital_tehsil_1971,Nainital,Uttar Pradesh,1971,format_003,nainital_tehsil_001,nainital_tehsil_1971.pdf,1d7c4106c18b07b5902beb242dacf46cb8c6e6fba2313bdb542d680d8087cdf1,213,214,194,195,E:\Archival-Digitisation-Project\1971_Trimmed_PDF\Uttar_Pradesh\metadata\document.xlsx,4bf05d889c56070f43e73558469b6cab4e2a96f37cf6cc1e9a7aa54c7efd5abe,2026-08-30T21:47:53.910273+00:00
1,,Kunda,,249,,253,,22,,22,,10,,10,,1,,1,,1,,1,,4,,4,,6,,6,,2,,2,,...,,...,,2,,2,,...,,...,,62,,642,,...,,...,,645,,...,,64,,...,,1,,...,,...,,...,,...,,...,,277,,260,,27,,52,,73,,73,,...,,...,,4,,4,,1,,1,,ORDINARY,,False,0,parthpgad_tehsil_1971,Pratapgarh,Uttar Pradesh,1971,format_003,parthpgad_tehsil_001,parthpgad_tehsil_1971.pdf,f0c2367b1d09602a1584b140b56726e00b0f78f40bf814e5fc62d3c050da2938,237,238,218,219,E:\Archival-Digitisation-Project\1971_Trimmed_PDF\Uttar_Pradesh\metadata\document.xlsx,4bf05d889c56070f43e73558469b6cab4e2a96f37cf6cc1e9a7aa54c7efd5abe,2026-08-30T21:54:50.537461+00:00
2,,Pratapgarh,,219,,220,,32,,32,,13,,13,,1,,1,,...,,...,,14,,14,,2,,2,,6,,6,,1,,1,,5,,5,,...,,...,,51,,653,,...,,...,,690,,...,,190,,...,,...,,...,,...,,...,,...,,...,,560,,137,,10,,53,,89,,89,,...,,...,,4,,4,,1,,1,,ORDINARY,,False,1,parthpgad_tehsil_1971,Pratapgarh,Uttar Pradesh,1971,format_003,parthpgad_tehsil_001,parthpgad_tehsil_1971.pdf,f0c2367b1d09602a1584b140b56726e00b0f78f40bf814e5fc62d3c050da2938,237,238,218,219,E:\Archival-Digitisation-Project\1971_Trimmed_PDF\Uttar_Pradesh\metadata\document.xlsx,4bf05d889c56070f43e73558469b6cab4e2a96f37cf6cc1e9a7aa54c7efd5abe,2026-08-30T21:54:50.537461+00:00
3,,Patti,,212,,217,,28,,29,,12,,12,,...,,...,,4,,4,,17,,17,,4,,5,,1,,1,,1,,1,,2,,2,,...,,...,,11,,815,,...,,...,,815,,...,,48,,...,,1,,...,,...,,1,,...,,...,,205,,319,,8,,141,,68,,68,,...,,...,,3,,3,,...,,...,,ORDINARY,,False,2,parthpgad_tehsil_1971,Pratapgarh,Uttar Pradesh,1971,format_003,parthpgad_tehsil_001,parthpgad_tehsil_1971.pdf,f0c2367b1d09602a1584b140b56726e00b0f78f40bf814e5fc62d3c050da2938,237,238,218,219,E:\Archival-Digitisation-Project\1971_Trimmed_PDF\Uttar_Pradesh\metadata\document.xlsx,4bf05d889c56070f43e73558469b6cab4e2a96f37cf6cc1e9a7aa54c7efd5abe,2026-08-30T21:54:50.537461+00:00
,,Distt. Total (Rural),,680,,690,,82,,83,,35,,35,,2,,2,,5,,5,,35,,35,,12,,13,,9,,9,,2,,2,,9,,9,,...,,...,,124,,"2,110",,...,,...,,"2,150",,...,,302,,...,,2,,...,,...,,1,,...,,...,,"1,042",,716,,45,,246,,230,,230,,...,,...,,11,,11,,2,,2,,TOTAL,,False,3,parthpgad_tehsil_1971,Pratapgarh,Uttar Pradesh,1971,format_003,parthpgad_tehsil_001,parthpgad_tehsil_1971.pdf,f0c2367b1d09602a1584b140b56726e00b0f78f40bf814e5fc62d3c050da2938,237,238,218,219,E:\Archival-Digitisation-Project\1971_Trimmed_PDF\Uttar_Pradesh\metadata\document.xlsx,4bf05d889c56070f43e73558469b6cab4e2a96f37cf6cc1e9a7aa54c7efd5abe,2026-08-30T21:54:50.537461+00:00
1,,Pilibhit,,150,,166,,19,,19,,5,,5,,...,,...,,...,,...,,3,,3,,8,,8,,10,,11,,2,,3,,8,,8,,...,,...,,94,,379,,...,,404,,336,,4,,3,,...,,...,,...,,...,,49,,...,,56,,66,,135,,6,,154,,21,,21,,...,,...,,8,,8,,3,,3,,ORDINARY,,False,0,peelibhit_tehsil_1971,Peelibhit,Uttar Pradesh,1971,format_003,peelibhit_tehsil_001,peelibhit_tehsil_1971.pdf,98990500e21ed0ecd1e92c443273ead3fcea4ead6b349501907cbbefdbb4c2c9,155,156,136,137,E:\Archival-Digitisation-Project\1971_Trimmed_PDF\Uttar_Pradesh\metadata\document.xlsx,4bf05d889c56070f43e73558469b6cab4e2a96f37cf6cc1e9a7aa54c7efd5abe,2026-08-30T22:02:09.529500+00:00
2,,Bisalpur,,182,,191,,13,,13,,6,,6,,...,,...,,1,,1,,3,,3,,10,,10,,...,,...,,...,,...,,...,,...,,...,,...,,47,,424,,...,,406,,413,,10,,2,,...,,...,,...,,...,,1,,...,,52,,76,,91,,8,,48,,24,,24,,...,,...,,1,,1,,2,,2,,ORDINARY,,False,1,peelibhit_tehsil_1971,Peelibhit,Uttar Pradesh,1971,format_003,peelibhit_tehsil_001,peelibhit_tehsil_1971.pdf,98990500e21ed0ecd1e92c443273ead3fcea4ead6b349501907cbbefdbb4c2c9,155,156,136,137,E:\Archival-Digitisation-Project\1971_Trimmed_PDF\Uttar_Pradesh\metadata\document.xlsx,4bf05d889c56070f43e73558469b6cab4e2a96f37cf6cc1e9a7aa54c7efd5abe,2026-08-30T22:02:09.529500+00:00
3,,Puranpur,,91,,93,,13,,13,,2,,2,,...,,...,,...,,...,,4,,4,,4,,4,,2,,2,,1,,1,,2,,2,,...,,...,,53,,341,,...,,312,,190,,47,,4,,...,,...,,...,,...,,47,,...,,85,,44,,160,,25,,49,,16,,16,,...,,...,,...,,...,,3,,3,,ORDINARY,,False,2,peelibhit_tehsil_1971,Peelibhit,Uttar Pradesh,1971,format_003,peelibhit_tehsil_001,peelibhit_tehsil_1971.pdf,98990500e21ed0ecd1e92c443273ead3fcea4ead6b349501907cbbefdbb4c2c9,155,156,136,137,E:\Archival-Digitisation-Project\1971_Trimmed_PDF\Uttar_Pradesh\metadata\document.xlsx,4bf05d889c56070f43e73558469b6cab4e2a96f37cf6cc1e9a7aa54c7efd5abe,2026-08-30T22:02:09.529500+00:00
,,Distt. Total,,423,,450,,45,,45,,13,,13,,...,,...,,1,,1,,10,,10,,22,,22,,12,,13,,3,,4,,10,,10,,...,,...,,194,,"1,144",,...,,"1,122",,939,,61,,9,,...,,...,,...,,...,,97,,...,,193,,186,,389,,39,,251,,61,,61,,...,,...,,9,,9,,8,,8,,TOTAL,,False,3,peelibhit_tehsil_1971,Peelibhit,Uttar Pradesh,1971,format_003,peelibhit_tehsil_001,peelibhit_tehsil_1971.pdf,98990500e21ed0ecd1e92c443273ead3fcea4ead6b349501907cbbefdbb4c2c9,155,156,136,137,E:\Archival-Digitisation-Project\1971_Trimmed_PDF\Uttar_Pradesh\metadata\document.xlsx,4bf05d889c56070f43e73558469b6cab4e2a96f37cf6cc1e9a7aa54c7efd5abe,2026-08-30T22:02:09.529500+00:00
1,,Munsiari,,85,,86,,5,,5,,3,,3,,...,,...,,1,,1,,6,,6,,1,,1,,5,,5,,1,,1,,2,,2,,1,,1,,...,,223,,...,,...,,...,,...,,21,,45,,...,,152,,...,,...,,...,,...,,11,,205,,...,,...,,25,,25,,...,,...,,...,,...,,...,,...,,ORDINARY,,False,0,pithoragarh_tehsil_1971,Pithoragarh,Uttar Pradesh,1971,format_003,pithoragarh_tehsil_001,pithoragarh_tehsil_1971.pdf,85936947fb79f06ec362b1cde516773ff4b8b90fd43bfb3377cb5e6f33e135b7,182,183,166,167,E:\Archival-Digitisation-Project\1971_Trimmed_PDF\Uttar_Pradesh\metadata\document.xlsx,4bf05d889c56070f43e73558469b6cab4e2a96f37cf6cc1e9a7aa54c7efd5abe,2026-08-30T22:03:21.729491+00:00
2,,Dharchula,,60,,77,,8,,8,,1,,1,,...,,...,,4,,4,,5,,5,,3,,3,,5,,5,,1,,1,,2,,3,,...,,...,,...,,...,,1,,...,,9,,...,,25,,41,,...,,20,,...,,...,,...,,...,,11,,69,,...,,...,,37,,37,,1,,1,,...,,...,,...,,...,,ORDINARY,,False,1,pithoragarh_tehsil_1971,Pithoragarh,Uttar Pradesh,1971,format_003,pithoragarh_tehsil_001,pithoragarh_tehsil_1971.pdf,85936947fb79f06ec362b1cde516773ff4b8b90fd43bfb3377cb5e6f33e135b7,182,183,166,167,E:\Archival-Digitisation-Project\1971_Trimmed_PDF\Uttar_Pradesh\metadata\document.xlsx,4bf05d889c56070f43e73558469b6cab4e2a96f37cf6cc1e9a7aa54c7efd5abe,2026-08-30T22:03:21.729491+00:00
3,,Didihat,,160,,164,,19,,19,,7,,7,,39,,39,,424,,424,,4,,4,,6,,6,,10,,10,,...,,...,,6,,6,,...,,...,,...,,...,,1,,8,,7,,...,,61,,166,,22,,...,,...,,...,,2,,...,,98,,602,,...,,...,,56,,56,,3,,3,,...,,...,,...,,...,,ORDINARY,,False,2,pithoragarh_tehsil_1971,Pithoragarh,Uttar Pradesh,1971,format_003,pithoragarh_tehsil_001,pithoragarh_tehsil_1971.pdf,85936947fb79f06ec362b1cde516773ff4b8b90fd43bfb3377cb5e6f33e135b7,182,183,166,167,E:\Archival-Digitisation-Project\1971_Trimmed_PDF\Uttar_Pradesh\metadata\document.xlsx,4bf05d889c56070f43e73558469b6cab4e2a96f37cf6cc1e9a7aa54c7efd5abe,2026-08-30T22:03:21.729491+00:00
4,,Pithoragarh,,155,,165,,26,,27,,6,,7,,...,,...,,...,,...,,14,,14,,1,,1,,11,,11,,...,,...,,5,,5,,...,,...,,...,,661,,50,,...,,...,,21,,17,,183,,4,,217,,...,,...,,293,,...,,57,,466,,...,,...,,56,,56,,...,,...,,2,,2,,...,,...,,ORDINARY,,False,3,pithoragarh_tehsil_1971,Pithoragarh,Uttar Pradesh,1971,format_003,pithoragarh_tehsil_001,pithoragarh_tehsil_1971.pdf,85936947fb79f06ec362b1cde516773ff4b8b90fd43bfb3377cb5e6f33e135b7,182,183,166,167,E:\Archival-Digitisation-Project\1971_Trimmed_PDF\Uttar_Pradesh\metadata\document.xlsx,4bf05d889c56070f43e73558469b6cab4e2a96f37cf6cc1e9a7aa54c7efd5abe,2026-08-30T22:03:21.729491+00:00
,,District Total (Rural),,460,,492,,58,,59,,17,,18,,39,,39,,428,,428,,29,,29,,11,,11,,31,,31,,2,,2,,15,,16,,1,,1,,...,,884,,52,,8,,16,,21,,124,,435,,26,,389,,...,,...,,295,,...,,177,,"1,342",,...,,...,,174,,174,,4,,4,,2,,...,,...,,...,,TOTAL,,False,4,pithoragarh_tehsil_1971,Pithoragarh,Uttar Pradesh,1971,format_003,pithoragarh_tehsil_001,pithoragarh_tehsil_1971.pdf,85936947fb79f06ec362b1cde516773ff4b8b90fd43bfb3377cb5e6f33e135b7,182,183,166,167,E:\Archival-Digitisation-Project\1971_Trimmed_PDF\Uttar_Pradesh\metadata\document.xlsx,4bf05d889c56070f43e73558469b6cab4e2a96f37cf6cc1e9a7aa54c7efd5abe,2026-08-30T22:03:21.729491+00:00
1,,Maharajganj,,179,,196,,29,,32,,3,,3,,...,,...,,...,,...,,7,,7,,11,,20,,3,,3,,...,,...,,2,,2,,1,,1,,64,,302,,...,,...,,366,,...,,...,,...,,...,,...,,...,,...,,...,,...,,50,,60,,2,,14,,67,,67,,...,,...,,3,,3,,1,,1,,ORDINARY,,False,0,rae_bareli_tehsil_1971,Rae Bareli,Uttar Pradesh,1971,format_003,rae_bareli_tehsil_001,rae_bareli_tehsil_1971.pdf,91215997c2fd053708d514820dae0a5c0bd5d74ea71178e5c20c96cdf5ecd903,201,202,182,183,E:\Archival-Digitisation-Project\1971_Trimmed_PDF\Uttar_Pradesh\metadata\document.xlsx,4bf05d889c56070f43e73558469b6cab4e2a96f37cf6cc1e9a7aa54c7efd5abe,2026-08-30T22:05:57.993847+00:00
2,,Rae Bareli,,126,,130,,17,,18,,4,,4,,...,,...,,...,,...,,5,,5,,14,,14,,2,,2,,...,,...,,4,,4,,...,,...,,70,,289,,...,,4,,354,,...,,...,,...,,...,,...,,...,,...,,...,,...,,88,,51,,4,,25,,40,,40,,...,,...,,4,,4,,1,,1,,ORDINARY,,False,1,rae_bareli_tehsil_1971,Rae Bareli,Uttar Pradesh,1971,format_003,rae_bareli_tehsil_001,rae_bareli_tehsil_1971.pdf,91215997c2fd053708d514820dae0a5c0bd5d74ea71178e5c20c96cdf5ecd903,201,202,182,183,E:\Archival-Digitisation-Project\1971_Trimmed_PDF\Uttar_Pradesh\metadata\document.xlsx,4bf05d889c56070f43e73558469b6cab4e2a96f37cf6cc1e9a7aa54c7efd5abe,2026-08-30T22:05:57.993847+00:00
3,,Dalmau,,207,,218,,41,,41,,6,,6,,1,,1,,...,,...,,19,,19,,5,,5,,1,,1,,1,,1,,1,,1,,...,,...,,63,,530,,...,,11,,585,,...,,...,,...,,...,,...,,...,,...,,...,,...,,102,,143,,15,,63,,56,,56,,...,,...,,6,,6,,1,,1,,ORDINARY,,False,2,rae_bareli_tehsil_1971,Rae Bareli,Uttar Pradesh,1971,format_003,rae_bareli_tehsil_001,rae_bareli_tehsil_1971.pdf,91215997c2fd053708d514820dae0a5c0bd5d74ea71178e5c20c96cdf5ecd903,201,202,182,183,E:\Archival-Digitisation-Project\1971_Trimmed_PDF\Uttar_Pradesh\metadata\document.xlsx,4bf05d889c56070f43e73558469b6cab4e2a96f37cf6cc1e9a7aa54c7efd5abe,2026-08-30T22:05:57.993847+00:00
4,,Salon,,155,,155,,20,,20,,1,,1,,...,,...,,...,,...,,18,,18,,...,,...,,5,,5,,1,,1,,1,,1,,...,,...,,77,,391,,...,,1,,458,,...,,...,,...,,...,,...,,5,,...,,...,,...,,146,,123,,...,,106,,50,,50,,...,,...,,2,,2,,...,,...,,ORDINARY,,False,3,rae_bareli_tehsil_1971,Rae Bareli,Uttar Pradesh,1971,format_003,rae_bareli_tehsil_001,rae_bareli_tehsil_1971.pdf,91215997c2fd053708d514820dae0a5c0bd5d74ea71178e5c20c96cdf5ecd903,201,202,182,183,E:\Archival-Digitisation-Project\1971_Trimmed_PDF\Uttar_Pradesh\metadata\document.xlsx,4bf05d889c56070f43e73558469b6cab4e2a96f37cf6cc1e9a7aa54c7efd5abe,2026-08-30T22:05:57.993847+00:00
,,DISTT. TOTAL,,667,,699,,107,,111,,14,,14,,1,,1,,...,,...,,49,,49,,30,,39,,11,,11,,2,,2,,8,,8,,1,,1,,274,,"1,512",,...,,16,,"1,763",,...,,...,,...,,...,,...,,5,,...,,...,,...,,386,,377,,21,,208,,213,,213,,...,,...,,15,,15,,3,,3,,TOTAL,,False,4,rae_bareli_tehsil_1971,Rae Bareli,Uttar Pradesh,1971,format_003,rae_bareli_tehsil_001,rae_bareli_tehsil_1971.pdf,91215997c2fd053708d514820dae0a5c0bd5d74ea71178e5c20c96cdf5ecd903,201,202,182,183,E:\Archival-Digitisation-Project\1971_Trimmed_PDF\Uttar_Pradesh\metadata\document.xlsx,4bf05d889c56070f43e73558469b6cab4e2a96f37cf6cc1e9a7aa54c7efd5abe,2026-08-30T22:05:57.993847+00:00
1,,Suar,,81,,84,,3,,3,,1,,1,,...,,...,,...,,...,,4,,4,,4,,4,,2,,2,,...,,...,,1,,1,,...,,...,,47,,239,,1,,20,,258,,...,,...,,...,,...,,...,,...,,...,,...,,...,,53,,160,,26,,...,,10,,10,,...,,...,,1,,1,,1,,1,,ORDINARY,,False,0,rampur_tehsil_1971,Rampur,Uttar Pradesh,1971,format_003,rampur_tehsil_001,rampur_tehsil_1971.pdf,3da15d3cc813d05776e49863ecf11188d5f0110a46caa5bde420b9f2357a2440,151,152,132,133,E:\Archival-Digitisation-Project\1971_Trimmed_PDF\Uttar_Pradesh\metadata\document.xlsx,4bf05d889c56070f43e73558469b6cab4e2a96f37cf6cc1e9a7aa54c7efd5abe,2026-08-30T22:07:09.977017+00:00
2,,Bilaspur,,51,,55,,8,,9,,2,,2,,...,,...,,...,,...,,3,,3,,3,,3,,1,,1,,...,,...,,2,,2,,...,,...,,94,,121,,1,,197,,127,,...,,8,,...,,1,,...,,...,,...,,...,,...,,36,,99,,20,,...,,9,,9,,...,,...,,1,,1,,12,,12,,ORDINARY,,False,1,rampur_tehsil_1971,Rampur,Uttar Pradesh,1971,format_003,rampur_tehsil_001,rampur_tehsil_1971.pdf,3da15d3cc813d05776e49863ecf11188d5f0110a46caa5bde420b9f2357a2440,151,152,132,133,E:\Archival-Digitisation-Project\1971_Trimmed_PDF\Uttar_Pradesh\metadata\document.xlsx,4bf05d889c56070f43e73558469b6cab4e2a96f37cf6cc1e9a7aa54c7efd5abe,2026-08-30T22:07:09.977017+00:00
3,,Rampur,,81,,82,,5,,5,,...,,...,,...,,...,,...,,...,,2,,2,,...,,...,,...,,...,,...,,...,,1,,1,,...,,...,,38,,109,,...,,203,,242,,...,,...,,...,,...,,...,,...,,...,,...,,...,,52,,100,,65,,3,,19,,19,,...,,...,,...,,...,,2,,2,,ORDINARY,,False,2,rampur_tehsil_1971,Rampur,Uttar Pradesh,1971,format_003,rampur_tehsil_001,rampur_tehsil_1971.pdf,3da15d3cc813d05776e49863ecf11188d5f0110a46caa5bde420b9f2357a2440,151,152,132,133,E:\Archival-Digitisation-Project\1971_Trimmed_PDF\Uttar_Pradesh\metadata\document.xlsx,4bf05d889c56070f43e73558469b6cab4e2a96f37cf6cc1e9a7aa54c7efd5abe,2026-08-30T22:07:09.977017+00:00
4,,Shahabad,,57,,63,,8,,9,,2,,2,,...,,...,,...,,...,,2,,2,,2,,2,,3,,3,,1,,1,,1,,1,,...,,...,,89,,114,,...,,175,,181,,...,,3,,...,,...,,...,,...,,...,,...,,...,,15,,102,,6,,19,,10,,10,,...,,...,,2,,2,,1,,1,,ORDINARY,,False,3,rampur_tehsil_1971,Rampur,Uttar Pradesh,1971,format_003,rampur_tehsil_001,rampur_tehsil_1971.pdf,3da15d3cc813d05776e49863ecf11188d5f0110a46caa5bde420b9f2357a2440,151,152,132,133,E:\Archival-Digitisation-Project\1971_Trimmed_PDF\Uttar_Pradesh\metadata\document.xlsx,4bf05d889c56070f43e73558469b6cab4e2a96f37cf6cc1e9a7aa54c7efd5abe,2026-08-30T22:07:09.977017+00:00
5,,Milak,,78,,85,,8,,9,,2,,2,,...,,...,,...,,...,,3,,3,,...,,...,,1,,1,,...,,...,,1,,1,,...,,...,,28,,175,,...,,196,,196,,...,,...,,...,,...,,...,,...,,...,,...,,...,,38,,132,,...,,18,,14,,14,,...,,...,,1,,1,,1,,1,,ORDINARY,,False,4,rampur_tehsil_1971,Rampur,Uttar Pradesh,1971,format_003,rampur_tehsil_001,rampur_tehsil_1971.pdf,3da15d3cc813d05776e49863ecf11188d5f0110a46caa5bde420b9f2357a2440,151,152,132,133,E:\Archival-Digitisation-Project\1971_Trimmed_PDF\Uttar_Pradesh\metadata\document.xlsx,4bf05d889c56070f43e73558469b6cab4e2a96f37cf6cc1e9a7aa54c7efd5abe,2026-08-30T22:07:09.977017+00:00
,,District Total (Rural),,348,,359,,32,,35,,7,,7,,...,,...,,...,,...,,14,,14,,9,,9,,7,,7,,1,,1,,6,,6,,...,,...,,296,,758,,2,,991,,"1,004",,...,,11,,...,,1,,...,,...,,...,,...,,...,,194,,593,,117,,40,,62,,62,,...,,...,,5,,5,,17,,17,,TOTAL,,False,5,rampur_tehsil_1971,Rampur,Uttar Pradesh,1971,format_003,rampur_tehsil_001,rampur_tehsil_1971.pdf,3da15d3cc813d05776e49863ecf11188d5f0110a46caa5bde420b9f2357a2440,151,152,132,133,E:\Archival-Digitisation-Project\1971_Trimmed_PDF\Uttar_Pradesh\metadata\document.xlsx,4bf05d889c56070f43e73558469b6cab4e2a96f37cf6cc1e9a7aa54c7efd5abe,2026-08-30T22:07:09.977017+00:00
1,,Saharanpur,,230,,251,,28,,32,,9,,10,,...,,...,,4,,4,,15,,15,,4,,4,,2,,2,,2,,2,,3,,3,,...,,...,,101,,544,,2,,413,,443,,...,,21,,...,,10,,...,,...,,11,,...,,...,,174,,291,,6,,46,,46,,46,,...,,...,,3,,3,,4,,4,,ORDINARY,,False,0,saharanpur_tehsil_1971,Saharanpur,Uttar Pradesh,1971,format_003,saharanpur_tehsil_001,saharanpur_tehsil_1971.pdf,3ecb4d1ba587e20565f96ac150850ed7323b6cadf9155d846bdca5604cc178e2,246,247,224,225,E:\Archival-Digitisation-Project\1971_Trimmed_PDF\Uttar_Pradesh\metadata\document.xlsx,4bf05d889c56070f43e73558469b6cab4e2a96f37cf6cc1e9a7aa54c7efd5abe,2026-08-30T22:15:32.867372+00:00
2,,Nakur,,166,,166,,29,,27,,2,,3,,...,,...,,...,,...,,...,,...,,8,,8,,...,,...,,...,,...,,...,,...,,...,,...,,49,,498,,...,,389,,327,,...,,...,,...,,...,,...,,...,,1,,...,,...,,63,,72,,15,,2,,20,,20,,...,,...,,3,,3,,1,,1,,ORDINARY,,False,1,saharanpur_tehsil_1971,Saharanpur,Uttar Pradesh,1971,format_003,saharanpur_tehsil_001,saharanpur_tehsil_1971.pdf,3ecb4d1ba587e20565f96ac150850ed7323b6cadf9155d846bdca5604cc178e2,246,247,224,225,E:\Archival-Digitisation-Project\1971_Trimmed_PDF\Uttar_Pradesh\metadata\document.xlsx,4bf05d889c56070f43e73558469b6cab4e2a96f37cf6cc1e9a7aa54c7efd5abe,2026-08-30T22:15:32.867372+00:00
3,,Deoband,,191,,241,,28,,33,,10,,10,,...,,...,,1,,1,,8,,8,,7,,7,,4,,4,,...,,...,,1,,1,,...,,...,,131,,294,,...,,289,,282,,...,,8,,1,,...,,...,,...,,2,,...,,...,,44,,34,,6,,38,,237,,37,,...,,...,,2,,2,,4,,4,,ORDINARY,,False,2,saharanpur_tehsil_1971,Saharanpur,Uttar Pradesh,1971,format_003,saharanpur_tehsil_001,saharanpur_tehsil_1971.pdf,3ecb4d1ba587e20565f96ac150850ed7323b6cadf9155d846bdca5604cc178e2,246,247,224,225,E:\Archival-Digitisation-Project\1971_Trimmed_PDF\Uttar_Pradesh\metadata\document.xlsx,4bf05d889c56070f43e73558469b6cab4e2a96f37cf6cc1e9a7aa54c7efd5abe,2026-08-30T22:15:32.867372+00:00
4,,Roorkee,,223,,230,,36,,35,,4,,4,,1,,1,,...,,-,,18,,18,,7,,7,,...,,...,,1,,1,,1,,1,,...,,...,,107,,433,,...,,400,,378,,10,,...,,...,,...,,...,,...,,1,,...,,...,,185,,143,,1,,33,,45,,45,,1,,1,,3,,3,,...,,...,,ORDINARY,,False,3,saharanpur_tehsil_1971,Saharanpur,Uttar Pradesh,1971,format_003,saharanpur_tehsil_001,saharanpur_tehsil_1971.pdf,3ecb4d1ba587e20565f96ac150850ed7323b6cadf9155d846bdca5604cc178e2,246,247,224,225,E:\Archival-Digitisation-Project\1971_Trimmed_PDF\Uttar_Pradesh\metadata\document.xlsx,4bf05d889c56070f43e73558469b6cab4e2a96f37cf6cc1e9a7aa54c7efd5abe,2026-08-30T22:15:32.867372+00:00
,,District Total (Rural),,820,,888,,121,,127,,25,,27,,1,,1,,5,,5,,41,,41,,26,,26,,6,,6,,3,,3,,5,,5,,...,,...,,388,,"1,769",,2,,"1,491",,"1,430",,18,,22,,...,,10,,...,,...,,15,,...,,...,,466,,540,,28,,319,,348,,148,,1,,1,,11,,11,,9,,9,,TOTAL,,False,4,saharanpur_tehsil_1971,Saharanpur,Uttar Pradesh,1971,format_003,saharanpur_tehsil_001,saharanpur_tehsil_1971.pdf,3ecb4d1ba587e20565f96ac150850ed7323b6cadf9155d846bdca5604cc178e2,246,247,224,225,E:\Archival-Digitisation-Project\1971_Trimmed_PDF\Uttar_Pradesh\metadata\document.xlsx,4bf05d889c56070f43e73558469b6cab4e2a96f37cf6cc1e9a7aa54c7efd5abe,2026-08-30T22:15:32.867372+00:00
1,,Powayan,,219,,221,,19,,21,,2,,2,,...,,...,,...,,...,,10,,10,,4,,4,,10,,10,,...,,...,,3,,3,,...,,...,,245,,565,,1,,582,,599,,8,,1,,...,,...,,...,,...,,7,,...,,...,,115,,200,,4,,136,,26,,26,,...,,...,,2,,2,,1,,1,,ORDINARY,,False,0,shahjahanpur_tehsil_1971,Shahjahanpur,Uttar Pradesh,1971,format_003,shahjahanpur_tehsil_001,shahjahanpur_tehsil_1971.pdf,22f7970f44ba7533184090756c2e6d9ec278376e0485a5500b4c1c75976e2ae8,262,263,242,243,E:\Archival-Digitisation-Project\1971_Trimmed_PDF\Uttar_Pradesh\metadata\document.xlsx,4bf05d889c56070f43e73558469b6cab4e2a96f37cf6cc1e9a7aa54c7efd5abe,2026-08-30T22:21:32.172247+00:00
2,,Tilhar,,210,,225,,21,,28,,7,,12,,...,,...,,...,,...,,3,,3,,1,,1,,1,,1,,...,,...,,2,,2,,...,,...,,31,,598,,...,,291,,558,,13,,2,,...,,18,,...,,...,,8,,...,,...,,23,,1,,15,,228,,34,,34,,...,,...,,2,,2,,1,,1,,ORDINARY,,False,1,shahjahanpur_tehsil_1971,Shahjahanpur,Uttar Pradesh,1971,format_003,shahjahanpur_tehsil_001,shahjahanpur_tehsil_1971.pdf,22f7970f44ba7533184090756c2e6d9ec278376e0485a5500b4c1c75976e2ae8,262,263,242,243,E:\Archival-Digitisation-Project\1971_Trimmed_PDF\Uttar_Pradesh\metadata\document.xlsx,4bf05d889c56070f43e73558469b6cab4e2a96f37cf6cc1e9a7aa54c7efd5abe,2026-08-30T22:21:32.172247+00:00
3,,Shahjahanpur,,194,,193,,14,,15,,1,,1,,...,,...,,...,,...,,2,,2,,2,,2,,6,,7,,1,,1,,2,,2,,...,,...,,43,,497,,...,,177,,428,,2,,1,,...,,14,,...,,...,,10,,...,,...,,86,,214,,19,,107,,29,,29,,...,,...,,2,,2,,...,,...,,ORDINARY,,False,2,shahjahanpur_tehsil_1971,Shahjahanpur,Uttar Pradesh,1971,format_003,shahjahanpur_tehsil_001,shahjahanpur_tehsil_1971.pdf,22f7970f44ba7533184090756c2e6d9ec278376e0485a5500b4c1c75976e2ae8,262,263,242,243,E:\Archival-Digitisation-Project\1971_Trimmed_PDF\Uttar_Pradesh\metadata\document.xlsx,4bf05d889c56070f43e73558469b6cab4e2a96f37cf6cc1e9a7aa54c7efd5abe,2026-08-30T22:21:32.172247+00:00
4,,Jalalabad,,170,,184,,17,,18,,1,,2,,...,,...,,...,,...,,1,,1,,4,,4,,...,,...,,...,,...,,2,,2,,...,,...,,38,,409,,3,,159,,348,,9,,2,,...,,4,,...,,...,,10,,4,,...,,44,,207,,15,,24,,30,,30,,...,,...,,...,,...,,...,,...,,ORDINARY,,False,3,shahjahanpur_tehsil_1971,Shahjahanpur,Uttar Pradesh,1971,format_003,shahjahanpur_tehsil_001,shahjahanpur_tehsil_1971.pdf,22f7970f44ba7533184090756c2e6d9ec278376e0485a5500b4c1c75976e2ae8,262,263,242,243,E:\Archival-Digitisation-Project\1971_Trimmed_PDF\Uttar_Pradesh\metadata\document.xlsx,4bf05d889c56070f43e73558469b6cab4e2a96f37cf6cc1e9a7aa54c7efd5abe,2026-08-30T22:21:32.172247+00:00
,,District Total (Rural),,793,,823,,71,,82,,11,,17,,...,,...,,...,,...,,16,,16,,11,,11,,17,,18,,1,,1,,9,,9,,...,,...,,357,,"2,069",,4,,"1,209",,"1,933",,32,,6,,...,,36,,...,,...,,35,,4,,...,,268,,622,,53,,495,,119,,119,,...,,...,,6,,6,,2,,2,,TOTAL,,False,4,shahjahanpur_tehsil_1971,Shahjahanpur,Uttar Pradesh,1971,format_003,shahjahanpur_tehsil_001,shahjahanpur_tehsil_1971.pdf,22f7970f44ba7533184090756c2e6d9ec278376e0485a5500b4c1c75976e2ae8,262,263,242,243,E:\Archival-Digitisation-Project\1971_Trimmed_PDF\Uttar_Pradesh\metadata\document.xlsx,4bf05d889c56070f43e73558469b6cab4e2a96f37cf6cc1e9a7aa54c7efd5abe,2026-08-30T22:21:32.172247+00:00
1,,Misrikh,,238,,260,,35,,39,,5,,5,,...,,...,,...,,...,,3,,3,,42,,46,,5,,5,,2,,2,,2,,2,,...,,...,,162,,495,,...,,...,,563,,...,,...,,...,,...,,...,,...,,...,,82,,173,,53,,53,,1,,1,,2,,2,,...,,...,,...,,...,,...,,...,,ORDINARY,,False,0,sitapur_tehsil_1971,Sitapur,Uttar Pradesh,1971,format_003,sitapur_tehsil_001,sitapur_tehsil_1971.pdf,d5a4cdf543eda0a288880202a5c789cb5da8a0f16d10187b38ba7fa65bd7d77a,260,261,240,241,E:\Archival-Digitisation-Project\1971_Trimmed_PDF\Uttar_Pradesh\metadata\document.xlsx,4bf05d889c56070f43e73558469b6cab4e2a96f37cf6cc1e9a7aa54c7efd5abe,2026-08-30T22:24:33.346937+00:00
2,,Sitapur,,239,,270,,35,,39,,3,,3,,...,,...,,...,,...,,9,,9,,57,,61,,5,,5,,2,,2,,3,,3,,...,,...,,178,,408,,...,,218,,577,,6,,1,,...,,1,,...,,...,,...,,212,,219,,62,,62,,...,,...,,4,,4,,...,,...,,...,,...,,...,,...,,ORDINARY,,False,1,sitapur_tehsil_1971,Sitapur,Uttar Pradesh,1971,format_003,sitapur_tehsil_001,sitapur_tehsil_1971.pdf,d5a4cdf543eda0a288880202a5c789cb5da8a0f16d10187b38ba7fa65bd7d77a,260,261,240,241,E:\Archival-Digitisation-Project\1971_Trimmed_PDF\Uttar_Pradesh\metadata\document.xlsx,4bf05d889c56070f43e73558469b6cab4e2a96f37cf6cc1e9a7aa54c7efd5abe,2026-08-30T22:24:33.346937+00:00
3,,Biswan,,209,,229,,21,,23,,...,,...,,...,,...,,2,,2,,9,,10,,33,,38,,4,,4,,1,,1,,...,,...,,...,,...,,69,,444,,4,,252,,504,,...,,...,,...,,...,,...,,...,,2,,79,,207,,65,,65,,...,,...,,...,,...,,...,,...,,...,,...,,...,,...,,ORDINARY,,False,2,sitapur_tehsil_1971,Sitapur,Uttar Pradesh,1971,format_003,sitapur_tehsil_001,sitapur_tehsil_1971.pdf,d5a4cdf543eda0a288880202a5c789cb5da8a0f16d10187b38ba7fa65bd7d77a,260,261,240,241,E:\Archival-Digitisation-Project\1971_Trimmed_PDF\Uttar_Pradesh\metadata\document.xlsx,4bf05d889c56070f43e73558469b6cab4e2a96f37cf6cc1e9a7aa54c7efd5abe,2026-08-30T22:24:33.346937+00:00
4,,Sidhauli,,222,,237,,27,,28,,4,,4,,...,,...,,...,,...,,7,,7,,14,,14,,2,,2,,3,,3,,1,,1,,...,,...,,71,,534,,...,,440,,599,,...,,...,,...,,...,,...,,...,,3,,64,,196,,61,,6,,...,,...,,3,,3,,1,,1,,...,,...,,...,,...,,ORDINARY,,False,3,sitapur_tehsil_1971,Sitapur,Uttar Pradesh,1971,format_003,sitapur_tehsil_001,sitapur_tehsil_1971.pdf,d5a4cdf543eda0a288880202a5c789cb5da8a0f16d10187b38ba7fa65bd7d77a,260,261,240,241,E:\Archival-Digitisation-Project\1971_Trimmed_PDF\Uttar_Pradesh\metadata\document.xlsx,4bf05d889c56070f43e73558469b6cab4e2a96f37cf6cc1e9a7aa54c7efd5abe,2026-08-30T22:24:33.346937+00:00
,,District Total (Rural),,908,,996,,118,,129,,12,,12,,...,,...,,2,,2,,28,,29,,146,,159,,16,,16,,8,,8,,6,,6,,1,,1,,480,,"1,881",,4,,910,,"2,243",,6,,1,,...,,1,,...,,...,,5,,437,,795,,241,,241,,1,,1,,9,,9,,1,,1,,...,,...,,...,,...,,TOTAL,,False,4,sitapur_tehsil_1971,Sitapur,Uttar Pradesh,1971,format_003,sitapur_tehsil_001,sitapur_tehsil_1971.pdf,d5a4cdf543eda0a288880202a5c789cb5da8a0f16d10187b38ba7fa65bd7d77a,260,261,240,241,E:\Archival-Digitisation-Project\1971_Trimmed_PDF\Uttar_Pradesh\metadata\document.xlsx,4bf05d889c56070f43e73558469b6cab4e2a96f37cf6cc1e9a7aa54c7efd5abe,2026-08-30T22:24:33.346937+00:00
1,,Musafir Khana,,242,,268,,22,,23,,9,,9,,...,,...,,1,,1,,6,,6,,4,,4,,2,,2,,6,,6,,17,,18,,...,,...,,64,,371,,...,,2,,429,,7,,1,,...,,...,,...,,...,,3,,...,,...,,42,,148,,16,,144,,56,,56,,...,,...,,3,,3,,1,,1,,ORDINARY,,False,0,sultanpur_tehsil_1971,Sultanpur,Uttar Pradesh,1971,format_003,sultanpur_tehsil_001,sultanpur_tehsil_1971.pdf,f489be1a7659ed796f77324098529747a6ba44690b705e78692007bc90a4a623,271,272,250,251,E:\Archival-Digitisation-Project\1971_Trimmed_PDF\Uttar_Pradesh\metadata\document.xlsx,4bf05d889c56070f43e73558469b6cab4e2a96f37cf6cc1e9a7aa54c7efd5abe,2026-08-30T22:26:26.710072+00:00
2,,Amethi,,216,,241,,26,,29,,6,,6,,...,,...,,1,,1,,7,,8,,13,,19,,4,,4,,3,,3,,10,,12,,...,,...,,15,,448,,...,,23,,459,,13,,...,,...,,...,,...,,...,,9,,...,,...,,98,,100,,9,,119,,37,,37,,...,,...,,9,,9,,1,,1,,ORDINARY,,False,1,sultanpur_tehsil_1971,Sultanpur,Uttar Pradesh,1971,format_003,sultanpur_tehsil_001,sultanpur_tehsil_1971.pdf,f489be1a7659ed796f77324098529747a6ba44690b705e78692007bc90a4a623,271,272,250,251,E:\Archival-Digitisation-Project\1971_Trimmed_PDF\Uttar_Pradesh\metadata\document.xlsx,4bf05d889c56070f43e73558469b6cab4e2a96f37cf6cc1e9a7aa54c7efd5abe,2026-08-30T22:26:26.710072+00:00
3,,Sultanpur,,250,,382,,37,,39,,8,,8,,...,,...,,1,,1,,7,,7,,11,,12,,13,,13,,2,,2,,10,,10,,...,,...,,168,,686,,...,,13,,834,,5,,8,,...,,...,,7,,...,,6,,...,,...,,220,,273,,57,,158,,78,,78,,1,,1,,4,,4,,...,,...,,ORDINARY,,False,2,sultanpur_tehsil_1971,Sultanpur,Uttar Pradesh,1971,format_003,sultanpur_tehsil_001,sultanpur_tehsil_1971.pdf,f489be1a7659ed796f77324098529747a6ba44690b705e78692007bc90a4a623,271,272,250,251,E:\Archival-Digitisation-Project\1971_Trimmed_PDF\Uttar_Pradesh\metadata\document.xlsx,4bf05d889c56070f43e73558469b6cab4e2a96f37cf6cc1e9a7aa54c7efd5abe,2026-08-30T22:26:26.710072+00:00
4,,Kandipur,,296,,333,,32,,32,,14,,14,,...,,...,,1,,1,,10,,10,,9,,9,,10,,10,,10,,10,,18,,20,,...,,...,,277,,506,,...,,21,,755,,8,,46,,...,,...,,7,,...,,13,,...,,...,,149,,405,,28,,115,,82,,82,,...,,...,,4,,4,,...,,...,,ORDINARY,,False,3,sultanpur_tehsil_1971,Sultanpur,Uttar Pradesh,1971,format_003,sultanpur_tehsil_001,sultanpur_tehsil_1971.pdf,f489be1a7659ed796f77324098529747a6ba44690b705e78692007bc90a4a623,271,272,250,251,E:\Archival-Digitisation-Project\1971_Trimmed_PDF\Uttar_Pradesh\metadata\document.xlsx,4bf05d889c56070f43e73558469b6cab4e2a96f37cf6cc1e9a7aa54c7efd5abe,2026-08-30T22:26:26.710072+00:00
,,District Total (Rural),,"1,004",,"1,224",,117,,123,,37,,37,,...,,...,,4,,4,,30,,31,,37,,44,,29,,29,,21,,21,,55,,60,,...,,...,,524,,"2,011",,...,,59,,"2,477",,33,,55,,...,,...,,7,,...,,31,,...,,...,,509,,962,,110,,536,,253,,253,,1,,1,,20,,20,,2,,2,,TOTAL,,False,4,sultanpur_tehsil_1971,Sultanpur,Uttar Pradesh,1971,format_003,sultanpur_tehsil_001,sultanpur_tehsil_1971.pdf,f489be1a7659ed796f77324098529747a6ba44690b705e78692007bc90a4a623,271,272,250,251,E:\Archival-Digitisation-Project\1971_Trimmed_PDF\Uttar_Pradesh\metadata\document.xlsx,4bf05d889c56070f43e73558469b6cab4e2a96f37cf6cc1e9a7aa54c7efd5abe,2026-08-30T22:26:26.710072+00:00
1,,Tehri,,149,,153,,14,,15,,1,,1,,...,,...,,...,,...,,6,,6,,6,,6,,9,,9,,...,,...,,3,,3,,...,,...,,...,,...,,116,,...,,10,,...,,29,,467,,39,,...,,...,,...,,25,,...,,74,,497,,4,,...,,32,,32,,...,,...,,...,,...,,...,,...,,ORDINARY,,False,0,tehri_garhwal_tehsil_1971,Tehri Garhwal,Uttar Pradesh,1971,format_003,tehri_garhwal_tehsil_001,tehri_garhwal_tehsil_1971.pdf,1bda19cedc0c32c39080380db43231390ab1ffbd54c0a7b8790c8d8245ec21dc,231,232,208,209,E:\Archival-Digitisation-Project\1971_Trimmed_PDF\Uttar_Pradesh\metadata\document.xlsx,4bf05d889c56070f43e73558469b6cab4e2a96f37cf6cc1e9a7aa54c7efd5abe,2026-08-30T22:29:50.772160+00:00
2,,Pratapnagar,,160,,171,,18,,19,,4,,4,,...,,...,,...,,...,,3,,3,,7,,7,,3,,3,,2,,2,,3,,3,,...,,...,,2,,...,,89,,...,,4,,...,,23,,319,,12,,-,,...,,...,,63,,...,,4,,401,,2,,...,,37,,37,,...,,...,,...,,...,,...,,...,,ORDINARY,,False,1,tehri_garhwal_tehsil_1971,Tehri Garhwal,Uttar Pradesh,1971,format_003,tehri_garhwal_tehsil_001,tehri_garhwal_tehsil_1971.pdf,1bda19cedc0c32c39080380db43231390ab1ffbd54c0a7b8790c8d8245ec21dc,231,232,208,209,E:\Archival-Digitisation-Project\1971_Trimmed_PDF\Uttar_Pradesh\metadata\document.xlsx,4bf05d889c56070f43e73558469b6cab4e2a96f37cf6cc1e9a7aa54c7efd5abe,2026-08-30T22:29:50.772160+00:00
3,,Devaprayag,,262,,269,,35,,35,,7,,7,,...,,...,,...,,...,,10,,10,,12,,12,,5,,5,,2,,2,,4,,4,,...,,...,,2,,...,,116,,...,,92,,45,,461,,131,,39,,...,,...,,4,,...,,...,,60,,745,,44,,...,,50,,50,,...,,...,,2,,2,,...,,...,,ORDINARY,,False,2,tehri_garhwal_tehsil_1971,Tehri Garhwal,Uttar Pradesh,1971,format_003,tehri_garhwal_tehsil_001,tehri_garhwal_tehsil_1971.pdf,1bda19cedc0c32c39080380db43231390ab1ffbd54c0a7b8790c8d8245ec21dc,231,232,208,209,E:\Archival-Digitisation-Project\1971_Trimmed_PDF\Uttar_Pradesh\metadata\document.xlsx,4bf05d889c56070f43e73558469b6cab4e2a96f37cf6cc1e9a7aa54c7efd5abe,2026-08-30T22:29:50.772160+00:00
,,District Total (Rural),,571,,593,,67,,69,,12,,12,,...,,...,,...,,...,,19,,19,,25,,25,,17,,17,,4,,4,,10,,10,,...,,...,,4,,...,,321,,...,,106,,1,,97,,"1,247",,182,,39,,...,,4,,88,,...,,174,,"1,643",,50,,...,,119,,129,,...,,...,,2,,2,,...,,...,,TOTAL,,False,3,tehri_garhwal_tehsil_1971,Tehri Garhwal,Uttar Pradesh,1971,format_003,tehri_garhwal_tehsil_001,tehri_garhwal_tehsil_1971.pdf,1bda19cedc0c32c39080380db43231390ab1ffbd54c0a7b8790c8d8245ec21dc,231,232,208,209,E:\Archival-Digitisation-Project\1971_Trimmed_PDF\Uttar_Pradesh\metadata\document.xlsx,4bf05d889c56070f43e73558469b6cab4e2a96f37cf6cc1e9a7aa54c7efd5abe,2026-08-30T22:29:50.772160+00:00
1,,Safipur,,201,,209,,36,,38,,5,,5,,...,,...,,...,,...,,4,,4,,4,,5,,...,,...,,...,,...,,2,,2,,...,,...,,20,,382,,...,,1,,373,,...,,2,,...,,...,,...,,...,,3,,...,,...,,68,,322,,...,,...,,31,,31,,...,,...,,2,,2,,1,,1,,ORDINARY,,False,0,unnao_tehsil_1971,Unnao,Uttar Pradesh,1971,format_003,unnao_tehsil_001,unnao_tehsil_1971.pdf,f297095664d94ffd2cda44ad24f0926a48c4b56bd77399f6ade9833f5e146ff8,202,203,164,165,E:\Archival-Digitisation-Project\1971_Trimmed_PDF\Uttar_Pradesh\metadata\document.xlsx,4bf05d889c56070f43e73558469b6cab4e2a96f37cf6cc1e9a7aa54c7efd5abe,2026-08-30T22:30:57.896045+00:00
2,,Hasanganj,,208,,218,,35,,35,,3,,3,,...,,...,,...,,...,,10,,10,,6,,6,,...,,...,,...,,...,,2,,2,,...,,...,,11,,504,,...,,1,,496,,1,,1,,...,,...,,...,,...,,1,,...,,...,,128,,224,,...,,...,,30,,30,,...,,...,,5,,5,,...,,...,,ORDINARY,,False,1,unnao_tehsil_1971,Unnao,Uttar Pradesh,1971,format_003,unnao_tehsil_001,unnao_tehsil_1971.pdf,f297095664d94ffd2cda44ad24f0926a48c4b56bd77399f6ade9833f5e146ff8,202,203,164,165,E:\Archival-Digitisation-Project\1971_Trimmed_PDF\Uttar_Pradesh\metadata\document.xlsx,4bf05d889c56070f43e73558469b6cab4e2a96f37cf6cc1e9a7aa54c7efd5abe,2026-08-30T22:30:57.896045+00:00
3,,Unnao,,170,,182,,34,,37,,6,,6,,...,,...,,...,,...,,5,,5,,6,,6,,1,,1,,2,,2,,2,,2,,...,,...,,15,,286,,...,,1,,292,,1,,...,,...,,...,,...,,-,,1,,...,,...,,121,,136,,...,,...,,45,,45,,...,,...,,1,,1,,2,,2,,ORDINARY,,False,2,unnao_tehsil_1971,Unnao,Uttar Pradesh,1971,format_003,unnao_tehsil_001,unnao_tehsil_1971.pdf,f297095664d94ffd2cda44ad24f0926a48c4b56bd77399f6ade9833f5e146ff8,202,203,164,165,E:\Archival-Digitisation-Project\1971_Trimmed_PDF\Uttar_Pradesh\metadata\document.xlsx,4bf05d889c56070f43e73558469b6cab4e2a96f37cf6cc1e9a7aa54c7efd5abe,2026-08-30T22:30:57.896045+00:00
4,,Purwa,,265,,290,,45,,48,,9,,10,,...,,...,,...,,...,,3,,3,,12,,12,,3,,3,,1,,1,,3,,3,,...,,...,,28,,544,,...,,4,,555,,...,,1,,...,,...,,...,,...,,2,,...,,...,,170,,190,,...,,...,,52,,52,,1,,1,,1,,1,,...,,...,,ORDINARY,,False,3,unnao_tehsil_1971,Unnao,Uttar Pradesh,1971,format_003,unnao_tehsil_001,unnao_tehsil_1971.pdf,f297095664d94ffd2cda44ad24f0926a48c4b56bd77399f6ade9833f5e146ff8,202,203,164,165,E:\Archival-Digitisation-Project\1971_Trimmed_PDF\Uttar_Pradesh\metadata\document.xlsx,4bf05d889c56070f43e73558469b6cab4e2a96f37cf6cc1e9a7aa54c7efd5abe,2026-08-30T22:30:57.896045+00:00
,,District Total,,844,,899,,150,,158,,23,,24,,...,,...,,...,,...,,22,,22,,28,,29,,4,,4,,3,,3,,9,,9,,...,,...,,74,,"1,716",,...,,7,,"1,716",,2,,4,,...,,...,,...,,...,,7,,...,,...,,487,,872,,...,,...,,158,,158,,1,,1,,9,,9,,3,,3,,TOTAL,,False,4,unnao_tehsil_1971,Unnao,Uttar Pradesh,1971,format_003,unnao_tehsil_001,unnao_tehsil_1971.pdf,f297095664d94ffd2cda44ad24f0926a48c4b56bd77399f6ade9833f5e146ff8,202,203,164,165,E:\Archival-Digitisation-Project\1971_Trimmed_PDF\Uttar_Pradesh\metadata\document.xlsx,4bf05d889c56070f43e73558469b6cab4e2a96f37cf6cc1e9a7aa54c7efd5abe,2026-08-30T22:30:57.896045+00:00
1,,Puraula,,70,,76,,5,,6,,2,,2,,...,,...,,...,,...,,3,,3,,6,,6,,5,,5,,...,,...,,...,,...,,...,,...,,...,,180,,77,,...,,1,,...,,6,,85,,4,,...,,...,,...,,...,,...,,2,,179,,...,,...,,9,,9,,...,,...,,...,,...,,...,,...,,ORDINARY,,False,0,uttar_kashi_tehsil_1971,Uttar Kashi,Uttar Pradesh,1971,format_003,uttar_kashi_tehsil_001,uttar_kashi_tehsil_1971.pdf,4018e513423a81690b44c6f58942ab1a922bf9827700e9cbefc3393c01af06cc,103,104,84,85,E:\Archival-Digitisation-Project\1971_Trimmed_PDF\Uttar_Pradesh\metadata\document.xlsx,4bf05d889c56070f43e73558469b6cab4e2a96f37cf6cc1e9a7aa54c7efd5abe,2026-08-30T22:33:14.656605+00:00
2,,Rajgarhi,,62,,62,,19,,19,,1,,1,,...,,...,,2,,2,,6,,6,,3,,4,,6,,6,,...,,...,,2,,2,,...,,...,,1,,182,,86,,...,,2,,...,,10,,73,,...,,...,,...,,...,,...,,...,,21,,179,,...,,...,,13,,13,,...,,...,,...,,...,,2,,2,,ORDINARY,,False,1,uttar_kashi_tehsil_1971,Uttar Kashi,Uttar Pradesh,1971,format_003,uttar_kashi_tehsil_001,uttar_kashi_tehsil_1971.pdf,4018e513423a81690b44c6f58942ab1a922bf9827700e9cbefc3393c01af06cc,103,104,84,85,E:\Archival-Digitisation-Project\1971_Trimmed_PDF\Uttar_Pradesh\metadata\document.xlsx,4bf05d889c56070f43e73558469b6cab4e2a96f37cf6cc1e9a7aa54c7efd5abe,2026-08-30T22:33:14.656605+00:00
3,,Dunda,,106,,106,,5,,5,,...,,...,,...,,...,,...,,...,,...,,...,,7,,7,,1,,1,,1,,1,,...,,-,,...,,...,,...,,223,,39,,...,,...,,...,,...,,100,,9,,...,,...,,...,,...,,...,,11,,216,,...,,...,,13,,13,,...,,...,,...,,...,,...,,...,,ORDINARY,,False,2,uttar_kashi_tehsil_1971,Uttar Kashi,Uttar Pradesh,1971,format_003,uttar_kashi_tehsil_001,uttar_kashi_tehsil_1971.pdf,4018e513423a81690b44c6f58942ab1a922bf9827700e9cbefc3393c01af06cc,103,104,84,85,E:\Archival-Digitisation-Project\1971_Trimmed_PDF\Uttar_Pradesh\metadata\document.xlsx,4bf05d889c56070f43e73558469b6cab4e2a96f37cf6cc1e9a7aa54c7efd5abe,2026-08-30T22:33:14.656605+00:00
4,,Bhatwari,,58,,62,,5,,6,,...,,...,,...,,...,,...,,...,,6,,6,,2,,3,,8,,8,,5,,5,,2,,2,,...,,...,,2,,95,,59,,...,,...,,...,,7,,27,,2,,-,,...,,...,,...,,...,,27,,78,,...,,...,,15,,16,,...,,...,,1,,...,,3,,3,,ORDINARY,,False,3,uttar_kashi_tehsil_1971,Uttar Kashi,Uttar Pradesh,1971,format_003,uttar_kashi_tehsil_001,uttar_kashi_tehsil_1971.pdf,4018e513423a81690b44c6f58942ab1a922bf9827700e9cbefc3393c01af06cc,103,104,84,85,E:\Archival-Digitisation-Project\1971_Trimmed_PDF\Uttar_Pradesh\metadata\document.xlsx,4bf05d889c56070f43e73558469b6cab4e2a96f37cf6cc1e9a7aa54c7efd5abe,2026-08-30T22:33:14.656605+00:00
,,District Total (Rural),,296,,306,,34,,36,,3,,3,,...,,...,,2,,2,,15,,15,,13,,20,,20,,20,,6,,6,,4,,4,,...,,...,,3,,680,,261,,...,,3,,...,,23,,285,,15,,...,,...,,...,,...,,...,,61,,652,,...,,...,,50,,51,,...,,...,,1,,...,,5,,5,,TOTAL,,False,4,uttar_kashi_tehsil_1971,Uttar Kashi,Uttar Pradesh,1971,format_003,uttar_kashi_tehsil_001,uttar_kashi_tehsil_1971.pdf,4018e513423a81690b44c6f58942ab1a922bf9827700e9cbefc3393c01af06cc,103,104,84,85,E:\Archival-Digitisation-Project\1971_Trimmed_PDF\Uttar_Pradesh\metadata\document.xlsx,4bf05d889c56070f43e73558469b6cab4e2a96f37cf6cc1e9a7aa54c7efd5abe,2026-08-30T22:33:14.656605+00:00
